AppX | –ü—Ä–∏–ª–æ–∂–µ–Ω–∏—è,https://uk.tgstat.com/channel/@xtb_apps,https://t.me/xtb_apps
Timoha Life,https://uk.tgstat.com/channel/@TimohaLife,https://t.me/TimohaLife
FunDocs - –Ω–∞–π–∫—Ä–∞—â–∞ –∫–æ–ø—ñ—è –∑–∞—Å—Ç–æ—Å—É–Ω–∫—É –îi—è,https://uk.tgstat.com/channel/@fakediia_news,https://t.me/fakediia_news
–ö–Ü–ë–ï–†–ë–ï–ó,https://uk.tgstat.com/channel/@cybersecurity_ua,https://t.me/cybersecurity_ua
–ë–∏–∑–Ω–µ—Å –ü—Ä–æ–¥–∞–∫—à–Ω,https://uk.tgstat.com/channel/@bisprod,https://t.me/bisprod
My Vodafone team,https://uk.tgstat.com/channel/@MyVodafoneTeam,https://t.me/MyVodafoneTeam
–ö–æ—Ä–∏—Å–Ω–æ—Å—Ç—ñ –¥–ª—è “ê–∞–¥–∂–µ—Ç—ñ–≤ üá∫üá¶,https://uk.tgstat.com/channel/@korysnosti,https://t.me/korysnosti
AndroHack,https://uk.tgstat.com/channel/@AndroHack101,https://t.me/AndroHack101
My Gin ‚Äî —à–≤–∏–¥–∫–∏–π –ø–æ—à—É–∫ –Ω–∞–¥—ñ–π–Ω–∏—Ö —Ñ–∞—Ö—ñ–≤—Ü—ñ–≤ –≤ –±—É–¥—å-—è–∫—ñ–π –≥–∞–ª—É–∑—ñ!,https://uk.tgstat.com/channel/@my_Gin,https://t.me/my_Gin
–†–∞–π Apps,https://uk.tgstat.com/channel/@Ray_Apps,https://t.me/Ray_Apps
–ö–∞–Ω–∞–ª –¥–æ–¥–∞—Ç–∫—É ¬´–ù–∞–î—ñ—è¬ª,https://uk.tgstat.com/channel/@Nadia_channel,https://t.me/Nadia_channel
OnDroid Blog,https://uk.tgstat.com/channel/@ondroid_tg,https://t.me/ondroid_tg
LITHIUM,https://uk.tgstat.com/channel/@lithiumhack,https://t.me/lithiumhack
SmartHackKing,https://uk.tgstat.com/channel/@AppHacKings101,https://t.me/AppHacKings101
üì≤ Easy APK,https://uk.tgstat.com/channel/@EasyAPKq,https://t.me/EasyAPKq
–¶–∏—Ñ—Ä–æ–≤—ñ —ñ–Ω—Å—Ç—Ä—É–º–µ–Ω—Ç–∏ Google –¥–ª—è –æ—Å–≤—ñ—Ç–∏,https://uk.tgstat.com/channel/@UAcourseGDTfE,https://t.me/UAcourseGDTfE
ùî∏ùïüùïïùï£ùï†ùïöùïï ùî∏‚ÑôùïÇ ‚Ñôùï£ùïñùïûùïöùï¶ùïû,https://uk.tgstat.com/channel/@AndroidAPKPremium5,https://t.me/AndroidAPKPremium5
3düíôüíõSoft | –ö–æ—Ä–∏—Å–Ω–µ –¥–ª—è 3–¥ –≥—Ä–∞—Ñ—ñ–∫–∏| CGI | Ukraine,https://uk.tgstat.com/channel/@uasoft3d,https://t.me/uasoft3d
Android APK Premium,https://uk.tgstat.com/channel/@AndroidAPKPremium1,https://t.me/AndroidAPKPremium1
Poster: –æ–Ω–æ–≤–ª–µ–Ω–Ω—è —Ç–∞ –ø–æ—Ä–∞–¥–∏,https://uk.tgstat.com/channel/@poster_updates,https://t.me/poster_updates
–ö–º—ñ—Ç–ª–∏–≤–∏–π —ñ–Ω—Ç–µ—Ä—Ñ–µ–π—Å,https://uk.tgstat.com/channel/@kmitlyvo,https://t.me/kmitlyvo
–¢–µ–ª–µ—Ñ–æ–Ω–∏—è Proton VOIP IP SIP,https://uk.tgstat.com/channel/@sip_telefoniya,https://t.me/sip_telefoniya
APK Premium,https://uk.tgstat.com/channel/@PlayMarketPremium5,https://t.me/PlayMarketPremium5
EasyPay,https://uk.tgstat.com/channel/@easypayofficial,https://t.me/easypayofficial
Timoha Life,https://uk.tgstat.com/channel/@TimohaLife101,https://t.me/TimohaLife101
–ê–¢–í –§–∞–π–ª—ã –¥–ª—è –ê–Ω–¥—Ä–æ–∏–¥ –¢–í –ë–æ–∫—Å –∏ –ê–Ω–¥—Ä–æ–∏–¥ –°–º–∞—Ä—Ç –¢–í,https://uk.tgstat.com/channel/@atvfile,https://t.me/atvfile
Android Hack Apps,https://uk.tgstat.com/channel/@AndroidHackAppsc,https://t.me/AndroidHackAppsc
üí£ –ë–æ–º–±–µ—Ä –Ω–∞ –∞–Ω–¥—Ä–æ–∏–¥,https://uk.tgstat.com/channel/@db0mber,https://t.me/db0mber
Android Hack Apps,https://uk.tgstat.com/channel/@AndroidHackAppss,https://t.me/AndroidHackAppss
Android –ø—Ä–∏–ª–æ–∂–µ–Ω–∏—è | –ü—Ä–∏–ª–æ–∂–µ–Ω–∏—è –¥–ª—è —Ç–µ–ª–µ—Ñ–æ–Ω–∞,https://uk.tgstat.com/channel/@apk_ua,https://t.me/apk_ua
KinogoM,https://uk.tgstat.com/channel/@kinogomOfficial,https://t.me/kinogomOfficial
AndroHack,https://uk.tgstat.com/channel/@hackAndroidnet,https://t.me/hackAndroidnet
"MOps - —Å–∞–π—Ç—ã, –±–æ—Ç—ã, –ø—Ä–∏–ª–æ–∂–µ–Ω–∏—è",https://uk.tgstat.com/channel/@MOpsProjects,https://t.me/MOpsProjects
ESET.UA_news,https://uk.tgstat.com/channel/@eset_ua_news,https://t.me/eset_ua_news
OpenCartForum | –õ—ñ—Ü–µ–Ω–∑—ñ–π–Ω—ñ –º–æ–¥—É–ª—ñ —Ç–∞ —à–∞–±–ª–æ–Ω–∏ –¥–ª—è OpenCart,https://uk.tgstat.com/channel/@OpenCartForumChannel,https://t.me/OpenCartForumChannel
AI NOW - –®–¢–£–ß–ù–ò–ô –Ü–ù–¢–ï–õ–ï–ö–¢,https://uk.tgstat.com/channel/@AiNowUa,https://t.me/AiNowUa
RECON,https://uk.tgstat.com/channel/@mobapkaq,https://t.me/mobapkaq
FixIQ Pro,https://uk.tgstat.com/channel/@FixIQPro,https://t.me/FixIQPro
ProgramHelp.exe - –í—Å–µ –ø—Ä–æ Adobe,https://uk.tgstat.com/channel/@programhelp1,https://t.me/programhelp1
–ê–∫—Ç–∏–≤ –°–æ—Ñ—Ç: –ë—ñ–∑–Ω–µ—Å —ñ –ë—É—Ö–≥–∞–ª—Ç–µ—Ä—ñ—è,https://uk.tgstat.com/channel/@vazhlive_pro_rro,https://t.me/vazhlive_pro_rro
Mallory ‚Äî –ü–æ–ª–µ–∑–Ω—ã–µ —Ñ–∏—à–∫–∏ (IT/–ê–π—Ç–∏/–¢–µ—Ö–Ω–æ–ª–æ–≥–∏–∏),https://uk.tgstat.com/channel/@malloryIT,https://t.me/malloryIT
Apk Free,https://uk.tgstat.com/channel/@ApkGoodFree,https://t.me/ApkGoodFree
APPS,https://uk.tgstat.com/channel/@MEDIA_APPS,https://t.me/MEDIA_APPS
Android Hack,https://uk.tgstat.com/channel/@androidhackedd,https://t.me/androidhackedd
üì≤ Premium APK,https://uk.tgstat.com/channel/@APKPremium7,https://t.me/APKPremium7
App Store Sales,https://uk.tgstat.com/channel/@iossales,https://t.me/iossales
KILLERS TM [RUST],https://uk.tgstat.com/channel/@killerstm1,https://t.me/killerstm1
–ú–æ—Ä–∂–æ–≤—ã–µ —Å–æ—Ñ—Ç—ã,https://uk.tgstat.com/channel/@morgsoft,https://t.me/morgsoft
CHAPPY TOOLS,https://uk.tgstat.com/channel/@chappybots,https://t.me/chappybots
A1 Telecom,https://uk.tgstat.com/channel/@a1callme,https://t.me/a1callme
AVAYA IX Workplace,https://uk.tgstat.com/channel/@avaya_workplace,https://t.me/avaya_workplace
ArcherDeveloping,https://uk.tgstat.com/channel/@archerdeveloper,https://t.me/archerdeveloper
PIRATKA,https://uk.tgstat.com/channel/@PIRATKAA,https://t.me/PIRATKAA
AppStation,https://uk.tgstat.com/channel/@GamesFun_NEWS,https://t.me/GamesFun_NEWS
