Private Art,https://uk.tgstat.com/channel/@privateart,https://t.me/privateart
"Ğ¥ÑƒĞ´Ğ¾Ğ¶Ğ½Ğ¸Ğº, Ğ¼Ğ°Ğ»ÑĞ¹!",https://uk.tgstat.com/channel/@simpleartistUA,https://t.me/simpleartistUA
ĞœĞ¸ÑÑ‚ĞµÑ†Ñ‚Ğ²Ğ¾ ÑĞº Ğ²Ğ¾Ğ½Ğ¾ Ñ”,https://uk.tgstat.com/channel/Blkh7VxhuRwzOGMy,https://t.me/joinchat/Blkh7VxhuRwzOGMy
ğŸ‡ºğŸ‡¦ ĞœĞ¾Ñ Ğ£ĞºÑ€Ğ°Ñ—Ğ½Ğ°ğŸ’™ğŸ’›,https://uk.tgstat.com/channel/@moja_ukraina,https://t.me/moja_ukraina
Ğ”Ğ†Ğœ ĞœĞ˜Ğ¡Ğ¢Ğ•Ğ¦Ğ¢Ğ’Ğ,https://uk.tgstat.com/channel/@kartuna_prekrasne,https://t.me/kartuna_prekrasne
Archirai ğŸŒ¸,https://uk.tgstat.com/channel/@archirai_art,https://t.me/archirai_art
ĞšÑƒÑ…Ğ½Ñ Ğ¢ĞĞŸ Ğ¸Ğ»Ğ»ÑÑÑ‚Ñ€Ğ°Ñ‚Ğ¾Ñ€Ğ°ğŸ¨,https://uk.tgstat.com/channel/@procreateschool,https://t.me/procreateschool
ART BOT,https://uk.tgstat.com/channel/@artbotme,https://t.me/artbotme
Ğ§Ñ‚Ğ¾ Ğ¿Ğ¾Ğ½Ñ€Ğ°Ğ²Ğ¸Ğ»Ğ¾ÑÑŒ Ğ² ĞºĞ°Ñ€Ñ‚Ğ¸Ğ½ĞºĞµ,https://uk.tgstat.com/channel/@ponravu,https://t.me/ponravu
Ğ–Ğ¸Ğ²Ğ¾Ğ¿Ğ¸Ñ Ğ½Ğ° Ğ²Ğ¾Ğ»Ğ¾Ğ³Ñ–Ğ¹ ÑˆÑ‚ÑƒĞºĞ°Ñ‚ÑƒÑ€Ñ†Ñ–,https://uk.tgstat.com/channel/@plaster_art,https://t.me/plaster_art
ĞŸĞµÑ€ĞµÑ…Ñ€ĞµÑĞ½Ñ– ÑÑ‚ĞµĞ¶ĞºĞ¸,https://uk.tgstat.com/channel/@ukrainian_art_crossroads,https://t.me/ukrainian_art_crossroads
Ğ£ĞºÑ€Ğ°Ñ—Ğ½ÑÑŒĞºĞµ Ğ¼Ğ¸ÑÑ‚ĞµÑ†Ñ‚Ğ²Ğ¾,https://uk.tgstat.com/channel/@UArts_Best,https://t.me/UArts_Best
Gradus ad Parnassum,https://uk.tgstat.com/channel/@gradusadparnassum,https://t.me/gradusadparnassum
Gogol Media. ĞœĞµĞ´Ñ–Ğ° Ğ¿Ñ€Ğ¾ ĞºÑƒĞ»ÑŒÑ‚ÑƒÑ€Ñƒ,https://uk.tgstat.com/channel/@gogol_media,https://t.me/gogol_media
Ğ—ĞµĞ»ĞµĞ½Ğ¸Ğ¹ Ñ‚ĞµĞ°Ñ‚Ñ€,https://uk.tgstat.com/channel/@greentheatreod,https://t.me/greentheatreod
Blavat,https://uk.tgstat.com/channel/@blavatx,https://t.me/blavatx
Art People.Space,https://uk.tgstat.com/channel/@artpeoplespace,https://t.me/artpeoplespace
Ğ½Ğ°Ñ†Ñ–Ğ¾Ğ½Ğ°Ğ»-Ğ¼ĞµĞ»Ğ°Ğ½Ñ…Ğ¾Ğ»Ñ–Ğ·Ğ¼,https://uk.tgstat.com/channel/@melancholycrew,https://t.me/melancholycrew
Ğ’Ñ–ĞºĞ½Ğ¾ Ñ– Ğ¾Ğ»Ñ–Ğ²Ñ†Ñ–,https://uk.tgstat.com/channel/@viknoiolivci,https://t.me/viknoiolivci
ĞºĞ¾Ñ€Ğ·Ğ¸Ğ½ĞºĞ° Ğ¿ĞµÑ€ÑĞ¸ĞºÑ–Ğ² | #Ğ£ĞºÑ€ĞÑ€Ñ‚,https://uk.tgstat.com/channel/@korzynka_persykiv,https://t.me/korzynka_persykiv
ĞœÑƒĞ·ĞµĞ¹ ğŸ‡ºğŸ‡¦,https://uk.tgstat.com/channel/@hypermuseum,https://t.me/hypermuseum
ĞšĞ²Ğ¸Ñ‚ĞºĞ¸ Ğ½Ğ° Ğ·Ğ°Ñ…Ğ¾Ğ´Ğ¸ Ğ´Ğ»Ñ Ğ’ĞŸĞ Ğ¼.Ğ”Ğ½iĞ¿Ñ€Ğ¾,https://uk.tgstat.com/channel/@pilgovikvitki,https://t.me/pilgovikvitki
Ğ±ĞµÑ‚Ğ¾Ğ½Ğ½Ğ°Ñ ÑˆĞºĞ°Ñ‚ÑƒĞ»ĞºĞ°,https://uk.tgstat.com/channel/@concrete_music,https://t.me/concrete_music
"Ğ¦Ğ•ĞĞ¢Ğ  ĞĞ¡Ğ’Ğ†Ğ¢ĞĞ†Ğ¥ Ğ†ĞĞĞĞ’ĞĞ¦Ğ†Ğ™ Ğ¢Ğ Ğ¢Ğ’ĞĞ Ğ§ĞĞ¡Ğ¢Ğ† ""Ğ“ĞĞ ĞœĞĞĞ†Ğ¯""",https://uk.tgstat.com/channel/@harmoniya_kiev,https://t.me/harmoniya_kiev
Ğ“Ñ–Ğ¿ĞµÑ€Ñ‚ĞµĞ»Ñ–Ñ,https://uk.tgstat.com/channel/@hyperthelia,https://t.me/hyperthelia
Marina Imas Bachata Dance ğŸ’ƒâ˜€ï¸ğŸ˜,https://uk.tgstat.com/channel/@MarinaImasBachata,https://t.me/MarinaImasBachata
Ğ›ĞµÑ‚Ğ¾Ğ¿Ğ¸ÑĞµÑ† Ğ”Ğ¾Ğ½Ğ±Ğ°ÑÑĞ°,https://uk.tgstat.com/channel/@donbass_art,https://t.me/donbass_art
Dance for UkraineğŸ‡ºğŸ‡¦by KDF,https://uk.tgstat.com/channel/@danceforukraine,https://t.me/danceforukraine
Ğ³Ñ€Ğ°Ñ„.ÑÑ‚Ğ²Ğ¾,https://uk.tgstat.com/channel/@graf_stvo,https://t.me/graf_stvo
ĞšĞ°Ñ€Ñ‚Ğ¸Ğ½Ğ¸ Ğ·Ğ° Ğ½Ğ¾Ğ¼ĞµÑ€Ğ°Ğ¼Ğ¸,https://uk.tgstat.com/channel/@kartinu_ponomeram,https://t.me/kartinu_ponomeram
Art&Ğ¨Ğ¾Ğº,https://uk.tgstat.com/channel/EtTt01FW0VRkMzMy,https://t.me/joinchat/EtTt01FW0VRkMzMy
Nila Art âœ¨,https://uk.tgstat.com/channel/@nila_art_art,https://t.me/nila_art_art
WE ARE,https://uk.tgstat.com/channel/@weare_ukrainians,https://t.me/weare_ukrainians
Ğ¢ĞµĞ°Ñ‚Ñ€ Â«Ğ’Ñ–Ñ€Ğ¸Ğ¼Ğ¾Â»,https://uk.tgstat.com/channel/@teatrvirymo,https://t.me/teatrvirymo
Kyiv Art,https://uk.tgstat.com/channel/@kyiv_art,https://t.me/kyiv_art
Ğ“Ğ¾Ğ½Ñ‡Ğ°Ñ€ĞµĞ½ĞºĞ¾ Ğ¦ĞµĞ½Ñ‚Ñ€ ĞœĞ¸Ñ€Ğ³Ğ¾Ñ€Ğ¾Ğ´,https://uk.tgstat.com/channel/@GoncharenkoCentreMyrhorod,https://t.me/GoncharenkoCentreMyrhorod
Ñ„Ğ°Ğ¹Ğ½Ğµ Ğ¼Ğ¸ÑÑ‚ĞµÑ†Ñ‚Ğ²Ğ¾,https://uk.tgstat.com/channel/@quietart,https://t.me/quietart
"ĞšĞ°Ñ€Ñ‚Ğ¸Ğ½Ğ½Ğ° Ğ³Ğ°Ğ»ĞµÑ€ĞµÑ ""ĞšĞ¾Ñ€Ğ¾Ğ¼Ğ¸ÑĞ»Ğ¾""",https://uk.tgstat.com/channel/@koromyslo_gallery,https://t.me/koromyslo_gallery
why we still here? just to suffer?,https://uk.tgstat.com/channel/@nowimuptomyneckwithoffers,https://t.me/nowimuptomyneckwithoffers
Ğ®Ñ€Ñ–Ğ¹ Ğ–ÑƒÑ€Ğ°Ğ²ĞµĞ»ÑŒ,https://uk.tgstat.com/channel/@zhurawelll,https://t.me/zhurawelll
Ukrainian artists 2.0,https://uk.tgstat.com/channel/@ukranianartists2,https://t.me/ukranianartists2
ĞšÑƒĞ»ÑŒÑ‚ÑƒÑ€Ğ½Ğ¸Ğ¹ Ñ…Ğ°Ğ± Â«Ğ”Ğ¾Ğ½ĞµÑ‡Ñ‡Ğ¸Ğ½Ğ°Â»,https://uk.tgstat.com/channel/@culture_space_donetchyna,https://t.me/culture_space_donetchyna
Ğ¥Ñ€Ğ°Ğ¼ Ğ¿Ğ¾ĞµĞ·Ñ–Ñ—,https://uk.tgstat.com/channel/@uapoets,https://t.me/uapoets
ĞŸÑ€Ğ¾Ğ²ÑƒĞ»Ğ¾Ğº,https://uk.tgstat.com/channel/@provulokua,https://t.me/provulokua
ĞĞ½Ñ‚Ğ¸ĞºĞ²Ğ°Ñ€ Ğ²Ñ–Ğ´ Ğ¨ĞºÑƒÑ€ÑƒĞ¿Ñ–Ñ,https://uk.tgstat.com/channel/@antykvar_vid_geo,https://t.me/antykvar_vid_geo
ğŸ¦ŠMikaFoxArtBoxğŸ¦Š,https://uk.tgstat.com/channel/@mikafox99,https://t.me/mikafox99
Ñ„ĞµĞ¹Ğ»ĞµÑ‚Ã³Ğ½,https://uk.tgstat.com/channel/@feuilleton_media,https://t.me/feuilleton_media
Inverted Mirror Art ğŸ‡ºğŸ‡¦,https://uk.tgstat.com/channel/@invertedmirror,https://t.me/invertedmirror
IllustratorsUA,https://uk.tgstat.com/channel/@illustratorsua,https://t.me/illustratorsua
ĞœĞ¾Ğ½ĞµÑ‚Ğ½Ğ° ÑĞºĞ°Ñ€Ğ±Ğ½Ğ¸Ñ†Ñ,https://uk.tgstat.com/channel/@coinmintyard,https://t.me/coinmintyard
"""Prostir"" Luzern",https://uk.tgstat.com/channel/@PROSTIR_Luzern,https://t.me/PROSTIR_Luzern
One Life Story ğŸ’œ,https://uk.tgstat.com/channel/@onelife_story,https://t.me/onelife_story
Ğ¢ĞµĞ°Ñ‚Ñ€ Ğ¥Ğ°Ñ€ÑŒĞºĞ¾Ğ² â¤ï¸ğŸ¦‹ğŸ¦‹ğŸ©ğŸ‘ â¤ï¸,https://uk.tgstat.com/channel/@theaterKharkov,https://t.me/theaterKharkov
Ğ¢Ğ¸ĞºÑ‚Ğ¾Ñ€ Ğ¼ĞµĞ´Ñ–Ğ°,https://uk.tgstat.com/channel/@tyktor,https://t.me/tyktor
Ğ¿ÑĞ¸Ñ…Ğ¾Ğ· Ğ±Ñ€Ğ°ĞºĞºĞ°Ğ´Ğ¸,https://uk.tgstat.com/channel/@brakkada,https://t.me/brakkada
âœ™ Kamena Borysthenidas #Ğ£ĞºÑ€Ğ¢Ğ³,https://uk.tgstat.com/channel/@kamena_boristhenidas,https://t.me/kamena_boristhenidas
Ğ´Ğ¾Ğ¼Ğ°ÑˆĞ½Ñ– Ğ½Ğ°Ğ¿Ñ–Ğ²Ñ„Ğ°Ğ±Ñ€Ğ¸ĞºĞ°Ñ‚Ğ¸,https://uk.tgstat.com/channel/@kylibak,https://t.me/kylibak
ĞœĞ”Ğ¢ Ğ¸Ğ¼ĞµĞ½Ğ¸ Ğœ.Ğœ.Ğ‘Ñ€Ğ¾Ğ²ÑƒĞ½Ğ°,https://uk.tgstat.com/channel/@muzdramadonetsk,https://t.me/muzdramadonetsk
UART. Ukrainian ART journal,https://uk.tgstat.com/channel/@uart_gallery,https://t.me/uart_gallery
ĞĞĞ’ĞĞ§ĞĞ¡ĞĞ• ĞšĞ£Ğ›Ğ¬Ğ¢Ğ£Ğ ĞĞ• ĞœĞ•Ğ”Ğ†Ğ,https://uk.tgstat.com/channel/@novochasne,https://t.me/novochasne
Ñ‚Ğ»Ğ²Ğ¾Ñ,https://uk.tgstat.com/channel/@tlwos,https://t.me/tlwos
ĞĞ›Ğ•ĞšĞ¡ĞĞĞ”Ğ  Ğ‘ĞĞ¯Ğ ĞšĞ,https://uk.tgstat.com/channel/@alexanderboyarko,https://t.me/alexanderboyarko
Ğ¢ĞµĞ°Ñ‚Ñ€ ĞœĞ°Ğ»Ğ¾ Ğ‘ÑƒĞºĞ²,https://uk.tgstat.com/channel/@Olverg,https://t.me/Olverg
OFAM / ĞĞ´ĞµÑÑŒĞºĞ¸Ğ¹ Ñ…ÑƒĞ´Ğ¾Ğ¶Ğ½Ñ–Ğ¹ Ğ¼ÑƒĞ·ĞµĞ¹,https://uk.tgstat.com/channel/@OdesaFineArtsMuseum,https://t.me/OdesaFineArtsMuseum
Â«ĞĞ°Ñ†Ñ–Ğ¾Ğ½Ğ°Ğ»ÑŒĞ½Ğ° ĞÑĞ¾Ñ†Ñ–Ğ°Ñ†Ñ–Ñ Ñ…ÑƒĞ´Ğ¾Ğ¶Ğ½Ğ¸ĞºÑ–Ğ² Ñ‚Ğ° ÑĞºÑƒĞ»ÑŒĞ¿Ñ‚Ğ¾Ñ€Ñ–Ğ² Ğ£ĞºÑ€Ğ°Ñ—Ğ½Ğ¸Â»,https://uk.tgstat.com/channel/@NASS_of_ART,https://t.me/NASS_of_ART
Ğ¡Ğ¾Ñ„Ğ¾Ñ,https://uk.tgstat.com/channel/@sophos_kyiv,https://t.me/sophos_kyiv
Talent Center DDC,https://uk.tgstat.com/channel/@talentcenter_ddc,https://t.me/talentcenter_ddc
Open Art Academy,https://uk.tgstat.com/channel/@openartacademy,https://t.me/openartacademy
Stvorennya,https://uk.tgstat.com/channel/@stvorennya,https://t.me/stvorennya
"Ğ¢Ğ²Ğ¾Ñ€Ñ‡Ñ– Ğ³ÑƒÑ€Ñ‚ĞºĞ¸, Ğ¿Ğ¾Ğ´Ñ–Ñ—, ĞºĞ¾Ğ½Ñ†ĞµÑ€Ñ‚Ğ¸ Ğ´Ğ»Ñ ÑƒĞºÑ€Ğ°Ñ—Ğ½Ñ†Ñ–Ğ²",https://uk.tgstat.com/channel/@kunstkassel,https://t.me/kunstkassel
Ğ¤Ğ»ĞµÑˆĞ¼Ğ¾Ğ± Ğ’Ñ–Ğ´ĞµĞ½ÑŒ,https://uk.tgstat.com/channel/@VienneFlashmobForUkraine,https://t.me/VienneFlashmobForUkraine
Ğ“Ğ°Ğ»ĞµÑ€ĞµÑ Ğ›ĞĞĞœ,https://uk.tgstat.com/channel/@GalleryLNAA,https://t.me/GalleryLNAA
ĞœĞ¸Ñ€Ğ½Ğµ ĞĞµĞ±Ğ¾ Ğ¥ĞĞ‘-3. ĞŸĞ¾Ğ»Ñ‚Ğ°Ğ²ÑÑŒĞºĞ¸Ğ¹ ÑˆĞ»ÑÑ…,https://uk.tgstat.com/channel/@myrnenebo_hub3,https://t.me/myrnenebo_hub3
ĞĞ¾Ğ²Ñ‹ ÑĞ²ĞµÑ‚ ğŸŒ,https://uk.tgstat.com/channel/@masvet_by,https://t.me/masvet_by
"CCA ""DAKH"" presents",https://uk.tgstat.com/channel/@DAKH_presents,https://t.me/DAKH_presents
Ğ¡Ğ²Ñ–Ñ‚: Ñ–ÑÑ‚Ğ¾Ñ€Ñ–Ñ Ğ¼Ğ¸ÑÑ‚ĞµÑ†Ñ‚Ğ²Ğ°,https://uk.tgstat.com/channel/@istoria_mustetstva,https://t.me/istoria_mustetstva
ĞšĞ°Ñ€Ñ‚Ğ¸Ğ½ĞºĞ¾Ğ·Ğ±Ñ–Ñ€Ğ½Ñ,https://uk.tgstat.com/channel/@thebiggest_thebest,https://t.me/thebiggest_thebest
Ğ³Ñ”ĞºĞ°Ñ‚Ğµ Ğ°Ñ€Ñ‚ #ÑƒĞºÑ€Ğ°Ñ€Ñ‚,https://uk.tgstat.com/channel/@hecate_poison,https://t.me/hecate_poison
Tatto culture Ukraine,https://uk.tgstat.com/channel/@ttcultua,https://t.me/ttcultua
ĞĞ½Ğ»Ğ°Ğ¹Ğ½-Ğ¼Ğ°Ğ»ÑĞ²Ğ°Ğ½Ğ½Ñ Ğ· Ğ”Ğ°ÑˆĞµÑ Ğ“Ñ€Ğ°Ğ½ĞµĞ½ĞºĞ¾,https://uk.tgstat.com/channel/@granenko_art,https://t.me/granenko_art
ĞŸĞ¾Ğ²Ğ½Ğ¸Ğ¹ Ğ¼Ğ¸ÑÑ‚ĞµÑ†Ğ¬,https://uk.tgstat.com/channel/@plumpartist,https://t.me/plumpartist
ÑĞº Ğ´Ğ¸Ñ…Ğ°Ñ‚Ğ¸ Ñ‚Ğ° ĞºĞ¾Ñ…Ğ°Ñ‚Ğ¸,https://uk.tgstat.com/channel/@estipit,https://t.me/estipit
Ğ”Ğ¾Ğ·Ğ²Ñ–Ğ»Ğ»Ñ Ğ›ÑƒÑ†ÑŒĞºĞ¾Ñ— Ğ³Ñ€Ğ¾Ğ¼Ğ°Ğ´Ğ¸,https://uk.tgstat.com/channel/@Lutsk_zahody,https://t.me/Lutsk_zahody
ĞšÑƒĞ»ÑŒÑ‚ÑƒÑ€Ğ° Ğ¸ ĞºÑ€Ğ¸Ñ‚Ğ¸ĞºĞ° Ğ²ÑĞµĞ³Ğ¾,https://uk.tgstat.com/channel/@kulturavsego,https://t.me/kulturavsego
myrpii,https://uk.tgstat.com/channel/@bubusisiaee,https://t.me/bubusisiaee
ĞœÑƒĞ·ĞµĞ¹ Ğ¥Ğ°Ğ½ĞµĞ½ĞºÑ–Ğ²,https://uk.tgstat.com/channel/@khanenkomuseum,https://t.me/khanenkomuseum
Ğ£ĞºÑ€Ğ°Ñ—Ğ½ÑÑŒĞºĞ¸Ğ¹ğŸŸ¡ğŸ”µART,https://uk.tgstat.com/channel/@UkraART,https://t.me/UkraART
Ğ¨ĞµĞ»Ñ‚ĞµÑ€ ĞŸĞ»ÑÑ,https://uk.tgstat.com/channel/@shelterplus_ua,https://t.me/shelterplus_ua
Prostir_KH,https://uk.tgstat.com/channel/@prostir_kh,https://t.me/prostir_kh
Ğ¡Ğ£Ğœ | #Ğ£ĞºÑ€Ğ¢Ò‘,https://uk.tgstat.com/channel/@smytok,https://t.me/smytok
ĞĞ°Ñ†Ñ–Ğ¾Ğ½Ğ°Ğ»ÑŒĞ½Ğ¸Ğ¹ Ğ½Ğ°ÑƒĞºĞ¾Ğ²Ğ¾-Ğ¿Ñ€Ğ¸Ñ€Ğ¾Ğ´Ğ½Ğ¸Ñ‡Ğ¸Ğ¹ Ğ¼ÑƒĞ·ĞµĞ¹ ĞĞĞ Ğ£ĞºÑ€Ğ°Ñ—Ğ½Ğ¸ ğŸ‡ºğŸ‡¦,https://uk.tgstat.com/channel/@nmnh_nas_ukraine,https://t.me/nmnh_nas_ukraine
Vvvainly | ĞšĞ°Ñ€Ñ‚Ğ¸Ğ½Ğ° Ğ½Ğ° Ğ·Ğ°Ğ¼Ğ¾Ğ²Ğ»ĞµĞ½Ğ½Ñ,https://uk.tgstat.com/channel/@vvvainly,https://t.me/vvvainly
Abramovych Art,https://uk.tgstat.com/channel/@igorabramovych,https://t.me/igorabramovych
ğŸª»ĞºÑƒÑ‚Ğ¾Ñ‡Ğ¾Ğº Ğ Ñ–Ğ²ĞµÑ€ğŸª»,https://uk.tgstat.com/channel/@riversartworks,https://t.me/riversartworks
Ğ ĞµÑ‡Ğ½Ğ¸Ğº Ñ‚ĞµĞ°Ñ‚Ñ€Ğ°Ğ»ĞºĞ¸,https://uk.tgstat.com/channel/@voice_of_theatre,https://t.me/voice_of_theatre
Ğ’Ñ–Ğ·ÑƒĞ°Ğ»Ğ¸ Ğ»ÑĞ±Ğ»ÑÑ‚ÑŒ Ğ¾Ñ‡Ğ¸Ğ¼Ğ°ğŸŒº,https://uk.tgstat.com/channel/@ImpressionArtVisual,https://t.me/ImpressionArtVisual
ĞÑ€Ñ‚ Ğ,https://uk.tgstat.com/channel/@art_a2023,https://t.me/art_a2023
ĞšĞĞ£ĞšÑ–Ğœ - Ğ¤Ğ°ĞºÑƒĞ»ÑŒÑ‚ĞµÑ‚ Ñ…Ğ¾Ñ€ĞµĞ¾Ğ³Ñ€Ğ°Ñ„Ñ–Ñ‡Ğ½Ğ¾Ğ³Ğ¾ Ğ¼Ğ¸ÑÑ‚ĞµÑ†Ñ‚Ğ²Ğ° ï¸ğŸ’ƒğŸ»,https://uk.tgstat.com/channel/@knukim_dance,https://t.me/knukim_dance
ProEnglish Theatre,https://uk.tgstat.com/channel/@proenglish_theatre,https://t.me/proenglish_theatre
Matchlock Samurai ğŸ‡ºğŸ‡¦,https://uk.tgstat.com/channel/@Kazenzza,https://t.me/Kazenzza
Ğ¥Ğ¾Ğ»Ğ¾Ğ´Ğ½Ğ°Ñ Ñ€ĞµĞºĞ° 3,https://uk.tgstat.com/channel/@coldriver3,https://t.me/coldriver3
NOMAD GURU SPACE - ART | HOUSE | SCHOOL Ğ˜Ğ½Ñ„Ğ¾Ñ€Ğ¼Ğ°Ñ†Ğ¸Ğ¾Ğ½Ğ½Ñ‹Ğ¹ ĞºĞ°Ğ½Ğ°Ğ»,https://uk.tgstat.com/channel/@nomadguru,https://t.me/nomadguru
Ğ†ÑÑ‚Ğ¾Ñ€Ñ–Ñ Ğ² ĞºĞ°Ğ¼ĞµĞ½Ñ– | Ğ¡ĞºÑƒĞ»ÑŒĞ¿Ñ‚ÑƒÑ€Ğ° | SCULPTURE,https://uk.tgstat.com/channel/@sculpture_history,https://t.me/sculpture_history
Ğ¢ĞĞ | ĞšÑƒÑ‚Ğ¾Ğº,https://uk.tgstat.com/channel/@TONkutok,https://t.me/TONkutok
"Ğ”Ğ˜ĞšĞ• ĞŸĞĞ›Ğ• online (Ğ²Ñ–Ğ´ Ğ½Ğ°ÑƒĞºĞ¾Ğ²Ğ¾-ĞµĞºÑĞ¿Ğ¾Ğ·Ğ¸Ñ†Ñ–Ğ¹Ğ½Ğ¾Ğ³Ğ¾ Ğ²Ñ–Ğ´Ğ´Ñ–Ğ»Ñƒ Ğ’Ğ†ĞĞœĞ— ""Ğ¡Ğ°Ğ´Ğ¸Ğ±Ğ° ĞŸĞ¾Ğ¿Ğ¾Ğ²Ğ°""",https://uk.tgstat.com/channel/@dyke_pole_online,https://t.me/dyke_pole_online
Duffmox ğŸ‡ºğŸ‡¦ #Ğ£ĞºÑ€Ğ¢Ğ³,https://uk.tgstat.com/channel/@Duffmox,https://t.me/Duffmox
Ñ‡ĞµÑ€Ğ´Ğ°Ğº Ğ²Ğ¾ÑĞ¿Ğ¾Ğ¼Ğ¸Ğ½Ğ°Ğ½Ğ¸Ğ¹.,https://uk.tgstat.com/channel/@eramardrs,https://t.me/eramardrs
"Â«ĞĞ½Ğ´ĞµÑ€Ñ…Ğ°ÑƒĞ½Ğ´Â», Ğ»Ñ–Ñ‚ĞµÑ€Ğ°Ñ‚ÑƒÑ€Ğ½Ğ¸Ğ¹ Ğ¶ÑƒÑ€Ğ½Ğ°Ğ»",https://uk.tgstat.com/channel/@anderhound,https://t.me/anderhound
Artarea,https://uk.tgstat.com/channel/@artarea,https://t.me/artarea
Ğ–Ğ˜Ğ–Ğ: Ğ¾Ğ½Ğ»Ğ°Ğ¹Ğ½-Ğ¿Ğ¾Ğ»Ğ¾Ñ‚Ğ½Ğ¾,https://uk.tgstat.com/channel/@zhyzha_ua,https://t.me/zhyzha_ua
ğ“¶ğ“²ğ“µğ“¬ğ“¾ğ“µğ“½ğ“¹ğ“»ğ“¸ğ“¼ğ“½ğ“²ğ“» ğŸ­,https://uk.tgstat.com/channel/@milcultprostir,https://t.me/milcultprostir
MAPGLEOS âœ™ #Ğ£ĞºÑ€Ğ¢Ò‘,https://uk.tgstat.com/channel/@mapgleos,https://t.me/mapgleos
ĞœĞ°Ğ¹ÑÑ‚ĞµÑ€Ğ½Ñ 55,https://uk.tgstat.com/channel/@maysternya55,https://t.me/maysternya55
CAT,https://uk.tgstat.com/channel/@Concept_Artist_Thoughts,https://t.me/Concept_Artist_Thoughts
D.I.,https://uk.tgstat.com/channel/@defirtonpoetry,https://t.me/defirtonpoetry
ğŸ•ŠÑĞ¾Ğ»Ğ½Ñ‹ÑˆĞºĞ¸ my._.art.1ğŸ’—ğŸ«¶ğŸ»ğŸ’‹,https://uk.tgstat.com/channel/@hi_my_art_1,https://t.me/hi_my_art_1
Ğ½ĞµĞ½Ğ°Ğ´Ñ–Ğ¹Ğ½Ğ° Ğ¾Ğ¿Ğ¾Ğ²Ñ–Ğ´Ğ°Ñ‡ĞºĞ°,https://uk.tgstat.com/channel/@reliablenarrator,https://t.me/reliablenarrator
Ğ¡Ñ…ĞµĞ¼Ğ¸ Ğ´Ğ»Ñ Ğ²Ğ¸ÑˆĞ¸Ğ²Ğ°Ğ½Ğ½Ñ,https://uk.tgstat.com/channel/@shema_from_alex,https://t.me/shema_from_alex
"Ğ§Ğ°ÑĞ¾ÌĞ¿Ğ¸Ñ ""Ğ¯Ğ´ĞµÑ€Ğ½Ñ– Ğ”Ğ¾Ğ±Ñ€Ğ¾Ğ²Ğ¾Ğ»ÑŒÑ†Ñ–""",https://uk.tgstat.com/channel/@nuclear_volunteers,https://t.me/nuclear_volunteers
Tenar Street View,https://uk.tgstat.com/channel/@tenar_streets,https://t.me/tenar_streets
ã€½ï¸Nojen11,https://uk.tgstat.com/channel/@noyyen11,https://t.me/noyyen11
ĞšĞ²Ğ¸Ñ‚ĞºĞ¸ Ğ½Ğ° Ğ·Ğ°Ñ…Ğ¾Ğ´Ğ¸ Ğ”Ğ½iĞ¿Ñ€Ğ¾ 068 516-01-02,https://uk.tgstat.com/channel/@ticketdniproopera,https://t.me/ticketdniproopera
ĞÑÑ‚Ñ€Ğ¾Ñ„Ñ–Ğ·Ğ¸ĞºĞ°ğŸ‡ºğŸ‡¦,https://uk.tgstat.com/channel/@astrophysics_ua,https://t.me/astrophysics_ua
ĞŸĞ°Ñ€ĞºĞ°Ğ½Ğ¸ UA,https://uk.tgstat.com/channel/@parkany_ua,https://t.me/parkany_ua
why orange?,https://uk.tgstat.com/channel/@LERIAVKA,https://t.me/LERIAVKA
ĞŸÑ€ĞµĞ¾Ğ±Ñ€Ğ°Ğ¶ĞµĞ½ÑĞºĞ¸Ğ¹ ĞĞ Ğ¢,https://uk.tgstat.com/channel/@artpreobrazhenskiy,https://t.me/artpreobrazhenskiy
Ğ·Ğ°Ğ¿Ñ€ĞµÑ‚Ğ½Ğ°Ñ Ğ·Ğ¾Ğ½Ğ° Ar2n,https://uk.tgstat.com/channel/@yoursoulisheretoo,https://t.me/yoursoulisheretoo
ĞŸÑ€Ğ¸Ğ·Ğ¼Ğ°,https://uk.tgstat.com/channel/@artprism_ua,https://t.me/artprism_ua
Ğ¡ĞĞŸĞ›Ğ¯ Ğ¤Ğ Ğ­Ğ¨ĞœĞ­ĞĞ,https://uk.tgstat.com/channel/@flipflopmem,https://t.me/flipflopmem
Dadi's art #Ğ£ĞºÑ€Ğ¢Ò‘ ğŸ‡ºğŸ‡¦,https://uk.tgstat.com/channel/@dadiart,https://t.me/dadiart
FLWR PWR ğŸ‡ºğŸ‡¦,https://uk.tgstat.com/channel/@flwrpwrua,https://t.me/flwrpwrua
ĞšÑƒĞ±ĞµÑ€Ğ¿Ğ°Ğ¿ÑƒÑ‡Ñ– |#Ğ ÑƒÑĞ¸Ğ½Ğ¢Ò‘,https://uk.tgstat.com/channel/@K183RT4P0K,https://t.me/K183RT4P0K
Ğ´Ğ¾Ñ€Ñ–Ğ°Ğ½ (Ğ¼Ğ¸ÑÑ‚ĞµÑ†Ñ‚Ğ²Ğ¾),https://uk.tgstat.com/channel/@blogdorianagreya,https://t.me/blogdorianagreya
Ğ¢Ğ²Ğ¾Ñ€Ñ‡Ğ° Ğ¼Ğ°Ğ¹ÑÑ‚ĞµÑ€Ğ½Ñ,https://uk.tgstat.com/channel/@tvorchamaysternya,https://t.me/tvorchamaysternya
âœ¿ğ†¬ ×„Â àª½êª—àº•à´¦à´ â„“àº£ à­¨Ö¼à­§ ï¾Ÿ,https://uk.tgstat.com/channel/@s1mb0lss,https://t.me/s1mb0lss
vladislava_sim Ğ²Ñ–Ñ€ÑˆÑ–,https://uk.tgstat.com/channel/@vsimpoetry,https://t.me/vsimpoetry
Ğ”Ñ€ĞµĞ²Ğ½Ğ¸Ğ¹ Ğ•Ğ³Ğ¸Ğ¿ĞµÑ‚: Ğ²Ğ¾ÑÑĞ¾Ğ·Ğ´Ğ°Ğ½Ğ½Ğ¾Ğµ Ğ¸ÑĞºÑƒÑÑÑ‚Ğ²Ğ¾,https://uk.tgstat.com/channel/@uhem_menu,https://t.me/uhem_menu
nÃ¡breÅ¾ie rajÄianky,https://uk.tgstat.com/channel/@oangelescu,https://t.me/oangelescu
Ğ¢ĞµĞ°Ñ‚Ñ€ ĞœÑ–Ğ¶ Ğ¢Ñ€ÑŒĞ¾Ñ… ĞšĞ¾Ğ»Ğ¾Ğ½,https://uk.tgstat.com/channel/@mezh3kolonn,https://t.me/mezh3kolonn
Ğ£ Ğ¿Ğ¾ÑˆÑƒĞºĞ°Ñ… Ğ¼ÑƒĞ·Ğ¸ ğŸ¨ painting / art / inspiration,https://uk.tgstat.com/channel/@looking_for_a_muse,https://t.me/looking_for_a_muse
Ğ›Ğ†Ğ¢Ğ•Ğ ĞĞ¢Ğ£Ğ ĞĞ ĞšĞ£ĞĞ¡Ğ¢ĞšĞĞœĞ•Ğ Ğ,https://uk.tgstat.com/channel/@interestingliterature,https://t.me/interestingliterature
CHÃˆRRY LÃ€DY,https://uk.tgstat.com/channel/@cherrylart,https://t.me/cherrylart
ĞšĞ°Ñ€Ñ‚Ğ¸Ğ½Ğ¸ Ğ·Ğ° Ğ½Ğ¾Ğ¼ĞµÑ€Ğ°Ğ¼Ğ¸ ğŸ¨ğŸ‡ºğŸ‡¦,https://uk.tgstat.com/channel/@kartyny_za_nomeramy,https://t.me/kartyny_za_nomeramy
MasterClasSchool,https://uk.tgstat.com/channel/@MasterClasSchool,https://t.me/MasterClasSchool
ğŸ’€Mor_in[ol]_ArtğŸ’€,https://uk.tgstat.com/channel/@MorinolisWelcoms,https://t.me/MorinolisWelcoms
ARTIZO,https://uk.tgstat.com/channel/@artizo,https://t.me/artizo
ĞĞ¸Ñƒ (Ñ€ĞµÑÑ‚),https://uk.tgstat.com/channel/@niiiuuii_iiuuii,https://t.me/niiiuuii_iiuuii
ĞĞµĞ¹Ñ€Ğ¾Ğ¼Ğ¸Ñ‚ĞµÑ†ÑŒ,https://uk.tgstat.com/channel/@neyroukraine,https://t.me/neyroukraine
ğŸºFurryArtsğŸº,https://uk.tgstat.com/channel/@furryarts,https://t.me/furryarts
PyperArts | CG,https://uk.tgstat.com/channel/@pyperarts,https://t.me/pyperarts
Ñ†ĞµÑ€Ğ±ĞµÑ€Ğ½Ğ°Ñ Ñ‚Ğ¼ 18+,https://uk.tgstat.com/channel/@djumoohsk,https://t.me/djumoohsk
soulfureenees,https://uk.tgstat.com/channel/@soulfureenees,https://t.me/soulfureenees
Ğ”Ñ–Ğ´ Ğ²Ğ¼ĞµÑ€,https://uk.tgstat.com/channel/@dedwilldrawitlatter,https://t.me/dedwilldrawitlatter
âš”ï¸ ĞĞµĞ·Ğ»Ğ°Ğ¼Ğ½Ñ–.ART,https://uk.tgstat.com/channel/@nezlamni_art,https://t.me/nezlamni_art
ĞœĞ£Ğš Ğ”Ğš Ğ®Ñ€Ğ¾Ğ²ÑĞºĞ¸Ğ¹,https://uk.tgstat.com/channel/@dk_urovskji,https://t.me/dk_urovskji
"ĞšĞ¾Ğ¼ÑƒĞ½Ğ°Ğ»ÑŒĞ½Ğ¸Ğ¹ Ğ·Ğ°ĞºĞ»Ğ°Ğ´ ""ĞœÑƒĞ·ĞµĞ¹Ğ½Ğ¾-Ğ²Ğ¸ÑÑ‚Ğ°Ğ²ĞºĞ¾Ğ²Ğ¸Ğ¹ Ñ†ĞµĞ½Ñ‚Ñ€ ĞšĞ°Ğ»ÑƒÑÑŒĞºĞ¾Ñ— Ğ¼Ñ–ÑÑŒĞºĞ¾Ñ— Ñ€Ğ°Ğ´Ğ¸""",https://uk.tgstat.com/channel/@mecKalush,https://t.me/mecKalush
dumbtoxicsub,https://uk.tgstat.com/channel/@dumbtoxicsub,https://t.me/dumbtoxicsub
Where is my mind,https://uk.tgstat.com/channel/@social_place,https://t.me/social_place
Ğ‘Ñ–Ğ»ÑŒÑÑ€Ğ´Ğ½Ñ– ĞºĞ¸Ñ— | Ğ‘Ğ°Ñ€Ñ‡Ğ¸ÑˆĞµĞ½ Ğ›ĞµĞ¾Ğ½Ñ–Ğ´,https://uk.tgstat.com/channel/@bar_cue,https://t.me/bar_cue
ğŸŒŒğŸŒ•Ğ§ÑƒĞ»Ğ°Ğ½Ñ‡Ğ¸Ğº Ñ€Ğ¸ÑÑƒĞ½Ğ¾Ñ‡ĞºĞ¾Ğ² Ğ¸ Ğ¿Ñ€Ğ¾Ñ‡ĞµĞ³Ğ¾ Ñ‚Ğ²Ğ¾Ñ€Ñ‡ĞµÑĞºĞ¾Ğ³Ğ¾ Ñ…Ğ»Ğ°Ğ¼Ğ°.ğŸª»ğŸª¼,https://uk.tgstat.com/channel/@vrokmoit_album,https://t.me/vrokmoit_album
Ğ¢ÑƒÑ‚ Ğ¼ĞµÑˆĞºĞ°Ñ” Ğ›Ñ–Ñ!ğŸ—£,https://uk.tgstat.com/channel/@liiaMEOW,https://t.me/liiaMEOW
Kontur âœ¨,https://uk.tgstat.com/channel/@devirshi,https://t.me/devirshi
ĞĞ»Ñ‘Ğ½Ğ° ĞœĞ°ĞºÑĞ°ĞºĞ¾Ğ²Ğ°,https://uk.tgstat.com/channel/@maxipoetri,https://t.me/maxipoetri
letter from ĞºuÑ‚Ğ¾ (ğŸ’Œ),https://uk.tgstat.com/channel/@letterfour4,https://t.me/letterfour4
ĞšĞ¾Ğ½Ñ†ĞµĞ¿Ñ‚ÑƒĞ°Ğ»ÑŒĞ½Ğ¸Ğ¹ Ğ²Ñ–Ğ·Ñ–Ğ¾Ğ½ĞµÑ€,https://uk.tgstat.com/channel/@conceptualvisionary,https://t.me/conceptualvisionary
KILMETOV_ART,https://uk.tgstat.com/channel/@KILMETOV_ART,https://t.me/KILMETOV_ART
Mechaposting,https://uk.tgstat.com/channel/@mechaposting,https://t.me/mechaposting
"""One Squad History""",https://uk.tgstat.com/channel/@OSHBOOK1,https://t.me/OSHBOOK1
Impresjonizm erotyczny,https://uk.tgstat.com/channel/@Impresjonizm_erotyka,https://t.me/Impresjonizm_erotyka
Â¯Â°Â·.Â¸.-> ğŸ€ ğ“‹ğ’¾ğ’½ğ’¸ğ’½ğ“…ğ’¾ ğŸ€ >-.Â¸.Â·Â°Â¯,https://uk.tgstat.com/channel/@vvvvh4p,https://t.me/vvvvh4p
RÂ²,https://uk.tgstat.com/channel/@rartist,https://t.me/rartist
Ğ’Ğ¸ÑˆĞ¸Ğ²Ğ°Ğ»ÑŒĞ½Ñ– ÑÑ‚ĞµĞ¶ĞºĞ¸,https://uk.tgstat.com/channel/@vyshyvalni_stezhky,https://t.me/vyshyvalni_stezhky
"""ĞœĞ¸ÑÑ‚ĞµÑ†Ñ‚Ğ²Ğ¾"" ÑÑ‚Ğ²Ğ¾Ñ€ĞµĞ½Ğµ Ğ½ĞµĞ¹Ñ€Ğ¾Ğ¼ĞµÑ€ĞµĞ¶Ğ¾Ñ",https://uk.tgstat.com/channel/@Artificialintel_I,https://t.me/Artificialintel_I
SoundCloud â€¢ music â€¢ Ğ¼ÑƒĞ·Ñ‹ĞºĞ°,https://uk.tgstat.com/channel/@music13532,https://t.me/music13532
"""Ğ‘ÑƒĞºĞ²Ğ°""",https://uk.tgstat.com/channel/@bukvarik1,https://t.me/bukvarik1
ĞŸÑ–Ğ²Ğ½Ñ–Ñ‡Ğ½Ğ¸Ğ¹ Ğ²Ñ–Ñ‚ĞµÑ€,https://uk.tgstat.com/channel/@severin_off_community,https://t.me/severin_off_community
ĞĞ½Ğ´Ñ€Ñ–Ğ¹ Ğ¨Ğ°Ğ´Ñ€Ñ–Ğ½ - Ğ’Ñ–Ğ´ Ñ€ÑƒĞºĞ¸ Ğµtc. ĞšÑ€Ñ–Ğ½Ğ¶Ğ¾Ğ¿Ñ–Ğ»ÑŒ Ğ²Ğ»Ğ°ÑĞ½Ğ¸Ñ… Ğ¿Ğ¾ĞµĞ·Ñ–Ğ¹.,https://uk.tgstat.com/channel/@krinjopolpoezii,https://t.me/krinjopolpoezii
7m0k3 lodge,https://uk.tgstat.com/channel/@Smoky_lodge,https://t.me/Smoky_lodge
Ğ¤Ñ–Ñ‚Ğ¾-ĞĞ¯Ğ’ | Ğ£ĞºÑ€Ğ¢Ğ³ | Ğ£ĞºÑ€Ğ¢Ò‘,https://uk.tgstat.com/channel/@Fito_NYAA,https://t.me/Fito_NYAA
ğŸ‡ºğŸ‡¦ Autism and Hypothymia: Art,https://uk.tgstat.com/channel/@xabab_art,https://t.me/xabab_art
ğŸ“¸ The Beauty of Art ğŸ¨,https://uk.tgstat.com/channel/@kordes_art,https://t.me/kordes_art
ğŸ³â€ğŸŒˆğŸ©¸VampSocksğŸ©¸ğŸ³â€ğŸŒˆ,https://uk.tgstat.com/channel/@stolenpictures,https://t.me/stolenpictures
DRAMAN,https://uk.tgstat.com/channel/@dramanart,https://t.me/dramanart
Ğ»ÑƒÑ–Ğ·Ğ° Ğ»ÑÑ‚ÑƒÑ” ğŸ’œğŸ‘©ğŸ¼â€ğŸ¨ #ÑƒĞºÑ€Ğ°Ñ€Ñ‚,https://uk.tgstat.com/channel/@luiza585_lutuie,https://t.me/luiza585_lutuie
ğŸƒCatnip teağŸƒ,https://uk.tgstat.com/channel/@LinariKamelArts,https://t.me/LinariKamelArts
ĞŸĞ°ÑƒÑ‡ÑŒĞ¸ Ğ¿Ğ°ÑƒÑ‚Ğ¸Ğ½ĞºĞ¸,https://uk.tgstat.com/channel/@damn_pausek,https://t.me/damn_pausek
inhuman paper theater II,https://uk.tgstat.com/channel/@papertheaterll,https://t.me/papertheaterll
Azethonkhs Lair,https://uk.tgstat.com/channel/@aztnlr,https://t.me/aztnlr
â˜¢ï¸RaDiAtÃoÅŠâ˜¢ï¸,https://uk.tgstat.com/channel/@vlastelin_iskusstva,https://t.me/vlastelin_iskusstva
Ğ¢Ğ²Ğ¾Ñ€Ñ‡Ğ° Ğ±Ñ–Ğ¾Ğ»Ğ°Ğ±Ğ¾Ñ€Ğ°Ñ‚Ğ¾Ñ€Ñ–Ñ,https://uk.tgstat.com/channel/@biolab_ukr,https://t.me/biolab_ukr
crystal_jpg,https://uk.tgstat.com/channel/@crystal_jpg,https://t.me/crystal_jpg
nessu.lie,https://uk.tgstat.com/channel/@nessu_lier,https://t.me/nessu_lier
Live & SmileâœŒï¸,https://uk.tgstat.com/channel/@live_and_smile,https://t.me/live_and_smile
Ğ’Ñ–Ñ€ÑˆĞ¸ĞºĞ¸ Ñ‚Ğ° ĞºĞ°Ñ€Ñ‚Ğ¸Ğ½ĞºĞ¸,https://uk.tgstat.com/channel/@hora_wr,https://t.me/hora_wr
GloomyNasya,https://uk.tgstat.com/channel/@gloomynasya,https://t.me/gloomynasya
Ğ›Ğ¸Ñ‡Ğ½Ñ‹Ğ¹ ĞºĞ¾Ğ½Ñ‚Ğ°ĞºÑ‚,https://uk.tgstat.com/channel/@LKontakt,https://t.me/LKontakt
ĞšÑƒÑ‚Ğ¾Ñ‡Ğ¾Ğº Ğ¼ĞµĞ»Ğ°Ğ½Ñ…Ğ¾Ğ»Ñ–Ñ—,https://uk.tgstat.com/channel/@MelancholyCorner,https://t.me/MelancholyCorner
Art.Mind.com,https://uk.tgstat.com/channel/@shionart,https://t.me/shionart
Î™ÏƒÏ‡Ï…ÏÏŒÏ‚ & Î— Î³Î½ÏÏƒÎ·,https://uk.tgstat.com/channel/@strong_ishiros,https://t.me/strong_ishiros
ã€_Annakol_ã€,https://uk.tgstat.com/channel/@Annakoooool,https://t.me/Annakoooool
Olfactory Whore,https://uk.tgstat.com/channel/@olfactorywh0re,https://t.me/olfactorywh0re
Ğ’Ñ–Ñ€ÑˆÑ– poetrytm22,https://uk.tgstat.com/channel/@poetrytm22,https://t.me/poetrytm22
Ñ†Ğ°Ñ€ÑÑ‚Ğ²Ğ¾ ÑˆÑƒĞ¼Ñ–ĞºĞ°,https://uk.tgstat.com/channel/id1602219546,https://t.me/joinchat/id1602219546
"âŠ• Ñ‡Ğ¾Ñ€Ğ½Ñ– Ğ¿ÑĞ¸ Ğ±Ñ€ĞµÑˆÑƒÑ‚ÑŒ, Ğ±Ñ–Ğ»Ñ– ÑĞ¼Ñ–ÑÑ‚ÑŒÑÑ âŠ•",https://uk.tgstat.com/channel/@kapyshe,https://t.me/kapyshe
ĞĞµÑ–ÑĞ½ÑƒÑÑ‡Ğ¸Ğ¹.,https://uk.tgstat.com/channel/@mieverse,https://t.me/mieverse
â‹† à£ª. ĞºÑ€Ğ¾Ñ…Ğ¼Ğ°Ğ»ÑŒ,https://uk.tgstat.com/channel/@st0rchv,https://t.me/st0rchv
ĞœĞ¾Ñ€Ğ¸Ğ¾ Ğ Ğ¾ĞºĞ¸Ñ‡Ğ°,https://uk.tgstat.com/channel/hK6-pK7J0GMxYjVi,https://t.me/joinchat/hK6-pK7J0GMxYjVi
Ğ‘Ğ¸Ğ±Ğ»Ğ¸Ğ¾Ñ‚ĞµĞºĞ° Ñ‡ÑƒĞ²ÑÑ‚Ğ²,https://uk.tgstat.com/channel/@FeelingsLibrary,https://t.me/FeelingsLibrary
ART-Ğ¼Ğ¾Ğ¶Ğ»Ğ¸Ğ²Ğ¾ÑÑ‚Ñ–,https://uk.tgstat.com/channel/@art_search,https://t.me/art_search
ĞºĞ¾Ñ‚Ğ¾ĞºĞ»ÑƒĞ±Ğ½Ğ¸ĞºĞ° Ñ€ĞµÑÑ‚,https://uk.tgstat.com/channel/@kvakva1111,https://t.me/kvakva1111
Petrykivka art by Tatyana & Olga,https://uk.tgstat.com/channel/@petrykivkaTO,https://t.me/petrykivkaTO
ĞĞµÑ‡Ğ¸ÑÑ‚ÑŒ Ğ¼Ğ¾Ğ²Ğ¸Ñ‚ÑŒ,https://uk.tgstat.com/channel/@thedevilspeakers,https://t.me/thedevilspeakers
ĞĞ¾Ğ²Ğ¾Ğµ Ğ˜ÑĞºÑƒÑÑÑ‚Ğ²Ğ¾,https://uk.tgstat.com/channel/@thenewbeaty,https://t.me/thenewbeaty
Manul Defanc,https://uk.tgstat.com/channel/@Defanc_oh,https://t.me/Defanc_oh
Horny thinking,https://uk.tgstat.com/channel/@funny_dove,https://t.me/funny_dove
ğŸ¦‹ii_vi_artğŸ¦‹,https://uk.tgstat.com/channel/@ii_vi_art,https://t.me/ii_vi_art
Ğ Ğ¸Ğ¼Ğ¾Ğ±Ğ»ÑƒĞ´ ğŸ‡ºğŸ‡¦,https://uk.tgstat.com/channel/@rifmoblud,https://t.me/rifmoblud
ĞŸĞ¾ĞµÑ‚Ğ¸Ñ‡Ğ½Ñ– Ğ’ĞµÑ‡Ğ¾Ñ€Ğ¸,https://uk.tgstat.com/channel/@deepspeech1,https://t.me/deepspeech1
#ÑÑ€Ğ¸Ñ„Ğ¼Ñ‹,https://uk.tgstat.com/channel/@yrifma,https://t.me/yrifma
Ğ’ÑƒĞ»Ğ¸Ñ‡Ğ½Ğµ Ğ¼Ğ°Ğ»ĞµĞ²Ğ¾ | #Ğ£ĞºÑ€Ğ¢Ò‘,https://uk.tgstat.com/channel/@streetmalevo,https://t.me/streetmalevo
Ğ¸Ğ´Ğ¸Ğ¾Ñ‚Ğ¸Ğ½Ğ° Ñ‚ÑƒĞ¿Ğ¾Ñ€Ñ‹Ğ»Ğ°Ñ,https://uk.tgstat.com/channel/@aaaelkimatalki,https://t.me/aaaelkimatalki
âœ™Foxâœ™,https://uk.tgstat.com/channel/@forseoperation,https://t.me/forseoperation
ĞœĞ¦ĞšĞ”Ğ¦ Ñ.Ğ Ğ¾Ğ´Ğ½Ğ¸ĞºĞ¾Ğ²Ñ‹Ğ¹,https://uk.tgstat.com/channel/@MCKDCrodnikoviy,https://t.me/MCKDCrodnikoviy
Ğ Ğ¾ Ğ½Ğ°Ñˆ Ğ‘Ñ€Ğ¾,https://uk.tgstat.com/channel/@ro_nash_bro,https://t.me/ro_nash_bro
Jojo stocksâœ™,https://uk.tgstat.com/channel/@doyouwanttocontinue,https://t.me/doyouwanttocontinue
ARTcommunity.ua,https://uk.tgstat.com/channel/@stelen_nft,https://t.me/stelen_nft
â„ğ•¦ğ•Ÿğ•– ğ”¾ğ•¦ğ•’ğ•£ğ••ğ•šğ•’ğ•Ÿğ•¤,https://uk.tgstat.com/channel/@runeguardians,https://t.me/runeguardians
Ulug' Nur,https://uk.tgstat.com/channel/@Porlagan_ufuq,https://t.me/Porlagan_ufuq
BEST ART.,https://uk.tgstat.com/channel/@bestart67,https://t.me/bestart67
Eleart,https://uk.tgstat.com/channel/@eleart,https://t.me/eleart
Art & Design,https://uk.tgstat.com/channel/@art_n_design,https://t.me/art_n_design
Sad Bubble Arts,https://uk.tgstat.com/channel/@sadbubblearts,https://t.me/sadbubblearts
ColoradoğŸŒ­,https://uk.tgstat.com/channel/@coloradoukr,https://t.me/coloradoukr
37.6Â°C PASS,https://uk.tgstat.com/channel/@HOTTESTMANGAGALLERY,https://t.me/HOTTESTMANGAGALLERY
gfhfghfg,https://uk.tgstat.com/channel/@hfghfght,https://t.me/hfghfght
Ğ¿Ğ¾Ğ¼Ğ¾Ğ¹ĞºĞ° Ğ»ĞµĞºĞ·Ñ‹ ( Ñ€ĞµÑÑ‚ ),https://uk.tgstat.com/channel/@lekza,https://t.me/lekza
Ğ¦Ğ¸Ğ½Ğ¸Ğº,https://uk.tgstat.com/channel/@tweedyBo,https://t.me/tweedyBo
