Sofia Stuzhuk,https://uk.tgstat.com/channel/@sofia_stuzhuk_official,https://t.me/sofia_stuzhuk_official
‚ú®–ü–∞–≤–ª—É—à–∞ —ñ –Ø–≤–∞ üá∫üá¶,https://uk.tgstat.com/channel/@pavlushaiyava,https://t.me/pavlushaiyava
–¢–≤–æ—Ä—á–∞ –ú–∞—Ç—É—Å—è,https://uk.tgstat.com/channel/f2rdJow-Il5lYTUy,https://t.me/joinchat/f2rdJow-Il5lYTUy
–Ü–¥–µ—ó —Ç–∞ –ü–æ—Ä–∞–¥–∏,https://uk.tgstat.com/channel/3uQ_8sVOXsM4Y2Zi,https://t.me/joinchat/3uQ_8sVOXsM4Y2Zi
–ú–∞–º–æ—á–∫–∏ –£–∫—Ä–∞–∏–Ω—ãüíõüíô,https://uk.tgstat.com/channel/35dXBotk3aVkMGUy,https://t.me/joinchat/35dXBotk3aVkMGUy
–í–∏—Ö–æ–≤–∞–Ω–Ω—è –∑ –ª—é–±–æ–≤‚Äô—é üß∏,https://uk.tgstat.com/channel/zKoZ8cKpmBowMTRi,https://t.me/joinchat/zKoZ8cKpmBowMTRi
–ì—É–º–∞–Ω—ñ—Ç–∞—Ä–Ω–µ —Ä–µ–∞–≥—É–≤–∞–Ω–Ω—è,https://uk.tgstat.com/channel/emhS-SnUQChmNTZi,https://t.me/joinchat/emhS-SnUQChmNTZi
"–ú–∞–º–æ, –Ω–µ –ø—Å—ñ—Ö—É–π!üëå",https://uk.tgstat.com/channel/cyQa_sqBDsozNjgy,https://t.me/joinchat/cyQa_sqBDsozNjgy
UNICEF Ukraine,https://uk.tgstat.com/channel/@unicef_ukraine,https://t.me/unicef_ukraine
–í–ò–•–û–í–ê–ù–ù–Ø –ó –õ–Æ–ë–û–í'–Æüë©‚Äçüëß‚Äçüë¶,https://uk.tgstat.com/channel/@educationwithloven,https://t.me/educationwithloven
–î—ñ—Ç–∏ | –í–∏—Ö–æ–≤–∞–Ω–Ω—è,https://uk.tgstat.com/channel/_GaivrOYZY80MjZi,https://t.me/joinchat/_GaivrOYZY80MjZi
–ú–∞—Ç—É—Å—ñ –£–∫—Ä–∞—ó–Ω–∏,https://uk.tgstat.com/channel/51ml5uIyuQM5Mjcy,https://t.me/joinchat/51ml5uIyuQM5Mjcy
–ü—ñ–¥—Ç—Ä–∏–º–∞–π –¥–∏—Ç–∏–Ω—É,https://uk.tgstat.com/channel/@pidtrumaidutuny,https://t.me/pidtrumaidutuny
–°–£–°–ü–Ü–õ–¨–ù–ï –ö–ê–ó–ö–ò,https://uk.tgstat.com/channel/@suspilne_kazky,https://t.me/suspilne_kazky
–î—ñ—Ç–∏ –≤ –ö–∏—î–≤—ñ | –ê—Ñ—ñ—à–∞ –∑–∞—Ö–æ–¥—ñ–≤,https://uk.tgstat.com/channel/@deti_Kiev_ua,https://t.me/deti_Kiev_ua
"–ë–µ—Ä–µ–º–µ–Ω–Ω–æ—Å—Ç—å,–†–æ–¥—ã,–ú–∞—Ç–µ—Ä–∏–Ω—Å—Ç–≤–æ",https://uk.tgstat.com/channel/@Mamochkyi,https://t.me/Mamochkyi
"–ú–∞–º–æ, –¥–∞–≤–∞–π –ø–æ–≥—Ä–∞—î–º–æ—Å—å",https://uk.tgstat.com/channel/@mamo_davay_pograemo,https://t.me/mamo_davay_pograemo
–î–∏–¥–∞–∫—Ç–∏—á–Ω—ñ —ñ–≥—Ä–∏,https://uk.tgstat.com/channel/vFrtDDHHqpJlNmQy,https://t.me/joinchat/vFrtDDHHqpJlNmQy
–í–æ–ª–æ–Ω—Ç–µ—Ä—Å—å–∫–∞ —Å–ø—ñ–ª–∫–∞ ¬´–ü–û–†–£–ß¬ª,https://uk.tgstat.com/channel/@spilkaporuch,https://t.me/spilkaporuch
"–ü–æ–∫–ª–∏–∫ üá∫üá¶ ‚Äî —Å–ø—ñ–ª—å–Ω–æ—Ç–∞ –ø—Ä–æ–≥—Ä–µ—Å–∏–≤–Ω–∏—Ö –¥—ñ—Ç–µ–π, –±–∞—Ç—å–∫—ñ–≤ —Ç–∞ –æ—Å–≤—ñ—Ç—è–Ω",https://uk.tgstat.com/channel/@zanyattya_dititabatiky,https://t.me/zanyattya_dititabatiky
“ê–∞–∑–¥–∏–Ω—è,https://uk.tgstat.com/channel/_upc4RPS1_UwMmY6,https://t.me/joinchat/_upc4RPS1_UwMmY6
üë®‚Äçüë©‚Äçüë¶ –ë–∞—Ç—å–∫–∏ —Ç–∞ –î—ñ—Ç–∏ ‚ù§Ô∏è –ñ—É—Ä–Ω–∞–ª –ø—Ä–æ –≤–∏—Ö–æ–≤–∞–Ω–Ω—è —Ç–∞ –Ω–∞–≤—á–∞–Ω–Ω—è –¥—ñ—Ç–µ–π,https://uk.tgstat.com/channel/@batki_i_dity,https://t.me/batki_i_dity
–¥–∏—Ç—Å–∞–¥–æ–∫ —É —Å–º–∞—Ä—Ç—Ñ–æ–Ω—ñ,https://uk.tgstat.com/channel/bHVV0D73PmdjMmEy,https://t.me/joinchat/bHVV0D73PmdjMmEy
MiniPRINT - –≥–∞—Ä–º–æ–Ω—ñ–π–Ω–∏–π —Ä–æ–∑–≤–∏—Ç–æ–∫ –¥—ñ—Ç–æ–∫ | —Ä–æ–∑–≤–∏–≤–∞—à–∫–∏ | —ñ–≥—Ä–∏ –¥–ª—è –¥—Ä—É–∫—É |,https://uk.tgstat.com/channel/@miniprint,https://t.me/miniprint
"–£—Ö—Ç–∏—à–∫–∞. –Ü–≥—Ä–∏, –≥–æ–ª–æ–≤–æ–ª–æ–º–∫–∏, –¥–∏—Ç—è—á–∞ —Ç–≤–æ—Ä—á—ñ—Å—Ç—å.",https://uk.tgstat.com/channel/@ukhtyshka,https://t.me/ukhtyshka
–ö–æ—Ä–∏—Å–Ω—ñ –∑—É—Å—Ç—Ä—ñ—á—ñ –¥–ª—è –±–∞—Ç—å–∫—ñ–≤ –¥—ñ—Ç–µ–π –∑ –∞—É—Ç–∏–∑–º–æ–º,https://uk.tgstat.com/channel/@zustrichy_autism,https://t.me/zustrichy_autism
–§–æ–Ω–¥ –ü—Ä–∞–≤–æ –Ω–∞ –∂–∏—Ç—Ç—è | Dnipro,https://uk.tgstat.com/channel/@right_tolife,https://t.me/right_tolife
–ú–∞–º–∞ –≤ –¢–µ–ª–µ–≥—Ä–∞–º—ñ,https://uk.tgstat.com/channel/@mamavtelegrami,https://t.me/mamavtelegrami
–î–∏—Ç—è—á—ñ –∑–∞—á—ñ—Å–∫–∏,https://uk.tgstat.com/channel/GZvZyqUuzuYxMDQy,https://t.me/joinchat/GZvZyqUuzuYxMDQy
–ú–∞–º–∞ —É –ì–∞—Ä–º–æ–Ω—ñ—ó,https://uk.tgstat.com/channel/43aRLG1dEfs0MGY6,https://t.me/joinchat/43aRLG1dEfs0MGY6
–ë/–£ –ö–æ–ª—è—Å–∫–∏ –ø—Ä–æ–¥–∞—î–º üá∫üá¶–£–∫—Ä–∞—ó–Ω–∞üá∫üá¶,https://uk.tgstat.com/channel/@by_kolyaski_prodaem,https://t.me/by_kolyaski_prodaem
–ú–∞–π—Å—Ç–µ—Ä–Ω—ñ —Ä—É—á–∫–∏üé®,https://uk.tgstat.com/channel/VWS22EQPCbxhM2Fk,https://t.me/joinchat/VWS22EQPCbxhM2Fk
BABY WORLD,https://uk.tgstat.com/channel/@modny_detki,https://t.me/modny_detki
"–ö–ê–ó–ö–ò, –©–û –õ–Ü–ö–£–Æ–¢–¨ üé®",https://uk.tgstat.com/channel/@Kazki_AnnaSapena,https://t.me/Kazki_AnnaSapena
üíô –î–∏—Ç—è—á—ñ —ñ–≥—Ä–∞—à–∫–∏ üíõ,https://uk.tgstat.com/channel/@igrushki_luba,https://t.me/igrushki_luba
–ú–∞–º–æ—á–∫–∏ - –ø–µ—Ä–µ—Å–µ–ª–µ–Ω—Ü—ã –•–∞—Ä—å–∫–æ–≤-–ü–æ–ª—Ç–∞–≤–∞. –ì—É–º–∞–Ω–∏—Ç–∞—Ä–Ω–∞—è –ø–æ–º–æ—â—å,https://uk.tgstat.com/channel/@mamochkipoltava,https://t.me/mamochkipoltava
KAZONYKA ( UA ),https://uk.tgstat.com/channel/@kazonyka,https://t.me/kazonyka
"–ë–§ ""–•–ï–ü–ü–Ü –ö–Ü–î–° ""(Happy kids) üíôüíõ",https://uk.tgstat.com/channel/@BFHappyKids,https://t.me/BFHappyKids
–ú–∞—Ç–µ—Ä—ñ–∞–ª–∏ –¥–ª—è –¥—ñ—Ç–µ–π –≤—ñ–¥ –ö–ú,https://uk.tgstat.com/channel/@krainamovlennya,https://t.me/krainamovlennya
–£–∫—Ä–∞—ó–Ω—Å—å–∫—ñ –ú–∞–º–∏ –≤ –Ü—Ç–∞–ª—ñ—óüáÆüáπ,https://uk.tgstat.com/channel/@UAMAMAITALY,https://t.me/UAMAMAITALY
"–ë–§ ""–©–∞—Å–ª–∏–≤–∞ –¥–∏—Ç–∏–Ω–∞"". –ì—É–º–∞–Ω—ñ—Ç–∞—Ä–Ω–∞ –¥–æ–ø–æ–º–æ–≥–∞.",https://uk.tgstat.com/channel/@happychildhelp,https://t.me/happychildhelp
–î–∏—Ç—è—á–∏–π –æ–¥—è–≥ —Å—Ç–æ–∫ –±—Ä–µ–Ω–¥—ñ–≤ –æ–ø—Ç–æ–º,https://uk.tgstat.com/channel/@kids_stock_opt,https://t.me/kids_stock_opt
Mamyn_malyk,https://uk.tgstat.com/channel/@dlamalysha,https://t.me/dlamalysha
–õ–ê–ë–û–†–ê–¢–û–†–Ü–Ø –î–ò–¢–ò–ù–°–¢–í–ê,https://uk.tgstat.com/channel/@lab_of_childhood,https://t.me/lab_of_childhood
–ù–∞—à—ñ –≤ –õ—é–±–ª—ñ–Ω—ñüá∫üá¶,https://uk.tgstat.com/channel/@UkraineLublin,https://t.me/UkraineLublin
—Ç–∞–∫ –≥–µ—è–º–∏ –∏ —Å—Ç–∞–Ω–æ–≤—è—Ç—Å—è üá∫üá¶,https://uk.tgstat.com/channel/@genderneutraledu,https://t.me/genderneutraledu
–°–û–° –î–∏—Ç—è—á—ñ –º—ñ—Å—Ç–µ—á–∫–∞ –õ—å–≤—ñ–≤üíô,https://uk.tgstat.com/channel/@sos_lviv1,https://t.me/sos_lviv1
–ö–æ–Ω—Å—É–ª—å—Ç–∞—Ü—ñ—ó –¥–ª—è –±–∞—Ç—å–∫—ñ–≤ –∑ –ø–∏—Ç–∞–Ω—å –∑–¥–æ—Ä–æ–≤‚Äô—è —Ç–∞ –≤–∏—Ö–æ–≤–∞–Ω–Ω—è –¥—ñ—Ç–µ–π,https://uk.tgstat.com/channel/@soszustrichy_batiky,https://t.me/soszustrichy_batiky
–°–ø—ñ–≤–î—ñ—è –∑–∞—Ä–∞–¥–∏ –î—ñ—Ç–µ–π,https://uk.tgstat.com/channel/@spivdiia_dity,https://t.me/spivdiia_dity
–ú–∞–º–æ—á–∫–∏ üá∫üá¶–≤üá≤üá© –ö–∏—à–∏–Ω–µ–≤–µ,https://uk.tgstat.com/channel/@uamominmd,https://t.me/uamominmd
–ê–º–±–∞—Å–∞–¥–æ—Ä –î–∏—Ç–∏–Ω—Å—Ç–≤–∞,https://uk.tgstat.com/channel/@ambassadordytynstva,https://t.me/ambassadordytynstva
ü¶Ñ –î–∏—Ç—è—á–∏–π üé¨ –ö—ñ–Ω–æ–∑–∞–ª üá∫üá¶,https://uk.tgstat.com/channel/@dytyachyi_kinozal,https://t.me/dytyachyi_kinozal
–©–∞—Å—Ç—è –ø–æ—Ä—É—á,https://uk.tgstat.com/channel/@s_poruch,https://t.me/s_poruch
–î–ò–¢–Ø–ß–ê –ú–ê–ô–°–¢–ï–†–ù–Ø,https://uk.tgstat.com/channel/@majzter_ja,https://t.me/majzter_ja
"¬´–ú–∞–º–æ, –≤—Å–µ –û–ö!¬ª –µ–ª–µ–∫—Ç—Ä–æ–Ω–Ω–∏–π –¥–∞–π–¥–∂–µ—Å—Ç",https://uk.tgstat.com/channel/@mamovseok,https://t.me/mamovseok
–•–∞—Ä–∫—ñ–≤—Å—å–∫—ñ –≥–µ—Ä–æ—ó –æ—Å–≤—ñ—Ç–Ω—å–æ–≥–æ —Ñ—Ä–æ–Ω—Ç—É,https://uk.tgstat.com/channel/@Educational_front_of_Kharkov,https://t.me/Educational_front_of_Kharkov
–î–µ–ø–∞—Ä—Ç–∞–º–µ–Ω—Ç —Å–æ—Ü—ñ–∞–ª—å–Ω–æ–≥–æ –∑–∞—Ö–∏—Å—Ç—É –Ω–∞—Å–µ–ª–µ–Ω–Ω—è –°—É–º—Å—å–∫–æ—ó –º—ñ—Å—å–∫–æ—ó —Ä–∞–¥–∏,https://uk.tgstat.com/channel/@sumysoczahyst,https://t.me/sumysoczahyst
"UKRAINIAN CHARITY FOUNDATION ""MOTHER'S PALMS""",https://uk.tgstat.com/channel/@charityfoundation_ua,https://t.me/charityfoundation_ua
–ñ–£–†–ù–ê–õ –°–ú–ê–ô–õ–ò–ö üá∫üá¶ –¥–ª—è –¥—ñ—Ç–µ–π 5-10 —Ä–æ–∫—ñ–≤,https://uk.tgstat.com/channel/@smaylik_org,https://t.me/smaylik_org
üí∞ iPlan kids üë®‚Äçüë©‚Äçüëß‚Äçüë¶,https://uk.tgstat.com/channel/@iplankids,https://t.me/iplankids
–í–∏—Ö–æ–≤–∞–Ω–Ω—è —Ç–∞ —Ä–æ–∑–≤–∏—Ç–æ–∫ –¥—ñ—Ç–µ–π,https://uk.tgstat.com/channel/@golovach_kids,https://t.me/golovach_kids
–ü–æ–∫–æ–ª–µ–Ω–∏–µ –Ω–æ–≤–æ–≥–æ –≤—Ä–µ–º–µ–Ω–∏,https://uk.tgstat.com/channel/@GenerationNewAge,https://t.me/GenerationNewAge
–í–û–õ–û–ù–¢–ï–†–°–¨–ö–ò–ô –†–£–• –î–û–ü–û–ú–û–ì–ò –î–Ü–¢–Ø–ú –£–ö–†–ê–á–ù–òüá∫üá¶,https://uk.tgstat.com/channel/@volonter_ryh_ukr,https://t.me/volonter_ryh_ukr
üìñ–ö–∞–∑–∫–∏ –£–∫—Ä–∞—ó–Ω—Å—å–∫–æ—éüá∫üá¶,https://uk.tgstat.com/channel/@tales_in_ukrainian,https://t.me/tales_in_ukrainian
üá∫üá¶üá∫üá¶–ó–∞–π–Ω—è—Ç—ñ –¥—ñ—Ç–∏ üá∫üá¶üá∫üá¶üá∫üá¶,https://uk.tgstat.com/channel/@Busy_kids_ua,https://t.me/Busy_kids_ua
Tochka. –î–∏—Ç—è—á–∏–π –æ–¥—è–≥. –î—Ä–æ–ø—à–∏–ø–ø—ñ–Ω–≥,https://uk.tgstat.com/channel/@tochkakids,https://t.me/tochkakids
–ú–ê–ú–û–ß–ö–ò –ò –ü–ê–ü–û–ß–ö–ò –ì–û–†–õ–û–í–ö–ò,https://uk.tgstat.com/channel/@MPG2014,https://t.me/MPG2014
–°—Ç—É–∫—ñ—Ç —Å–µ—Ä—Ü—è,https://uk.tgstat.com/channel/@stykit_sercia,https://t.me/stykit_sercia
RECOVERY CAMP,https://uk.tgstat.com/channel/@recoverycamp,https://t.me/recoverycamp
Comfy Kids SALE,https://uk.tgstat.com/channel/@comfykidssale,https://t.me/comfykidssale
"–ë–§ ""–†–∞–∑–æ–º –º–∏-—Å–∏–ª–∞""",https://uk.tgstat.com/channel/@razom_mi_sila1,https://t.me/razom_mi_sila1
Stray Kids Shop üõç üá∫üá¶,https://uk.tgstat.com/channel/@Stray_Kids_Shop,https://t.me/Stray_Kids_Shop
–ë–§ –ü—ñ–∫–ª—É—î–º–æ—Å—å,https://uk.tgstat.com/channel/@takingcareua,https://t.me/takingcareua
–ú–∞–º–æ—á–∫–∏ –ó–∞–ø–æ—Ä–æ–∂—Å–∫–æ–π –æ–±–ª–∞—Å—Ç–∏,https://uk.tgstat.com/channel/@mom_zp,https://t.me/mom_zp
–ú–ê–ú–û–ß–ö–ò. –ú–ê–†–ò–£–ü–û–õ–¨ üë†,https://uk.tgstat.com/channel/@mamochki_mariupol,https://t.me/mamochki_mariupol
nestlebabyclub_ua,https://uk.tgstat.com/channel/@nestlebabyclub_ua,https://t.me/nestlebabyclub_ua
–î—ñ—Ç–∏ –º–∞–π–±—É—Ç–Ω—å–æ–≥–æ,https://uk.tgstat.com/channel/@dityMaybutnyogo,https://t.me/dityMaybutnyogo
–ê—Ä–º–∞–Ω –ê–∫–æ–ø—è–Ω üá∫üá¶ | –ü—Ä–∞–≤–æ –Ω–∞ –¥–∏—Ç–∏–Ω—Å—Ç–≤–æ üá∫üá¶,https://uk.tgstat.com/channel/@ProtectChildrenTogether,https://t.me/ProtectChildrenTogether
–ü–†–û–°–¢–Ü–† –î–†–£–ñ–ù–Ü–ô –î–û –î–Ü–¢–ï–ô,https://uk.tgstat.com/channel/@pddcaritaszp,https://t.me/pddcaritaszp
–°–ø—ñ–≤–î—ñ—è –î—ñ—Ç–∏ –ö–∏—ó–≤,https://uk.tgstat.com/channel/@kidskyiv,https://t.me/kidskyiv
–û—Ä–µ–Ω–¥–∞ –∫–≤–∞—Ä—Ç–∏—Ä –°–æ—Ñ—ñ—ó–≤—Å—å–∫–∞ –ë–æ—Ä—â–∞–≥—ñ–≤–∫–∞,https://uk.tgstat.com/channel/@orendasb,https://t.me/orendasb
–°–ü–Ü–õ–¨–ù–û | UNICEF –õ—å–≤—ñ–≤,https://uk.tgstat.com/channel/@spilno_unicef_lviv,https://t.me/spilno_unicef_lviv
–°–∞–º–æ—Ä–æ–±–∫–∏ ü¶Ñ –†–æ–∑–≤–∏–≤–∞—à–∫–∏,https://uk.tgstat.com/channel/@tvor4i_ua,https://t.me/tvor4i_ua
–î–æ–ø–æ–º–æ–≥–∞. –ü—ñ–≤–¥–µ–Ω—å. –î—ñ—Ç—è–º —Ç–∞ —ñ—Ö —Å—ñ–º'—è–ºüá∫üá¶ –õ—ñ—Ç–Ω—ñ–º –ª—é–¥—è–ºüçÄ,https://uk.tgstat.com/channel/@SavechildrenofUkraine,https://t.me/SavechildrenofUkraine
–°–ü–Ü–õ–¨–ù–û | UNICEF –ü–æ–ª—Ç–∞–≤–∞,https://uk.tgstat.com/channel/@spilno_UNICEF_Poltava,https://t.me/spilno_UNICEF_Poltava
"–ë–õ–ê–ì–û–î–Ü–ô–ù–ò–ô –§–û–ù–î ""–ê–†–¢–ï–ú–ê –ú–ê–†–ß–ï–ù–ö–û""",https://uk.tgstat.com/channel/@bfmarchenko,https://t.me/bfmarchenko
–†–æ–¥–∏—Ç–µ–ª—è–º –æ –¥–µ—Ç—è—Ö,https://uk.tgstat.com/channel/@roditelyam_pro_detey,https://t.me/roditelyam_pro_detey
Amador,https://uk.tgstat.com/channel/@amador_odessa,https://t.me/amador_odessa
–ü—Ç–∞—à–∫–∞ - –≤—Å–µ –∞–∫—Ç—É–∞–ª—å–Ω–µ –Ω–∞ —Ö–≤–æ—Å—Ç—ñ,https://uk.tgstat.com/channel/@mom_kids_time,https://t.me/mom_kids_time
UAHelp.ca,https://uk.tgstat.com/channel/@uahelpca,https://t.me/uahelpca
üå∏Baby_shop_little_bean_coüë£,https://uk.tgstat.com/channel/AAAAAFIa6_gOjYhzVCbXVQ,https://t.me/joinchat/AAAAAFIa6_gOjYhzVCbXVQ
–°–û–° –î—ñ—Ç–∏. –ü—Ä–æ–≥—Ä–∞–º–∞ –µ–∫—Å—Ç—Ä–µ–Ω–æ—ó –¥–æ–ø–æ–º–æ–≥–∏,https://uk.tgstat.com/channel/@sosdity_zp,https://t.me/sosdity_zp
Royaltoys.com.ua –ü–æ—Å—Ç–∞–≤—â–∏–∫ –¥–µ—Ç—Å–∫–∏—Ö –∏–≥—Ä—É—à–µ–∫ –û–ü–¢ / –î–†–û–ü,https://uk.tgstat.com/channel/@Royaltoyscomua,https://t.me/Royaltoyscomua
–õ—å–≤—ñ–≤ –î—ñ—Ç–∏,https://uk.tgstat.com/channel/@Lvivdity,https://t.me/Lvivdity
Science4Kids,https://uk.tgstat.com/channel/@science4kids_inscience,https://t.me/science4kids_inscience
–°–ü–Ü–õ–¨–ù–û | UNICEF –£–∂–≥–æ—Ä–æ–¥,https://uk.tgstat.com/channel/@uzhorod_unicef,https://t.me/uzhorod_unicef
–ü–û–†–£–ß - SPACE | –ë–µ–∑–∫–æ—à—Ç–æ–≤–Ω—ñ –≥—É—Ä—Ç–∫–∏ –¥–ª—è –¥—ñ—Ç–æ–∫ –í–ü–û,https://uk.tgstat.com/channel/@poruchspace_gurtki,https://t.me/poruchspace_gurtki
–î–µ–Ω–Ω–∏–π —Ü–µ–Ω—Ç—Ä –ü—Ä–∞–≤–æ –Ω–∞ –∑–¥–æ—Ä–æ–≤‚Äò—è,https://uk.tgstat.com/channel/@pravonazdorovia,https://t.me/pravonazdorovia
JUMP CITY –ë–ï–†–î–Ø–ù–°–ö,https://uk.tgstat.com/channel/@jumpcitybrd,https://t.me/jumpcitybrd
–ö–∏–µ–≤‚ù§Ô∏è–î–µ—Ç–∏,https://uk.tgstat.com/channel/@kievdeti,https://t.me/kievdeti
–î–µ—Ç—Å–∫–∏–µ —Ç–æ–≤–∞—Ä—ã –ú–∞—Ä–∏—É–ø–æ–ª—å,https://uk.tgstat.com/channel/@teremokmrpl,https://t.me/teremokmrpl
Green Sun,https://uk.tgstat.com/channel/@GreenSunGold,https://t.me/GreenSunGold
STRAY KIDS UKRAINE,https://uk.tgstat.com/channel/@straykidsukraine,https://t.me/straykidsukraine
üí£Bombittaüí£–î–µ—Ç—Å–∫–∞—è –æ–¥–µ–∂–¥–∞/–æ–±—É–≤—å,https://uk.tgstat.com/channel/@bombitta_style_baby,https://t.me/bombitta_style_baby
–í–∏—Ö–æ–≤–∞–Ω–Ω—è —Ç–∞ —Ä–æ–∑–≤–∏—Ç–æ–∫ –¥–∏—Ç–∏–Ω–∏,https://uk.tgstat.com/channel/@Zcb8PctGNxczMThi,https://t.me/Zcb8PctGNxczMThi
DobroDim,https://uk.tgstat.com/channel/@dobrodim_dp,https://t.me/dobrodim_dp
–°–ø—ñ–≤–î—ñ—è –î—ñ—Ç–∏ –Ü–≤–∞–Ω–æ-–§—Ä–∞–Ω–∫—ñ–≤—Å—å–∫,https://uk.tgstat.com/channel/@kidsfrankivsk,https://t.me/kidsfrankivsk
TOYSüß∏ –Ü–ì–†–ê–®–ö–ò –î–õ–Ø –ú–ê–õ–Æ–ö–Ü–íüß∏,https://uk.tgstat.com/channel/WMyaX_CkrZ84ZTYy,https://t.me/joinchat/WMyaX_CkrZ84ZTYy
üá∫üá¶&üá≥üá¥–£–∫—Ä–∞—ó–Ω—Å—å–∫—ñ –º–∞—Ç—É—Å—ñ —É –ù–æ—Ä–≤–µ–≥—ñ—ó,https://uk.tgstat.com/channel/@matusi_norway,https://t.me/matusi_norway
–ú–∞–º–∏ –ú–∏—Ä–≥–æ—Ä–æ–¥–∞,https://uk.tgstat.com/channel/@mama_mirgorod,https://t.me/mama_mirgorod
LEGO üî• Bricking News üá∫üá¶,https://uk.tgstat.com/channel/@legobrickingnews,https://t.me/legobrickingnews
–ú–∞—Ç–∏ —Ç–∞ –¥–∏—Ç–∏–Ω–∞,https://uk.tgstat.com/channel/@motherchildua,https://t.me/motherchildua
Exclusive|Kids,https://uk.tgstat.com/channel/@kids_exclusive_drop,https://t.me/kids_exclusive_drop
–ú–∏—Å—Ç–µ—Ü—Ç–≤–æ –≤–∏—Ö–æ–≤–∞–Ω–Ω—è,https://uk.tgstat.com/channel/t46H0vHs48hmOTJi,https://t.me/joinchat/t46H0vHs48hmOTJi
–°–ø—ñ–≤–î—ñ—è –î—ñ—Ç–∏ –ß–µ—Ä–Ω—ñ–≤—Ü—ñ,https://uk.tgstat.com/channel/@kidschernivtsi,https://t.me/kidschernivtsi
–°–ø—ñ–≤–î—ñ—è –î—ñ—Ç–∏ –õ—å–≤—ñ–≤,https://uk.tgstat.com/channel/@kidslvivv,https://t.me/kidslvivv
"–î—ñ–º –ü—Ä–µ—Å–≤—è—Ç–æ–≥–æ –°—ñ–º–µ–π—Å—Ç–≤–∞, Caritas (klostera iela 5)",https://uk.tgstat.com/channel/@uaenlv,https://t.me/uaenlv
–°–ü–Ü–õ–¨–ù–û|UNICEF –ë—ñ–ª–∞ –¶–µ—Ä–∫–≤–∞,https://uk.tgstat.com/channel/@BilaCerkvaUnicef,https://t.me/BilaCerkvaUnicef
–í—ã–µ–∑–¥–Ω–∞—è –®–∫–æ–ª–∞,https://uk.tgstat.com/channel/@w_school,https://t.me/w_school
–°—É–ø–µ—Ä–∫–Ω–∏–≥–∞ —É–∫—Ä–∞—ó–Ω—Å—å–∫–æ—é,https://uk.tgstat.com/channel/@SuperbookUA,https://t.me/SuperbookUA
–í–æ–ª–æ–Ω—Ç–µ—Ä—Å—å–∫–∏–π —Ü–µ–Ω—Ç—Ä –≥—É–º–∞–Ω—ñ—Ç–∞—Ä–Ω–æ—ó –¥–æ–ø–æ–º–æ–≥–∏ –ö–æ–ª–æ–º–∞—á—á–∏–Ω–∏,https://uk.tgstat.com/channel/@kolomakvolunteer,https://t.me/kolomakvolunteer
"–î—Ä—É–∂–Ω—ñ–π –ø—Ä–æ—Å—Ç—ñ—Ä –¥–ª—è –¥—ñ—Ç–µ–π ""–ü–û–°–ú–Ü–®–ö–ê.–ÆA""",https://uk.tgstat.com/channel/@prostirchildzp,https://t.me/prostirchildzp
–ó—É—Å—Ç—Ä—ñ—á—ñ –ø—ñ–¥—Ç—Ä–∏–º–∫–∏ —Ç–∞ —Å—É–ø—Ä–æ–≤–æ–¥—É –ø—ñ–¥ —á–∞—Å –≤–∞–≥—ñ—Ç–Ω–æ—Å—Ç—ñ —Ç–∞ –º–∞—Ç–µ—Ä–∏–Ω—Å—Ç–≤–∞,https://uk.tgstat.com/channel/@porada_family,https://t.me/porada_family
–î–∏—Ç—è—á–∞ –õ—ñ—Ç–µ—Ä–∞—Ç—É—Ä–∞,https://uk.tgstat.com/channel/@paliturka6,https://t.me/paliturka6
"–î–∏—Ç—è—á–∏–π –∂—É—Ä–Ω–∞–ª ""–†–æ–∑—É–º–∞—à–∫–∏""",https://uk.tgstat.com/channel/@rozymashky,https://t.me/rozymashky
–î–∏–≤–æ–≤–∏–∂–Ω—ñ –≤–∏—Ä–æ–±–∏ —Å–≤–æ—ó–º–∏ —Ä—É–∫–∞–º–∏,https://uk.tgstat.com/channel/@amazing_crafts,https://t.me/amazing_crafts
–ñ—ñ–Ω–æ—á–µ –î–æ–∑–≤—ñ–ª–ª—è - –í—ñ–¥–µ–Ω—å,https://uk.tgstat.com/channel/@ukrainianwomens,https://t.me/ukrainianwomens
MYplay- —ñ–≥—Ä–∞—à–∫–∏ —Ç–∞ –≥–∞–¥–∂–µ—Ç–∏,https://uk.tgstat.com/channel/@myplay_ua,https://t.me/myplay_ua
–í—Å–µ –±—É–¥–µ –¥–æ–±—Ä–µ –£–∫—Ä–∞—ó–Ω–∞üá∫üá¶,https://uk.tgstat.com/channel/@vbd_ua,https://t.me/vbd_ua
–¢–ê–¢–û –í–õ–û–ì,https://uk.tgstat.com/channel/@TatoVlog,https://t.me/TatoVlog
MALVA üå∫ Channel,https://uk.tgstat.com/channel/@malvachannel,https://t.me/malvachannel
–î—ñ—Ç—è–º –≤—ñ–¥ –¥—ñ—Ç–µ–π üá∫üá¶,https://uk.tgstat.com/channel/@svitdidey,https://t.me/svitdidey
–î–∏—Ç—è—á–∏–π –æ–¥—è–≥ —Ç–∞ –≤–∑—É—Ç—Ç—è üß∏ Happy KIDS üß∏ –†–æ–∑–¥—Ä—ñ–±/–û–ø—Ç/–î—Ä–æ–ø,https://uk.tgstat.com/channel/@DetskiymirKIDS,https://t.me/DetskiymirKIDS
–°–ü–Ü–õ–¨–ù–û | –Æ–ù–Ü–°–ï–§ –û–ª–µ–∫—Å–∞–Ω–¥—Ä—ñ—è,https://uk.tgstat.com/channel/@spilno_unicef_olexandriya,https://t.me/spilno_unicef_olexandriya
–î–∏—Ç—è—á—ñ –∫–∞–∑–∫–∏ —Ç–∞ –º—É–ª—å—Ç—Ñ—ñ–ª—å–º–∏üåÄ,https://uk.tgstat.com/channel/@duvosvit_tyt,https://t.me/duvosvit_tyt
FinTato | –§—ñ–Ω–¢–∞—Ç–æ,https://uk.tgstat.com/channel/@fintato,https://t.me/fintato
üí•–†–û–ó–ü–†–û–î–ê–ñüí•,https://uk.tgstat.com/channel/@angelclothes_sale,https://t.me/angelclothes_sale
Mamo Pracuj,https://uk.tgstat.com/channel/@mamopracuj,https://t.me/mamopracuj
–ú–∏—Å—Ç–µ—Ü—Ç–≤–æ –±—É—Ç–∏ –º–∞–º–æ—é ‚ù§Ô∏è,https://uk.tgstat.com/channel/nMMN6uqXINw4YTYy,https://t.me/joinchat/nMMN6uqXINw4YTYy
–°–ø—ñ–≤–î—ñ—è –î—ñ—Ç–∏ –£–∂–≥–æ—Ä–æ–¥,https://uk.tgstat.com/channel/@kidsuzhgorod,https://t.me/kidsuzhgorod
OXYGEN.UKRAINE,https://uk.tgstat.com/channel/nlVOuHzLCylhM2My,https://t.me/joinchat/nlVOuHzLCylhM2My
Scoutville,https://uk.tgstat.com/channel/@scoutville,https://t.me/scoutville
KABRITA¬Æ –≤ –£–∫—Ä–∞—ó–Ω—ñ,https://uk.tgstat.com/channel/@kabrita_ua,https://t.me/kabrita_ua
–ö–∏—ó–≤ –î—ñ—Ç–∏,https://uk.tgstat.com/channel/@Kyivdity,https://t.me/Kyivdity
–°–ü–Ü–õ–¨–ù–û | UNICEF –ö–∞–ª—É—à,https://uk.tgstat.com/channel/@unisefkalush,https://t.me/unisefkalush
–í–∏—â–µ —Ä–∞–π–¥—É–≥–∏,https://uk.tgstat.com/channel/@Veselka_inUA,https://t.me/Veselka_inUA
–ü—Ä–æ –ë—Ä–µ–Ω–¥–∏,https://uk.tgstat.com/channel/Db6_VhMul9dlOTAy,https://t.me/joinchat/Db6_VhMul9dlOTAy
–ö–∏—à–µ–Ω—å–∫–æ–≤–∏–π –ª–æ–≥–æ–ø–µ–¥ | —Ä–æ–∑–≤–∏–≤–∞—à–∫–∏ üìö,https://uk.tgstat.com/channel/@logopedvkusheni,https://t.me/logopedvkusheni
"–ò–≥—Ä–æ–ú–∞–º–∞ (–õ–æ–≥–æ–ø–µ–¥, –ù–µ–π—Ä–æ–ø—Å–∏—Ö–æ–ª–æ–≥)",https://uk.tgstat.com/channel/@igromama,https://t.me/igromama
–¶–ù–ê–ü —É –º. –ö—Ä–µ–º–µ–Ω—á—É—Ü—ñ,https://uk.tgstat.com/channel/@kremencnap,https://t.me/kremencnap
"–ì—Ä–æ–º–∞–¥—Å—å–∫–∞ –û—Ä–≥–∞–Ω—ñ–∑–∞—Ü—ñ—è "" –ß–∏—Å—Ç—ñ –°–µ—Ä—Ü—è –ö–∞–ª—É—à ‚ù§Ô∏è""",https://uk.tgstat.com/channel/@chustisercya,https://t.me/chustisercya
–î–∏—Ç—è—á–∏–π –•–∞–± –î–Ü–Ø,https://uk.tgstat.com/channel/@DetiHabDyia,https://t.me/DetiHabDyia
–ö—Ä–µ–∞—Ç–∏–≤–Ω–∞ –º–∞—Ç–µ–º–∞—Ç–∏–∫–∞,https://uk.tgstat.com/channel/@kreatuvna_matematuka,https://t.me/kreatuvna_matematuka
–ñ–Ü–ù–ö–ò –¥–ª—è –ñ—ñ–Ω–æ–∫ –∂—É—Ä–Ω–∞–ª,https://uk.tgstat.com/channel/@zhinkam,https://t.me/zhinkam
üêª‚ù§Ô∏èMimishka Land‚ù§Ô∏èüêª,https://uk.tgstat.com/channel/@mimishka_land,https://t.me/mimishka_land
–ó–∞—Ç–∏—à–æ–∫,https://uk.tgstat.com/channel/N32TtGRBGXw5NDFi,https://t.me/joinchat/N32TtGRBGXw5NDFi
¬´A–†T-–ì–ê–õ–ê–ö–¢–ò–ö–ê¬ª (–ü–æ–ª—Ç–∞–≤–∞),https://uk.tgstat.com/channel/@artgalaktikapl,https://t.me/artgalaktikapl
–ì–æ–ª–æ—Å–∏ –¥—ñ—Ç–µ–π_–ß–µ—Ä–Ω—ñ–≤—Ü—ñ,https://uk.tgstat.com/channel/@GolosyDitejChernivtsi,https://t.me/GolosyDitejChernivtsi
1000 —ñ–¥–µ–π –¥–ª—è —Ä–æ–∑–≤–∏—Ç–∫—É –¥—ñ—Ç–µ–π,https://uk.tgstat.com/channel/@ideaasforkids,https://t.me/ideaasforkids
–°–ü–Ü–õ–¨–ù–û UNICEF –î—É–±–Ω–æ,https://uk.tgstat.com/channel/@spilno_unicef_dubno,https://t.me/spilno_unicef_dubno
–î–∏–≤–æ—Å–≤—ñ—Ç üê∂ –ú–∞–ª—é–∫—ñ–≤,https://uk.tgstat.com/channel/@dyvo_baby,https://t.me/dyvo_baby
–¢–ê–¢–ûhub - –£–∂–≥–æ—Ä–æ–¥,https://uk.tgstat.com/channel/@tatohub_uzh,https://t.me/tatohub_uzh
–ú–∞–º–∏ –£–∫—Ä–∞—ó–Ω–∏ | –ù–∞—Ä–∞—Ö—É–≤–∞–Ω–Ω—è –¥–∏—Ç—è—á–æ—ó –¥–æ–ø–æ–º–æ–≥–∏ –£–∫—Ä–∞—ó–Ω–∞ | –í–∞–≥—ñ—Ç–Ω—ñ—Å—Ç—å —Ç–∞ –ø–æ–ª–æ–≥–∏,https://uk.tgstat.com/channel/@official_ndp,https://t.me/official_ndp
–ö–æ—Ç–∏–∫–∏ —Ç–∞ –ì—Ä–µ–π—Å—ñ,https://uk.tgstat.com/channel/@Greysy_segodnya,https://t.me/Greysy_segodnya
–ú—É–ª—å—Ç–∏–∫–∏ –∏ –º—É–ª—å—Ç—Ñ–∏–ª—å–º—ã 2023,https://uk.tgstat.com/channel/@kinokrad_co,https://t.me/kinokrad_co
üü¢–ú—É–ª—å—Ç–§—ñ–ª—å–º–∏ –£–∫—Ä–∞—ó–Ω—Å—å–∫–æ—éüá∫üá¶,https://uk.tgstat.com/channel/@Mults_in_Ukraine,https://t.me/Mults_in_Ukraine
–ù–∞—à –º–∞–ª—é–∫ „ÉÑ,https://uk.tgstat.com/channel/@nashmalyuk,https://t.me/nashmalyuk
–ñ–∞—Ä—Ç—ñ–≤–Ω–∏—Ü—èüòÇ,https://uk.tgstat.com/channel/@smixanka,https://t.me/smixanka
–ö–†–û–ö –¥–∏—Ç—è—á–µ –≤–∑—É—Ç—Ç—è,https://uk.tgstat.com/channel/@step_eshop,https://t.me/step_eshop
–î–≤–æ—Ä–µ—Ü –ø–∏–æ–Ω–µ—Ä–æ–≤ –•–µ—Ä—Å–æ–Ω,https://uk.tgstat.com/channel/@dvorec_pionerov_kherson,https://t.me/dvorec_pionerov_kherson
IT-Univer,https://uk.tgstat.com/channel/@ituniver_kids,https://t.me/ituniver_kids
ùêåùêöùê´ùê¢ùê¨ùê°ùê§ùêöüêÜ,https://uk.tgstat.com/channel/@maryfzn,https://t.me/maryfzn
–í–∏—Ä—É—á–∞–π –∫—ñ–º–Ω–∞—Ç–∞ | –°–∫–ª–∞–¥ | –¢–æ–≤–∞—Ä–∏ –¥–ª—è –¥–æ–º—É —ñ —Å–∞–¥—É,https://uk.tgstat.com/channel/@vyruchai_kimnata,https://t.me/vyruchai_kimnata
–ü–∞–ø–∞ –∫—Ä–∞—Å–∞–≤–∞!,https://uk.tgstat.com/channel/@papakrasava,https://t.me/papakrasava
–®–∫–æ–ª–∞ –†–∞–Ω–æ–∫. Live,https://uk.tgstat.com/channel/@ranok_school,https://t.me/ranok_school
–ù–î–ü | –ú–∞–º–æ—á–∫–∏ –£–∫—Ä–∞—ó–Ω–∏,https://uk.tgstat.com/channel/@ndp_ua,https://t.me/ndp_ua
–∫—Ä—ñ–Ω–∂–¥–µ–ø,https://uk.tgstat.com/channel/@departamentofcringe,https://t.me/departamentofcringe
–î–∏—Ç—è—á–∏–π –ø—Å–∏—Ö–æ–ª–æ–≥ –ù–∞—É–º–µ–Ω–∫–æ,https://uk.tgstat.com/channel/@psy_Naumenko,https://t.me/psy_Naumenko
‚ö°Ô∏è–§–û–ö–£–°–ù–ò–ö –£ –î–ù–Ü–ü–†–Ü | MAGIC DNEPR,https://uk.tgstat.com/channel/@magic_dnepr,https://t.me/magic_dnepr
–ë—ñ–∑—ñ–±–æ—Ä–¥–∏ —ñ–≥—Ä–∞—à–∫–∏ –¥–ª—è –º–∞–ª–µ—á—ñ,https://uk.tgstat.com/channel/@busy_boss_ua,https://t.me/busy_boss_ua
–ü–∞—Ä–∞ –º–æ–ª–æ–¥–∞,https://uk.tgstat.com/channel/@paramoloda,https://t.me/paramoloda
Tigorenok –ö–æ–º—ñ—Å—ñ–π–Ω–∏–π –º–∞–≥–∞–∑–∏–Ω,https://uk.tgstat.com/channel/@tigorenok_shop,https://t.me/tigorenok_shop
–¢–≤–æ—Ä—á—ñ–π –º–∞–ª—é–∫,https://uk.tgstat.com/channel/@tvorchiymaljuk,https://t.me/tvorchiymaljuk
LEVCHYK SPECTRUM HUB,https://uk.tgstat.com/channel/@levchyk_spectrum_hub,https://t.me/levchyk_spectrum_hub
"–ë–∞—Ç—å–∫—ñ–≤—Å—å–∫–∏–π –ø–æ—Ä–∞–¥–Ω–∏–∫: —à–ø–∞—Ä–≥–∞–ª–∫–∏, –ª–∞–π—Ñ—Ö–∞–∫–∏, –ø—Ä–∞–∫—Ç–∏—á–Ω—ñ –ø–æ—Ä–∞–¥–∏",https://uk.tgstat.com/channel/@batkivskyy_poradnyk,https://t.me/batkivskyy_poradnyk
Bim Bam Boom,https://uk.tgstat.com/channel/@bim_bam_boom,https://t.me/bim_bam_boom
–í—ñ–¥—á–∞–π–¥—É—à–Ω—ñ –º–∞—Ç—É—Å—ñü¶π‚Äç‚ôÄ,https://uk.tgstat.com/channel/@desperatemoms,https://t.me/desperatemoms
–°–ø—Ä–∞–≤–∂–Ω—è –ú–∞—Ç—É—Å—è,https://uk.tgstat.com/channel/@real_mother,https://t.me/real_mother
–ú—ñ–π –†–æ–¥–æ–≤—ñ–¥,https://uk.tgstat.com/channel/@sloboda_miyrodovid,https://t.me/sloboda_miyrodovid
–ü—Ä–∏–∫–æ—Ä–º/–†–µ—Ü–µ–ø—Ç–∏ –¥–ª—è –¥—ñ—Ç–µ–π,https://uk.tgstat.com/channel/@prikorm_baby,https://t.me/prikorm_baby
‚ûîüá∫üá¶–ê–Ω—ñ–º–∞—Ç–æ—Ä –∑ –õ—å–≤–æ–≤–∞üá∫üá¶| #–£–∫—Ä–¢“ë ‚úô‚ûî,https://uk.tgstat.com/channel/@LvivAnimator,https://t.me/LvivAnimator
–†–∞–Ω–Ω—ñ–π —Ä–æ–∑–≤–∏—Ç–æ–∫ –¥–ª—è –º–∞–ª—é–∫—ñ–≤,https://uk.tgstat.com/channel/@rozymashki,https://t.me/rozymashki
Family Time,https://uk.tgstat.com/channel/@gncfamily,https://t.me/gncfamily
TOTORBAMAM,https://uk.tgstat.com/channel/@totorbamam,https://t.me/totorbamam
–ü–æ—Ä–∞–¥–∏ –≤—ñ–¥ MegaZayka,https://uk.tgstat.com/channel/@megazayka_advice,https://t.me/megazayka_advice
–ù–æ–≤–∏–Ω–∏ Kids shop,https://uk.tgstat.com/channel/@kids_shop_ukr,https://t.me/kids_shop_ukr
–ü–æ—Ä–∞–¥–∏ –¥–∏—Ç—è—á–æ–≥–æ –ø—Å–∏—Ö–æ–ª–æ–≥–∞.,https://uk.tgstat.com/channel/@babyhelp2022,https://t.me/babyhelp2022
–°—ñ–º–µ–π–Ω—ñ —à—Ç—É–∫–∏ ü•≥,https://uk.tgstat.com/channel/OtE_nSG9NVRlYjRi,https://t.me/joinchat/OtE_nSG9NVRlYjRi
–ú–∞–º–∞ —É –¢–µ–ª–µ–≥—Ä–∞–º—ñ - –í—Å–µ –±—É–¥–µ –£–∫—Ä–∞—ó–Ω–∞,https://uk.tgstat.com/channel/@mom_on_telegram,https://t.me/mom_on_telegram
–ö–∞–∑–∫–∏ –Ω–∞—Ä–æ–¥—ñ–≤ —Å–≤—ñ—Ç—É,https://uk.tgstat.com/channel/@narodnikazky,https://t.me/narodnikazky
–ë—É—Ç–∏ –º–∞–º–æ—é,https://uk.tgstat.com/channel/@Butymamoyu,https://t.me/Butymamoyu
–î–µ—Ç—Å–∫–∏–µ –ò–≥—Ä—É—à–∫–∏ üöÄ üá∫üá¶,https://uk.tgstat.com/channel/@detskie_igrushki_ukraina,https://t.me/detskie_igrushki_ukraina
–î–∏—Ç—è—á—ñ –Ü–≥—Ä–∞—à–∫–∏ ü¶Ñ üá∫üá¶,https://uk.tgstat.com/channel/@dytiachi_igrashki,https://t.me/dytiachi_igrashki
–¢–æ–≤–∞—Ä–∏ –≤—ñ–¥ MegaZayka,https://uk.tgstat.com/channel/@megazayka_shop,https://t.me/megazayka_shop
