September,https://uk.tgstat.com/channel/@september,https://t.me/september
–ñ—ñ–Ω–æ—á–∏–π,https://uk.tgstat.com/channel/AAAAAFDudSvTFktHKqqjYg,https://t.me/joinchat/AAAAAFDudSvTFktHKqqjYg
–ò—â—É –º–æ–¥–µ–ª—å ‚Ä¢ –ö–∏–µ–≤ ‚Ä¢üëÑ,https://uk.tgstat.com/channel/@model_kiev_1,https://t.me/model_kiev_1
–ú–∞–Ω–∏–∫—é—Ä,https://uk.tgstat.com/channel/@nailpromaster,https://t.me/nailpromaster
–ö—Ä–∞—Å–∞ —Ç–∞ –î–æ–≥–ª—è–¥,https://uk.tgstat.com/channel/OtfT48PNkYQ0M2Ni,https://t.me/joinchat/OtfT48PNkYQ0M2Ni
–ú–∞–Ω—ñ–∫—é—Ä - –¥–∏–∑–∞–π–Ω –Ω—ñ–≥—Ç—ñ–≤,https://uk.tgstat.com/channel/@manikurnigti,https://t.me/manikurnigti
–ö–û–°–ú–ï–¢–û–õ–û–ì,https://uk.tgstat.com/channel/SEtaOxsM7sQyZTIy,https://t.me/joinchat/SEtaOxsM7sQyZTIy
EVA,https://uk.tgstat.com/channel/@uaeva,https://t.me/uaeva
STAFF,https://uk.tgstat.com/channel/@original_staff_clothes,https://t.me/original_staff_clothes
–ö—Ä–∞—Å–∏–≤—ñ –ó–∞—á—ñ—Å–∫–∏,https://uk.tgstat.com/channel/SjE9S0BXwJk2Yjcy,https://t.me/joinchat/SjE9S0BXwJk2Yjcy
–î–æ–≥–ª—è–¥ –∑–∞ —Å–æ–±–æ—é,https://uk.tgstat.com/channel/xPQkwFaCtmxhNGQy,https://t.me/joinchat/xPQkwFaCtmxhNGQy
–®—É–∫–∞—é –º–æ–¥–µ–ª—å | –ö–∏—ó–≤,https://uk.tgstat.com/channel/@kv_mod,https://t.me/kv_mod
Dreamroom Boutique,https://uk.tgstat.com/channel/@dreamroom_boutique,https://t.me/dreamroom_boutique
–ò–©–£ –ú–û–î–ï–õ–¨ –û–î–ï–°–°–ê,https://uk.tgstat.com/channel/@Modeli_Odessy,https://t.me/Modeli_Odessy
fashion/beauty/mind by mandziuk,https://uk.tgstat.com/channel/@elena_mandziuk,https://t.me/elena_mandziuk
Ve.An –∂—ñ–Ω–æ—á–∏–π –æ–¥—è–≥ üá∫üá¶,https://uk.tgstat.com/channel/@veneranna,https://t.me/veneranna
–ò–©–£ –ú–û–î–ï–õ–¨ –•–ê–†–¨–ö–û–í,https://uk.tgstat.com/channel/@Modeli_harkov,https://t.me/Modeli_harkov
S O H Oüñ§–ñ—ñ–Ω–æ—á–∏–π –æ–¥—è–≥‚Ä¢–î—Ä–æ–ø—à–∏–ø—ñ–Ω–≥‚Ä¢,https://uk.tgstat.com/channel/@soho_drop,https://t.me/soho_drop
‚ù§Ô∏èJulia_vollll‚ù§Ô∏è,https://uk.tgstat.com/channel/@julia_vollll,https://t.me/julia_vollll
–ò—â—É –º–æ–¥–µ–ª—å –ö–∏–µ–≤,https://uk.tgstat.com/channel/@modelkakiev,https://t.me/modelkakiev
–¢–†√â–ù–î–ò UA,https://uk.tgstat.com/channel/@trendy_U,https://t.me/trendy_U
–î–†–û–ü–®–ò–ü–ü–ò–ù–ì_7km.opt.com.ua,https://uk.tgstat.com/channel/@drop7km,https://t.me/drop7km
–ë—Ä–µ–Ω–¥–æ–≤–∏–π –æ–¥—è–≥ –æ–ø—Ç–æ–º –∑ –ê–Ω–≥–ª—ñ—ó —Å—Ç–æ–∫ –æ–ø—Ç–æ–º –æ–¥—è–≥ –ª–æ—Ç–∞–º–∏,https://uk.tgstat.com/channel/@tvoybrandlot,https://t.me/tvoybrandlot
üíï–°—Ç–æ–∫ –Ñ –û–ø—Ç–æ–ºüíï,https://uk.tgstat.com/channel/@stock_pretty,https://t.me/stock_pretty
–®—É–∫–∞—é –º–æ–¥–µ–ª—å | –õ—å–≤—ñ–≤,https://uk.tgstat.com/channel/@lv_mod,https://t.me/lv_mod
–ò—â—É –º–æ–¥–µ–ª—å | –û–¥–µ—Å—Å–∞,https://uk.tgstat.com/channel/@od_mod,https://t.me/od_mod
–ò–î–ï–ò –ú–ê–ù–ò–ö–Æ–†–ê,https://uk.tgstat.com/channel/@nail_idea3,https://t.me/nail_idea3
S O H O‚ù£Ô∏è–¢—É—Ä–µ—á—á–∏–Ω–∞,https://uk.tgstat.com/channel/@soho_opt,https://t.me/soho_opt
Zycsel_store,https://uk.tgstat.com/channel/@zycsel_store,https://t.me/zycsel_store
–ò—â—É –º–æ–¥–µ–ª—å | –î–Ω–µ–ø—Ä,https://uk.tgstat.com/channel/@krasa_Dn,https://t.me/krasa_Dn
–®—É–∫–∞—é –º–æ–¥–µ–ª—å –õ—å–≤—ñ–≤üíã,https://uk.tgstat.com/channel/@Lviv_modelki,https://t.me/Lviv_modelki
–ñ–µ–Ω—Å–∫–∞—è –æ–¥–µ–∂–¥–∞ - –î—Ä–æ–ø—à–∏–ø–ø–∏–Ω–≥ - –î—Ä–æ–ø - Drop,https://uk.tgstat.com/channel/@onlydron,https://t.me/onlydron
–ò—â—É –º–æ–¥–µ–ª—å –ö–∏–µ–≤,https://uk.tgstat.com/channel/@kyivmodels777,https://t.me/kyivmodels777
–®—É–∫–∞—é –º–æ–¥–µ–ª—å | –ö–∏—ó–≤ üíã,https://uk.tgstat.com/channel/@modeli_kiev,https://t.me/modeli_kiev
Pandora Ukraine,https://uk.tgstat.com/channel/@theofficialpandoraukraine,https://t.me/theofficialpandoraukraine
‚ÄúMISS-MOLIN‚Äù–¥—Ä–æ–ø/–æ–ø—Ç,https://uk.tgstat.com/channel/@Missmolin,https://t.me/Missmolin
–ò—â—É –º–æ–¥–µ–ª—å –•–∞—Ä—å–∫–æ–≤,https://uk.tgstat.com/channel/@modelkakharkiv,https://t.me/modelkakharkiv
MilkaPon - AliExpress-blog,https://uk.tgstat.com/channel/@milkapon,https://t.me/milkapon
DaNi_–ñ—ñ–Ω–æ—á—ñ–π_–û–¥—è–≥,https://uk.tgstat.com/channel/@jenskaa_odejda,https://t.me/jenskaa_odejda
Casual.storage,https://uk.tgstat.com/channel/@casual_storage,https://t.me/casual_storage
–ñi–Ω–æ—á–∏–π –æ–¥—è–≥ -Zefir - –î—Ä–æ–ø—à–∏–ø–ø–∏–Ω–≥ - –î—Ä–æ–ø - Drop,https://uk.tgstat.com/channel/@dropzefir,https://t.me/dropzefir
PRO –î–û–ì–õ–Ø–î. KAPANAIKO,https://uk.tgstat.com/channel/@youbeautycoach,https://t.me/youbeautycoach
Girl drop | –¥—Ä–æ–ø—à–∏–ø–ø—ñ–Ω–≥ | –∂—ñ–Ω–æ—á–∞ –±—ñ–ª–∏–∑–Ω–∞ |,https://uk.tgstat.com/channel/@girl_drop,https://t.me/girl_drop
1001 —ñ–¥–µ—è –¥–ª—è –º–∞–Ω—ñ–∫—é—Ä—É,https://uk.tgstat.com/channel/@ideas1001manicure,https://t.me/ideas1001manicure
Nails | –ú–∞–Ω—ñ–∫—é—Ä ü•∞üíÖ,https://uk.tgstat.com/channel/@nails_sunnyy,https://t.me/nails_sunnyy
–ò—â—É –º–æ–¥–µ–ª—å –û–¥–µ—Å—Å–∞,https://uk.tgstat.com/channel/@modelkaodessa,https://t.me/modelkaodessa
Breeze.storehouse –î–†–û–ü|–û–ü–¢|–†–û–ó–î–†–Ü–ë,https://uk.tgstat.com/channel/@dr0pshopping,https://t.me/dr0pshopping
"–ë—ñ–ª–∏–∑–Ω–∞,–ø—ñ–∂–∞–º–∏,—Ñ—ñ—Ç–Ω–µ—Å, –∫—É–ø–∞–ª—å–Ω–∏–∫–∏. –ø–æ—Å—Ç–∞—á–∞–ª—å–Ω–∏–∫ –ö–∏—Ç–∞–π.–æ–ø—Ç/–¥—Ä–æ–ø.",https://uk.tgstat.com/channel/@swimwearandbag,https://t.me/swimwearandbag
‚ú®–ó–∞–∫–æ—Ö–∞–Ω–∞ –≤ —Å–µ–±–µ‚ú®,https://uk.tgstat.com/channel/Zt9gMIzbXIJiM2E6,https://t.me/joinchat/Zt9gMIzbXIJiM2E6
‚úô me4.brand ‚úô,https://uk.tgstat.com/channel/@me4brand,https://t.me/me4brand
–ñ—ñ–Ω–æ—á–∏–π –æ–¥—è–≥‚Ñ¢Ô∏è–î—Ä–æ–ø—à–∏–ø—ñ–Ω–≥,https://uk.tgstat.com/channel/@sarafan_drop,https://t.me/sarafan_drop
Shoes_sale ‚ô•Ô∏è,https://uk.tgstat.com/channel/@shoes_zosulya,https://t.me/shoes_zosulya
–ö—Ä–∞—â–∏–π –ø–æ—Å—Ç–∞—á–∞–ª—å–Ω–∏–∫ –æ–¥—è–≥—É –∑ –≤–∏—Ä–æ–±–Ω–∏—Ü—Ç–≤–∞ –•–∞—Ä–∫—ñ–≤ –õ—É—á—à–∏–π –ø–æ—Å—Ç–∞–≤—â–∏–∫ –æ–¥–µ–∂–¥—ã –•–∞—Ä—å–∫–æ–≤,https://uk.tgstat.com/channel/@zakupka2019,https://t.me/zakupka2019
–ú–∞–Ω—ñ–∫—é—Ä–Ω–∏–π Pinterest,https://uk.tgstat.com/channel/@nails_ua,https://t.me/nails_ua
–ú–µ–Ω—Ç–æ—Ä–∫–∞ —É–∫—Ä –±—Ä–µ–Ω–¥—ñ–≤,https://uk.tgstat.com/channel/@mentorka_uabrands,https://t.me/mentorka_uabrands
"DOMINO - –ñ–Ü–ù–û–ß–ê –ë–Ü–õ–ò–ó–ù–ê, –ù–ò–ñ–ù–ï–ï –ë–ï–õ–¨–ï, –¢–†–£–°–´, –¢–û–ü–´ –ø–æ—Å—Ç–∞—á–∞–ª—å–Ω–∏–∫ –æ–ø—Ç/–¥—Ä–æ–ø",https://uk.tgstat.com/channel/@lOOKopt,https://t.me/lOOKopt
LUX –ª—é–∫—Å –∫–æ–ø–∏–∏ –±—Ä–µ–Ω–¥ —Ä–µ–ø–ª–∏–∫–∏ 1:1 –±—Ä–µ–Ω–¥–æ–≤–∞—è brand copy –æ–¥–µ–∂–¥–∞ –æ–±—É–≤—å,https://uk.tgstat.com/channel/@luxcopybrands,https://t.me/luxcopybrands
"Lalala_boutique, Sweet_trend33",https://uk.tgstat.com/channel/@Lalala_boutique33,https://t.me/Lalala_boutique33
–ñ—ñ–Ω–æ—á—ñ –°–µ–∫—Ä–µ—Ç–∏–∫–∏,https://uk.tgstat.com/channel/gG5jGm43lSY0MzAy,https://t.me/joinchat/gG5jGm43lSY0MzAy
–®—É–∫–∞—é –º–æ–¥–µ–ª—å –í—ñ–Ω–Ω–∏—Ü—è | –ò—â—É –º–æ–¥–µ–ª—å –í–∏–Ω–Ω–∏—Ü–∞,https://uk.tgstat.com/channel/@krasa_Vn,https://t.me/krasa_Vn
–®–£üåº–®–æ–ø–æ–≥–æ–ª—ñ–∫–∏ –£–∫—Ä–∞—ó–Ω–∏üá∫üá¶–ê–Ω–æ–Ω—Å–∏Ô∏èüåº–ó–Ω–∏–∂–∫–∏Ô∏èüåº,https://uk.tgstat.com/channel/@forumshu,https://t.me/forumshu
Shogan Drop,https://uk.tgstat.com/channel/@shogan_drop,https://t.me/shogan_drop
fashion.look.ukraine,https://uk.tgstat.com/channel/@fashion_lookss_ukraine,https://t.me/fashion_lookss_ukraine
–ò—â—É –º–æ–¥–µ–ª—å –ó–∞–ø–æ—Ä–æ–∂—å–µ üíã,https://uk.tgstat.com/channel/@krasa_Zp,https://t.me/krasa_Zp
–®—É–∫–∞—é –º–æ–¥–µ–ª—å –ö–∏—ó–≤üíã,https://uk.tgstat.com/channel/@Kyiv_modelki,https://t.me/Kyiv_modelki
deathtorussia.brand,https://uk.tgstat.com/channel/@deathtorussia_brand,https://t.me/deathtorussia_brand
Plussize.osoblyva,https://uk.tgstat.com/channel/@skakunda,https://t.me/skakunda
Drop Buymeua.com,https://uk.tgstat.com/channel/@buyme_drop,https://t.me/buyme_drop
Amway Ukraine,https://uk.tgstat.com/channel/@AmwayUkraine_official,https://t.me/AmwayUkraine_official
–ñ–∏—Ä–Ω–∏–º –®—Ä–∏—Ñ—Ç–æ–º,https://uk.tgstat.com/channel/@GiHi1,https://t.me/GiHi1
–ö—Ä–∞—Å–∞ —Ç–∞ –°—Ç–∏–ª—å üíÑ,https://uk.tgstat.com/channel/HOZVH2tIwE1lOTNi,https://t.me/joinchat/HOZVH2tIwE1lOTNi
black_molok0.stock.opt,https://uk.tgstat.com/channel/@black_molok0pt,https://t.me/black_molok0pt
MADO/–ñ—ñ–Ω–æ—á–∞ –±—ñ–ª–∏–∑–Ω–∞/–î–†–û–ü–®–ò–ü–Ü–ù–ì,https://uk.tgstat.com/channel/@mado_drop,https://t.me/mado_drop
–ñ—ñ–Ω–∫–∞–º–∏ –¥–ª—è –ñ—ñ–Ω–æ–∫üíôüíõ,https://uk.tgstat.com/channel/@ginkamy_dlya_ginok,https://t.me/ginkamy_dlya_ginok
‚ù§Ô∏è–ïNGI STOCK MARKOVA‚ù§Ô∏è,https://uk.tgstat.com/channel/@engimarkovastok,https://t.me/engimarkovastok
CSSHOP –ñ—ñ–Ω–æ—á–∏–π –æ–¥—è–≥ –û–¥–µ—Å–∞ 7–∫–º –î—Ä–æ–ø—à–∏–ø–ø—ñ–Ω–≥/–û–ø—Ç,https://uk.tgstat.com/channel/@csshop_ua,https://t.me/csshop_ua
–ò—â—É –º–æ–¥–µ–ª—å | –•–∞—Ä—å–∫–æ–≤,https://uk.tgstat.com/channel/@HarkovMod,https://t.me/HarkovMod
Textura.beauty,https://uk.tgstat.com/channel/@texturabeauty,https://t.me/texturabeauty
Roomoor üíú –†–∏–Ω–∫–æ–≤–∞ 4940,https://uk.tgstat.com/channel/@roomoor,https://t.me/roomoor
–î—Ä–æ–ø—à–∏–ø–ø–∏–Ω–≥. –ü–æ—Å—Ç–∞–≤—â–∏–∫–∏ –£–∫—Ä–∞–∏–Ω—ã.,https://uk.tgstat.com/channel/@bigdroper,https://t.me/bigdroper
SMART STORE,https://uk.tgstat.com/channel/@ua_smart_store,https://t.me/ua_smart_store
–ü–æ—Å—Ç–∞–≤—â–∏–∫ –æ–¥–µ–∂–¥—ã / –¥—Ä–æ–ø—à–∏–ø–ø–∏–Ω–≥ ( –û–¥–µ—Å—Å–∞ + –•–∞—Ä—å–∫–æ–≤),https://uk.tgstat.com/channel/@wow_shop_carine,https://t.me/wow_shop_carine
–ñ—ñ–Ω–æ—á–∏–π –æ–¥—è–≥ | –¥—Ä–æ–ø—à–∏–ø—ñ–Ω–≥ | –æ–ø—Çü§ç,https://uk.tgstat.com/channel/@tender_ssh00p,https://t.me/tender_ssh00p
–ë—Ä–µ–Ω–¥–æ–≤–∞—è –û–¥–µ–∂–¥–∞ –°—Ç–æ–∫ –û–ø—Ç–æ–º,https://uk.tgstat.com/channel/@bazastocka,https://t.me/bazastocka
MiXmiüõç–†—ã–Ω–æ—á–Ω–∞—è 863/864,https://uk.tgstat.com/channel/@mixmi_863,https://t.me/mixmi_863
LION STYLE –°–ò–ù–Ø 1017ü¶Å–û–ü–¢/–î–†–û–ü,https://uk.tgstat.com/channel/@lionstyleproizvoditel,https://t.me/lionstyleproizvoditel
–ì–æ–ª—É–±–∞—è 1467- –¢–æ—Ä–∏—á–∫–∞,https://uk.tgstat.com/channel/@torichkaopt,https://t.me/torichkaopt
MD Fashion,https://uk.tgstat.com/channel/@mdfashionua,https://t.me/mdfashionua
"–°—É–º–∫–∏,—Ä–µ–º–µ–Ω—ñ,–æ–∫—É–ª—è—Ä–∏ ,–∞–∫—Å–µ—Å—É–∞—Ä–∏ –∑–∞ –ø—Ä–∏—î–º–Ω–∏–º–∏ —Ü—ñ–Ω–∞–º–∏.–°—É–º–∫–∏,—Ä–µ–º–Ω–∏,–∞–∫—Å–µ—Å—Å—É–∞—Ä—ã.–ü–æ—Å—Ç–∞–≤—â–∏–∫.–î—Ä–æ–ø—à–∏–ø–ø–∏–Ω–≥.–ü–æ—Å—Ç–∞—á–∞–ª—å–Ω–∏–∫.–î—Ä–æ–ø—à–∏–ø—ñ–Ω–≥üòä",https://uk.tgstat.com/channel/@sumkiobuvremniaksessuari,https://t.me/sumkiobuvremniaksessuari
–ö—Ä–æ—Å—Å–æ–≤–∫–∏ –º—É–∂—Å–∫–∏–µ –£–∫—Ä–∞–∏–Ω–∞ üá∫üá¶,https://uk.tgstat.com/channel/@krossovki_marton,https://t.me/krossovki_marton
–ö–∏—ó–≤ –§–µ—à–Ω –õ–∞–≤–µ–∑,https://uk.tgstat.com/channel/@KyivFashionHell,https://t.me/KyivFashionHell
üëóSTOCK UAüëó,https://uk.tgstat.com/channel/@stock_ua20,https://t.me/stock_ua20
–î–†–û–ü–®–ò–ü–Ü–ù–ì ‚ñ™Ô∏èDRESSIO‚ñ™Ô∏è–ü–†–Ø–ú–ò–ô –ü–û–°–¢–ê–ß–ê–õ–¨–ù–ò–ö,https://uk.tgstat.com/channel/@dressio,https://t.me/dressio
AVEOPT - –¥—Ä–æ–ø—à–∏–ø–ø–∏–Ω–≥ –ø–ª–∞—Ç—Ñ–æ—Ä–º–∞ –≤ –£–∫—Ä–∞–∏–Ω–µ,https://uk.tgstat.com/channel/@aveopt_dropshipping,https://t.me/aveopt_dropshipping
VOLICHKA,https://uk.tgstat.com/channel/@volichkaua,https://t.me/volichkaua
‚öúÔ∏èVALENTIN.ZE.STORE2‚öúÔ∏è,https://uk.tgstat.com/channel/@valentinzestore2,https://t.me/valentinzestore2
Fashion Law,https://uk.tgstat.com/channel/@welawfashion,https://t.me/welawfashion
üêà‚Äç‚¨õ KISKIS DROP,https://uk.tgstat.com/channel/@kiskisdrop,https://t.me/kiskisdrop
cimeti√®re,https://uk.tgstat.com/channel/@kulttms,https://t.me/kulttms
–í–æ–ª–æ—Å—Å—è | –ó–∞—á—ñ—Å–∫–∏ | –î–æ–≥–ª—è–¥,https://uk.tgstat.com/channel/l1kZEWTghppjMzI6,https://t.me/joinchat/l1kZEWTghppjMzI6
–ü–Ü–ñ–ê–ú–òüíúGoldapple_shop,https://uk.tgstat.com/channel/@goldapplemagazin,https://t.me/goldapplemagazin
E S T H √â ü§ç –î—Ä–æ–ø—à–∏–ø–ø—ñ–Ω–≥ | 7 –∫–º | –ø–æ—Å—Ç–∞—á–∞–ª—å–Ω–∏–∫ –∂—ñ–Ω–æ—á–æ–≥–æ –æ–¥—è–≥—É | –ø–æ—Å—Ç–∞–≤—â–∏–∫ –∂–µ–Ω—Å–∫–æ–π –æ–¥–µ–∂–¥—ã | –±–∞—Ä–∞–±–∞—à–æ–≤–æ | —Ç–æ–≤–∞—Ä—ã –æ–ø—Ç–æ–º | –ø—Ä–æ–∏–∑–≤–æ–¥–∏—Ç,https://uk.tgstat.com/channel/@esthe_drop,https://t.me/esthe_drop
Gorgeous,https://uk.tgstat.com/channel/@kiso629,https://t.me/kiso629
–ë—ñ—Ä–∂–∞ TROFIM family,https://uk.tgstat.com/channel/@stock_trofim,https://t.me/stock_trofim
BLOSSOM,https://uk.tgstat.com/channel/@blossomdrop,https://t.me/blossomdrop
üí£Bombitta_styleüí£–ñ—ñ–Ω–æ—á–∏–π –æ–¥—è–≥,https://uk.tgstat.com/channel/@bombitta_style_womenshop,https://t.me/bombitta_style_womenshop
–Ü–¥–µ—ó –¥–∏–∑–∞–π–Ω—É –ú–∞–Ω—ñ–∫—é—Ä—É/ –ù—ñ–≥—Ç—ñüíÖ,https://uk.tgstat.com/channel/@artNaill,https://t.me/artNaill
–ò—â—É –º–æ–¥–µ–ª—å –î–Ω–µ–ø—Ä,https://uk.tgstat.com/channel/@modeli_dp,https://t.me/modeli_dp
üõç MILEDY ‚ô•Ô∏è –ü–†–Ø–ú–ò–ô –ü–û–°–¢–ê–ß–ê–õ–¨–ù–ò–öüî•,https://uk.tgstat.com/channel/@my_ledy_fashion,https://t.me/my_ledy_fashion
–ñ—ñ–Ω–æ—á–µ –í–∑—É—Ç—Ç—è –£–∫—Ä–∞—ó–Ω–∏ üë†üíõüíô –°–ø—ñ–ª—å–Ω—ñ –ø–æ–∫—É–ø–∫–∏,https://uk.tgstat.com/channel/@obuv_ukraina1,https://t.me/obuv_ukraina1
DOMINO - –ë–ï–ó–®–û–í–ù–ò–ô –û–î–Ø–ì/–õ–û–°–Ü–ù–ò/–û–î–Ø–ì –ø–æ—Å—Ç–∞—á–∞–ª—å–Ω–∏–∫ –±–µ—Å—à–æ–≤–Ω–∞—è –æ–¥–µ–∂–¥–∞,https://uk.tgstat.com/channel/@domino_clothesopt,https://t.me/domino_clothesopt
“ê–ê–á–ù–Ü–ß–ê–ö–Ü–ô–û,https://uk.tgstat.com/channel/@hainichakiyo,https://t.me/hainichakiyo
Pudra. –í–∏—Ä–æ–±–Ω–∏–∫ 7 –∫–º,https://uk.tgstat.com/channel/@pudra7km,https://t.me/pudra7km
ELLE Ukraine,https://uk.tgstat.com/channel/@elleUkraine,https://t.me/elleUkraine
–°–µ–¥—å–º–æ–π,https://uk.tgstat.com/channel/@sedmoykilometr7,https://t.me/sedmoykilometr7
Vivid Brand –°–ò–ù–Ø 1533,https://uk.tgstat.com/channel/@vivid_brand,https://t.me/vivid_brand
Inna Grytsyk,https://uk.tgstat.com/channel/@innagrytsyk_fashionnotes,https://t.me/innagrytsyk_fashionnotes
TM LARIONOFF (–≤–∏—Ä–æ–±–Ω–∏–∫ –∂—ñ–Ω–æ—á–æ–≥–æ –æ–¥—è–≥—É),https://uk.tgstat.com/channel/@tmlarionoff,https://t.me/tmlarionoff
LuxeManDrop,https://uk.tgstat.com/channel/@luxemandrop,https://t.me/luxemandrop
LADY üë© / –î–†–û–ü–®–ò–ü–ü–ò–ù–ì / –û–ü–¢,https://uk.tgstat.com/channel/@lady_shopi,https://t.me/lady_shopi
üíïüíïüíïAnna Rich –ö–∏—Ç–∞–π(–æ–ø—Ç/–¥—Ä–æ–ø)üíïüíïüíï,https://uk.tgstat.com/channel/@Anna_Richi,https://t.me/Anna_Richi
Ukrainian Fashion,https://uk.tgstat.com/channel/@theUkrainianFashion,https://t.me/theUkrainianFashion
Milanova ‚ô° –ñ—ñ–Ω–æ—á–∏–π –æ–¥—è–≥ ‚Ä¢ –î—Ä–æ–ø—à–∏–ø—ñ–Ω–≥,https://uk.tgstat.com/channel/@milanova_store,https://t.me/milanova_store
üíéDope Shop üíé | –ù–∏–∂–Ω–µ–µ –±–µ–ª—å–µ | –°—É–º–∫–∏ | –ö–æ—à–µ–ª—å–∫–∏ | –ö–µ–ø–∫–∏ | –î—Ä–æ–ø—à–∏–ø–ø–∏–Ω–≥ | –û–ø—Ç,https://uk.tgstat.com/channel/@dope_shop_ukraine,https://t.me/dope_shop_ukraine
SISTER‚ÄôS SECRET CLUB,https://uk.tgstat.com/channel/s7O3gChIS38yYmFi,https://t.me/joinchat/s7O3gChIS38yYmFi
Brenda –°–∏–Ω—è—è 1513,https://uk.tgstat.com/channel/@brenda1513,https://t.me/brenda1513
–ü–æ—Å—Ç–∞–≤—â–∏–∫–∏ / –ü—Ä–æ–∏–∑–≤–æ–¥–∏—Ç–µ–ª–∏,https://uk.tgstat.com/channel/ttFe0erjRaMzNDc1,https://t.me/joinchat/ttFe0erjRaMzNDc1
–û–ë–£–í–¨ –î–†–û–ü–®–ò–ü–ü–ò–ù–ì - LOV SHOES,https://uk.tgstat.com/channel/@lov_shoes_lev,https://t.me/lov_shoes_lev
C A S U A L | –ê –£ –ö –¶ –Ü –û –ù –ò,https://uk.tgstat.com/channel/@casual_ua_uk,https://t.me/casual_ua_uk
‚úñÔ∏èWILLD DROP‚úñÔ∏è- –û–î–Ø–ì | –í–ó–£–¢–¢–Ø | –î–†–û–ü,https://uk.tgstat.com/channel/lMiA9KkEoGgyNGEy,https://t.me/joinchat/lMiA9KkEoGgyNGEy
–ñ—ñ–Ω–æ—á–∏–π –æ–¥—è–≥ MODA_SHOP –†–û–ó–î–†–Ü–ë/–û–ü–¢/–î–†–û–ü,https://uk.tgstat.com/channel/@droping_shop,https://t.me/droping_shop
–ò—â—É –ú–æ–¥–µ–ª—å –î–Ω–µ–ø—Ä,https://uk.tgstat.com/channel/@models_dnepr,https://t.me/models_dnepr
ùì£ùì±ùìÆ ùìöùì≤ùì∑ùì∞ 1556,https://uk.tgstat.com/channel/@the_king_5015,https://t.me/the_king_5015
"–®–∏–∫ - –î—Ä–æ–ø—à–∏–ø–ø–∏–Ω–≥, –∂–µ–Ω—Å–∫–∞—è –æ–¥–µ–∂–¥–∞",https://uk.tgstat.com/channel/@tyta_1,https://t.me/tyta_1
–ë'–Æ–¢–ò–§–Ü–ö–ê–¶–Ü–Øüßò,https://uk.tgstat.com/channel/@beautification_people,https://t.me/beautification_people
ZHYR,https://uk.tgstat.com/channel/@zhyrstyle,https://t.me/zhyrstyle
ROZALINA‚Ñ¢Ô∏è,https://uk.tgstat.com/channel/@Rozalina_brand,https://t.me/Rozalina_brand
–ü–æ—Å—Ç–∞—á–∞–ª—å–Ω–∏–∫ —à–∫—ñ—Ä—è–Ω–æ–≥–æ –≤–∑—É—Ç—Ç—è –í–ó–£–¢–Ü–ö –∂—ñ–Ω–æ—á–µ,https://uk.tgstat.com/channel/@vzutikk,https://t.me/vzutikk
NIKOLSKY ‚Äì #–¶–µ–Ω—Ç—Ä–¢–≤–æ–≥–æ–ú—ñ—Å—Ç–∞,https://uk.tgstat.com/channel/@trcnikolsky,https://t.me/trcnikolsky
—Ä | platforma.19,https://uk.tgstat.com/channel/@platformaa,https://t.me/platformaa
Ilya Krossovkin,https://uk.tgstat.com/channel/@ilya_krossovkin,https://t.me/ilya_krossovkin
Latte dress / –†—ã–Ω–æ—á–Ω–∞—è 4934(–Ω–æ–≤—ã–µ —Ä—è–¥—ã),https://uk.tgstat.com/channel/@lattedress,https://t.me/lattedress
–ú–∞–≥—ñ—è –ú–∞–Ω—ñ–∫—é—Ä—É,https://uk.tgstat.com/channel/g__otV_gV0M2ZmVi,https://t.me/joinchat/g__otV_gV0M2ZmVi
ASPERAMO üå≥ –†–ò–ù–ö–û–í–ê 1545,https://uk.tgstat.com/channel/@asperamo1545,https://t.me/asperamo1545
Ô∏èFEMZONEÔ∏è –†–´–ù–û–ß–ù–ê–Ø 4941,https://uk.tgstat.com/channel/@femzone2322,https://t.me/femzone2322
IZI Stock- –ø–æ—á–∏–Ω–∞–π –ª–µ–≥–∫–æ‚ù§Ô∏è,https://uk.tgstat.com/channel/id1262329934,https://t.me/joinchat/id1262329934
–ü–æ—Å—Ç–∞–≤—â–∏–∫ –æ–±—É–≤–∏ COLUMBIA –∂–µ–Ω—Å–∫–∏–π,https://uk.tgstat.com/channel/@columbia_brend,https://t.me/columbia_brend
BlaBlaDressüí¨ –°–ò–ù–Ø 824/825,https://uk.tgstat.com/channel/@blabladress,https://t.me/blabladress
–ù–ê–¢–£–ù–û,https://uk.tgstat.com/channel/@natunoclothes,https://t.me/natunoclothes
‚ñ™Ô∏è‚óºÔ∏è‚¨õÔ∏èDrop Top‚¨õÔ∏è‚óºÔ∏è‚ñ™Ô∏è,https://uk.tgstat.com/channel/@DropToop,https://t.me/DropToop
–ü–û–®–£–ö –ú–û–î–ï–õ–ï–ô|–ö–ò–á–í,https://uk.tgstat.com/channel/@poshukmodeli_kyiv,https://t.me/poshukmodeli_kyiv
Less_is_best shopping,https://uk.tgstat.com/channel/@lessisbestshop,https://t.me/lessisbestshop
üå∏–í–ª–∞–¥–∞ –ë–æ–≥–¥–∞–Ω–æ–≤–∞üå∏ –°–∏–Ω—è—è 1492,https://uk.tgstat.com/channel/@vladabogdanavaa,https://t.me/vladabogdanavaa
Jem Wear üá∫üá¶–†–∏–Ω–æ—á–Ω–∞ 1558,https://uk.tgstat.com/channel/@Jemwear,https://t.me/Jemwear
–ú–∞—Ç—Ä–µ—à–∫–∏ üíû —Ä—ã–Ω–æ—á–Ω–∞—è 1557 MBrand,https://uk.tgstat.com/channel/@matryoshka2021,https://t.me/matryoshka2021
ISTINAüá∫üá¶–°–ò–ù–Ø 1532üá∫üá¶7 –∫–ºüá∫üá¶–ü–û–°–¢–ê–í–©–ò–ö,https://uk.tgstat.com/channel/@istina_shop_ua,https://t.me/istina_shop_ua
"–ü—Ä–æ–∏–∑–≤–æ–¥–∏—Ç–µ–ª–∏,–ø—Ä—è–º—ã–µ –ø–æ—Å—Ç–∞–≤—â–∏–∫–∏ –£–∫—Ä–∞–∏–Ω—ã ""–î—Ä–æ–ø—à–∏–ø–∏–Ω–≥""",https://uk.tgstat.com/channel/MyiIEf2xIW40MmY6,https://t.me/joinchat/MyiIEf2xIW40MmY6
‚ù§Ô∏èMargo brand‚ù§Ô∏è–æ–ø—Ç–æ–≤—ã–π –∫–∞–Ω–∞–ª,https://uk.tgstat.com/channel/@margobrand_opt,https://t.me/margobrand_opt
Work Beauty –ö–∏—ó–≤,https://uk.tgstat.com/channel/@workofbeautykyiv,https://t.me/workofbeautykyiv
Futurezine,https://uk.tgstat.com/channel/@future_zine,https://t.me/future_zine
üëº–î–∏—Ç—è—á–∏–π –æ–¥—è–≥üëº –î—Ä–æ–ø—à–∏–ø–ø—ñ–Ω–≥,https://uk.tgstat.com/channel/@angelclothes_drop,https://t.me/angelclothes_drop
Men Channel ‚Ä¢ –ß–æ–ª–æ–≤—ñ—á–∏–π –æ–¥—è–≥ ‚Ä¢ –î—Ä–æ–ø—à–∏–ø—ñ–Ω–≥ ‚Ä¢ –û–ø—Ç ‚Ä¢ 7 –∫–º,https://uk.tgstat.com/channel/@men_channel_ua,https://t.me/men_channel_ua
–û–¥—è–≥ –¥–∏—Ç—è—á–∏–π. Style-—Å—Ç–∏–ª—å–Ω–∏–π –æ–¥—è–≥.üëç,https://uk.tgstat.com/channel/@odyag22,https://t.me/odyag22
_ELZA_,https://uk.tgstat.com/channel/@ELLZABRAND,https://t.me/ELLZABRAND
Chenille –î—Ä–æ–ø—à–∏–ø—ñ–Ω–≥,https://uk.tgstat.com/channel/@Chenille2021,https://t.me/Chenille2021
Lurex.in.ua üõç,https://uk.tgstat.com/channel/@lurex_official,https://t.me/lurex_official
VARVARA & Alena Bevza,https://uk.tgstat.com/channel/@VarvaraAlenaBevza,https://t.me/VarvaraAlenaBevza
–®—É–∫–∞—é –º–æ–¥–µ–ª—å –õ—å–≤—ñ–≤,https://uk.tgstat.com/channel/@lvivmodelka,https://t.me/lvivmodelka
Cartel UA | –î–æ—à–∫–∞ –æ–≥–æ–ª–æ—à–µ–Ω—å | –ê—É–∫—Ü—ñ–æ–Ω–∏ | –ë–∞—Ä–∞—Ö–æ–ª–∫–∞ | –û–¥—è–≥ | –í–∑—É—Ç—Ç—è | –ê–∫—Å–µ—Å—É–∞—Ä–∏ | –£–∫—Ä–∞—ó–Ω–∞,https://uk.tgstat.com/channel/@cartelua_premium,https://t.me/cartelua_premium
–†—ã–Ω–æ—á–Ω–∞—è 4957 - INNA,https://uk.tgstat.com/channel/@INNA_Satinova,https://t.me/INNA_Satinova
MANGOs - –∂—ñ–Ω–æ—á–∏–π –æ–¥—è–≥,https://uk.tgstat.com/channel/@mangooooo_ua,https://t.me/mangooooo_ua
CHOICE Ukraine üá∫üá¶ NEWS,https://uk.tgstat.com/channel/@choiceukraine_official,https://t.me/choiceukraine_official
M.Fashion ‚ù§Ô∏è–ñ–µ–Ω—Å–∫–∞—è –û–¥–µ–∂–¥–∞‚ù§Ô∏è,https://uk.tgstat.com/channel/@M_Fashion_moda,https://t.me/M_Fashion_moda
–§—ñ—Ä–º–æ–≤–µ –í–∑—É—Ç—Ç—è,https://uk.tgstat.com/channel/@chooseyourshoes1,https://t.me/chooseyourshoes1
Zaxid_drop,https://uk.tgstat.com/channel/@zaxid_drop,https://t.me/zaxid_drop
–ü—Ä–æ–∏–∑–≤–æ–¥–∏—Ç–µ–ª—å Provans,https://uk.tgstat.com/channel/@provansdress,https://t.me/provansdress
–ê–ø–∞—Ä–∞—Ç—É—Ä–Ω—ã–π —Ä—è–¥ 4904 üíï–î–µ–≤–∞ - –ø—Ä–æ–∏–∑–≤–æ–¥–∏—Ç–µ–ª—å –û–¥–µ—Å—Å–∞,https://uk.tgstat.com/channel/@deva_opt,https://t.me/deva_opt
–ê–ª—ñ–Ω–∞ –ú–∏—Ö–∞–π–ª–æ–≤–∞,https://uk.tgstat.com/channel/@Alina_BONITTA,https://t.me/Alina_BONITTA
"Shpilkina ""Trend_obuvi‚Äù",https://uk.tgstat.com/channel/@Shpilkina_Trend_obuvi,https://t.me/Shpilkina_Trend_obuvi
–û–±—É–≤—å Lite-shop –ø–æ—Å—Ç–∞–≤—â–∏–∫ –æ–±—É–≤–∏ –¥—Ä–æ–ø—à–∏–ø–ø–∏–Ω–≥,https://uk.tgstat.com/channel/@liteshop,https://t.me/liteshop
"EKLER - –µ—Ä–æ—Ç–∏—á–Ω–∞,–±–∞–∑–æ–≤–∞ –±—ñ–ª–∏–∑–Ω–∞|–¥—Ä–æ–ø—à–∏–ø—ñ–Ω–≥|–æ–ø—Ç|—Ä–æ–∑–¥—Ä—ñ–±",https://uk.tgstat.com/channel/@eklerdrop,https://t.me/eklerdrop
–ê –õ–æ–Ω–¥–æ–Ω—Å–∫–∞—è –°–∏–Ω—è—è 1528 ‚ú®,https://uk.tgstat.com/channel/@alondonskaya,https://t.me/alondonskaya
MeGaMix | –î—Ä–æ–ø—à–∏–ø–ø–∏–Ω–≥ - –∂–µ–Ω—Å–∫–∞—è –∏ –º—É–∂—Å–∫–∞—è –æ–¥–µ–∂–¥–∞,https://uk.tgstat.com/channel/@megamix_ua,https://t.me/megamix_ua
–ê–ª–∏ –æ—Ç –û–ª–∏ | AliExpress |,https://uk.tgstat.com/channel/@ali_ot_oli,https://t.me/ali_ot_oli
–î–†–û–ü–®–ò–ü–Ü–ù–ì ‚Ä¢ ùêÉùêà_ùêíùêìùêòùêãùêÑ ‚Ä¢ –ñ—ñ–ù–û–ß–ò–ô –û–î–Ø–ì,https://uk.tgstat.com/channel/@Distyle08,https://t.me/Distyle08
"AnyMODA- –î–†–û–ü–®–ò–ü–ò–ù–ì, –ü–û–°–¢–ê–í–©–ò–ö –°–£–ú–û–ö",https://uk.tgstat.com/channel/@any_m_o_d_a,https://t.me/any_m_o_d_a
websklad.biz.ua –¥—Ä–æ–ø—à–∏–ø–ø–∏–Ω–≥ –ø–∞—Ä—Ç–Ω–µ—Ä—ã,https://uk.tgstat.com/channel/@websklad_drop,https://t.me/websklad_drop
ùìõùì∏ùìøùìÆ ‚ô° ùìõùì∏ùì∏ùì¥ 4943 —Ä—ã–Ω–æ—á–Ω–∞—è,https://uk.tgstat.com/channel/@lovelook,https://t.me/lovelook
Bounty Style - opt/drop,https://uk.tgstat.com/channel/@bounty_s,https://t.me/bounty_s
–ö–æ—Å–º–µ—Ç–æ–ª–æ–≥—ñ—è,https://uk.tgstat.com/channel/tLSmJby4haVlMGFi,https://t.me/joinchat/tLSmJby4haVlMGFi
Savoy Brand,https://uk.tgstat.com/channel/@savoy_brand,https://t.me/savoy_brand
MISHKI STORE 1404 –ë–ï–ñ–ï–í–ê,https://uk.tgstat.com/channel/@mishki7km,https://t.me/mishki7km
Minimalist 1459 –±–ª–∞–∫–∏—Ç–Ω–∞ –û–ü–¢ –î–†–û–ü–®–ò–ü–ò–ù–ì,https://uk.tgstat.com/channel/@minimalist7km,https://t.me/minimalist7km
LUXURY üíç AUCTION,https://uk.tgstat.com/channel/@luxuryauc,https://t.me/luxuryauc
Bessette's throwaway chic,https://uk.tgstat.com/channel/@Bessettesthrowawaychic,https://t.me/Bessettesthrowawaychic
anna proskuryna –†—ã–Ω–æ—á–Ω–∞—è 4948,https://uk.tgstat.com/channel/@annaproskuryna,https://t.me/annaproskuryna
Sale USA Europe –≤—ã–≥–æ–¥–Ω–æ –±–∞–π–µ—Äüí•,https://uk.tgstat.com/channel/@Usa_shopp_Mari,https://t.me/Usa_shopp_Mari
–§–∞–Ω–∞—Ç–∫–∞ –û–±—É–≤–∏¬Æ –æ–±—É–≤—å –¥—Ä–æ–ø,https://uk.tgstat.com/channel/@fanatkaobuvi,https://t.me/fanatkaobuvi
–ò—â—É –º–æ–¥–µ–ª—å –î–Ω–µ–ø—Ä,https://uk.tgstat.com/channel/@modelkadnepr,https://t.me/modelkadnepr
PRODUCT ORIFLAME UKRAINE,https://uk.tgstat.com/channel/@OriflameUkraine_Product,https://t.me/OriflameUkraine_Product
Dontsova Brand üíô 1531,https://uk.tgstat.com/channel/@daria_dontsova,https://t.me/daria_dontsova
–ú–æ–¥–Ω–∏—Ü—ã –ö–∏–µ–≤ / –∏—â—É –º–æ–¥–µ–ª—å –±–µ—Å–ø–ª–∞—Ç–Ω–æ,https://uk.tgstat.com/channel/@kiev_ladies,https://t.me/kiev_ladies
CherryLingerieUA,https://uk.tgstat.com/channel/@CherryLingerieUA,https://t.me/CherryLingerieUA
Farmasi Ukraine,https://uk.tgstat.com/channel/@farmasiukraine,https://t.me/farmasiukraine
ùêãùêÄùêïùêÄùêçùêÉùêÄ 1540,https://uk.tgstat.com/channel/@Lavandaa1540,https://t.me/Lavandaa1540
FIFA STYLE,https://uk.tgstat.com/channel/@FiFALUX,https://t.me/FiFALUX
DROP GROUP TRADE - –î—Ä–æ–ø—à–∏–ø–ø–∏–Ω–≥,https://uk.tgstat.com/channel/@dropgrouptrade,https://t.me/dropgrouptrade
THE BOX,https://uk.tgstat.com/channel/@theboxonlineua,https://t.me/theboxonlineua
VIKIFO_OFFICIAL,https://uk.tgstat.com/channel/@vikifo_official,https://t.me/vikifo_official
Gr@nD Fashion,https://uk.tgstat.com/channel/@GranD_Fashion77,https://t.me/GranD_Fashion77
Ananas_Stok,https://uk.tgstat.com/channel/@ananas_ananas_ananas,https://t.me/ananas_ananas_ananas
Imperial,https://uk.tgstat.com/channel/@proizvoditel_imperial,https://t.me/proizvoditel_imperial
Sunglassesüï∂city –æ—á–∫–∏,https://uk.tgstat.com/channel/@sunglasses_city_lux,https://t.me/sunglasses_city_lux
Sale_Shpilkina,https://uk.tgstat.com/channel/@Sale_Shpilkina,https://t.me/Sale_Shpilkina
Best Kross Drop,https://uk.tgstat.com/channel/@dropkrossuab,https://t.me/dropkrossuab
N.Domini —É–ª.–°–∏–Ω—è—è 1514,https://uk.tgstat.com/channel/@butterfly3108,https://t.me/butterfly3108
üíÑBeauty-—É—Å–ª—É–≥–∏ –≤ –≤–æ–µ–Ω–Ω–æ–º –•–∞—Ä—å–∫–æ–≤–µü™ñ,https://uk.tgstat.com/channel/@beautysferakharkov,https://t.me/beautysferakharkov
‚ù§Ô∏èNAOMI‚ù§Ô∏è–í–∏—Ä–æ–±–Ω–∏–∫ 7–∫–º‚ù§Ô∏è–†–æ–∑–≥—Ä—É–∑–∫–∞ 6210,https://uk.tgstat.com/channel/@naomi_7km,https://t.me/naomi_7km
CARAMBA DROP,https://uk.tgstat.com/channel/@caramba_drop,https://t.me/caramba_drop
–°–∏–Ω—è—è 1494,https://uk.tgstat.com/channel/@runochnaya5052,https://t.me/runochnaya5052
nastia.nailsss,https://uk.tgstat.com/channel/@nastianailsss,https://t.me/nastianailsss
‚ñ™Ô∏èBY OLGA GALUSHKA,https://uk.tgstat.com/channel/@bygalushka,https://t.me/bygalushka
Shogan_obuv',https://uk.tgstat.com/channel/@shogan_obuv,https://t.me/shogan_obuv
–ü–µ—Ä—Å–æ–Ω–∞–ª—å–Ω–∏–π –ö–æ—Å–º–µ—Ç–æ–ª–æ–≥,https://uk.tgstat.com/channel/gowYDzEbZqI2NTYy,https://t.me/joinchat/gowYDzEbZqI2NTYy
–î—Ä–æ–ø—à–∏–ø–ø–∏–Ω–≥ –†—É—Å–∏–∫–æ–≤–∏—á,https://uk.tgstat.com/channel/@rusikovich_drop_group,https://t.me/rusikovich_drop_group
Immexlusive,https://uk.tgstat.com/channel/@immexlusive,https://t.me/immexlusive
BROCARD,https://uk.tgstat.com/channel/@uabrocard,https://t.me/uabrocard
GRESSO,https://uk.tgstat.com/channel/@gresso_ru,https://t.me/gresso_ru
CRYSTAL BRAND üíé –ì–æ–ª—É–±–∞—è 1469,https://uk.tgstat.com/channel/@crystalbrand1469,https://t.me/crystalbrand1469
‚ú®Annabelle‚ú®,https://uk.tgstat.com/channel/@annabelletm4661,https://t.me/annabelletm4661
–û–ë–ù–û–í–ò,https://uk.tgstat.com/channel/@true_sellers,https://t.me/true_sellers
üë†Taran _Saleüë†,https://uk.tgstat.com/channel/@taran_sale,https://t.me/taran_sale
Clothes –î–†–û–ü/–û–ü–¢,https://uk.tgstat.com/channel/@clothes_dropp,https://t.me/clothes_dropp
–ú–∞–Ω—ñ–∫—é—Ä | –ù–µ–π–ª-–∞—Ä—Çüá∫üá¶,https://uk.tgstat.com/channel/@nigtiUA,https://t.me/nigtiUA
Aliexpress Sexy Lingerie Women,https://uk.tgstat.com/channel/@Lingerieal,https://t.me/Lingerieal
–î–∞–≤–∏–¥ –ü—Ä–æ–∏–∑–≤–æ–¥–∏—Ç–µ–ª—å,https://uk.tgstat.com/channel/@davidproizvoditel,https://t.me/davidproizvoditel
–®—É–∫–∞—é –º–æ–¥–µ–ª—å –õ—É—Ü—å–∫üíã,https://uk.tgstat.com/channel/@Lutsk_modelki,https://t.me/Lutsk_modelki
"GoodZone ‚Äì –º–∞–≥–∞–∑–∏–Ω –æ–¥–µ–∂–¥—ã, –æ–±—É–≤–∏ –∏ –∞–∫—Å–µ—Å—Å—É–∞—Ä–æ–≤",https://uk.tgstat.com/channel/@goodzone_store,https://t.me/goodzone_store
GarnaRich–°–∏–Ω—è—è 1483,https://uk.tgstat.com/channel/@GarnaRich,https://t.me/GarnaRich
–ó–∞–∫—É–ø–∫–∞ –æ—Ç –ø—Ä–æ–∏–∑–≤–æ–¥–∏—Ç–µ–ª—è –û–¥–µ—Å—Å–∞,https://uk.tgstat.com/channel/@postavshchik7km,https://t.me/postavshchik7km
‚ö°Ô∏èSwoosh‚ö°Ô∏è,https://uk.tgstat.com/channel/@swoosh_ua,https://t.me/swoosh_ua
#–ü–ª–∞—Ç—å—è –±–æ–ª—å—à–∏—Ö —Ä–∞–∑–º–µ—Ä–æ–≤ #,https://uk.tgstat.com/channel/@botaldresses,https://t.me/botaldresses
Yanika –≥–æ–ª—É–±–∞—è 1468 (–Ω–æ–≤—ã–µ —Ä–æ–ª–ª–µ—Ç—ã),https://uk.tgstat.com/channel/@Yanika_4669,https://t.me/Yanika_4669
–ú–ê–°–¢–ï–†–ê –ú–ê–†–ò–£–ü–û–õ–¨ üíÑ,https://uk.tgstat.com/channel/@masteramariupol,https://t.me/masteramariupol
üõç–î–†–û–ü–®–ò–ü–ü–ò–ù–ì 7–ö–úüõç,https://uk.tgstat.com/channel/@dropOdessa7km,https://t.me/dropOdessa7km
–ö–æ—Å–º–µ—Ç–∏–∫–∞ üñ§S H I Küñ§–ú–µ–ª–∏—Ç–æ–ø–æ–ª—å,https://uk.tgstat.com/channel/@kosmetikamelitopol,https://t.me/kosmetikamelitopol
–ò—â—É –º–æ–¥–µ–ª—å –ù–∏–∫–æ–ª–∞–µ–≤üíã,https://uk.tgstat.com/channel/@Nikolaev_modelki,https://t.me/Nikolaev_modelki
CASUAL KIEV ü•∑üèªü•∑üèª,https://uk.tgstat.com/channel/@moduy_chelovek,https://t.me/moduy_chelovek
OLIAGARHO,https://uk.tgstat.com/channel/@oliagarho,https://t.me/oliagarho
Dana Morris 4960 –û–ø—Ç –î—Ä–æ–ø,https://uk.tgstat.com/channel/@Dana_Morris_4960,https://t.me/Dana_Morris_4960
 ç·¥Ä·¥ã·¥áu·¥© üíÑ,https://uk.tgstat.com/channel/@makeup_02,https://t.me/makeup_02
Opt_modno_obuv,https://uk.tgstat.com/channel/@dropoptomobuv,https://t.me/dropoptomobuv
–°—É–ø–µ—Ä–º–∞—Ä–∫–µ—Ç –æ–¥–µ–∂–¥—ã –æ–±—É–≤–∏ –ú–∞—Ä–∏—É–ø–æ–ª—å,https://uk.tgstat.com/channel/oakjoA17oPo5NjQy,https://t.me/joinchat/oakjoA17oPo5NjQy
–ò—â—É –ú–æ–¥–µ–ª—å –û–¥–µ—Å—Å–∞,https://uk.tgstat.com/channel/@modelkaodessaa,https://t.me/modelkaodessaa
LUCY - –†–∏–Ω–∫–æ–≤–∞ 847,https://uk.tgstat.com/channel/@lucy_tm,https://t.me/lucy_tm
–ú–ê–ì–ê–ó–ò–ù ¬´–ë–ï–õ–´–ô –ü–ê–†–£–°¬ª,https://uk.tgstat.com/channel/@obuvnoimagazin,https://t.me/obuvnoimagazin
"DROP –æ—Ç King–ö—Ä–æ—Å—Å, –î–†–û–ü–®–ò–ü–ü–ò–ù–ì!",https://uk.tgstat.com/channel/@Dropershoper,https://t.me/Dropershoper
Liliya Yanush Shop,https://uk.tgstat.com/channel/@liliya_yanush,https://t.me/liliya_yanush
Naina Boutique,https://uk.tgstat.com/channel/@naina_boutique,https://t.me/naina_boutique
Sky Shoes Drop,https://uk.tgstat.com/channel/@sky_shoes_drop,https://t.me/sky_shoes_drop
–í–∏—à–∏–≤–∞–Ω–∫–∏ –î–∂–∏–Ω—Å–∏ –¢—É—Ä–µ—á—á–∏–Ω–∞/ –ñ—ñ–Ω–æ—á–∏–π –æ–¥—è–≥,https://uk.tgstat.com/channel/@iaroslaavajeans,https://t.me/iaroslaavajeans
"MONAMI - –î–†–û–ü–®–ò–ü–Ü–ù–ì, –î–†–û–ü–®–ò–ü–ü–ò–ù–ì, –æ–¥—è–≥ –æ–ø—Ç, –æ–¥–µ–∂–¥–∞ –æ–ø—Ç",https://uk.tgstat.com/channel/@monami_kh,https://t.me/monami_kh
–ö–∞—Å—Ç–∏–Ω–≥–∏. –®–æ—É-–±–∏–∑ –æ—Ç –ù–∞—Ä—Ç! –ö–∏–µ–≤ - –ú–∏—Ä,https://uk.tgstat.com/channel/@scout_dancers_and_models,https://t.me/scout_dancers_and_models
–ü–û–®–£–ö –ú–û–î–ï–õ–ï–ôüåø–ö–∏—ó–≤,https://uk.tgstat.com/channel/@beautymodelKyiv,https://t.me/beautymodelKyiv
Moorens Drop –ü–æ–¥–∞—Ä—É–Ω–∫–æ–≤—ñ –ë–æ–∫—Å–∏ –î–†–û–ü–®–ò–ü–Ü–ù–ì/–û–ü–¢,https://uk.tgstat.com/channel/@Giftbox_drop,https://t.me/Giftbox_drop
BRANDI,https://uk.tgstat.com/channel/@brandi_shop,https://t.me/brandi_shop
originalsport2021,https://uk.tgstat.com/channel/dyvfRs37AothYTE6,https://t.me/joinchat/dyvfRs37AothYTE6
–¢—É—Ä–µ—á—á–∏–Ω–∞ | –∂—ñ–Ω–æ—á–∏–π –æ–¥—è–≥ üáπüá∑,https://uk.tgstat.com/channel/@chakrastore,https://t.me/chakrastore
–ê–ª—è –ú—É—Äü§ç–í–∏—Ä–æ–±–Ω–∏–∫ –∂—ñ–Ω–æ—á–æ–≥–æ –æ–¥—è–≥—É,https://uk.tgstat.com/channel/WDyWAOIQfUsykX1B,https://t.me/joinchat/WDyWAOIQfUsykX1B
–¢–∞—Ç—å—è–Ω–∞ –ú–∞—Ä–∂–∏–Ω—è–Ω—É,https://uk.tgstat.com/channel/@margynyanu,https://t.me/margynyanu
–§–µ–π–≤ –†—É—Ä–∫–∞,https://uk.tgstat.com/channel/@fave_rurka,https://t.me/fave_rurka
–°—Ç–∞—Ä–æ–≤—ñ—Ç—á–∏–Ω–∞,https://uk.tgstat.com/channel/@starovitchyna,https://t.me/starovitchyna
–ñ–ê–î–û–† –æ—Å–æ–±–∏—Å—Ç–∏–π —Å—Ç–∏–ª—ñ—Å—Ç,https://uk.tgstat.com/channel/@imperial_jador,https://t.me/imperial_jador
Drop_one_shop.ua –ú—É–∂—Å–∫–∞—è –æ–±—É–≤—å –£–∫—Ä–∞–∏–Ω–∞,https://uk.tgstat.com/channel/@drop_shop_one,https://t.me/drop_shop_one
"""–¢—ñ —Å–∞–º—ñ –¥—ñ–≤—á–∞—Ç–∞""",https://uk.tgstat.com/channel/@ti_sami_divchata,https://t.me/ti_sami_divchata
–ñ–µ–Ω—Å–∫–∞—è –æ–¥–µ–∂–¥–∞ –∏ –ø–∏–∂–∞–º—ã Queen Collection –û–ø—Ç,https://uk.tgstat.com/channel/@QCpijama,https://t.me/QCpijama
JERSEY ‚öΩÔ∏è AUCTION,https://uk.tgstat.com/channel/@sportauction,https://t.me/sportauction
BirkaPlus,https://uk.tgstat.com/channel/@birka_plus,https://t.me/birka_plus
Pink Goldie,https://uk.tgstat.com/channel/@pinkgoldie,https://t.me/pinkgoldie
"""Merlina"" –ü–†–Ø–ú–û–ô –ü–û–°–¢–ê–í–©–ò–ö 7 –ö–ú",https://uk.tgstat.com/channel/@merlina7kmodessa,https://t.me/merlina7kmodessa
–ö—É–ø–∞–ª—å–Ω–∏–∫–∏ Miss-Molin,https://uk.tgstat.com/channel/@kypalnikidrop,https://t.me/kypalnikidrop
TOTIS Experts üë©‚Äç‚öïÔ∏è,https://uk.tgstat.com/channel/@experttotis,https://t.me/experttotis
–ú–∞–Ω—ñ–∫—é—Ä - –¥–∏–∑–∞–π–Ω –Ω—ñ–≥—Ç—ñ–≤,https://uk.tgstat.com/channel/@manikur_ua,https://t.me/manikur_ua
–í–∑—É—Ç—Ç—è –¥—Ä–æ–ø—à–∏–ø–ø—ñ–Ω–≥ –ü–†–Ø–ú–ò–ô –ü–û–°–¢–ê–ß–ê–õ–¨–ù–ò–ö –í–ó–£–¢–¢–Ø,https://uk.tgstat.com/channel/@ladyshoppingua,https://t.me/ladyshoppingua
"SAONA BRAND, —Å–∏–Ω—è 1496",https://uk.tgstat.com/channel/@SAONA_BRAND,https://t.me/SAONA_BRAND
–°–í–ò–¢–ï–†–ê –° –û–õ–ï–ù–Ø–ú–ò,https://uk.tgstat.com/channel/@drop_sviter,https://t.me/drop_sviter
NEON üëü Sneakers Drop,https://uk.tgstat.com/channel/@neon_sneakers_drop,https://t.me/neon_sneakers_drop
–ö—ñ–Ω—å –≤ –ø–∞–ª—å—Ç–æ –≤—ñ–¥ –ì—É—á—á—ñ,https://uk.tgstat.com/channel/@kinvpaltovidgucci,https://t.me/kinvpaltovidgucci
Ne.Gucci,https://uk.tgstat.com/channel/@NeGucci_Lifestyle,https://t.me/NeGucci_Lifestyle
MUSE ü™¨ –ì–æ–ª—É–±–∞—è 1431,https://uk.tgstat.com/channel/@G9MUSE,https://t.me/G9MUSE
–ú–æ–Ω–∏–∫–∞ —Å–∏–Ω—è—è 1515 –Ω–æ–≤—ã–µ —Ä–æ–ª–µ—Ç—ã,https://uk.tgstat.com/channel/T9VEHnrqLDlVGSGh,https://t.me/joinchat/T9VEHnrqLDlVGSGh
OGONPUSHKA - –¥—Ä–æ–ø —Ç–∞ –≥—É—Ä—Ç (–ø–∞—Ä—Ç–Ω–µ—Ä—Å—å–∫–∏–π –∫–∞–Ω–∞–ª –¥–ª—è –ø–∞—Ä—Ç–Ω–µ—Ä—Å—Ç–≤–∞),https://uk.tgstat.com/channel/@ogonpushka,https://t.me/ogonpushka
Tilda Cosmetics/–í–°–ï –î–õ–Ø –ú–ê–ù–Ü–ö–Æ–†–£ –Ü –ü–ï–î–ò–ö–Æ–†–£,https://uk.tgstat.com/channel/@tildacosmetics,https://t.me/tildacosmetics
Easy_step.ua. ¬´ –ú—É–∂—Å–∫–∞—è –æ–±—É–≤—å ¬ª,https://uk.tgstat.com/channel/@EasyStep_ua,https://t.me/EasyStep_ua
–ñ–µ–Ω—Å–∫–∞—è –æ–¥–µ–∂–¥–∞ - –î—Ä–æ–ø—à–∏–ø–ø–∏–Ω–≥ - –î—Ä–æ–ø - Drop,https://uk.tgstat.com/channel/@onlydrop2,https://t.me/onlydrop2
–†–û–ó–ü–†–û–î–ê–ñ ‚ùó Moda_Shop,https://uk.tgstat.com/channel/@modashopsale,https://t.me/modashopsale
Sorvar‚Ä¢–ñ—ñ–Ω–æ—á–µ –≤–∑—É—Ç—Ç—è‚Ä¢–¥—Ä–æ–ø—à–∏–ø—ñ–Ω–≥,https://uk.tgstat.com/channel/@krossdrop1,https://t.me/krossdrop1
–¢–≤–æ—è –ö—Ä–∞—Å–∞,https://uk.tgstat.com/channel/mDurQpPVS5MwOGMy,https://t.me/joinchat/mDurQpPVS5MwOGMy
Samohvalova Atelier ‚úÇÔ∏è,https://uk.tgstat.com/channel/@samohvalova_atelier,https://t.me/samohvalova_atelier
Nike & Jordan Ukraine - NJUkraine,https://uk.tgstat.com/channel/@njukraine,https://t.me/njukraine
7 –∫–º. –í—É–ª. –°–∏–Ω—è 829 . Lenimoda,https://uk.tgstat.com/channel/@lenimoda,https://t.me/lenimoda
Pijam_mania,https://uk.tgstat.com/channel/@pijama_dro,https://t.me/pijama_dro
–ü—Ä—è–º–æ–π –ø–æ—Å—Ç–∞–≤—â–∏–∫ –∫—É–ø–∞–ª—å–Ω–∏–∫–∏ / –∂–µ–Ω—Å–∫–∞—è –æ–¥–µ–∂–¥–∞,https://uk.tgstat.com/channel/@gts_drop,https://t.me/gts_drop
–ë–∞–∑–∞ –ø–æ—Å—Ç–∞—á–∞–ª—å–Ω–∏–∫—ñ–≤ –£–∫—Ä–∞—ó–Ω–∞ –¥—Ä–æ–ø—à–∏–ø—ñ–Ω–≥,https://uk.tgstat.com/channel/@postavshchikii,https://t.me/postavshchikii
Fashion Digital Ukraine,https://uk.tgstat.com/channel/@fashionclubukraine,https://t.me/fashionclubukraine
–†–æ–∑–ø—Ä–æ–¥–∞–∂ Sale,https://uk.tgstat.com/channel/@sale_igle,https://t.me/sale_igle
LAVINA | Shopping Guide,https://uk.tgstat.com/channel/@lavinamallua,https://t.me/lavinamallua
R.A Drop | –î—Ä–æ–ø—à–∏–ø—ñ–Ω–≥ | –ü—Ä—è–º–∏–π –ø–æ—Å—Ç–∞—á–∞–ª—å–Ω–∏–∫,https://uk.tgstat.com/channel/@RA_Drop,https://t.me/RA_Drop
ùïéùïöùïùùïï ùïÉùï†ùï†ùïúüå™–°–∏–Ω—è—è 1529,https://uk.tgstat.com/channel/@Wildlook1529,https://t.me/Wildlook1529
Friday Drop cloThes (–¥—Ä–æ–ø—à–∏–ø–ø–∏–Ω–≥),https://uk.tgstat.com/channel/@fridaydropclothes,https://t.me/fridaydropclothes
Blessed Emprs,https://uk.tgstat.com/channel/@blessedemprsinstock,https://t.me/blessedemprsinstock
Noreli Boutique,https://uk.tgstat.com/channel/@noreliboutique,https://t.me/noreliboutique
Odrop ü¶ä,https://uk.tgstat.com/channel/@odropp,https://t.me/odropp
Zig Zag,https://uk.tgstat.com/channel/@zigzag2431,https://t.me/zigzag2431
Vizavi:–ú—É–∂—Å–∫–∞—è=–ñ–µ–Ω—Å–∫–∞—è –æ–¥–µ–∂–¥–∞ –æ–ø—Ç,https://uk.tgstat.com/channel/@vizavi7km,https://t.me/vizavi7km
AMMY BABY ü§ç –û–ü–¢/–î–†–û–ü –ñ—ñ–Ω–æ—á–∏–π –æ–¥—è–≥ –î–†–û–ü–®–ò–ü–Ü–ù–ì,https://uk.tgstat.com/channel/@ammybaby_store,https://t.me/ammybaby_store
–Ø–Ω–æ—á–∫–∞ –°–µ–º–µ—Ä–µ–Ω–∫–æ,https://uk.tgstat.com/channel/@yanochkasemerenko,https://t.me/yanochkasemerenko
VishDrop,https://uk.tgstat.com/channel/@VishDrop,https://t.me/VishDrop
‚öúÔ∏èBOUTIQUE DE LUXE‚öúÔ∏è,https://uk.tgstat.com/channel/@yanariyastyle,https://t.me/yanariyastyle
üíñKamirenshopüíñ–ü—Ä—è–º–∏–π –ø–æ—Å—Ç–∞—á–∞–ª—å–Ω–∏–∫ –î—Ä–æ–ø—à–∏–ø–ø—ñ–Ω–≥,https://uk.tgstat.com/channel/@kamirenshop,https://t.me/kamirenshop
Brand4you drop,https://uk.tgstat.com/channel/@brand4youdrop,https://t.me/brand4youdrop
–ê—Ñ–∏–Ω–∞ –†—ã–Ω–æ—á–Ω–∞—è 2316 –ê hlttps://vk.com/id566008629p https://vk.com/id358480858 –í—Å—Ç—É–ø–∞–π—Ç–µ –≤ —Å–æ–æ–±—â–µ—Å—Ç–≤–æ –¢–µ–ª–µ–≥–∞–º,https://uk.tgstat.com/channel/@AFINA_DRESS,https://t.me/AFINA_DRESS
–ö–æ—Å–º–µ—Ç–æ–ª–æ–≥ SPACE | –ë—å—é—Ç—ñ-–±—ñ–∑–Ω–µ—Å —Ç–∞ –º–∞—Ä–∫–µ—Ç–∏–Ω–≥,https://uk.tgstat.com/channel/@venkospashop,https://t.me/venkospashop
–ü—Ä–æ–∏–∑–≤–æ–¥–∏—Ç–µ–ª—å –ê–≥–∞—Ç–∞. –ì–æ–ª—É–±–∞—è 1458 (–Ω–æ–≤—ã–µ –ø–∞–≤–∏–ª—å–æ–Ω—ã),https://uk.tgstat.com/channel/@karellitas,https://t.me/karellitas
S O H O | –∫–∞—Ç–∞–ª–æ–≥ –≤–∑—É—Ç—Ç—è,https://uk.tgstat.com/channel/@soho_shoes,https://t.me/soho_shoes
DTSHOES,https://uk.tgstat.com/channel/@dtshoes,https://t.me/dtshoes
‚ô¶CAPSULA‚ô¶ Turkey üáπüá∑,https://uk.tgstat.com/channel/@capsula_dn,https://t.me/capsula_dn
Milani and Miledi,https://uk.tgstat.com/channel/@milani_and_miledi,https://t.me/milani_and_miledi
"–°–µ–∫, —è –ø–æ–∏—â—É",https://uk.tgstat.com/channel/@illlook,https://t.me/illlook
Bags&Wallets,https://uk.tgstat.com/channel/@bags_wallets_original,https://t.me/bags_wallets_original
VITTO ROSSI,https://uk.tgstat.com/channel/@vittorossiua,https://t.me/vittorossiua
TacticShop –í—ñ–π—Å—å–∫–æ–≤–∏–π –º–∞–≥–∞–∑–∏–Ω - —Ç–∞–∫—Ç–∏—á–Ω–∏–π –æ–¥—è–≥,https://uk.tgstat.com/channel/@TacticShop1,https://t.me/TacticShop1
Artshoes.ua,https://uk.tgstat.com/channel/@artshoesua,https://t.me/artshoesua
Rabona,https://uk.tgstat.com/channel/@rabona_footballshop,https://t.me/rabona_footballshop
SCHUTZEN - MADE IN UKRAINE,https://uk.tgstat.com/channel/@whitework18,https://t.me/whitework18
Inessa__vip,https://uk.tgstat.com/channel/@inessa_vip,https://t.me/inessa_vip
ROSE_GOLD - –ü–†–Ø–ú–ò–ô –ü–û–°–¢–ê–ß–ê–õ–¨–ù–ò–ö –û–î–Ø–ì–£ üíï–î–†–û–ü–®–ò–ü–ü–Ü–ù–ì,https://uk.tgstat.com/channel/@rose_gold2,https://t.me/rose_gold2
"üá∫üá¶–í—Å–µ –≤ –Ω–∞—è–≤–Ω–æ—Å—Ç—ñüîù–ü–æ—Å—Ç–∞—á–∞–ª—å–Ω–∏–∫ –±—Ä–µ–Ω–¥–∏ 1:1 üîù–≤–∑—É—Ç—Ç—è , —Å—É–º–∫–∏ , –æ–¥—è–≥ , –∞–∫—Å–µ—Å—É–∞—Ä–∏ lookwomans",https://uk.tgstat.com/channel/@lookwomans_shoes_bags,https://t.me/lookwomans_shoes_bags
W.O.W –ê–≤–∞–Ω–≥–∞—Ä–¥–Ω–∞—è 4819 (–∂–µ–Ω—Å–∫–∞—è –æ–¥–µ–∂–¥–∞),https://uk.tgstat.com/channel/@worldofwoman1,https://t.me/worldofwoman1
NV Brand - –£–∫—Ä–∞—ó–Ω—Å—å–∫–µ –≤–∑—É—Ç—Ç—è,https://uk.tgstat.com/channel/@nvbrand_ua,https://t.me/nvbrand_ua
_COCOS_,https://uk.tgstat.com/channel/@obuv_cocos,https://t.me/obuv_cocos
VIVE DROP,https://uk.tgstat.com/channel/@vivedrop,https://t.me/vivedrop
–®—É–∫–∞—é –ú–æ–¥–µ–ª—å –ö–∏—ó–≤,https://uk.tgstat.com/channel/@model_kiev_ledis,https://t.me/model_kiev_ledis
–¢–∞–π–Ω–∞—è —Å–µ–∫—Ç–∞ –ë—Ä–µ–Ω–¥–æ–º–∞–Ω–æ–≤,https://uk.tgstat.com/channel/@stylist_brandoman,https://t.me/stylist_brandoman
–û–¥—è–≥ ‚Ä¢TE.VI‚Ä¢ –¥—Ä–æ–ø/–æ–ø—Ç ‚Ä¢ LUX,https://uk.tgstat.com/channel/@tevishop,https://t.me/tevishop
NOBILITAS,https://uk.tgstat.com/channel/@nobilitas_official,https://t.me/nobilitas_official
Astory Bags –æ–ø—Ç/–¥—Ä–æ–ø,https://uk.tgstat.com/channel/@astory_designer_bags,https://t.me/astory_designer_bags
–ì–æ–ª—É–±–∞—è 1436 Mariya_Alexeevna,https://uk.tgstat.com/channel/@mari_boss,https://t.me/mari_boss
Lamoki. –î—Ä–æ–ø—à–∏–ø–ø–∏–Ω–≥/–æ–ø—Ç,https://uk.tgstat.com/channel/@lamoki_top,https://t.me/lamoki_top
Professional Nail Boutique,https://uk.tgstat.com/channel/@PNBcosmetics,https://t.me/PNBcosmetics
–ú—É–∂—Å–∫–æ–π —Ç–µ–∫—Å—Ç–∏–ª—å,https://uk.tgstat.com/channel/@DemirMaryam,https://t.me/DemirMaryam
–ê–ª–µ–∫—Å–∞–Ω–¥—Ä–∞ –ê–∫–∏–º–æ–≤–∞ –°–∏–Ω—è—è 1527,https://uk.tgstat.com/channel/@AlexandraAkimovna,https://t.me/AlexandraAkimovna
–ê–±—Ä–∏–∫–æ—Å–æ–≤–∞ 1170- 7 –∫–º –û–¥–µ—Å–∞,https://uk.tgstat.com/channel/@modaodesa,https://t.me/modaodesa
–ú–∞–≥–∞–∑–∏–Ω –û–±—É–≤–∏-Fashion_Stile,https://uk.tgstat.com/channel/@fashionStileAlenaBezrukova,https://t.me/fashionStileAlenaBezrukova
TM FASHION GIRL,https://uk.tgstat.com/channel/@tmfashiongirl,https://t.me/tmfashiongirl
–¢–ê–¢–£ LAMARCH,https://uk.tgstat.com/channel/@lamarchkyiv,https://t.me/lamarchkyiv
"""–í–æ—Ä–æ–±–π–æ–≤"" –¥—Ä–æ–ø—à–∏–ø—ñ–Ω–≥",https://uk.tgstat.com/channel/@vorobyov_drop,https://t.me/vorobyov_drop
–õ—é–¥–∞ –ö–∞—Ä–∞–∫—É—à–∞–Ω—á–∏–∫ –ì–æ–ª—É–±–∞—è 1062,https://uk.tgstat.com/channel/@golubaya1062,https://t.me/golubaya1062
TM Paradise,https://uk.tgstat.com/channel/@tm_paradise,https://t.me/tm_paradise
Daria_fashion_shop,https://uk.tgstat.com/channel/@dariafashionshop,https://t.me/dariafashionshop
"–ú–∏—Ä –û—á–∫–æ–≤! –ë–µ–π—Å–±–æ–ª–∫–∏, –ü–∞–Ω–∞–º—ã, –û—á–∫–∏ –û–ø—Ç/–î—Ä–æ–ø",https://uk.tgstat.com/channel/@BKH_403,https://t.me/BKH_403
Legend Group||–ü—Ä—è–º–æ–π –ø–æ—Å—Ç–∞–≤—â–∏–∫ –∂–µ–Ω—Å–∫–æ–π –æ–¥–µ–∂–¥—ã||–†—ã–Ω–æ—á–Ω–∞—è 2446,https://uk.tgstat.com/channel/@legendgroup2020,https://t.me/legendgroup2020
‚ù§Ô∏è–û–ë–£–í–¨ –õ–ê–ü–û–ù–û–ì‚ù§Ô∏è,https://uk.tgstat.com/channel/@godno_mod,https://t.me/godno_mod
–û–ø–∏—Å–∞–Ω–∏–µ –ø—Ä–æ–¥—É–∫—Ü–∏–∏ –õ–∏–≤–µ—Å—Ç–∞,https://uk.tgstat.com/channel/@livestaproductsview,https://t.me/livestaproductsview
"SUM DROP | –°–£–ú–ö–ò, –ì–ê–ú–ê–ù–¶–Ü‚Ä¶",https://uk.tgstat.com/channel/@sumkishopua,https://t.me/sumkishopua
–ú–∞—Ä–∏ –ü—Ä–æ–∏–∑–≤–æ–¥–∏—Ç–µ–ª—å,https://uk.tgstat.com/channel/@mari_proizvoditel,https://t.me/mari_proizvoditel
DIAMART. –ö–û–ü–Ü–á –ë–†–ï–ù–î–Ü–í. –î—Ä–æ–ø—à–∏–ø–ø–∏–Ω–≥,https://uk.tgstat.com/channel/@DIAMART,https://t.me/DIAMART
–ü–∏–∂–∞–º—ã –¥—Ä–æ–ø/–æ–ø—Ç–æ–º_Mimi_ua,https://uk.tgstat.com/channel/@mimi_ua_drop,https://t.me/mimi_ua_drop
YAskravyi odyah –†—ã–Ω–æ—á–Ω–∞—è 5035,https://uk.tgstat.com/channel/@ya_r5035,https://t.me/ya_r5035
"""Zlata Style"" 7–∫–º —É–ª. –°–∏–Ω—è—è 1006",https://uk.tgstat.com/channel/@zlatastyle,https://t.me/zlatastyle
–§–û–†–ï–û –Ø–ù–ì,https://uk.tgstat.com/channel/@foreoyoung,https://t.me/foreoyoung
üá∫üá∏ü§©OFFICIAL STORE USAü§©üá∫üá∏,https://uk.tgstat.com/channel/@officialstoreusa,https://t.me/officialstoreusa
abeauty shopüß°,https://uk.tgstat.com/channel/@abeautyshop,https://t.me/abeautyshop
Voropaev_shop –ø—Ä—è–º–∏–π –ø–æ—Å—Ç–∞—á–∞–ª—å–Ω–∏–∫,https://uk.tgstat.com/channel/@voropaev_shop_ua,https://t.me/voropaev_shop_ua
Rstyle_ua,https://uk.tgstat.com/channel/@rstyle_ua,https://t.me/rstyle_ua
–û–†–ï–ù–î–ê –ö–≤–∞—Ä—Ç–∏—Ä–∏ –õ–¨–í–Ü–í,https://uk.tgstat.com/channel/VQSMBCvll3thM2Qy,https://t.me/joinchat/VQSMBCvll3thM2Qy
Sale Lov_shoes –î—Ä–æ–ø—à–∏–ø–ø–∏–Ω–≥,https://uk.tgstat.com/channel/@lapti_up,https://t.me/lapti_up
Hype brand –ì–æ–ª—É–±–∞—è 1462,https://uk.tgstat.com/channel/J5h-QgNaosNhZWI6,https://t.me/joinchat/J5h-QgNaosNhZWI6
üëó–ñ–Ü–ù–û–ß–ò–ô –û–î–Ø–ìüëó (–ê. SOKOLOVA),https://uk.tgstat.com/channel/@dressfromsokolova,https://t.me/dressfromsokolova
Fashion baza7km,https://uk.tgstat.com/channel/@fashionbaza7km,https://t.me/fashionbaza7km
women_shopp.ua üõçÔ∏è –î—Ä–æ–ø—à–∏–ø–ø—ñ–Ω–≥ –û–ü–¢,https://uk.tgstat.com/channel/@women_shop_ua,https://t.me/women_shop_ua
–†–∞–∑–≥—Ä—É–∑–∫–∞ 800,https://uk.tgstat.com/channel/@APPLELINE_800,https://t.me/APPLELINE_800
–í–û–ö–†–£–ì –ü–†–û–î–ê–ñ –° –û–õ–¨–ì–û–ô –ö–û–°–Ø–ö–û–í–û–ô,https://uk.tgstat.com/channel/@OlgaoProdajah,https://t.me/OlgaoProdajah
L Y N X,https://uk.tgstat.com/channel/@lynx_shop_ua,https://t.me/lynx_shop_ua
–ö—Ä–æ—Å—Å–æ–≤–∫–∏ –û–ø—Ç–æ–º –ò–∑ –ö–∏—Ç–∞—è,https://uk.tgstat.com/channel/@KrossovkiOptomm,https://t.me/KrossovkiOptomm
#KROSS DROP,https://uk.tgstat.com/channel/@kross_drop_kd,https://t.me/kross_drop_kd
–ò—â—É –º–æ–¥–µ–ª—å –û–¥–µ—Å—Å–∞,https://uk.tgstat.com/channel/@krasa_Odessa,https://t.me/krasa_Odessa
#ùë≥ùíêùíóùíÜùíîùíâùíêùíÜùíî_ùíîùíâùíêùíë üë†,https://uk.tgstat.com/channel/@loveshoes_shop,https://t.me/loveshoes_shop
Tintirella üá∫üá¶–î—Ä–æ–ø/–æ–ø—Ç-–∂—ñ–Ω–æ—á–∏–π –æ–¥—è–≥,https://uk.tgstat.com/channel/@Tintirella,https://t.me/Tintirella
–î–†–û–ü. DOLGIH STORE,https://uk.tgstat.com/channel/@Dolgih_drop,https://t.me/Dolgih_drop
luxzone_ua,https://uk.tgstat.com/channel/@luxzone_ukraine,https://t.me/luxzone_ukraine
Intruder Women Drop,https://uk.tgstat.com/channel/@intruder_women_drop,https://t.me/intruder_women_drop
Woman_Size,https://uk.tgstat.com/channel/@woman_size,https://t.me/woman_size
Skill drop | –î—Ä–æ–ø | –û–ø—Ç,https://uk.tgstat.com/channel/@skill_drop,https://t.me/skill_drop
Clothes | Auction,https://uk.tgstat.com/channel/@clothesauction1,https://t.me/clothesauction1
opt_ukraine,https://uk.tgstat.com/channel/@opt_ukraine11,https://t.me/opt_ukraine11
VLASOVA (—Ä–∞–∑–≥—Ä—É–∑–∫–∞ 4434),https://uk.tgstat.com/channel/@vlasova_od,https://t.me/vlasova_od
"AVOCADOüíö–î—Ä–æ–ø—à–∏–ø—ñ–Ω–≥, –ø—Ä—è–º–∏–π –ø–æ—Å—Ç–∞—á–∞–ª—å–Ω–∏–∫ –æ–¥—è–≥—Éü•ë",https://uk.tgstat.com/channel/@avokado_ua,https://t.me/avokado_ua
Floz. –ù–∞–ª–∏—á–∏–µ –†–∞—Å–ø–∏–≤ –£–ö–†–ê–ò–ù–ê –ü–û–õ–¢–ê–í–ê,https://uk.tgstat.com/channel/@flozcomua,https://t.me/flozcomua
Monster brand/–î—Ä–æ–ø—à–∏–ø–ø—ñ–Ω–≥/–æ–ø—Ç,https://uk.tgstat.com/channel/@monsterbrandd,https://t.me/monsterbrandd
Bella Hadid / –ë–µ–ª–ª–∞ –•–∞–¥–∏–¥,https://uk.tgstat.com/channel/@bhadiddaily,https://t.me/bhadiddaily
Ukrainian Shop UK,https://uk.tgstat.com/channel/@ukrainian_shopUK,https://t.me/ukrainian_shopUK
–û–¥—è–≥/–û–¥–µ–∂–¥–∞ –õ—é–¥–º–∏–ª–∞,https://uk.tgstat.com/channel/@lyudmilaashop,https://t.me/lyudmilaashop
tm Dress_HOUSE,https://uk.tgstat.com/channel/@dress_house,https://t.me/dress_house
Zarema,https://uk.tgstat.com/channel/@zaremawear,https://t.me/zaremawear
Woman_PlusSize,https://uk.tgstat.com/channel/@woman_plussize,https://t.me/woman_plussize
–ü–∞—Ä—Ñ—é–º–∞–Ω—ñ—è,https://uk.tgstat.com/channel/@marikol,https://t.me/marikol
Tiffani shop 7km –¥—Ä–æ–ø/–æ–ø—Ç‚Ä¢–ü—Ä—è–º–∏–π –ü–æ—Å—Ç–∞—á–∞–ª—å–Ω–∏–∫,https://uk.tgstat.com/channel/@tifani_7km,https://t.me/tifani_7km
–ó —É—Å—ñ—Ö —Å–∏–ª,https://uk.tgstat.com/channel/@cantfeelmyfashion,https://t.me/cantfeelmyfashion
–ó—ñ—Ä–æ—á–∫–∞_–≤–æ–ª–æ–Ω—Ç–µ—Ä—Å—Ç–≤–æ,https://uk.tgstat.com/channel/@Ziro4ka_shop,https://t.me/Ziro4ka_shop
KILIMAR DROP,https://uk.tgstat.com/channel/@Kilimar_Drop,https://t.me/Kilimar_Drop
Imidge.com.ua,https://uk.tgstat.com/channel/@IMIDGE_magazin,https://t.me/IMIDGE_magazin
üíôüíõRECHIüíõüíô –ü—Ä—è–º–∏–π –ø–æ—Å—Ç–∞—á–∞–ª—å–Ω–∏–∫ –∂—ñ–Ω–æ—á–∏–π –æ–¥—è–≥ 7 –∫–º –û–¥–µ—Å–∞,https://uk.tgstat.com/channel/@optovayatochka7km,https://t.me/optovayatochka7km
–ò—â—É –º–æ–¥–µ–ª—å | –û–¥–µ—Å—Å–∞,https://uk.tgstat.com/channel/@bestmodels_odessa,https://t.me/bestmodels_odessa
–ò—â—É –º–æ–¥–µ–ª—å –î–Ω–µ–ø—Ä,https://uk.tgstat.com/channel/@models_dnipro,https://t.me/models_dnipro
Demi‚Äôs store drop | –ü–æ—Å—Ç–∞—á–∞–ª—å–Ω–∏–∫ –∂—ñ–Ω–æ—á–æ–≥–æ –æ–¥—è–≥—É,https://uk.tgstat.com/channel/@demisstoredrop,https://t.me/demisstoredrop
Ukrainian Fashion Week,https://uk.tgstat.com/channel/@ukrainianfashionweek_official,https://t.me/ukrainianfashionweek_official
"7 –∫–º , –ë–µ–∂–µ–≤–∞—è 1105 —Ç—É—Ä–µ—Ü–∫–∞—è –æ–¥–µ–∂–¥–∞",https://uk.tgstat.com/channel/@mason_odejda,https://t.me/mason_odejda
Tosca_blu_ua,https://uk.tgstat.com/channel/@tosca_blu_ua,https://t.me/tosca_blu_ua
SHYNES MARKET | –ê–£–ö–¶–Ü–û–ù | –û–î–Ø–ì | –°–ï–ö–û–ù–î–•–ï–ù–î,https://uk.tgstat.com/channel/@shynesmarket,https://t.me/shynesmarket
–ñ–Ü–ù–û–ß–ï –í–ó–£–¢–¢–Ø –î–†–û–ü–®–ò–ü–Ü–ù–ì / –û–ø—Ç –ü–û–°–¢–ê–ß–ê–õ–¨–ù–ò–ö –û–î–ï–°–ê | FashionDay –£–ö–†–ê–á–ù–ê,https://uk.tgstat.com/channel/@obuvodessaopt,https://t.me/obuvodessaopt
LIVESTA Info,https://uk.tgstat.com/channel/@livesta_info,https://t.me/livesta_info
üîùSALEüîù–ú–∞–≥–∞–∑–∏–Ω –û–±—É–≤–∏-Fashion_Stile,https://uk.tgstat.com/channel/@SALE_FashionStileAlenaBezrukova,https://t.me/SALE_FashionStileAlenaBezrukova
–ú–∞–∂–æ—Ä –ú–∞–∂–æ—Ä–æ–≤,https://uk.tgstat.com/channel/@majorka_7km,https://t.me/majorka_7km
–ú–∞–Ω–∏–∫—é—Ä |–î–∏–∑–∞–π–Ω –Ω–æ–≥—Ç–µ–π,https://uk.tgstat.com/channel/@asyakalitaND,https://t.me/asyakalitaND
Katya_shoping_ukr,https://uk.tgstat.com/channel/@katya_shoping_ukr,https://t.me/katya_shoping_ukr
–ö—Ä–æ—Å—ñ–≤–∫–∏_sale,https://uk.tgstat.com/channel/@sneakers_bober,https://t.me/sneakers_bober
"Obuff –¥—Ä–æ–ø, –æ–ø—Ç, —Å–ø, –∫—Ä–æ—Å—Å–æ–≤–∫–∏",https://uk.tgstat.com/channel/@obuff_com,https://t.me/obuff_com
–¢–∞–∫—Ç–∏—á–Ω–µ –°–ø–æ—Ä—è–¥–∂–µ–Ω–Ω—è cloud,https://uk.tgstat.com/channel/@cloudstoua,https://t.me/cloudstoua
Gola Bosa SALE,https://uk.tgstat.com/channel/@gola1bosa1shop,https://t.me/gola1bosa1shop
–î—Ä–æ–ø—à–∏–ø—ñ–Ω–≥ –£–∫—Ä–∞—ó–Ω–∞ | –¢–æ–≤–∞—Ä–∫–∞ –£–∫—Ä–∞—ó–Ω–∞,https://uk.tgstat.com/channel/@ukr_dropp,https://t.me/ukr_dropp
–î–†–û–ü–®–ò–ü–Ü–ù–ì | –ë–ê–ó–ê –ü–û–°–¢–ê–ß–ê–õ–¨–ù–ò–ö–Ü–í,https://uk.tgstat.com/channel/@dropppuaa,https://t.me/dropppuaa
–°–ø–æ—Ä—Ç–∏–≤–Ω–∞—è –æ–±—É–≤—å Kesha Shoes Drop. –î—Ä–æ–ø—à–∏–ø–ø–∏–Ω–≥. –ö—Ä–æ—Å—Å–æ–≤–∫–∏ –ö–∏–µ–≤.üá∫üá¶,https://uk.tgstat.com/channel/@KeshaShoesDrop,https://t.me/KeshaShoesDrop
ArtFashion,https://uk.tgstat.com/channel/@ArtFeshon,https://t.me/ArtFeshon
‚ìÇÔ∏èamma_‚ìÇÔ∏èariaüáÆüáπüáÆüáπüáÆüáπ,https://uk.tgstat.com/channel/@mammamariaitaly,https://t.me/mammamariaitaly
brabrabra.ua,https://uk.tgstat.com/channel/@brabrabra_your,https://t.me/brabrabra_your
CRAFT UKRAINE,https://uk.tgstat.com/channel/@craftukraine,https://t.me/craftukraine
–•–û–ß–£ –°–¢–ê–¢–¨ –î–†–û–ü–®–ò–ü–ü–ï–†–û–ú,https://uk.tgstat.com/channel/@femenitydrop,https://t.me/femenitydrop
Pretty_Woman –∞–≤–∞–Ω–≥–∞—Ä–¥–Ω–∞ 4926,https://uk.tgstat.com/channel/@pretty_woman_4926,https://t.me/pretty_woman_4926
Vivien üíôüíõ–†—ã–Ω–æ—á–Ω–∞—è 1358üíôüíõ,https://uk.tgstat.com/channel/@vivien_rinochna1358,https://t.me/vivien_rinochna1358
–ò—â—É –ú–æ–¥–µ–ª—å –•–∞—Ä—å–∫–æ–≤,https://uk.tgstat.com/channel/@kharkovmod,https://t.me/kharkovmod
üåπL&Süåπ (Laviky_Shop) üõç ‚óè –î—Ä–æ–ø—à–∏–ø–ø—ñ–Ω–≥ ‚óè –û–ø—Ç ‚óè 7 –∫–º,https://uk.tgstat.com/channel/@odessa7kmb2,https://t.me/odessa7kmb2
–ü–∞—Ä—Ñ—É–ºüå∏ —Ç–µ—Å—Ç–µ—Ä–∏ üå∏ —Ç—É–∞–ª–µ—Ç–Ω–∞ –≤–æ–¥–∞üå∏,https://uk.tgstat.com/channel/@molecule365,https://t.me/molecule365
Almazov_shop_official,https://uk.tgstat.com/channel/@almazov_shop_officiall,https://t.me/almazov_shop_officiall
–≠—Å—Ç–µ—Ç–∏–∫–∞ –∞–Ω–¥–µ–≥—Ä–∞—É–Ω–¥ üï∏Ô∏è,https://uk.tgstat.com/channel/@undergroundkil,https://t.me/undergroundkil
üá∫üá¶–û–¥—è–≥ –Ω–∞ –≤—Å—ñ –≤–∏–ø–∞–¥–∫–∏ —Å—Ç–∏–ª—é. –ù–∞–π–∫—Ä–∞—â—ñ —Ü—ñ–Ω–∏üî•,https://uk.tgstat.com/channel/@ukrainecloth,https://t.me/ukrainecloth
SunShop –ø–æ—Å—Ç–∞—á–∞–ª—å–Ω–∏–∫ –æ–¥—è–≥—É,https://uk.tgstat.com/channel/@optsunshop_com,https://t.me/optsunshop_com
PION –°–∏–Ω—è—è 1520,https://uk.tgstat.com/channel/@pionproizvoditel,https://t.me/pionproizvoditel
LuxShop - ODEZDA.NET.UA ‚Ñ¢,https://uk.tgstat.com/channel/@ukrainedesigner,https://t.me/ukrainedesigner
WBEAUTY.ROOM,https://uk.tgstat.com/channel/@worldwidecosmetics,https://t.me/worldwidecosmetics
Brave sport wear DROP,https://uk.tgstat.com/channel/@brave_sport_wear_DROP,https://t.me/brave_sport_wear_DROP
–ë–ê–ô–Ñ–† –°–ï–†–í–Ü–° PLUM,https://uk.tgstat.com/channel/@plum_store,https://t.me/plum_store
black_molok0,https://uk.tgstat.com/channel/@black_molok0,https://t.me/black_molok0
Alanterz,https://uk.tgstat.com/channel/@alanterz,https://t.me/alanterz
feel sexy babe üëÑ,https://uk.tgstat.com/channel/@feelsexyy,https://t.me/feelsexyy
"–ö—Ä–æ—Å—ñ–≤–∫–∏ ""Yagama"" üá∫üá¶",https://uk.tgstat.com/channel/@yagama_shoes,https://t.me/yagama_shoes
–†–æ–∑—Ä–∞–¥–∞,https://uk.tgstat.com/channel/@ro3radatvoya,https://t.me/ro3radatvoya
(!!!A A–ì–æ–ª—É–±–∞—è 1425 –Ω–æ–≤—ã–µ —Ä–æ–ª–µ—Ç—ã,https://uk.tgstat.com/channel/@annaarmen111,https://t.me/annaarmen111
–ë—å—é—Ç–∏ –ú–∞—Å—Ç–µ—Ä–∞ –£–∫—Ä–∞–∏–Ω–∞ üòç,https://uk.tgstat.com/channel/@byttymaster,https://t.me/byttymaster
Jadone Fashion,https://uk.tgstat.com/channel/@jadoneopt,https://t.me/jadoneopt
tm Amber üíï –º–∞–≥–∞–∑–∏–Ω –∂—ñ–Ω–æ—á–æ–≥–æ –æ–¥—è–≥—É,https://uk.tgstat.com/channel/@tmamber,https://t.me/tmamber
–î—Ä–æ–ø–®–∏–ø–ø—ñ–Ω–≥ | Manner Shop üá∫üá¶,https://uk.tgstat.com/channel/@DropShpp,https://t.me/DropShpp
–£–∫—Ä–∑–æ–ª–æ—Ç–æ Ô∏è,https://uk.tgstat.com/channel/@ukrzoloto,https://t.me/ukrzoloto
Kross Vlad Drop –î—Ä–æ–ø—à–∏–ø–ø—ñ–Ω–≥ / –°–∫–ª–∞–¥ / –£–∫—Ä–∞—ó–Ω–∞,https://uk.tgstat.com/channel/@krossvlad_drop,https://t.me/krossvlad_drop
TM Dressa - –≤–∏—Ä–æ–±–Ω–∏–∫ –∂—ñ–Ω–æ—á–æ–≥–æ –æ–¥—è–≥—É,https://uk.tgstat.com/channel/@dressadrop,https://t.me/dressadrop
üí£ Bombitta üí£ XL+ –ñ–µ–Ω—Å–∫–∞—è –æ–¥–µ–∂–¥–∞üî•,https://uk.tgstat.com/channel/@bombitta_style_XL,https://t.me/bombitta_style_XL
–ü–ª–∞—Ç—å—è –¥–ª–∏–Ω–Ω—ã–π —Ä—É–∫–∞–≤,https://uk.tgstat.com/channel/@fashion_style_platya,https://t.me/fashion_style_platya
ùêÅùêÆùê≠ùê¢ùê§ ùêÑùê•ùê•ùê¢ùê¶ùêöùê´ùêûùê•ùê•ùê¢,https://uk.tgstat.com/channel/@butik_ellimarelli,https://t.me/butik_ellimarelli
Accessories Drop/Opt,https://uk.tgstat.com/channel/@accessories_drop_opt,https://t.me/accessories_drop_opt
lakotiy_ston,https://uk.tgstat.com/channel/@lakotiy_ston,https://t.me/lakotiy_ston
ANDRE TAN,https://uk.tgstat.com/channel/9CK9bYoTqAtiNzdi,https://t.me/joinchat/9CK9bYoTqAtiNzdi
–°–∏–Ω—è—è 1525 Natali Sweet,https://uk.tgstat.com/channel/@NataliSweetOdessa,https://t.me/NataliSweetOdessa
CHOCOLATE,https://uk.tgstat.com/channel/@chocolate_ua,https://t.me/chocolate_ua
OH|BABY,https://uk.tgstat.com/channel/@oohhbaby,https://t.me/oohhbaby
Margo_sale‚ÄºÔ∏è,https://uk.tgstat.com/channel/RIlEMsx9GG9yGX-L,https://t.me/joinchat/RIlEMsx9GG9yGX-L
–ü—Ä—è–º–∏–π –ü–û–°–¢–ê–ß–ê–õ–¨–ù–ò–ö 7–∫–ºüëç UA,https://uk.tgstat.com/channel/@barabashovoand7km,https://t.me/barabashovoand7km
Party_cosmetics24,https://uk.tgstat.com/channel/@Party_cosmetics24,https://t.me/Party_cosmetics24
BB CLUB üíôüíõ,https://uk.tgstat.com/channel/@BBCLUBua,https://t.me/BBCLUBua
READY-TO-WEAR,https://uk.tgstat.com/channel/@readytowearstyle,https://t.me/readytowearstyle
–®—É–∫–∞—é –º–æ–¥–µ–ª—å –•–∞—Ä–∫—ñ–≤,https://uk.tgstat.com/channel/@kharkiv_modelis,https://t.me/kharkiv_modelis
üîù–ê–£–ö–¶–Ü–û–ù –û–î–Ø–ì–£üòé,https://uk.tgstat.com/channel/@AuctionBrandClothing,https://t.me/AuctionBrandClothing
Lo_Renüçí –†—ã–Ω–æ—á–Ω–∞—è 4948,https://uk.tgstat.com/channel/@lo_ren4951,https://t.me/lo_ren4951
HelloHelen.ua,https://uk.tgstat.com/channel/@hellohelenukraine,https://t.me/hellohelenukraine
BoykoDrop,https://uk.tgstat.com/channel/Uui0sMkoX9lq5lmN,https://t.me/joinchat/Uui0sMkoX9lq5lmN
–†–æ–∑–ø—Ä–æ–¥–∞–∂ –∂—ñ–Ω–æ—á–æ–≥–æ –≤–∑—É—Ç—Ç—è üí£,https://uk.tgstat.com/channel/@obuvkaSale,https://t.me/obuvkaSale
DAEOS DROP/–ß–æ–ª–æ–≤—ñ—á–∏–π –æ–¥—è–≥ (—è–∫—ñ—Å–Ω—ñ –∫–æ–ø—ñ—ó –±—Ä–µ–Ω–¥—É),https://uk.tgstat.com/channel/@daeos_dropp,https://t.me/daeos_dropp
–ú–∞—Ç–µ—Ä–∏–∞–ª—ã –¥–ª—è –º–∞–Ω–∏–∫—é—Ä–∞ –ú–∞—Ä–∏—É–ø–æ–ª—å,https://uk.tgstat.com/channel/@vsedlyamanicura_brd_mrpl,https://t.me/vsedlyamanicura_brd_mrpl
–ö—Ä–∞—Å—É–Ω—è üíÉ,https://uk.tgstat.com/channel/@krasunyaua,https://t.me/krasunyaua
Dropshipping Yaremia,https://uk.tgstat.com/channel/@drop_yaremia,https://t.me/drop_yaremia
AXO DROP,https://uk.tgstat.com/channel/@drop_axo,https://t.me/drop_axo
clothing_cherry_man,https://uk.tgstat.com/channel/@clothing_cherry_man,https://t.me/clothing_cherry_man
Beauty Paris For Ukraine,https://uk.tgstat.com/channel/@beauty_paris_ua,https://t.me/beauty_paris_ua
groholskay_brand,https://uk.tgstat.com/channel/@u_style_ua,https://t.me/u_style_ua
–ë—Ä–µ–Ω–¥–æ–≤—ã–µ –≤–µ—â–∏/—Ç–æ–≤–∞—Ä–∫–∞/Stokov,https://uk.tgstat.com/channel/@stokovandrey,https://t.me/stokovandrey
FASHION UA: –ø—Ä–æ –º–æ–¥—É —ñ —Å—Ç–∏–ª—å,https://uk.tgstat.com/channel/FXwmEJIHXAVkYzBk,https://t.me/joinchat/FXwmEJIHXAVkYzBk
ùóîùóüùóòùó´ùó¢ùó° | –†—é–∫–∑–∞–∫–∏ | –°—É–º–∫–∏| –ë–∞—Ä—Å–µ—Ç–∫–∏,https://uk.tgstat.com/channel/@alexonstore,https://t.me/alexonstore
–®—É–∫–∞—é –ú–æ–¥–µ–ª—å –ö–∏—ó–≤,https://uk.tgstat.com/channel/@kievmodelis,https://t.me/kievmodelis
Dolce sale,https://uk.tgstat.com/channel/@Saledolcevita,https://t.me/Saledolcevita
AniTi clothing storeüá∫üá¶,https://uk.tgstat.com/channel/@AniTiatelier,https://t.me/AniTiatelier
–î—Ä–æ–ø—à–∏–ø—ñ–Ω–≥ —á–æ–ª–æ–≤—ñ—á–∏—Ö —Å—É–º–æ–∫|Barsetki_luxe,https://uk.tgstat.com/channel/@barsetki_luxe,https://t.me/barsetki_luxe
–®—É–∫–∞—é –º–æ–¥–µ–ª—å - –ö–∏—ó–≤,https://uk.tgstat.com/channel/@model_kyiv,https://t.me/model_kyiv
–ö–æ—Å–º–µ—Ç–∏–∫–∞ –î—Ä–æ–ø—à–∏–ø–ø—ñ–Ω–≥ –î—Ä–æ–ø,https://uk.tgstat.com/channel/@kosmetosdrop,https://t.me/kosmetosdrop
–ü—Ä—è–º–∏–π –ø–æ—Å—Ç–∞—á–∞–ª—å–Ω–∏–∫ –∂—ñ–Ω–æ—á–æ–≥–æ –≤–∑—É—Ç—Ç—è üë†,https://uk.tgstat.com/channel/@gudshose,https://t.me/gudshose
BONA MENTE de luxe,https://uk.tgstat.com/channel/@bmdeluxe_anons,https://t.me/bmdeluxe_anons
"Leon –≤–∑—É—Ç—Ç—è –≤—ñ–¥ –≤–∏—Ä–æ–±–Ω–∏–∫–∞, –î—Ä–æ–ø, –æ–ø—Ç",https://uk.tgstat.com/channel/@leonvzuttyadrop,https://t.me/leonvzuttyadrop
Nice nails,https://uk.tgstat.com/channel/@nicenails555,https://t.me/nicenails555
–¢–û–í–ê–†–©–ò–ö | –î–†–û–ü | –û–ü–¢,https://uk.tgstat.com/channel/@trushnoy,https://t.me/trushnoy
"UKRPOL | –û–ü–¢ NIKE, ADIDAS, PUMA, NB, Calvin Klein, Guess",https://uk.tgstat.com/channel/@ukrpolopt,https://t.me/ukrpolopt
Lemberg Drop Lviv (–û–¥—è–≥) / –î—Ä–æ–ø—à–∏–ø–ø–∏–Ω–≥ –æ–¥–µ–∂–¥—ã / –ü–æ—Å—Ç–∞–≤—â–∏–∫ –æ–¥–µ–∂–¥—ã,https://uk.tgstat.com/channel/@LembergDropLvivClothes,https://t.me/LembergDropLvivClothes
Kintsugi cosplay,https://uk.tgstat.com/channel/@kintsugi_cosplay,https://t.me/kintsugi_cosplay
–µ–Ω—Ç—É–∑—ñ–∞—Å—Ç,https://uk.tgstat.com/channel/@entuziastonline,https://t.me/entuziastonline
–∏–¥–µ–∏ –¥–ª—è –º–∞–Ω–∏–∫—é—Ä–∞ üíÖüèªüéÄ,https://uk.tgstat.com/channel/@manicurefromtiktok,https://t.me/manicurefromtiktok
Shoppomanija_resale,https://uk.tgstat.com/channel/@Shoppomanijaresale,https://t.me/Shoppomanijaresale
Top_drop | –¢–µ—Ä–º–æ–±—ñ–ª–∏–∑–Ω–∞ | –•—É–¥—ñ | –ü—ñ–∂–∞–º–∏,https://uk.tgstat.com/channel/@termodrop1,https://t.me/termodrop1
"–ê–∫—Å–µ—Å—É–∞—Ä–∏ ( –∫—É–ø–∞–ª—å–Ω–∏–∫–∏, –Ω–∏–∂–Ω—è –±—ñ–ª–∏–∑–Ω–∞, —Å—É–º–∫–∏, –≤–∑—É—Ç—Ç—è —ñ –±–∞–≥–∞—Ç–æ —ñ–Ω—à–æ–≥–æ) igle",https://uk.tgstat.com/channel/@biluznaigle,https://t.me/biluznaigle
–ü–µ—Ä—à–∏–π –º–∞–∫—ñ—è–∂–Ω–∏–π,https://uk.tgstat.com/channel/2ZS1VdOLdBI4N2U6,https://t.me/joinchat/2ZS1VdOLdBI4N2U6
ENERGETIKA.XFASHION.GIRLS,https://uk.tgstat.com/channel/@energetikaxfashiongirl,https://t.me/energetikaxfashiongirl
–ñ—ñ–Ω–æ—á–∏–π –æ–¥—è–≥,https://uk.tgstat.com/channel/@tut_vashmag,https://t.me/tut_vashmag
üí£ Bombittaüí£–ë—ñ–ª–∏–∑–Ω–∞,https://uk.tgstat.com/channel/@bombitta_kupalnik_beliu,https://t.me/bombitta_kupalnik_beliu
MEGASPORT,https://uk.tgstat.com/channel/@megasport_ua,https://t.me/megasport_ua
"–ê–≤–∞–Ω–≥–∞—Ä–¥–Ω–∞—è 2426 ,1 –ø—Ä–æ–ª–µ—Ç .–û–¥–µ–∂–¥–∞ 42-66+ –¥–µ—Ç—Å–∫–æ–µ 7–∫–º . @svetlanavladova",https://uk.tgstat.com/channel/@odegda801,https://t.me/odegda801
–ú—É–∂—Å–∫–∞—è –æ–¥–µ–∂–¥–∞ 7 –ö–ú –û–ü–¢/–î–†–û–ü/–†–û–ó–ù–ò–¶–ê,https://uk.tgstat.com/channel/@menshop7km,https://t.me/menshop7km
PARTISAN,https://uk.tgstat.com/channel/@partisan_ua,https://t.me/partisan_ua
–ò—â—É –º–æ–¥–µ–ª—å –ö–∏–µ–≤,https://uk.tgstat.com/channel/@KievModeliTOP,https://t.me/KievModeliTOP
–ò—â—É –º–æ–¥–µ–ª—å | –•–∞—Ä—å–∫–æ–≤,https://uk.tgstat.com/channel/@bestmodels_kharkov,https://t.me/bestmodels_kharkov
"ü•ù –î—Ä–æ–ø kiwi (–æ—á–∫–∏, –∫–æ—à–µ–ª—å–∫–∏, —Ç—Ä—É—Å—ã)üá∫üá¶",https://uk.tgstat.com/channel/@ua_kiwi,https://t.me/ua_kiwi
BOMOND,https://uk.tgstat.com/channel/@bomond_ua,https://t.me/bomond_ua
7Dreamsport Drop Shoes,https://uk.tgstat.com/channel/@drop_shoes_7dreamsport,https://t.me/drop_shoes_7dreamsport
anysskaq,https://uk.tgstat.com/channel/@anysskaqq,https://t.me/anysskaqq
KARDASHIANS | JENNERS,https://uk.tgstat.com/channel/@kardashian_jenner,https://t.me/kardashian_jenner
Modna.Ya_ya,https://uk.tgstat.com/channel/@modnayaya,https://t.me/modnayaya
–Æ—Ä–∏–π Rostov,https://uk.tgstat.com/channel/@yuriyrostovchannel,https://t.me/yuriyrostovchannel
UA MANIK | –ú–∞–Ω—ñ–∫—é—Ä,https://uk.tgstat.com/channel/@ua_manik,https://t.me/ua_manik
–ú–∞–ª—å–æ–≤–∞–Ω–∏–π —á–µ–Ω–µ–ª,https://uk.tgstat.com/channel/@malovanuichannel,https://t.me/malovanuichannel
MILLION BAGS,https://uk.tgstat.com/channel/@millionbags,https://t.me/millionbags
ViModa ‚Äì –ü–æ—Å—Ç–∞–≤—â–∏–∫,https://uk.tgstat.com/channel/@viimoda,https://t.me/viimoda
–°RYPTODOC | –ö–†–ò–ü–¢–û–î–û–ö,https://uk.tgstat.com/channel/@cryptodoc_ua,https://t.me/cryptodoc_ua
SJ.BOUTIQUE üáÆüáπ,https://uk.tgstat.com/channel/@sjbrandboutique,https://t.me/sjbrandboutique
M I N TüçÉ–ñ–µ–Ω—Å–∫–∞—è –æ–¥–µ–∂–¥–∞üçÉ–î—Ä–æ–ø—à–∏–ø–ø–∏–Ω–≥,https://uk.tgstat.com/channel/@mint_dropp,https://t.me/mint_dropp
MAN_IN_STYLE | –ü—Ä—è–º–∏–π –ø–æ—Å—Ç–∞—á–∞–ª—å–Ω–∏–∫üëöüëñ,https://uk.tgstat.com/channel/@my_ledy,https://t.me/my_ledy
üíÖ–ú–∞–Ω—ñ–∫—é—Ä üíÖ–¥–∏–∑–∞–π–ΩüíÖ,https://uk.tgstat.com/channel/2vmUqPE4WCI1MTYy,https://t.me/joinchat/2vmUqPE4WCI1MTYy
Q-Lab –ú–æ–¥–µ–ª–∏ –ú–∞–Ω–∏–∫—é—Ä/–ë—Ä–æ–≤–∏ –ü–æ–∑–Ω—è–∫–∏,https://uk.tgstat.com/channel/@q_lab,https://t.me/q_lab
–ò—â—É –ú–æ–¥–µ–ª—å –£–∫—Ä–∞–∏–Ω–∞,https://uk.tgstat.com/channel/@Models_ua,https://t.me/Models_ua
EASY STOCK | –õ–û–¢–ò –í –ù–ê–Ø–í–ù–û–°–¢–Ü,https://uk.tgstat.com/channel/@easy_stock_nayavnist,https://t.me/easy_stock_nayavnist
–ò—â—É –º–æ–¥–µ–ª—å –º–∞–∫–∏—è–∂ –ø—Ä–∏—á–µ—Å–∫–∏ –ö–∏–µ–≤,https://uk.tgstat.com/channel/@vipModeliKiev,https://t.me/vipModeliKiev
–†–æ–±–æ—Ç–∞ –≤ –±—å—é—Ç—ñ —Å—Ñ–µ—Ä—ñ UA,https://uk.tgstat.com/channel/@Beautyrabotaua,https://t.me/Beautyrabotaua
üëóüëöüëñ–ñ–µ–Ω—Å–∫–∞—è –æ–¥–µ–∂–¥–∞/‚ô°–î–†–û–ü–®–ò–ü–ü–ò–ù–ì‚ô°,https://uk.tgstat.com/channel/@MorozElenaPostavchik,https://t.me/MorozElenaPostavchik
BOIICHUK | AUCTION | –ê–£–ö–¶–Ü–û–ù,https://uk.tgstat.com/channel/@boiichukauction,https://t.me/boiichukauction
IZI DROP | –ñ—ñ–Ω–æ—á–∏–π –æ–¥—è–≥ | –î—Ä–æ–ø—à–∏–ø–ø—ñ–Ω–≥ –ø–æ—Å—Ç–∞—á–∞–ª—å–Ω–∏–∫,https://uk.tgstat.com/channel/@rizidrop,https://t.me/rizidrop
ùëæùë∞ùë≥ùë´ùëªùëÆùë¥ùë®ùëπùë≤ùë¨ùëª,https://uk.tgstat.com/channel/@wildtgmarket,https://t.me/wildtgmarket
–û–ü–¢ –£–∫—Ä–∞—ó–Ω–∞ üá∫üá¶,https://uk.tgstat.com/channel/@OPT_UA01,https://t.me/OPT_UA01
–ñ—ñ–Ω–æ—á–∏–π –æ–¥—è–≥ Malinka Shopüçìüçìüçì‚ù§Ô∏è‚Äçüî•,https://uk.tgstat.com/channel/@malinkashop1,https://t.me/malinkashop1
–ó–±—ñ—Ä–∫–∞ –ê–ª—ñ–Ω–∏ –ë–æ–∂–Ω—é–∫ —Ç–∞ –õ—å–æ—à—ñ –ê–Ω,https://uk.tgstat.com/channel/@bozhniuk_an,https://t.me/bozhniuk_an
–ò—â—É –º–æ–¥–µ–ª—å –ö—Ä–∏–≤–æ–π –†–æ–≥,https://uk.tgstat.com/channel/@modelkakrivoyrog,https://t.me/modelkakrivoyrog
üá∫üá¶·¥ç&…¥ ·¥õ·¥ú Ä·¥ã·¥á èüáπüá∑ 7–∫–º –ì–æ–ª—É–±–∞—è 1455,https://uk.tgstat.com/channel/@M_N_Turkey,https://t.me/M_N_Turkey
JADOR,https://uk.tgstat.com/channel/@black_friday_jador,https://t.me/black_friday_jador
üíõ CHOCOLATE üíõ/ –æ–¥—è–≥/–∞–∫—Å–µ—Å—É–∞—Ä–∏/—Å—É–º–∫–∏ /–æ–ø—Ç / –¥—Ä–æ–ø / —Ä–æ–∑–¥—Ä—ñ–±,https://uk.tgstat.com/channel/@chocolate_fashion_store,https://t.me/chocolate_fashion_store
INSTA LOOK,https://uk.tgstat.com/channel/@instalookkiev,https://t.me/instalookkiev
"–ö—Ä–æ—Å—Å–æ–≤–∫–∏ –£–∫—Ä–∞–∏–Ω–∞, –∫—Ä–æ—Å—ñ–≤–∫–∏ —Ç–∞ –æ–¥—è–≥ –£–∫—Ä–∞—ó–Ω–∞",https://uk.tgstat.com/channel/@krossovki_online_ukraina,https://t.me/krossovki_online_ukraina
Marie Claire Ukraine,https://uk.tgstat.com/channel/@marieclaireua,https://t.me/marieclaireua
üîùüîäüí£ SHOP_BELT ( –†–ï–ú–ù–ò –•–ê–†–¨–ö–û–í )üîùüîäüí£,https://uk.tgstat.com/channel/@belt_shop,https://t.me/belt_shop
"–†–ê–°–ü–†–û–î–ê–ñ–ê 1555,1540",https://uk.tgstat.com/channel/@ElizSALE1555,https://t.me/ElizSALE1555
"""Zlata Style SALE"" —É–ª. –°–∏–Ω—è—è 1006 - 7–∫–º",https://uk.tgstat.com/channel/@zlatasale,https://t.me/zlatasale
–ì–£–†–¢ ( –û–ü–¢) –∑ –û–¥–µ—Å–∏,https://uk.tgstat.com/channel/@ReSale_Odessa,https://t.me/ReSale_Odessa
SAKURA DROP üíó–∂—ñ–Ω–æ—á—ñ —Å—É–º–∫–∏,https://uk.tgstat.com/channel/@sakura_dropp,https://t.me/sakura_dropp
PAPAYA blog,https://uk.tgstat.com/channel/@papayacv,https://t.me/papayacv
–Ω–∏–∫—Ç–æ –Ω–µ –≤—É–¥–∏ –∞–ª–ª–µ–Ω,https://uk.tgstat.com/channel/@allanstewart,https://t.me/allanstewart
fashion mess,https://uk.tgstat.com/channel/@fashionmess,https://t.me/fashionmess
–ó–∞–ø–∏—Å–∫–∏ –ø–∞—Ä—Ñ—é–º–µ—Ä–∞,https://uk.tgstat.com/channel/@perfume_guru,https://t.me/perfume_guru
üèÜ Premium Drop üèÜ,https://uk.tgstat.com/channel/@PremiumProdShoes,https://t.me/PremiumProdShoes
Gigi Hadid / –î–∂–∏–¥–∂–∏ –•–∞–¥–∏–¥,https://uk.tgstat.com/channel/@ghadiddaily,https://t.me/ghadiddaily
skBar,https://uk.tgstat.com/channel/@skBarPersonalShopping,https://t.me/skBarPersonalShopping
Rubaska –ü–û–°–¢–ê–ß–ê–õ–¨–ù–ò–ö / –í–ò–†–û–ë–ù–ò–ö —á–æ–ª–æ–≤—ñ—á–∏–π –æ–¥—è–≥,https://uk.tgstat.com/channel/@rubaskacom,https://t.me/rubaskacom
–ü–û–°–¢–ê–í–©–ò–ö–ò|–û–î–ï–ñ–î–ê|–û–î–ï–°–°–ê|–•–ê–†–¨–ö–û–í|–í–°–Ø –£–ö–†–ê–ò–ù–ê,https://uk.tgstat.com/channel/@ligapostavshikov,https://t.me/ligapostavshikov
KISVI brand –†–´–ù 5052,https://uk.tgstat.com/channel/@kisvibrand,https://t.me/kisvibrand
UKRAINE.TOP.TOPüá∫üá¶–ö–†–û–°–Ü–í–ö–ò,https://uk.tgstat.com/channel/@ukraine_top_top,https://t.me/ukraine_top_top
GarnaRich‚ÄºÔ∏èSALE‚ÄºÔ∏è—Å–∏–Ω—è—è1483,https://uk.tgstat.com/channel/@GarnaRichSALE,https://t.me/GarnaRichSALE
–û–±—É–≤—å –£–∫—Ä–∞–∏–Ω–∞ / –í–∑—É—Ç—Ç—è –£–∫—Ä–∞—ó–Ω–∞,https://uk.tgstat.com/channel/@instashoesshop,https://t.me/instashoesshop
–ò—â—É –º–æ–¥–µ–ª—å –ö–∏–µ–≤ | –®—É–∫–∞—é –º–æ–¥–µ–ª—å –ö–∏—ó–≤,https://uk.tgstat.com/channel/@be_my_model,https://t.me/be_my_model
Bounty Style,https://uk.tgstat.com/channel/@bounty_style,https://t.me/bounty_style
We Are Midjourney,https://uk.tgstat.com/channel/@WeAreMidjourney,https://t.me/WeAreMidjourney
–ú–∞—Ç—Ä—ë—à–∫–∏ ¬´—Ä–∞—Å–ø—Ä–æ–¥–∞–∂–∞¬ª,https://uk.tgstat.com/channel/@matryoshka_shara,https://t.me/matryoshka_shara
ùó†ùóîùóôùóúùóîùó•ùóúùó¶ùóò –≤–∑—É—Ç—Ç—è,https://uk.tgstat.com/channel/@mafiarisesneakers,https://t.me/mafiarisesneakers
Price_auctionü•∑,https://uk.tgstat.com/channel/@auctionshmot,https://t.me/auctionshmot
üå∫Bezlimitki_storeüíÉ–ñ–µ–Ω—Å–∫–∞—è –æ–¥–µ–∂–¥–∞,https://uk.tgstat.com/channel/@Bezlimitki_womenshop,https://t.me/Bezlimitki_womenshop
–∂—ñ–Ω–æ—á—ñ —Å—É–º–∫–∏ | –≥–∞–º–∞–Ω—Ü—ñ | —Ä–µ–º–µ–Ω—ñ,https://uk.tgstat.com/channel/@handbagua,https://t.me/handbagua
#sv_ shoes SALE ‚ù£Ô∏è –†–û–ó–ü–†–û–î–ê–ñ –í–ó–£–¢–¢–Ø,https://uk.tgstat.com/channel/@sale_sv,https://t.me/sale_sv
–ñ–Ü–ù–û–ß–ò–ô –û–î–Ø–ì –î–†–û–ü–®–ò–ü–ü–Ü–ù–ì –û–ü–¢ –ü–û–°–¢–ê–ß–ê–õ–¨–ù–ò–ö –û–î–ï–°–ê | FashionDay –ö–£–ü–ò–¢–ò –û–î–Ø–ì –ë–ê–¢–ê–õ –ö–ò–á–í –î–ù–Ü–ü–†–û –í–Ü–ù–ù–ò–¶–Ø –†–Ü–í–ù–ï –°–£–ú–ò –£–ö–†–ê–á–ù–ê –Ñ–í–†–û–ü–ê,https://uk.tgstat.com/channel/@fashionday_ua_7km,https://t.me/fashionday_ua_7km
–ì–ê–õ–ê–ö–¢–ò–ö–ê ART | –ú–∞–∫–µ–µ–≤–∫–∞ | –î–æ–Ω–µ—Ü–∫,https://uk.tgstat.com/channel/@galaktika_art,https://t.me/galaktika_art
"Kross Fit - –∫—Ä–æ—Å—Å–æ–≤–∫–∏ –º—É–∂—Å–∫–∏–µ –±—Ä–µ–Ω–¥–æ–≤—ã–µ - –£–∫—Ä–∞–∏–Ω–∞, –∫—É–ø–∏—Ç—å –∑–∞–∫–∞–∑–∞—Ç—å –ø—Ä–æ–¥–∞–∂–∞ –º–∞–≥–∞–∑–∏–Ω",https://uk.tgstat.com/channel/@krossfit_ua,https://t.me/krossfit_ua
Kerstin –≤–∑—É—Ç—Ç—è –¥—Ä–æ–ø üá∫üá¶,https://uk.tgstat.com/channel/@stok_opt_kerstin,https://t.me/stok_opt_kerstin
"üëëLUX_–°–£–ú–ö–ò,–û–î–Ø–ì,–í–ó–£–¢–¢–Ø",https://uk.tgstat.com/channel/@Q8kStwiyFbo2Nzli,https://t.me/Q8kStwiyFbo2Nzli
Mr.Drop,https://uk.tgstat.com/channel/@mrdropp,https://t.me/mrdropp
–ñ—ñ–Ω–æ—á–∏–π –æ–¥—è–≥ - Shopdrop - –î—Ä–æ–ø—à–∏–ø—ñ–Ω–≥ - –î—Ä–æ–ø,https://uk.tgstat.com/channel/@shopodessaodeja,https://t.me/shopodessaodeja
SKOROHODY 2.0,https://uk.tgstat.com/channel/@skorohody_orig,https://t.me/skorohody_orig
PARADISE - —É–ª. –°–∏–Ω—è—è 1493,https://uk.tgstat.com/channel/@paradise1493,https://t.me/paradise1493
DNKA –ì–ª–∞–¥—ã–∫ Sale,https://uk.tgstat.com/channel/@dnkagladyksale,https://t.me/dnkagladyksale
–ü–æ—Å—Ç–∞—á–∞–ª—å–Ω–∏–∫ –∂—ñ–Ω–æ—á–æ–≥–æ –≤–∑—É—Ç—Ç—è –¥—Ä–æ–ø –≥—É—Ä—Ç,https://uk.tgstat.com/channel/@postavshikobuvi,https://t.me/postavshikobuvi
NJUkraine Girls,https://uk.tgstat.com/channel/@njukraine_girl,https://t.me/njukraine_girl
–î—Ä–æ–ø —Å—É–º–æ–∫ Louis Vuitton –£–∫—Ä–∞–∏–Ω–∞ üá∫üá¶,https://uk.tgstat.com/channel/@ukraina_sumki,https://t.me/ukraina_sumki
–û–¥—è–≥ –¥–ª—è —Å–≤–æ—ó—Ö,https://uk.tgstat.com/channel/MCH6E_8SJIc2NTJi,https://t.me/joinchat/MCH6E_8SJIc2NTJi
LaNa_brandüéÄ –†–∏–Ω–æ—á–Ω–∞ 1346,https://uk.tgstat.com/channel/@LaNa_brand,https://t.me/LaNa_brand
"–ö—É—Ä—Ç–∫–∞,–ë–µ–∂–µ–≤–∞—è1122Margo‚òéÔ∏è+380932838447",https://uk.tgstat.com/channel/@kurtkamargo,https://t.me/kurtkamargo
–®–æ–®–æ—É—Ä—É–º,https://uk.tgstat.com/channel/@shoshowroom,https://t.me/shoshowroom
–û–Ω–∞ üáÆüáπ,https://uk.tgstat.com/channel/@selezneva_outlet,https://t.me/selezneva_outlet
–ï—Ä–æ—Ç–∏—á–Ω–∞ –∂—ñ–Ω–æ—á–∞ –±—ñ–ª–∏–∑–Ω–∞ UA,https://uk.tgstat.com/channel/@bikinix,https://t.me/bikinix
–ñ—ñ–Ω–æ—á–∏–π –æ–¥—è–≥ | Look Beautiful üíôüíõ,https://uk.tgstat.com/channel/@lookbeautiful_ua,https://t.me/lookbeautiful_ua
–ú–∞–≥–∞–∑–∏–Ω –∂–µ–Ω—Å–∫–æ–π –æ–¥–µ–∂–¥—ã ‚ù§Ô∏è –î—Ä–æ–ø—à–∏–ø–ø–∏–Ω–≥ ‚ù§Ô∏è –û–ø—Ç,https://uk.tgstat.com/channel/@MagazinOdezhdy,https://t.me/MagazinOdezhdy
–ë–∞—î—Ä –¢—É—Ä–µ—á—á–∏–Ω–∞ –û–ü–¢ üáπüá∑ üá∫üá¶,https://uk.tgstat.com/channel/@opt_tyrcuya,https://t.me/opt_tyrcuya
Dobronravov Drop | –î—Ä–æ–ø—à–∏–ø–ø–∏–Ω–≥ –û–±—É–≤—å / –ë–µ–ª—å—ë / –°–ª–∞–Ω—Ü—ã,https://uk.tgstat.com/channel/@dobronravov_drop,https://t.me/dobronravov_drop
Ô∏èÔ∏èBRANDS BASKETÔ∏è Ô∏èÔ∏è (Outlet),https://uk.tgstat.com/channel/@brands_basket,https://t.me/brands_basket
–¢–∏ - –∂—ñ–Ω–∫–∞ | –Ü–¥–µ—ó –º–∞–Ω—ñ–∫—é—Ä—É,https://uk.tgstat.com/channel/XuvVL_ewQ_40OGJi,https://t.me/joinchat/XuvVL_ewQ_40OGJi
–ò—â—É –º–æ–¥–µ–ª—å –ö–∏–µ–≤üíÖüëÑüíÜüèª‚Äç‚ôÄÔ∏èüíÑ‚úÇÔ∏èüíáüèº‚Äç‚ôÄÔ∏è,https://uk.tgstat.com/channel/@kyiv_beautiful_models1,https://t.me/kyiv_beautiful_models1
–ú–æ–¥–µ–ª–∏ Frisor,https://uk.tgstat.com/channel/@F_models,https://t.me/F_models
–¢–¶ Roksolana,https://uk.tgstat.com/channel/@tcroksolana,https://t.me/tcroksolana
–¢–ï 616,https://uk.tgstat.com/channel/@potavova,https://t.me/potavova
Buy_brands Italy,https://uk.tgstat.com/channel/@buy_brands,https://t.me/buy_brands
"üíô–ë'—é—Ç—ñ —á–∞—Ç ""–°—Ç–≤–æ—Ä–∏ —Å–µ–±–µ""üíõ",https://uk.tgstat.com/channel/@krasotakosmetika,https://t.me/krasotakosmetika
–Æ–ª—ñ—è corona_ shoes _brands,https://uk.tgstat.com/channel/@julia_corona_shoes,https://t.me/julia_corona_shoes
Fashiontema_ua,https://uk.tgstat.com/channel/@fashiontema,https://t.me/fashiontema
JERELIA,https://uk.tgstat.com/channel/@JERELIA_Official,https://t.me/JERELIA_Official
rl.rodes,https://uk.tgstat.com/channel/@rlrodes,https://t.me/rlrodes
–ú–µ–Ω—ñ —Ç—ñ–ª—å–∫–∏ –∫—ñ–Ω—á–∏–∫–∏ üíì,https://uk.tgstat.com/channel/@hairpolishingnastia,https://t.me/hairpolishingnastia
‚±ßot‡∏ørands,https://uk.tgstat.com/channel/@hotbrandsss,https://t.me/hotbrandsss
–ú–ï–¢–û–î–ò–ß–ö–ê | –Æ–õ–Ø –Ü–°–ê–ô,https://uk.tgstat.com/channel/@fashiontravel,https://t.me/fashiontravel
–û—á—ñ –ú–∏—Ä—É | Eyes of Peace,https://uk.tgstat.com/channel/@eyesofpeace,https://t.me/eyesofpeace
Alina –ë–∞—Ä–∞–±–∞—à–æ–≤–∞,https://uk.tgstat.com/channel/@alina_barabashova,https://t.me/alina_barabashova
üí£–ó–ê–ú–ï–†–´ –¢–û–í–ê–†–ê/Bombittaüí£,https://uk.tgstat.com/channel/@razmeru,https://t.me/razmeru
–Æ–≤–µ–ª—ñ—Ä–∫–∞,https://uk.tgstat.com/channel/@ukr_jewelry,https://t.me/ukr_jewelry
–Æ–ª–∏—è –û–ø—Ç 7 –ö–ú NORMA,https://uk.tgstat.com/channel/@juli_opt7km,https://t.me/juli_opt7km
–î—É—Ö–∏ –£–ö–†–ê–ò–ù–ê,https://uk.tgstat.com/channel/@fragrance_parfum,https://t.me/fragrance_parfum
–ó–∞–º–æ–≤–ª–µ–Ω–Ω—è –≤ –°–®–ê —É –î–µ–π–¥—Ä–µ,https://uk.tgstat.com/channel/@deydre_usa,https://t.me/deydre_usa
onfire - –æ–¥—è–≥ –≤—ñ–¥ –≤–∏—Ä–æ–±–Ω–∏–∫–∞,https://uk.tgstat.com/channel/@onfireua,https://t.me/onfireua
"–í—ñ–¥–µ–æ, –∞–∫—Ü—ñ—ó —Ç–∞ sale SRS brand",https://uk.tgstat.com/channel/@srscb2,https://t.me/srscb2
–®–æ–ø—ñ–Ω–≥ –±–µ–∑ –∫–æ—Ä–¥–æ–Ω—ñ–≤,https://uk.tgstat.com/channel/@marucita,https://t.me/marucita
»ôwaglistz ÀÜ,https://uk.tgstat.com/channel/@swaglist,https://t.me/swaglist
–ë—Ä–µ–Ω–¥–æ–≤–∏–π –æ–¥—è–≥ #shop_rmnv,https://uk.tgstat.com/channel/@vetal_rmnv,https://t.me/vetal_rmnv
thebodyshop_ua | Stone Island –£–∫—Ä–∞–∏–Ω–∞ | –°—Ç–æ–Ω –ê–π–ª–µ–Ω–¥ –£–∫—Ä–∞—ó–Ω–∞,https://uk.tgstat.com/channel/@thebodyshop_ua,https://t.me/thebodyshop_ua
–ö–æ–Ω—Ñ—ñ—Å–∫–∞—Ç - –û–ª–µ–∫—Å–∞–Ω–¥—Ä—ñ—è,https://uk.tgstat.com/channel/@konfiskat_olexandriya,https://t.me/konfiskat_olexandriya
Arizzo.ua,https://uk.tgstat.com/channel/@arizzo_opt,https://t.me/arizzo_opt
–ü–æ—Ä–∞–¥–∞ –î–µ—Ä–º–∞—Ç–æ–ª–æ–≥–∞,https://uk.tgstat.com/channel/@dermatologua,https://t.me/dermatologua
italy_brand_original üáÆüáπ,https://uk.tgstat.com/channel/@italy_brand_original,https://t.me/italy_brand_original
Top TikTok,https://uk.tgstat.com/channel/@TopTikToken,https://t.me/TopTikToken
üîù_shmotki_2020,https://uk.tgstat.com/channel/@Top_shmotki_2021,https://t.me/Top_shmotki_2021
ùô∏ùöõùöéùöóùöîùöä _ ùô∞ùöïùöíùöéùö°ùöôùöõùöéùöúùöú,https://uk.tgstat.com/channel/@Irenka_Ali,https://t.me/Irenka_Ali
DIRECT_SHOWROOM.lux –æ–¥–µ–∂–¥–∞. –æ–±—É–≤—å. —Ä–µ–ø–ª–∏–∫–∏/–õ—é–∫—Å –∫–æ–ø–∏–∏ –±—Ä–µ–Ω–¥–æ–≤ üíãüëå –Ω–∞–ª–æ–∂–µ–Ω—ã–π –ø–ª–∞—Ç—ë–∂ üòé,https://uk.tgstat.com/channel/@directshowroom,https://t.me/directshowroom
LedySecret |–ñ–Ü–ù–û–ß–ò–ô –û–î–Ø–ì| –û–ü–¢ | –î–†–û–ü,https://uk.tgstat.com/channel/@ayreliana_boutique,https://t.me/ayreliana_boutique
PrintCatalog - –Ω–∞—à—ñ —Ä–æ–±–æ—Ç–∏üèû,https://uk.tgstat.com/channel/@printcatalog,https://t.me/printcatalog
–í–ó–£–¢–¢–Ø ùêÖùêÄùêïùêéùêëùêàùêìùêÑ üíú,https://uk.tgstat.com/channel/@obuv_favorit,https://t.me/obuv_favorit
–ò–©–£ –ú–û–î–ï–õ–¨ –ö–ò–ï–í,https://uk.tgstat.com/channel/@ishchu_kiev_model,https://t.me/ishchu_kiev_model
–ú–∞–Ω—ñ–∫—é—Ä –£–∫—Ä–∞—ó–Ω–∞ | –ë—É–¥—å –≤ —Ç—Ä–µ–Ω–¥—ñ,https://uk.tgstat.com/channel/tkIZTHDRDIgxNTYy,https://t.me/joinchat/tkIZTHDRDIgxNTYy
–í–∞—à –ø–µ—Ä—Å–æ–Ω–∞–ª—å–Ω–∏–π –±–∞—î—Ä üá∫üá∏üá™üá∫,https://uk.tgstat.com/channel/@pod_zakaz_shafa_room,https://t.me/pod_zakaz_shafa_room
BROCARD,https://uk.tgstat.com/channel/@brocardukraine,https://t.me/brocardukraine
"–ü—Ä–∏–≤—ñ—Ç, –∫–æ—Å–º–µ—Ç–æ–ª–æ–≥",https://uk.tgstat.com/channel/7VAva7XgLOE3MzQy,https://t.me/joinchat/7VAva7XgLOE3MzQy
womens_joys_ua,https://uk.tgstat.com/channel/@womens_joys_ua,https://t.me/womens_joys_ua
VENERA,https://uk.tgstat.com/channel/@goddesseshere,https://t.me/goddesseshere
Woman Armour Ukraine,https://uk.tgstat.com/channel/@womanarmourukraine,https://t.me/womanarmourukraine
–î–µ—Ç—Å–∫–∞—è –æ–¥–µ–∂–¥–∞ –ú–∞—Ä–∏—É–ø–æ–ª—å,https://uk.tgstat.com/channel/@kapitowkamrpl,https://t.me/kapitowkamrpl
–ù–∏–∂–Ω–µ–µ –±–µ–ª—å–µ –£–∫—Ä–∞–∏–Ω–∞ –û–ø—Ç,https://uk.tgstat.com/channel/@trusikikh,https://t.me/trusikikh
üá∫üá¶–ü—Ä–∏–∫—Ä–∞—Å–∏ –£–∫—Ä–∞—ó–Ω–∞ Braslet_for_life,https://uk.tgstat.com/channel/7t54kkxSToE4M2Yy,https://t.me/joinchat/7t54kkxSToE4M2Yy
Kendall Jenner / –ö–µ–Ω–¥–∞–ª–ª –î–∂–µ–Ω–Ω–µ—Ä,https://uk.tgstat.com/channel/@kendalldaily,https://t.me/kendalldaily
Artego Ukraine,https://uk.tgstat.com/channel/@artegoua,https://t.me/artegoua
–î—Ä–æ–ø—à–∏–ø–ø–∏–Ω–≥ –ø–µ—á–∞—Ç–∏ –Ω–∞ –≤–µ—â–∞—Ö –ü—Ä–∏–Ω—Ç–î—Ä–æ–ø,https://uk.tgstat.com/channel/@printdrop,https://t.me/printdrop
"kremchik.ua –∞–Ω–æ–Ω—Å—ã (—Ä–∞—Å–ø–∏–≤, –æ—Ç–ª–∏–≤–∞–Ω—Ç—ã, –ø—Ä–æ–¥–∞–∂–∞ –æ—Å—Ç–∞—Ç–∫–æ–≤)",https://uk.tgstat.com/channel/@kremchik_ua_announce,https://t.me/kremchik_ua_announce
–î–ï–®–ï–í–®–ï –†–ê–ó–û–ú,https://uk.tgstat.com/channel/@Droper43,https://t.me/Droper43
Happiness_Uk | –ü—Ä—è–º–∏–π –ø–æ—Å—Ç–∞—á–∞–ª—å–Ω–∏–∫ –æ–¥—è–≥—É | 7 –∫–º –û–¥–µ—Å–∞ | –î—Ä–æ–ø—à–∏–ø—ñ–Ω–≥ | –û–ø—Ç | –ì—É—Ä—Ç | –†–æ–∑–¥—Ä—ñ–± | –ñ—ñ–Ω–æ—á–∏–π –æ–¥—è–≥ | —á–æ–ª–æ–≤—ñ—á–∏–π –æ–¥—è–≥,https://uk.tgstat.com/channel/@happiness_uk_odyah,https://t.me/happiness_uk_odyah
Warm Store,https://uk.tgstat.com/channel/@warmstoremlt,https://t.me/warmstoremlt
–†—É–¥—ñ –¥—ñ–ª–∏—Ç—å—Å—è,https://uk.tgstat.com/channel/@wakeupfuture_woman,https://t.me/wakeupfuture_woman
fashionable imageüßö‚Äç‚ôÇ,https://uk.tgstat.com/channel/@moda_775,https://t.me/moda_775
SOVA jewelry house,https://uk.tgstat.com/channel/@SOVA_jewelry_house,https://t.me/SOVA_jewelry_house
asian girls aesthetic,https://uk.tgstat.com/channel/@agaestheticc,https://t.me/agaestheticc
–ú–∞–Ω—ñ–∫—é—Ä | –¢—Ä–µ–Ω–¥–æ–≤—ñ –¥–∏–∑–∞–π–Ω–∏ –Ω—ñ–≥—Ç—ñ–≤,https://uk.tgstat.com/channel/@mani_design_ua,https://t.me/mani_design_ua
DropTovarka,https://uk.tgstat.com/channel/@droptovarkaa,https://t.me/droptovarkaa
hristianskaya_odezhda_ üá∫üá¶ –∏ –≤–µ—Å—å –ú–∏—Ä.,https://uk.tgstat.com/channel/@hristianskaya_odezhda,https://t.me/hristianskaya_odezhda
‚ôö ROMEO ‚ôö| –û–¥—è–≥ | –í–∑—É—Ç—Ç—è |–ê–∫—Å–µ—Å—É–∞—Ä–∏,https://uk.tgstat.com/channel/@butik_romeo,https://t.me/butik_romeo
shitpostwillneverstopüíØ,https://uk.tgstat.com/channel/@shtpstybg,https://t.me/shtpstybg
–ú–∞—Ä–∏—É–ø–æ–ª—å –±—É—Ç–∏–∫ ‚ÄúKris line‚Äù,https://uk.tgstat.com/channel/@krislinemariupol,https://t.me/krislinemariupol
–∑–±–µ—Ä–µ–∂–µ–Ω—ñ.jpg,https://uk.tgstat.com/channel/@saved_jpg,https://t.me/saved_jpg
Buyer Maryna | –ë–∞–π–µ—Ä –ú–∞—Ä–∏–Ω–∞,https://uk.tgstat.com/channel/@marynabuyer,https://t.me/marynabuyer
OLKO,https://uk.tgstat.com/channel/@olkostore,https://t.me/olkostore
Voropaev_shop –ë–ê–¢–ê–õ –ø—Ä—è–º–∏–π –ø–æ—Å—Ç–∞—á–∞–ª—å–Ω–∏–∫,https://uk.tgstat.com/channel/@voropaev_shop_ua_batal,https://t.me/voropaev_shop_ua_batal
–ú–ê–ù–Ü–ö–Æ–†. –î–ò–ó–ê–ô–ù. –Ü–î–ï–á üíÖ,https://uk.tgstat.com/channel/@nails_1001ideas,https://t.me/nails_1001ideas
SENOCH'KINA,https://uk.tgstat.com/channel/@Senochkina,https://t.me/Senochkina
ùïä‚ÑçùïÄ‚Ñïùîº ùïçùïä,https://uk.tgstat.com/channel/@cosmetics_Mangush,https://t.me/cosmetics_Mangush
–ë—Ä–µ–Ω–¥–æ–≤–µ –í–∑—É—Ç—Ç—è —Ç–∞ –°—É–º–∫–∏üá∫üá¶,https://uk.tgstat.com/channel/@shoesbagsua,https://t.me/shoesbagsua
Allegret.com.ua –≤–∑—É—Ç—Ç—è –¥—Ä–æ–ø—à–∏–ø—ñ–Ω–≥,https://uk.tgstat.com/channel/@allegret_com_ua_drop,https://t.me/allegret_com_ua_drop
–°—Ç—É–¥—ñ—è –∫—Ä–∞—Å–∏ Volkhovskaya STUDIO –ö–∏—ó–≤,https://uk.tgstat.com/channel/@volkhovskaya_club,https://t.me/volkhovskaya_club
Emily Ratajkowski / –≠–º–∏–ª–∏ –†–∞—Ç–∞–∫–æ–≤—Å–∫–∏,https://uk.tgstat.com/channel/@emratadaily,https://t.me/emratadaily
Ania_shoes: —Ä–æ–∑–ø—Ä–æ–¥–∞–∂ –≤–∑—É—Ç—Ç—è —ñ –∞–Ω–æ–Ω—Å–∏,https://uk.tgstat.com/channel/@ania_shoes_sale,https://t.me/ania_shoes_sale
–ß–û–õ–û–í–Ü–ß–ò–ô –û–î–Ø–ì –î–†–û–ü–®–ò–ü–ü–Ü–ù–ì –û–ü–¢ –ü–û–°–¢–ê–ß–ê–õ–¨–ù–ò–ö –û–î–ï–°–ê | –ö–£–ü–ò–¢–ò –í–ó–£–¢–¢–Ø –Ü–ù–¢–ï–†–ù–ï–¢-–ú–ê–ì–ê–ó–ò–ù –ö–ò–á–í –•–ê–†–ö–Ü–í –î–ù–Ü–ü–†–û –õ–¨–í–Ü–í –õ–£–¶–¨–ö –£–ö–†–ê–á–ù–ê,https://uk.tgstat.com/channel/@muzhskaja_odezhda_7km,https://t.me/muzhskaja_odezhda_7km
Tvoy1shop,https://uk.tgstat.com/channel/@tvoy1shopchannel,https://t.me/tvoy1shopchannel
–†–∞–±–æ—Ç–∞ –ó–∞–ø–æ—Ä–æ–∂—å–µ,https://uk.tgstat.com/channel/@zaporozhye_robota,https://t.me/zaporozhye_robota
–ú—É–∂—Å–∫–æ–π –º–∞–≥–∞–∑–∏–Ω Fashion Boutique,https://uk.tgstat.com/channel/@fashion_boutique_team,https://t.me/fashion_boutique_team
–®–£–ö–ê–Æ –ú–û–î–ï–õ–¨ –ö–ò–á–í,https://uk.tgstat.com/channel/@models_kyiv_colorstar,https://t.me/models_kyiv_colorstar
–ú–ûDA‚ú®,https://uk.tgstat.com/channel/@ModaFashionStyleua,https://t.me/ModaFashionStyleua
–ë—é—Ç—ñ –£–∫—Ä–∞—ó–Ω–∞,https://uk.tgstat.com/channel/@bytiukr,https://t.me/bytiukr
–ò—â—É –º–æ–¥–µ–ª—å –ö–∏–µ–≤,https://uk.tgstat.com/channel/@Shukaiu_model_Kyiv,https://t.me/Shukaiu_model_Kyiv
LECROWN,https://uk.tgstat.com/channel/@lecrown,https://t.me/lecrown
From Ann with Loveüòòüíê,https://uk.tgstat.com/channel/@fromannwithlove,https://t.me/fromannwithlove
–ù–∞—Ç—ñ–ª—å–Ω–æ ü™°üßµ–ù–∏–∂–Ω—è –∂—ñ–Ω–æ—á–∞ –±—ñ–ª–∏–∑–Ω–∞ –ø–æ—à–∏—Ç—Ç—è –∫–æ—Ä—Å–µ—Ç–∏,https://uk.tgstat.com/channel/@Natilno,https://t.me/Natilno
–ò—â—É –º–æ–¥–µ–ª—å (–í–∞—Ä—à–∞–≤–∞),https://uk.tgstat.com/channel/@model_kie,https://t.me/model_kie
"Hello,Baby!",https://uk.tgstat.com/channel/@babyVersace,https://t.me/babyVersace
IMPERO GROUP,https://uk.tgstat.com/channel/VnagSQI1ocKn0_qD,https://t.me/joinchat/VnagSQI1ocKn0_qD
Cloud. –û–î–Ø–ì,https://uk.tgstat.com/channel/@apparelcloud,https://t.me/apparelcloud
Magicspace_italy,https://uk.tgstat.com/channel/@magispace_italy,https://t.me/magispace_italy
Ripos Club,https://uk.tgstat.com/channel/@riposclub,https://t.me/riposclub
–ö—Ä–µ–º—á–∏–∫ %,https://uk.tgstat.com/channel/@crem4ik,https://t.me/crem4ik
–ñ—ñ–Ω–æ—á–∏–π –û–¥—è–≥ üéÄüëó,https://uk.tgstat.com/channel/@shmotky7,https://t.me/shmotky7
‚è±–ß–∞—Å—ã –∏ —é–≤–µ–ª–∏—Ä–Ω—ã–µ —É–∫—Ä–∞—à–µ–Ω–∏—è –º–∏—Ä–æ–≤—ã—Ö –±—Ä–µ–Ω–¥–æ–≤ ‚è±,https://uk.tgstat.com/channel/@SaleupLuxury,https://t.me/SaleupLuxury
Fashion_kids_shopping,https://uk.tgstat.com/channel/@drop_detskiy,https://t.me/drop_detskiy
–ì—Ä–∏–º–µ—Ä–∫–∞,https://uk.tgstat.com/channel/@gr1merka,https://t.me/gr1merka
Lasagrada Boutique Premium,https://uk.tgstat.com/channel/@lasagrada_premium,https://t.me/lasagrada_premium
–ö—Ä–æ—Å—ñ–≤–∫–∏ —á–æ–ª–æ–≤—ñ—á—ñ –£–∫—Ä–∞—ó–Ω–∞ üá∫üá¶,https://uk.tgstat.com/channel/@Krosivky1,https://t.me/Krosivky1
–ß–∏—Å—Ç–æ –∂–µ–Ω—Å–∫–∞—è —Ç–µ—Ä—Ä–∏—Ç–æ—Ä–∏—è. –ú–∞–Ω–∏–∫—é—Ä. –ú–∞–∫–∏—è–∂. –î–∏–∑–∞–π–Ω,https://uk.tgstat.com/channel/@krasotaVelikaySila,https://t.me/krasotaVelikaySila
Moreno_magazin/ –±—Ä–µ–Ω–¥—ã 1:1 üõçÔ∏èüë¢üë†üëü,https://uk.tgstat.com/channel/@moreno_magazin,https://t.me/moreno_magazin
INGLOTUA,https://uk.tgstat.com/channel/@inglotua,https://t.me/inglotua
‚öì–ò—â—É –ú–æ–¥–µ–ª—å / –ú–∞—Å—Ç–µ—Ä–∞ –û–¥–µ—Å—Å–∞‚öì,https://uk.tgstat.com/channel/@modelsod,https://t.me/modelsod
Concept Store HOMME,https://uk.tgstat.com/channel/@m_fuck_themall,https://t.me/m_fuck_themall
–°—Ç–∏–ª—å–Ω–∏–π —É–∫—Ä–∞—ó–Ω–µ—Ü—å,https://uk.tgstat.com/channel/@stylishukrainian,https://t.me/stylishukrainian
"–†–∏–Ω–æ–∫ 7 –∫–º, –∫—É–ø—É–π—Ç–µ —Ç–∞ –ø—Ä–æ–¥–∞–≤–∞–π—Ç–µ",https://uk.tgstat.com/channel/@podarokwsem,https://t.me/podarokwsem
Voguestoreee,https://uk.tgstat.com/channel/@voguestoreee,https://t.me/voguestoreee
–ê—Ä—Ç–∏—à–æ–∫ - –∂—ñ–Ω–æ—á–∏–π –æ–¥—è–≥ 48+,https://uk.tgstat.com/channel/@artshock_store,https://t.me/artshock_store
SJ‚öúÔ∏èLUX & RICCI‚öúÔ∏è,https://uk.tgstat.com/channel/@sjricci,https://t.me/sjricci
Allegret shoes –≤–∑—É—Ç—Ç—è,https://uk.tgstat.com/channel/@allegretcom_ua,https://t.me/allegretcom_ua
"–ñ—ñ–Ω–æ—á—ñ —Ç—Ä—É—Å–∏,—Å—Ç—Ä—ñ–Ω–≥–∏,—Å–ª—ñ–ø–∏,–±—Ä–∞–∑–∏–ª—å—è–Ω–æ",https://uk.tgstat.com/channel/@nijni_trusikii,https://t.me/nijni_trusikii
–≠–∫–æ–Ω–æ–º–Ω—ã–π —à–æ–ø–æ–≥–æ–ª–∏–∫ |Aliexpress –≥–∏–¥,https://uk.tgstat.com/channel/@econom_shopaholic,https://t.me/econom_shopaholic
"–ü–æ—Å—Ç–∞–≤—â–∏–∫ –û–¥–µ–∂–¥–∞ , –¢–æ–≤–∞—Ä / –°–æ—Ç—Ä—É–¥–Ω–∏—á–µ—Å—Ç–≤–æ –î—Ä–æ–ø",https://uk.tgstat.com/channel/@vikkishop1,https://t.me/vikkishop1
Lipar,https://uk.tgstat.com/channel/@Lipartm,https://t.me/Lipartm
MassMart_Antonovicha_165üíö,https://uk.tgstat.com/channel/@MassMart_Antonovicha165,https://t.me/MassMart_Antonovicha165
‚öúÔ∏èLviv Soap and Natural Cosmetic Manufacture‚öúÔ∏è,https://uk.tgstat.com/channel/@lvivsoapnatur,https://t.me/lvivsoapnatur
Morning Star Store,https://uk.tgstat.com/channel/@MorningStar_Ua,https://t.me/MorningStar_Ua
–ñ—ñ–Ω–æ—á–∏–π –æ–¥—è–≥ –û–ø—Ç / —Ä–æ–∑–Ω–∏—Ü—è,https://uk.tgstat.com/channel/@ljulyashkastyleua,https://t.me/ljulyashkastyleua
–°–≤—î—Ç–∞ —ñ –±–∞–Ω–æ—á–∫–∏ | Skincareüßè‚Äç‚ôÄ,https://uk.tgstat.com/channel/@uaskincare,https://t.me/uaskincare
üçÄPARFUME üçÄ,https://uk.tgstat.com/channel/@parfums88,https://t.me/parfums88
üá∫üá¶–±—Ä–µ–Ω–¥–æ–≤–µ –≤–∑—É—Ç—Ç—è –∑ –Ñ–≤—Ä–æ–ø–∏üá™üá∫,https://uk.tgstat.com/channel/@BrendDnipro_C,https://t.me/BrendDnipro_C
RiStore,https://uk.tgstat.com/channel/@ristorekiev,https://t.me/ristorekiev
Dr.Beauty - –ó–¥–æ—Ä–æ–≤'—è –≤–∞—à–æ–≥–æ –≤–æ–ª–æ—Å—Å—è!,https://uk.tgstat.com/channel/@drbeauty_ua,https://t.me/drbeauty_ua
–ñ–µ–Ω—Å–∫–∞—è –æ–¥–µ–∂–¥–∞ –æ–ø—Ç–æ–º –∏–∑ –¢—É—Ä—Ü–∏–∏,https://uk.tgstat.com/channel/QwNwro8m7NFhMzky,https://t.me/joinchat/QwNwro8m7NFhMzky
–û–¥—è–≥ –¥–ª—è –≤—Å—ñ—î—ó —Ä–æ–¥–∏–Ω–∏,https://uk.tgstat.com/channel/@modishcluborders,https://t.me/modishcluborders
–í—Å–µ –ø—Ä–æ –≥–æ–¥–∏–Ω–Ω–∏–∫–∏ - DEKA,https://uk.tgstat.com/channel/@dekaua,https://t.me/dekaua
FANTASTIC_STORRE,https://uk.tgstat.com/channel/@fantastic_storre,https://t.me/fantastic_storre
"Velvet Venus | –ë—Ä–µ–Ω–¥–æ–≤–∞—è –∂–µ–Ω—Å–∫–∞—è –æ–¥–µ–∂–¥–∞, –æ–±—É–≤—å, —Å—É–º–∫–∏ –∏ –¥—Ä—É–≥–∏–µ –∞–∫—Å–µ—Å—Å—É–∞—Ä—ã | –£–∫—Ä–∞–∏–Ω–∞",https://uk.tgstat.com/channel/@velvetvenus,https://t.me/velvetvenus
Olivia Culpo / –û–ª–∏–≤–∏—è –ö–∞–ª–ø–æ,https://uk.tgstat.com/channel/@oculpodaily,https://t.me/oculpodaily
Buyer_in_USA,https://uk.tgstat.com/channel/@grape_room_new,https://t.me/grape_room_new
–ú–∞–Ω—ñ–∫—é—Ä|–ö–∏—ó–≤,https://uk.tgstat.com/channel/@manicur4UA,https://t.me/manicur4UA
üíô–†—ñ–¥–Ω–∞ –£–∫—Ä–∞—ó–Ω–∞ üíõ,https://uk.tgstat.com/channel/@nail_beauty_ua,https://t.me/nail_beauty_ua
"–ñ–µ–Ω—Å–∫–∞—è –æ–¥–µ–∂–¥–∞ üëó, –æ–±—É–≤—å üë† BRAND",https://uk.tgstat.com/channel/@cnfashionua,https://t.me/cnfashionua
–ú–æ–¥–∞ —Ç–∞ –î–∏–∑–∞–π–Ω,https://uk.tgstat.com/channel/AoBQGdnqk8szODA0,https://t.me/joinchat/AoBQGdnqk8szODA0
LuxuryBrandDiscountüõç,https://uk.tgstat.com/channel/@LuxuryBrandDiscount,https://t.me/LuxuryBrandDiscount
–ö—Ä–∞—Å–∞ –≤–∏–º–∞–≥–∞—î –µ–∫—Å—Ç—Ä–∞–∫—Ç—ñ–≤,https://uk.tgstat.com/channel/@alanakosmetiks,https://t.me/alanakosmetiks
–¢–ú ELSA FAIRY DRESSES,https://uk.tgstat.com/channel/@elsa_fairy_dresses,https://t.me/elsa_fairy_dresses
7/11 Seven Eleven,https://uk.tgstat.com/channel/@seveneleven_official,https://t.me/seveneleven_official
–ö–æ—Å–º–µ—Ç–∏–∫–∞ Farmasi‚ù§,https://uk.tgstat.com/channel/@krop_farmasi,https://t.me/krop_farmasi
–ñ—ñ–Ω–æ—á—ñ —Å—É–º–∫–∏|–£–∫—Ä–∞—ó–Ω–∞ tasche.st,https://uk.tgstat.com/channel/@taschest,https://t.me/taschest
Concept Store FEMME,https://uk.tgstat.com/channel/@f_fuck_themall,https://t.me/f_fuck_themall
–û–¥–µ–∂–¥–∞ –∏–∑ –ì–µ—Ä–º–∞–Ω–∏–∏ üá©üá™,https://uk.tgstat.com/channel/@dostavkaizgermanii,https://t.me/dostavkaizgermanii
"–ö–µ—Ä–∞—Ç–∏–Ω, –±–æ—Ç–æ–∫—Å, –Ω–∞–Ω–æ–ø–ª–∞—Å—Ç–∏–∫–∞ –ò—Ä–ø–µ–Ω—å",https://uk.tgstat.com/channel/@magic_hair_irpen,https://t.me/magic_hair_irpen
–ú—É–∂—Å–∫–∞—è –æ–±—É–≤—å –£–∫—Ä–∞–∏–Ω–∞ üá∫üá¶,https://uk.tgstat.com/channel/@obuv_muzhskaya,https://t.me/obuv_muzhskaya
BEAUTYourDUTY,https://uk.tgstat.com/channel/M1xPVK0ZU4U3OTky,https://t.me/joinchat/M1xPVK0ZU4U3OTky
DREAM/DREAM yellow brabrabra,https://uk.tgstat.com/channel/@dreamtownbra,https://t.me/dreamtownbra
–ü—Ä–æ –∂—ñ–Ω–æ—á–µ üßò‚Äç‚ôÄÔ∏è –ú–æ—Ç–∏–≤–∞—Ü—ñ—è ‚òÄÔ∏è–†–æ–∑–≤–∏—Ç–æ–∫,https://uk.tgstat.com/channel/@divchata_ukraina,https://t.me/divchata_ukraina
–ß–∞—Å–æ–≤–∏–∫,https://uk.tgstat.com/channel/@chasovykua,https://t.me/chasovykua
–®–∫–∞—Ä–ø–µ—Ç–∫–∏/–ù–æ—Å–∫–∏/–ë—ñ–ª–∏–∑–Ω–∞ –£–∫—Ä–∞—ó–Ω–∞üíôüíõ,https://uk.tgstat.com/channel/@shkarpetkakyiv,https://t.me/shkarpetkakyiv
–ú—ñ–π –ú–∞–Ω—ñ–∫—é—Ä üíÖüèª,https://uk.tgstat.com/channel/@mii_manicure,https://t.me/mii_manicure
–û–î–Ø–ì | –ó–ê–í–û–ó | –°–ï–ö–û–ù–î | –ï–ö–û–ù–û–ú | –Ñ–í–†–û –°–ï–ó–û–ù–ò,https://uk.tgstat.com/channel/uiEUSF-yIzkzNTBi,https://t.me/joinchat/uiEUSF-yIzkzNTBi
Daily notes üïä‚ú®,https://uk.tgstat.com/channel/@simple_lifestyle,https://t.me/simple_lifestyle
–ú—É–∂—Å–∫–∏–µ –∫—Ä–æ—Å—Å–æ–≤–∫–∏ –£–∫—Ä–∞–∏–Ω–∞ üá∫üá¶,https://uk.tgstat.com/channel/@Muzhskiye_Krossovki_Ukraina,https://t.me/Muzhskiye_Krossovki_Ukraina
–ù–∞—Ç—É—Ä–∞–ª—å–Ω–µ –º–∏–ª–æ | –ö–æ—Å–º–µ—Ç–∏–∫–∞ | –ê–∫—Ü—ñ—ó –π –Ω–æ–≤–∏–Ω–∫–∏üíÅ‚Äç‚ôÄ|–î–µ—Ç–∞–ª—å–Ω–∏–π –æ–ø–∏—Å —Ç–∞ –ø–æ—Ä–∞–¥–∏,https://uk.tgstat.com/channel/@milokosmet,https://t.me/milokosmet
MOON.ua.online,https://uk.tgstat.com/channel/@italian_brands_clothes,https://t.me/italian_brands_clothes
–†–æ–∑–ø–∏–≤ –ø–∞—Ä—Ñ—É–º—ñ–≤. –ü–æ–∫—É–ø–∫–∏ –Ω–∞ –∑–∞–∫–æ—Ä–¥–æ–Ω–Ω–∏—Ö —Å–∞–π—Ç–∞—Ö. –ï–±–µ–π,https://uk.tgstat.com/channel/@bbcreamua,https://t.me/bbcreamua
–û—Å–æ–∑–Ω–∞–Ω–Ω—ã–π beauty master | –º–∞–∫–∏—è–∂,https://uk.tgstat.com/channel/@yanina_probeauty,https://t.me/yanina_probeauty
SOHO__ua,https://uk.tgstat.com/channel/@soho_ua,https://t.me/soho_ua
Intuitive Style,https://uk.tgstat.com/channel/@intuitivestyleguide,https://t.me/intuitivestyleguide
Sigma üëî–ê–£–ö–¶–Ü–û–ùüëï–ü–†–û–î–ê–ñ–êüëü–ü–û–ö–£–ü–öAüß¢,https://uk.tgstat.com/channel/@sigmaauction,https://t.me/sigmaauction
Di.beauty‚ù§Ô∏è,https://uk.tgstat.com/channel/@Diibeauty,https://t.me/Diibeauty
Inspiratiü¶ãn,https://uk.tgstat.com/channel/@inspiration4youbby,https://t.me/inspiration4youbby
üî•HIFI_SHOP_üî•,https://uk.tgstat.com/channel/@hifi_shopforyou,https://t.me/hifi_shopforyou
OneFaceOpt,https://uk.tgstat.com/channel/@onefaceopt,https://t.me/onefaceopt
krosogolik clothing,https://uk.tgstat.com/channel/@krosogolikclothing,https://t.me/krosogolikclothing
mo√Ø.mody,https://uk.tgstat.com/channel/@moi_mody,https://t.me/moi_mody
–ú–∞–Ω—ñ–∫—é—Ä| –ù—ñ–≥—Ç—ñ| –î–∏–∑–∞–π–Ω –Ω—ñ–≥—Ç—ñ–≤,https://uk.tgstat.com/channel/@dyzainnigtiv,https://t.me/dyzainnigtiv
IrenFashion.shop‚ù§Ô∏è,https://uk.tgstat.com/channel/@irenfashion,https://t.me/irenfashion
Barbara Palvin / –ë–∞—Ä–±–∞—Ä–∞ –ü–∞–ª–≤–∏–Ω,https://uk.tgstat.com/channel/@bpalvindaily,https://t.me/bpalvindaily
LEYA.LOV,https://uk.tgstat.com/channel/@leylov7,https://t.me/leylov7
–¢–∫–∞–Ω–∏–Ω–∏_–∫–∞—Ä—Ç–∞—Ç–∞_—Ç–∞—Ñ—Ç–∞,https://uk.tgstat.com/channel/@tkani_kartata_tafta,https://t.me/tkani_kartata_tafta
–û—Å—Ç—Ä–æ–≤ –†–µ–º–Ω–µ–π‚öú,https://uk.tgstat.com/channel/@ostrovremnei,https://t.me/ostrovremnei
–ó—Ä—É—á–Ω–∞ SHAFA,https://uk.tgstat.com/channel/@zruchnashafa,https://t.me/zruchnashafa
#–∫–æ—Å–º–µ—Ç–æ—Å–æ–∑–∞–ª–µ–∂–Ω–∞ ü´¶,https://uk.tgstat.com/channel/@kosmetosreccomendos,https://t.me/kosmetosreccomendos
WOMYN,https://uk.tgstat.com/channel/AAAAAFZAKdxmA37ldXA16g,https://t.me/joinchat/AAAAAFZAKdxmA37ldXA16g
Sofo.kids.ua,https://uk.tgstat.com/channel/@sofo_kids_ua,https://t.me/sofo_kids_ua
–ö–æ—Å–º–µ—Ç–∏–∫–∞ –∑—Å–µ—Ä–µ–¥–∏–Ω–∏,https://uk.tgstat.com/channel/@trueinci,https://t.me/trueinci
–ß–æ–ª–æ–≤—ñ—á–∏–π –æ–¥—è–≥üéΩüé©üá∫üá¶,https://uk.tgstat.com/channel/@odyahcholovychy,https://t.me/odyahcholovychy
Look and buy,https://uk.tgstat.com/channel/@LookandbuyUA,https://t.me/LookandbuyUA
–Ω–µ–∑–µ—Ä–æ–Ω —â–∏—Ç–ø–æ—Å—Ç–∏—Ç,https://uk.tgstat.com/channel/@urentalon,https://t.me/urentalon
–ú–æ–ª–æ–¥–æ–π –ö—Ä–∏–ø—Ç–æ–ª–æ–≥ ü•∏üí∞,https://uk.tgstat.com/channel/@molodojkriptolog,https://t.me/molodojkriptolog
THE_FASHION_INSIDE,https://uk.tgstat.com/channel/@the_fashion_inside,https://t.me/the_fashion_inside
Zavalskaya_Hair,https://uk.tgstat.com/channel/@zavalskaya_hair,https://t.me/zavalskaya_hair
üíó–∫–æ—Å–º–µ—Ç–∏–∫–∞ –∏ —Ç–æ–≤–∞—Ä—ã —Å –≤–±üíó,https://uk.tgstat.com/channel/@meowshitttz,https://t.me/meowshitttz
HardStone –î—Ä–æ–ø,https://uk.tgstat.com/channel/@Hardstonedrop,https://t.me/Hardstonedrop
Click Boutique Shop‚ù§Ô∏è,https://uk.tgstat.com/channel/@clickboutiqueshop,https://t.me/clickboutiqueshop
"Stok Lior ‚ù§Ô∏è one by one , –≤—ñ–¥–æ–º—ñ –±—Ä–µ–Ω–¥–∏",https://uk.tgstat.com/channel/@LiorLiorLior,https://t.me/LiorLiorLior
Farmasi üíõüíô,https://uk.tgstat.com/channel/@shop_farmasi_ua,https://t.me/shop_farmasi_ua
–¢–≤—ñ–π —Å—Ç–∏–ª—å,https://uk.tgstat.com/channel/y96ilnlTZe81YjIy,https://t.me/joinchat/y96ilnlTZe81YjIy
–ñ–µ–Ω—Å–∫–∏–π –∫–ª—É–± –∫–æ–º—É –∑–∞....,https://uk.tgstat.com/channel/@Klubkomuza40,https://t.me/Klubkomuza40
Neglige.in.ua (–¥–æ–º–∞—à–Ω—è—è –æ–¥–µ–∂–¥–∞),https://uk.tgstat.com/channel/@neglige_official,https://t.me/neglige_official
–î—Ä–æ–ø—à–∏–ø–ø—ñ–Ω–≥ –ø–æ—Å—Ç–∞—á–∞–ª—å–Ω–∏–∫ –û–¥–µ—Å–∞ ‚ù§Ô∏è,https://uk.tgstat.com/channel/@dropshippingoptodessa,https://t.me/dropshippingoptodessa
All Perfume,https://uk.tgstat.com/channel/@perfume_all,https://t.me/perfume_all
–ñ—ñ–Ω–æ—á—ñ —Ç–∞—î–º–Ω–∏—Ü—ñ,https://uk.tgstat.com/channel/u23sr7neX2NjZTZi,https://t.me/joinchat/u23sr7neX2NjZTZi
"–ì–û ""–ó–±–µ—Ä–µ–∂–∏ —à–µ–∫–µ–ª—å""",https://uk.tgstat.com/channel/@goshekel,https://t.me/goshekel
–§—Ä–∞—î—Ä–∫–∞,https://uk.tgstat.com/channel/@fraerca,https://t.me/fraerca
GARNAYA_UA,https://uk.tgstat.com/channel/@garna_ya,https://t.me/garna_ya
XBET team –ø—Ä–æ—Ñ–∏—Ç—ãüí∞,https://uk.tgstat.com/channel/@krosiukr,https://t.me/krosiukr
VIPstyle_–û–¥—è–≥_–≤—ñ–¥–æ–º–∏—Ö –±—Ä–µ–Ω–¥—ñ–≤_–¥–ª—è_—á–æ–ª–æ–≤—ñ–∫—ñ–≤_—Ç–∞_–∂—ñ–Ω–æ–∫üëóüëî,https://uk.tgstat.com/channel/@vip_style_luxe,https://t.me/vip_style_luxe
–ö—Ä–∞–≤—á–∏–Ω—è üßö‚Äç‚ôÄüëó –ê–Ω–∂–µ–ª—ñ–∫–∞ –ë–æ–π–∫–æ,https://uk.tgstat.com/channel/@anzhelika_tailor,https://t.me/anzhelika_tailor
–ü—Ä–æ –ù–∞—Ç—É—Ä–∞–ª—å–Ω—É –ö–æ—Å–º–µ—Ç–∏–∫—É,https://uk.tgstat.com/channel/@aroma_mania_ua,https://t.me/aroma_mania_ua
–ö—Ä–∞—Å–∞ –û–¥–µ—Å–∞/Beauty Odessa,https://uk.tgstat.com/channel/9FnuPhJewGE4N2Yy,https://t.me/joinchat/9FnuPhJewGE4N2Yy
üíñ–Ω–∏—á–µ–≥–æ —Å–µ—Ä—å—ë–∑–Ω–æ–≥–æüíñ,https://uk.tgstat.com/channel/@prostoarhiv,https://t.me/prostoarhiv
–ú–µ–π–∫–∞–ø –∑–ª–∏–¥–Ω—ñ,https://uk.tgstat.com/channel/@gettosnob,https://t.me/gettosnob
–ê–Ω—Ç–æ–Ω –°–∞–≤–≤–∞,https://uk.tgstat.com/channel/@anton_savva,https://t.me/anton_savva
NELLI-CO –ö–ê–¢–ê–õ–û–ì –¢–û–í–ê–†–Ü–í,https://uk.tgstat.com/channel/fhNXotZGGZ5lNTNi,https://t.me/joinchat/fhNXotZGGZ5lNTNi
Beauty Pro | UA,https://uk.tgstat.com/channel/@beautyProUA,https://t.me/beautyProUA
–ü–û–°–¢–ê–í–©–ò–ö –û–î–ï–ñ–î–´|–î–†–û–ü|UKRAINE SHOWROOM,https://uk.tgstat.com/channel/@postavshik_showroom,https://t.me/postavshik_showroom
–ú–∞–Ω–∏–∫–∫–∫–∫ üíÖüèΩ,https://uk.tgstat.com/channel/@manikur_manik,https://t.me/manikur_manik
Krasota,https://uk.tgstat.com/channel/@znakomimsa_zdes,https://t.me/znakomimsa_zdes
ZennyStoreUA,https://uk.tgstat.com/channel/@ZennyStoreUA,https://t.me/ZennyStoreUA
Irina Lukyanova,https://uk.tgstat.com/channel/@irinalukyanovaa,https://t.me/irinalukyanovaa
–ñ—ñ–Ω–æ—á–∏–π –æ–¥—è–≥ | –ñ–µ–Ω—Å–∫–∞—è –æ–¥–µ–∂–¥–∞,https://uk.tgstat.com/channel/@liti_brend_ua,https://t.me/liti_brend_ua
–ö—Ä–∞—Å–∞ –ó–¥–æ—Ä–æ–≤'—è –ü–æ—Ä–∞–¥–∏,https://uk.tgstat.com/channel/@beauty_health_tips,https://t.me/beauty_health_tips
erom_–ú–ò–õ–õ–ò–¶–ê,https://uk.tgstat.com/channel/@erom_foto,https://t.me/erom_foto
–ú–∞–Ω—ñ–∫—é—Ä | –ù—ñ–≥—Ç—ñ | –î–∏–∑–∞–π–Ω,https://uk.tgstat.com/channel/@ManikNogtiOk,https://t.me/ManikNogtiOk
"–ó–∞—á—ñ—Å–∫–∏. –Ü–¥–µ—ó, –£—Ä–æ–∫–∏, –ú–∞–π—Å—Ç–µ—Ä-–ö–ª–∞—Å–∏",https://uk.tgstat.com/channel/@zachiski_idei,https://t.me/zachiski_idei
Samira_Store,https://uk.tgstat.com/channel/@marina5848,https://t.me/marina5848
—à–º–æ—Ç—å–Å,https://uk.tgstat.com/channel/@shmoteua,https://t.me/shmoteua
"Nikole‚Ñ¢-–æ–¥—è–≥, –≤–∑—É—Ç—Ç—è, –∞–∫—Å–µ—Å—Å—É–∞—Ä–∏",https://uk.tgstat.com/channel/@nikole_official,https://t.me/nikole_official
–ù–æ–≥—Ç–∏,https://uk.tgstat.com/channel/@droopper,https://t.me/droopper
