–ü–æ–¥–∫–∞—Å—Ç—ã | –ê—É–¥–∏–æ–∫–Ω–∏–≥–∏ | –ö–Ω–∏–≥–∏ | –ú–æ—Ç–∏–≤–∞—Ü–∏—è,https://uk.tgstat.com/channel/@podkasty24,https://t.me/podkasty24
–ê—É–¥—ñ–æ–ö–Ω–∏–≥–∏ –£–∫—Ä–∞—ó–Ω—Å—å–∫–æ—é,https://uk.tgstat.com/channel/QQi27Z3bTNMzZmVi,https://t.me/joinchat/QQi27Z3bTNMzZmVi
–ö–Ω–∏–≥–∏ —É–∫—Ä–∞—ó–Ω—Å—å–∫–æ—é,https://uk.tgstat.com/channel/@ukrlib,https://t.me/ukrlib
–ê–ø–≥—Ä–µ–π–¥ –ü–æ–¥–∫–∞—Å—Ç—ã üéß,https://uk.tgstat.com/channel/@upgrade_podcast,https://t.me/upgrade_podcast
"""–ó–¥—Ä–∞–≤—Å—Ç–≤—É–π—Ç–µ, –¥–æ–∫—Ç–æ—Ä!"" –ü–∏—Å—å–º–∞ –≤–æ–π–Ω—ã.",https://uk.tgstat.com/channel/@Hello_Doc,https://t.me/Hello_Doc
–ê—É–¥—ñ–æ–∫–Ω–∏–≥–∏ —É–∫—Ä–∞—ó–Ω—Å—å–∫–æ—é ¬´–ì–æ–ª–æ–≤–∞ –Ω–∞ –ø–ª–µ—á–∞—Ö¬ª,https://uk.tgstat.com/channel/ahQSYqm-lL9lZmRi,https://t.me/joinchat/ahQSYqm-lL9lZmRi
–ê—É–¥—ñ–æ–∫–Ω–∏–≥–∏ —É–∫—Ä–∞—ó–Ω—Å—å–∫–æ—é,https://uk.tgstat.com/channel/@abookua,https://t.me/abookua
–ë—ñ–±–ª—ñ–æ—Ç–µ–∫–∞,https://uk.tgstat.com/channel/@books_lib_ua,https://t.me/books_lib_ua
–ü–∞–ª—ñ—Ç—É—Ä–∫–∞,https://uk.tgstat.com/channel/@paliturka,https://t.me/paliturka
Yakabooks,https://uk.tgstat.com/channel/@yakabooua,https://t.me/yakabooua
üìö –ù–µ–ø–æ–∑–±—É–≤–Ω–∏–π –∫–Ω–∏–≥–æ—á–∏—Ç—É–Ω,https://uk.tgstat.com/channel/@npzbvnkngchtn,https://t.me/npzbvnkngchtn
"–ß–∏—Ç–∞–π, krw, –∫–Ω–∏–∂–∫–∏Ô∏èüìö",https://uk.tgstat.com/channel/@daphniasuggests,https://t.me/daphniasuggests
–ö–Ω–∏–≥–∞—Ä–∫–∞ Vivat üíö,https://uk.tgstat.com/channel/@vivat_publishing,https://t.me/vivat_publishing
–ö—Ä–∞–¥—ñ–π–∫–∞ –∫–Ω–∏–∂–æ–∫,https://uk.tgstat.com/channel/@b00k_thief,https://t.me/b00k_thief
in book we trust,https://uk.tgstat.com/channel/@inbookwetrust,https://t.me/inbookwetrust
üá∫üá¶ –ö–ù–ò–ì–ò –¢–ê –ö–Ü–ù–û UA,https://uk.tgstat.com/channel/@knygykino,https://t.me/knygykino
TBUW,https://uk.tgstat.com/channel/@tbuwua,https://t.me/tbuwua
‚ô° –∫–Ω–∏–∂–Ω—ã–π —à–∫–∞—Ñ ‚ô°,https://uk.tgstat.com/channel/@lilybookcase,https://t.me/lilybookcase
Pekar's Book Review,https://uk.tgstat.com/channel/@bookreviewUA,https://t.me/bookreviewUA
–õ—ñ–Ω–∞ –ö–æ—Å—Ç–µ–Ω–∫–æ,https://uk.tgstat.com/channel/@l_v_kostenko,https://t.me/l_v_kostenko
–ê–∫—Ç—É–∞–ª—å–Ω–∞ —É–∫—Ä–∞—ó–Ω—Å—å–∫–∞ –∫–Ω–∏–≥–∞,https://uk.tgstat.com/channel/01DHSSaEJ8I5MTgy,https://t.me/joinchat/01DHSSaEJ8I5MTgy
–§–∞–Ω—Ñ–∏–∫–∏ –ø–æ –≤–∏–≥—É–∫–∞–º,https://uk.tgstat.com/channel/@vkook_housee,https://t.me/vkook_housee
dengeki - —á–∏—Ç–∞–ª—å–Ω—è –º–∞–Ω“ë–∏,https://uk.tgstat.com/channel/@dengeki_channel,https://t.me/dengeki_channel
–õ—ñ—Ç–µ—Ä–∞—Ç—É—Ä–∞ —É–∫—Ä–∞—ó–Ω—Å—å–∫–æ—é –º–æ–≤–æ—é | –ö–Ω–∏–≥–∏,https://uk.tgstat.com/channel/@povstanec,https://t.me/povstanec
–í—Å–µ –∫–Ω–∏–≥–∏ –º–∏—Ä–∞ üìö,https://uk.tgstat.com/channel/@allbooksforpeople,https://t.me/allbooksforpeople
–ê—É–¥–∏–æ—Å–∫–∞–∑–∫–∏ ‚ú®,https://uk.tgstat.com/channel/@kazky_ukr,https://t.me/kazky_ukr
"–ö–Ω–∏–≥–∞—Ä–Ω—è ""–Ñ""",https://uk.tgstat.com/channel/@knyharnia_ye,https://t.me/knyharnia_ye
—Ç–µ–ø–ª—ã–µ –æ–±—ä—è—Ç–∏—è —é–Ω–º–∏ ü´Çüíï,https://uk.tgstat.com/channel/@yoonmin_house,https://t.me/yoonmin_house
üìö –ê—É–¥–∏–æ–∫–Ω–∏–≥–∏ | –†–∞–¥–∏–æ—Å–ø–µ–∫—Ç–∞–∫–ª–∏ | –î–µ—Ç–µ–∫—Ç–∏–≤—ã | –ö–Ω–∏–≥–∏,https://uk.tgstat.com/channel/@abook6,https://t.me/abook6
–≠–ª–µ–∫—Ç—Ä–æ–Ω–Ω–∞—è –±–∏–±–ª–∏–æ—Ç–µ–∫–∞,https://uk.tgstat.com/channel/@el_biblioteka,https://t.me/el_biblioteka
–õ—ñ—Ç–µ—Ä–∞—Ç—É—Ä–∞,https://uk.tgstat.com/channel/@literature_ua,https://t.me/literature_ua
üìö–í–†–ê–ñ–ï–ù–ù–Ø UA,https://uk.tgstat.com/channel/@vrajennya,https://t.me/vrajennya
–£–∫—Ä–∞—ó–Ω—Å—å–∫–∞ –ª—ñ—Ç–µ—Ä–∞—Ç—É—Ä–∞,https://uk.tgstat.com/channel/@ukrlit,https://t.me/ukrlit
–ö–Ω–∏–∂–∫–æ–≤–∏–π –±—É–Ω–∫–µ—Ä üìö,https://uk.tgstat.com/channel/@book_hopper,https://t.me/book_hopper
–ö–Ω–∏–≥–∞ –∑–∞ 15 —Ö–≤–∏–ª–∏–Ω,https://uk.tgstat.com/channel/QVCybF34lDQyMTU6,https://t.me/joinchat/QVCybF34lDQyMTU6
–ö–Ω–∏–≥–∏ —É–∫—Ä–∞—ó–Ω—Å—å–∫–æ—é üá∫üá¶,https://uk.tgstat.com/channel/@book_uaa,https://t.me/book_uaa
–°–≤—ñ—Ç –∫–Ω–∏–≥,https://uk.tgstat.com/channel/@wobua,https://t.me/wobua
Great Books,https://uk.tgstat.com/channel/AAAAAFPdffoSPHtAyov0uQ,https://t.me/joinchat/AAAAAFPdffoSPHtAyov0uQ
Book Workshop UA,https://uk.tgstat.com/channel/@bookworkshopua,https://t.me/bookworkshopua
–í—ñ—Ä—à–æ–ª—é–±,https://uk.tgstat.com/channel/@virsholub,https://t.me/virsholub
LITERARY_TERRORISM,https://uk.tgstat.com/channel/@BOOKSLT2022,https://t.me/BOOKSLT2022
Chytomo,https://uk.tgstat.com/channel/@chytomo,https://t.me/chytomo
–ö–æ–º—ñ—Ä—á–∏–Ω–∞ –ø–∏—Å—å–º–µ–Ω–Ω–∏–∫–∞,https://uk.tgstat.com/channel/@writers_world_ua,https://t.me/writers_world_ua
"–ü–µ—Ä–µ–∫–ª–∞–¥–∏ –∫–æ–º–∞–Ω–¥–∏ ""–í—ñ–¥–≤–∞–ª –ë–∞—à–∫–∏""",https://uk.tgstat.com/channel/@vidvalbshky,https://t.me/vidvalbshky
–ù–∞–π–∫—Ä–∞—â—ñ –ö–Ω–∏–≥–∏ –∑ –°–∞–º–æ—Ä–æ–∑–≤–∏—Ç–∫—Éüìöüîù,https://uk.tgstat.com/channel/@developmentbooks,https://t.me/developmentbooks
–í—ñ–¥ —ñ–¥–µ—ó –¥–æ –∫–Ω–∏–∂–∫–∏ –∑ –¢–∞—ñ—Å –ó–æ–ª–æ—Ç–∫–æ–≤—Å—å–∫–æ—é,https://uk.tgstat.com/channel/@writewithtais,https://t.me/writewithtais
‚öîÔ∏è –°—É—á–∞—Å–Ω–∞ –£–∫—Ä–∞—ó–Ω—Å—å–∫–∞ –ü–æ–µ–∑—ñ—è (–°–£–ü),https://uk.tgstat.com/channel/@uapoetry,https://t.me/uapoetry
–ö–Ω–∏–≥–∏ —É–∫—Ä–∞—ó–Ω—Å—å–∫–æ—é üá∫üá¶,https://uk.tgstat.com/channel/@read_p,https://t.me/read_p
BookMarine üåä,https://uk.tgstat.com/channel/@bookmarine,https://t.me/bookmarine
–õ—ñ—Ç–µ—Ä–∞—Ç—É—Ä–Ω–∏–π –¢–∏–≥—Ä,https://uk.tgstat.com/channel/@lit_tiger,https://t.me/lit_tiger
–∞—Ä—Ç–∏–ª–µ—Ä—ñ—è!,https://uk.tgstat.com/channel/@artyleriya,https://t.me/artyleriya
–ö–Ω–∏–≥–∞—Ä–Ω—è,https://uk.tgstat.com/channel/AAAAAFEDtJbAEpwEk8acAQ,https://t.me/joinchat/AAAAAFEDtJbAEpwEk8acAQ
–ê—É–¥—ñ–æ–∫–Ω–∏–≥–∏ –£–∫—Ä–∞—ó–Ω—Å—å–∫–æ—é,https://uk.tgstat.com/channel/EjQZQf44IcQwMzhi,https://t.me/joinchat/EjQZQf44IcQwMzhi
–í—ñ—Ä—à—ñ | Anna Savchyk,https://uk.tgstat.com/channel/@poemeanngrapess,https://t.me/poemeanngrapess
–õ—ñ–Ω–∞ –ö–æ—Å—Ç–µ–Ω–∫–æ,https://uk.tgstat.com/channel/@lina_kostenko_ua,https://t.me/lina_kostenko_ua
üéß–ö–ù–ò–ñ–ö–û–í–ò–ô –°–õ–£–•–ê–ßüìö,https://uk.tgstat.com/channel/@audioknigi_sluhash,https://t.me/audioknigi_sluhash
–ö–Ω–∏–∂–∫–æ–≤–µ –±—É—Ç—Ç—è,https://uk.tgstat.com/channel/@knyzkove_zhyttya,https://t.me/knyzkove_zhyttya
Oleksandr_Vysotskyi‚ö´Ô∏è,https://uk.tgstat.com/channel/@mythinkingoutloud_OV,https://t.me/mythinkingoutloud_OV
–ö–∏—Ç –Ω–µ —Å–ø–∏—Ç—å,https://uk.tgstat.com/channel/@whale_lullaby,https://t.me/whale_lullaby
Raifu | –ü–µ—Ä–µ–≤–æ–¥ –∫–æ–º–∏–∫—Å–æ–≤Ô∏èÔ∏è,https://uk.tgstat.com/channel/@r_aifu,https://t.me/r_aifu
books_alz ‚Ä¢ —Å–ø–ª–µ—Ç–µ–Ω–∏–µ –ø—Ä–µ–∫—Ä–∞—Å–Ω—ã—Ö —ç–ø–æ—Ö,https://uk.tgstat.com/channel/@books_alz,https://t.me/books_alz
–ü–æ–≤–Ω–∞ –Ü–ª—é–º—ñ–Ω–∞—Ü—ñ—è,https://uk.tgstat.com/channel/@everything_is_illuminated,https://t.me/everything_is_illuminated
–ë—ñ–±–ª—ñ–æ—Ç–µ–∫–∞,https://uk.tgstat.com/channel/@biblioua,https://t.me/biblioua
–ê–Ω–¥–µ—Ä –ö–∞–≤–µ—Ä,https://uk.tgstat.com/channel/@underrrcoverrr,https://t.me/underrrcoverrr
–ê—Ä—Ö—ñ–≤ –ª—ñ—Ç–µ—Ä–∞—Ç—É—Ä–∏,https://uk.tgstat.com/channel/@apxivlit,https://t.me/apxivlit
ùêúùê°ùêöùê¨.ùêÆùêö ùêõùê®ùê®ùê§ùê¨ üìö,https://uk.tgstat.com/channel/@chasuabooks,https://t.me/chasuabooks
–ù–∞—à –§–æ—Ä–º–∞—Ç,https://uk.tgstat.com/channel/@nashformat,https://t.me/nashformat
–©–æ –ø–æ—á–∏—Ç–∞—Ç–∏? | –û–≥–ª—è–¥ –∫–Ω–∏–∂–æ–∫ üìö,https://uk.tgstat.com/channel/@shcho_pochytaty,https://t.me/shcho_pochytaty
bookreviews,https://uk.tgstat.com/channel/@bookreviewsua,https://t.me/bookreviewsua
–º–∞–π—Å—Ç–µ—Ä–Ω—è –ª—ñ—Ä–∏–∫–∏ —Ç–∞ —ñ—Ä–æ–Ω—ñ—ó,https://uk.tgstat.com/channel/@daria_lisich,https://t.me/daria_lisich
–°—Ç–∞—Ä–∏–π –õ–µ–≤,https://uk.tgstat.com/channel/@starlev,https://t.me/starlev
–¢–µ—Ä–µ–Ω,https://uk.tgstat.com/channel/@teren_manga,https://t.me/teren_manga
–ö–æ–ª–∏ –º–∏ –≥–æ–≤–æ—Ä–∏–º–æ –ø—Ä–æ –∫–Ω–∏–∂–∫–∏,https://uk.tgstat.com/channel/@okbookclub,https://t.me/okbookclub
–£–∫—Ä–∞—ó–Ω—Å—å–∫–∞ –ø–æ–µ–∑—ñ—èüìñ,https://uk.tgstat.com/channel/@poetryukraine,https://t.me/poetryukraine
Nebo BookLab Publishing,https://uk.tgstat.com/channel/@nebobooks,https://t.me/nebobooks
–ö–Ω–∏–≥–∏ –£–∫—Ä–∞—ó–Ω—Å—å–∫–æ—é –º–æ–≤–æ—é,https://uk.tgstat.com/channel/@book_ukraine,https://t.me/book_ukraine
Pavlo Derkach,https://uk.tgstat.com/channel/@pavloderkach,https://t.me/pavloderkach
–°–ê–ú–û–†–ê–ó–í–ò–¢–ò–ï | –ö–ù–ò–ì–ò,https://uk.tgstat.com/channel/@kniga_kife,https://t.me/kniga_kife
–ú–µ–ª–∞–Ω—á–∏–Ω–µ –∂–∏—Ç—Ç—è —ñ –∫–Ω–∏–∂–∫–∏,https://uk.tgstat.com/channel/@melanchyne,https://t.me/melanchyne
Books–≤—ñ–¥–Ω–∞—Å—Ç—ñ,https://uk.tgstat.com/channel/@booksbynastya,https://t.me/booksbynastya
–ö–µ—Ü–∏–∫,https://uk.tgstat.com/channel/@kecyk_tekstu,https://t.me/kecyk_tekstu
–ß–∏—Ç–∞—î–º–æ —ñ –ø–∏—à–µ–º–æüìö,https://uk.tgstat.com/channel/@marianna_dolya,https://t.me/marianna_dolya
Virsh.ua,https://uk.tgstat.com/channel/@virshukra,https://t.me/virshukra
PocketBook - —É—Å–µ –ø—Ä–æ –∫–Ω–∏–∂–∫–∏üìö,https://uk.tgstat.com/channel/@pocketbookua,https://t.me/pocketbookua
–ö–Ω–∏–∂–∫–æ–≤–∞ –§–µ—è,https://uk.tgstat.com/channel/@book_fairy_eli_telegram,https://t.me/book_fairy_eli_telegram
–ù–æ–Ω-—Ñ—ñ–∫—à–Ω –ª—ñ—Ç–µ—Ä–∞—Ç—É—Ä–∞,https://uk.tgstat.com/channel/@non_fikshn,https://t.me/non_fikshn
–ö—É–ø–∏ –∫–Ω–∏–∂–∫—É - –¥–æ–ø–æ–º–æ–∂–∏ –ó–°–£,https://uk.tgstat.com/channel/@buy_book_help_army,https://t.me/buy_book_help_army
–ö–Ω–∏–∂–∫–æ–≤–∏–π –û—Å—Ç—Ä—ñ–≤,https://uk.tgstat.com/channel/@OSTRKniga,https://t.me/OSTRKniga
How to book,https://uk.tgstat.com/channel/@howtobook,https://t.me/howtobook
–ë—ñ–∑–Ω–µ—Å –õ—ñ—Ç–µ—Ä–∞—Ç—É—Ä–∞,https://uk.tgstat.com/channel/@paliturka3,https://t.me/paliturka3
BOOK hub,https://uk.tgstat.com/channel/@bbookhub,https://t.me/bbookhub
·¥Ñ ú…™·¥ç·¥ú ·¥õ·¥á·¥Ä·¥ç|…™…¥“ì·¥è,https://uk.tgstat.com/channel/@chimuteaminfo,https://t.me/chimuteaminfo
LITOSVITA,https://uk.tgstat.com/channel/@litosvita,https://t.me/litosvita
–Ø–Ω–∞ –ø—Ä–æ –õ—ñ—Ç–µ—Ä–∞—Ç—É—Ä—É ü´°,https://uk.tgstat.com/channel/@lovingbooksandart,https://t.me/lovingbooksandart
–ú–µ–Ω—å—à–µ —Å–ª–æ–≤ ‚Ä¢ –ö–Ω–∏–≥–∏ –∫—Ä–∞—Ç–∫–æ,https://uk.tgstat.com/channel/@mensheslov,https://t.me/mensheslov
–§–∞–Ω—Ñ–∏–∫–∏ –ø–æ –Ω–∞–º–¥–∂–∏–Ω–∞–º,https://uk.tgstat.com/channel/@namjin_house,https://t.me/namjin_house
nesvidomo,https://uk.tgstat.com/channel/@nesvidomo,https://t.me/nesvidomo
starlight team ‚îÇ –ø–µ—Ä–µ–∫–ª–∞–¥–∏ –º–∞–Ω—Ö–≤ —É–∫—Ä–∞—ó–Ω—Å—å–∫–æ—é,https://uk.tgstat.com/channel/@st3rlightteam,https://t.me/st3rlightteam
–í–∏–¥–∞–≤–Ω–∏—Ü—Ç–≤–æ –†–ú üìö,https://uk.tgstat.com/channel/@rm_publisher,https://t.me/rm_publisher
–£–∫—Ä–∞—ó–Ω—Å—å–∫–∞ –õ—ñ—Ç–µ—Ä–∞—Ç—É—Ä–∞,https://uk.tgstat.com/channel/@paliturka1,https://t.me/paliturka1
–ö–Ω–∏–∂–∫–æ–≤–∞ –ø–æ–ª–∏—Ü—è,https://uk.tgstat.com/channel/@bookshelfukraine,https://t.me/bookshelfukraine
cynical_publisher,https://uk.tgstat.com/channel/@cynical_publisher,https://t.me/cynical_publisher
TomanUkraine‚ô°,https://uk.tgstat.com/channel/@tomanukraine,https://t.me/tomanukraine
–ë–∞–Ω–¥–µ—Ä—ñ–≤—Å—å–∫–∞ –ú–∞–Ω“ë–∞,https://uk.tgstat.com/channel/@banderivskamanga,https://t.me/banderivskamanga
–ü–æ–≤—ñ—Å—Ç—å —Å—É—á–∞—Å–Ω–∏—Ö –ª—ñ—Ç,https://uk.tgstat.com/channel/@povistlit,https://t.me/povistlit
bookoldsru,https://uk.tgstat.com/channel/@bookoldsru,https://t.me/bookoldsru
–ö–Ω–∏–≥–æ–õ–µ–Ω–¥ üá∫üá¶üìö,https://uk.tgstat.com/channel/@knglnd,https://t.me/knglnd
–ö–Ω–∏–≥–∏ FB2 ePub,https://uk.tgstat.com/channel/@bibliotekaknigua,https://t.me/bibliotekaknigua
thedudewhoreads,https://uk.tgstat.com/channel/@thedudewhoreads,https://t.me/thedudewhoreads
–í–ê–õ–û–†|üå∫,https://uk.tgstat.com/channel/@Valerianateam,https://t.me/Valerianateam
Ukrainian –§–∞–Ω—Ñ—ñ–∫–∏. üéê,https://uk.tgstat.com/channel/@ukrfanfic,https://t.me/ukrfanfic
–ö–∞–Ω–∞–ª –ú–∏–∫–æ–ª–∏ –ö—ñ–Ω–æ–ª–æ–≥–∞. –ü—É—Ç—å —Ç–≤–æ—Ä—Ü–∞. –°—Ç–∞—Ç—É—Å–∏ –õ—é–¥–∏–Ω–∞ —ñ –ì—Ä–æ–º–∞–¥—è–Ω–∏–Ω.,https://uk.tgstat.com/channel/@ludyigromadianyradio,https://t.me/ludyigromadianyradio
–°–ª—É—Ö–∞–π. –ê—É–¥—ñ–æ–∫–Ω–∏–≥–∏ —É–∫—Ä–∞—ó–Ω—Å—å–∫–æ—é,https://uk.tgstat.com/channel/@sluhaycomua,https://t.me/sluhaycomua
–¢–ï–õ–ï–°–ö–û–ü | –ö–Ω–∏–∂–∫–æ–≤—ñ –æ–≥–ª—è–¥–∏,https://uk.tgstat.com/channel/@bookwatcher,https://t.me/bookwatcher
Book hangover,https://uk.tgstat.com/channel/@your_book_hangover,https://t.me/your_book_hangover
–ó–∞—Ä—É–±—ñ–∂–Ω–∞ –õ—ñ—Ç–µ—Ä–∞—Ç—É—Ä–∞,https://uk.tgstat.com/channel/@paliturka7,https://t.me/paliturka7
–§–∞–Ω—Ç–∞—Å—Ç–∏–∫–∞ –§–µ–Ω—Ç–µ–∑—ñ,https://uk.tgstat.com/channel/@paliturka4,https://t.me/paliturka4
–ü–æ–¥–∫–∞—Å—Ç DOU,https://uk.tgstat.com/channel/@doupodcast,https://t.me/doupodcast
—Ç–µ–Ω—Å–æ–Ω–∞|–º–∞–Ω“ë–∞ üá∫üá¶,https://uk.tgstat.com/channel/@tencona,https://t.me/tencona
–í–∏–¥–∞–≤–Ω–∏—Ü—Ç–≤–æ ArtHuss,https://uk.tgstat.com/channel/@arthuss,https://t.me/arthuss
–õ–∏—Ç–µ—Ä–∞—Ç—É—Ä–∞ –≤–Ω–µ –∑–∞–ø—Ä–µ—Ç–æ–≤ [–õ–í–ó],https://uk.tgstat.com/channel/@Literatyravnezapreta,https://t.me/Literatyravnezapreta
—É –±–µ–∑—Ö–≤–æ—Å—Ç–æ—ó –≤—ñ–¥—å–º–∏,https://uk.tgstat.com/channel/@bezkhvosta_books,https://t.me/bezkhvosta_books
–í–µ–ª—ñ–∫–∞–Ω–æ–≤ —á–∏—Ç–∞—î,https://uk.tgstat.com/channel/@knigivelikanova,https://t.me/knigivelikanova
–°–≤–æ–±–æ–¥–Ω–æ–µ –í—Ä–µ–º—è,https://uk.tgstat.com/channel/@timeformetofly,https://t.me/timeformetofly
–ö—Ä–∞—Å–æ–≤–∏—Ü—å–∫–∏–π —â–æ–¥–µ–Ω–Ω–æ,https://uk.tgstat.com/channel/@krass67,https://t.me/krass67
–ö–Ω–∏–∂–∫–æ–≤–∞ –ø–æ–ª–∏—Ü—è üìö,https://uk.tgstat.com/channel/zurTTrZiKR83OWRi,https://t.me/joinchat/zurTTrZiKR83OWRi
–ú–µ–Ω–µ–¥–∂–º–µ–Ω—Ç.–ö–Ω–∏–≥–∏,https://uk.tgstat.com/channel/@books_management,https://t.me/books_management
ü§é –∫–Ω–∏–∂–∫–æ–≤–∏–π feedback,https://uk.tgstat.com/channel/@book_fidbek,https://t.me/book_fidbek
üå∏s ú è·¥òs ú è…¥·¥Äüå∏,https://uk.tgstat.com/channel/@shypshynatranslation,https://t.me/shypshynatranslation
–í–∏–¥–∞–≤–Ω–∏—Ü—Ç–≤–æ –§–æ–ª—ñ–æ,https://uk.tgstat.com/channel/@folioua,https://t.me/folioua
–ü—Ä–∏–º. –ø–µ—Ä.,https://uk.tgstat.com/channel/@tut_i_dali_prym_per,https://t.me/tut_i_dali_prym_per
Ksenia Kellerman,https://uk.tgstat.com/channel/@ksenia_kellerman,https://t.me/ksenia_kellerman
–í–∞—Ç—Ä–∞ - –∫–æ–º–∞–Ω–¥–∞ –ø–µ—Ä–µ–∫–ª–∞–¥—É,https://uk.tgstat.com/channel/@vatra_manga,https://t.me/vatra_manga
–¥–∞–Ω—å–º–µ–π —Ç“ë –º–æ–≤–∏,https://uk.tgstat.com/channel/@danmeilang,https://t.me/danmeilang
–ê—É–¥—ñ–æ–∫–Ω–∏–≥–∏ —É–∫—Ä–∞—ó–Ω—Å—å–∫–æ—é | –ö–Ω–∏–≥–∏ | –õ—ñ—Ç–µ—Ä–∞—Ç—É—Ä–∞,https://uk.tgstat.com/channel/@uaaudiobooks,https://t.me/uaaudiobooks
booktrovert,https://uk.tgstat.com/channel/@booktrovertua,https://t.me/booktrovertua
–í—ñ–π—Å—å–∫–æ–≤–∞ –ª—ñ—Ç–µ—Ä–∞—Ç—É—Ä–∞,https://uk.tgstat.com/channel/@militark,https://t.me/militark
(Œ≤eta)Manga/in/ua - —á–∏—Ç–∞—Ç–∏ –º–∞–Ω“ë—É —É–∫—Ä–∞—ó–Ω—Å—å–∫–æ—é,https://uk.tgstat.com/channel/@manga_in_ua,https://t.me/manga_in_ua
–ö–Ω–∏–∂–∫–æ–≤–∞ —Ö–≤–∏–ª—è,https://uk.tgstat.com/channel/@boookwave,https://t.me/boookwave
hot books üî•‚ù§Ô∏è,https://uk.tgstat.com/channel/@hotbooksss,https://t.me/hotbooksss
–ß–∞–π —ñ —Ñ–∞–Ω—Ñ—ñ–∫–∏,https://uk.tgstat.com/channel/@fanfictionua,https://t.me/fanfictionua
üá∫üá¶ Bookcrossing: –∞—É–∫—Ü—ñ–æ–Ω,https://uk.tgstat.com/channel/@bookcrossing_ua,https://t.me/bookcrossing_ua
–∫—ñ—Ç–∞–ø —Å”©—Ä–µ–ºü§é,https://uk.tgstat.com/channel/@diashabooks,https://t.me/diashabooks
kaizen,https://uk.tgstat.com/channel/@kaizenua,https://t.me/kaizenua
üíõnear - –ø–æ—ç–∑–∏—è —Ä—è–¥–æ–º,https://uk.tgstat.com/channel/@poemsnear,https://t.me/poemsnear
Kƒ±rƒ±m Akademiyasƒ± ◊Ä –ö—Ä—ã–º—Å–∫–∞—è –ê–∫–∞–¥–µ–º–∏—è,https://uk.tgstat.com/channel/@kirimakademiyasi,https://t.me/kirimakademiyasi
Komubook,https://uk.tgstat.com/channel/@komubook,https://t.me/komubook
–ë—ñ–±–ª—ñ–æ—Ç–µ–∫–∞ –ù–ú–£,https://uk.tgstat.com/channel/@biblNMU,https://t.me/biblNMU
üè≥Ô∏è‚Äçüåà –ª“ë–±—Ç–∫+ –ª—ñ—Ç–µ—Ä–∞—Ç—É—Ä–∞ üá∫üá¶,https://uk.tgstat.com/channel/@lgbtqliteratureua,https://t.me/lgbtqliteratureua
Wyvern ‚Äñ –ü–µ—Ä–µ–∫–ª–∞–¥ —É–∫—Ä–∞—ó–Ω—Å—å–∫–æ—é,https://uk.tgstat.com/channel/@teamwyvern,https://t.me/teamwyvern
–ü–æ–≥–ª—è–¥ —Å–ø—Ä–∞–≤–∞,https://uk.tgstat.com/channel/@View_for_the_Right,https://t.me/View_for_the_Right
honeylate,https://uk.tgstat.com/channel/@honeylate,https://t.me/honeylate
–í–∏–¥–∞–≤–Ω–∏—Ü—Ç–≤–æ –ñ—É–ø–∞–Ω—Å—å–∫–æ–≥–æ,https://uk.tgstat.com/channel/@zhupanskogo,https://t.me/zhupanskogo
KITABOOKI - –ü—ñ–¥—Ä—É—á–Ω–∏–∫–∏ –∑—ñ —Å—Ö—ñ–¥–Ω–∏—Ö –º–æ–≤,https://uk.tgstat.com/channel/@kitabooki,https://t.me/kitabooki
nerdgasm,https://uk.tgstat.com/channel/@nerdgasm,https://t.me/nerdgasm
–í–∏–¥–∞–≤–Ω–∏—Ü—Ç–≤–æ ¬´–¢–µ–º–ø–æ—Ä–∞¬ª,https://uk.tgstat.com/channel/@tempora_publishing,https://t.me/tempora_publishing
Payback | üÉè,https://uk.tgstat.com/channel/@paaybackk,https://t.me/paaybackk
–°–ø–∞–¥—â–∏–Ω–∞ –ù–∞—à–∏—Ö –ü—Ä–µ–¥–∫—ñ–≤,https://uk.tgstat.com/channel/@spadschyna_nashykh_predkiv,https://t.me/spadschyna_nashykh_predkiv
–ì–∞–º–∞–∫ –∑ –∫–Ω–∏–≥–∞–º–∏ ‚ú®,https://uk.tgstat.com/channel/@bookverse,https://t.me/bookverse
–©–æ —Ç–∞–º —É –ö–æ–º–æ—Ä—ñ?,https://uk.tgstat.com/channel/@komorabooks,https://t.me/komorabooks
peachbooks,https://uk.tgstat.com/channel/@peachbooks,https://t.me/peachbooks
–ú—ñ—Å—è—Ü—å —á–∏—Ç–∞–Ω–Ω—è,https://uk.tgstat.com/channel/@monthread,https://t.me/monthread
Xvburd,https://uk.tgstat.com/channel/@xvbookk,https://t.me/xvbookk
–°—Ç–∞—Ä–∏–π –õ–µ–≤ –Ω–∞ –õ–∏—á–∞–∫—ñ–≤—Å—å–∫—ñ–π,https://uk.tgstat.com/channel/@StaryLev_Lychakivska,https://t.me/StaryLev_Lychakivska
–†–æ—Ä—à–∞—Ö –≤—Ä—è—Ç—É—î –Ω–∞—Å,https://uk.tgstat.com/channel/@tripwithbook,https://t.me/tripwithbook
Spiral Team ‚úô –ú–∞–Ω“ë–∞ —É–∫—Ä–∞—ó–Ω—Å—å–∫–æ—é,https://uk.tgstat.com/channel/@spiral_team_translations,https://t.me/spiral_team_translations
–¢–≤–æ—è –±—ñ–±–ª—ñ–æ—Ç–µ–∫–∞ üìö(—ñ–Ω—Ñ–æ—Ä–º–∞—Ü—ñ—è),https://uk.tgstat.com/channel/@elektroniknuhi,https://t.me/elektroniknuhi
–•–ê–î–ê–ù–û–í–Ü–ß | CHADANOVIƒå,https://uk.tgstat.com/channel/@chadanovic,https://t.me/chadanovic
IRAMI,https://uk.tgstat.com/channel/@iramiteam,https://t.me/iramiteam
BOOK INSOMNIA,https://uk.tgstat.com/channel/@bookinsomnia,https://t.me/bookinsomnia
Leport,https://uk.tgstat.com/channel/@leport,https://t.me/leport
–†–µ–ª—ñ–≥—ñ—î–∑–Ω–∞–≤—á–∏–π —Ö—Ä–æ–±–∞–∫,https://uk.tgstat.com/channel/@relhrob,https://t.me/relhrob
üìö –†–∞–Ω–æ–∫ –ë—É–∫–µ—Ä–∞,https://uk.tgstat.com/channel/@dusha_ranok,https://t.me/dusha_ranok
"–Ø –±–∞—á—É, –≤–∞—Å —Ü—ñ–∫–∞–≤–∏—Ç—å –°—É—Å—ñ–∫",https://uk.tgstat.com/channel/@susik24,https://t.me/susik24
–î–µ—Ç–µ–∫—Ç–∏–≤ –ë–æ–π–æ–≤–∏–∫,https://uk.tgstat.com/channel/@paliturka5,https://t.me/paliturka5
–î—ñ–≥—ñ–ë—É–∫—Å - –¶–∏—Ñ—Ä–æ–≤—ñ –ê—É–¥—ñ–æ–∫–Ω–∏–≥–∏,https://uk.tgstat.com/channel/@digibooksua,https://t.me/digibooksua
–ù—ñ—á –ú–µ–ª–∞–Ω—Ö–æ–ª—ñ–π–Ω–∞,https://uk.tgstat.com/channel/@mellancoly,https://t.me/mellancoly
Safran Book,https://uk.tgstat.com/channel/@safranbook,https://t.me/safranbook
–ß–∏—Ç–∞—Ç–∏–¶–µ–ú–æ–¥–Ω–æ,https://uk.tgstat.com/channel/@chytatytsemodno,https://t.me/chytatytsemodno
–ó–∞–ø–µ–∫–ª–∞ –∫–Ω–∏–≥–æ–∂–µ—Ä–∫–∞,https://uk.tgstat.com/channel/@sashas_reads,https://t.me/sashas_reads
–∫–Ω–∏–∂–∫–æ–≤–∏–π –¥–µ–≥—É—Å—Ç–∞—Ç–æ—Äüç∑üìö,https://uk.tgstat.com/channel/@booksanuta,https://t.me/booksanuta
the radiance art.,https://uk.tgstat.com/channel/@theradianceart,https://t.me/theradianceart
–ñ–∞—Ö–∏ –¢—Ä–∏–ª–µ—Ä–∏,https://uk.tgstat.com/channel/@paliturka8,https://t.me/paliturka8
–ö–Ω–∏–∂–Ω—ã–µ –º–∞–Ω—å—è–∫–∏. –û–±–∑–æ—Ä—ã –∫–Ω–∏–≥ | –õ–∏—Ç–µ—Ä–∞—Ç—É—Ä–∞,https://uk.tgstat.com/channel/@Obzory_Knigi,https://t.me/Obzory_Knigi
–ö–Ω–∏–≥–∏ –ù–ö –ë–æ–≥–¥–∞–Ω,https://uk.tgstat.com/channel/@bohdan_books,https://t.me/bohdan_books
–í–∏–¥–∞–≤–Ω–∏—Ü—Ç–≤–æ ¬´–ê–ø—Ä—ñ–æ—Ä—ñ¬ª,https://uk.tgstat.com/channel/@Apriori_lviv,https://t.me/Apriori_lviv
dolli—Ç–µ—Ä–∞—Ç—É—Ä–Ω–µ,https://uk.tgstat.com/channel/@dolliteraturne,https://t.me/dolliteraturne
–ù–∞—É–∫–∞ –¢–µ—Ö–Ω—ñ–∫–∞ –ú–µ–¥–∏—Ü–∏–Ω–∞,https://uk.tgstat.com/channel/@paliturka15,https://t.me/paliturka15
–ö–ù–ò–ì–ò –î–õ–Ø –î–£–®I ‚ô°,https://uk.tgstat.com/channel/@knygy_dla_dushi,https://t.me/knygy_dla_dushi
–ß–∏—Ç–∞–π —Ç—É—Çüá∫üá¶,https://uk.tgstat.com/channel/@tutchitai,https://t.me/tutchitai
Slavinska_reads,https://uk.tgstat.com/channel/@slavinska_reads,https://t.me/slavinska_reads
Grumpy readerka,https://uk.tgstat.com/channel/@grumpy_readerka,https://t.me/grumpy_readerka
–ë–µ–ª–ª—ñ—Ç –ø–∞–¥ –ü—ñ–≤–∞,https://uk.tgstat.com/channel/@pad_piva,https://t.me/pad_piva
–†–∞–Ω–æ–±–µUA,https://uk.tgstat.com/channel/@UA_novels,https://t.me/UA_novels
–ü–∞–ª—ñ–º–ø—Å–µ—Å—Ç,https://uk.tgstat.com/channel/@paalimpsest,https://t.me/paalimpsest
Nedward's Shelter üçâ üá∫üá¶,https://uk.tgstat.com/channel/@nedwards_shelter,https://t.me/nedwards_shelter
–®–æ –± –π–æ–≥–æ —Ç–∞–∫–æ–≥–æ –ø–æ—á–∏—Ç–∞—Ç–∏?,https://uk.tgstat.com/channel/@matsuga_reads,https://t.me/matsuga_reads
MangaReader‚ôæ,https://uk.tgstat.com/channel/@MangaReaderChannel,https://t.me/MangaReaderChannel
–°—Ç—ñ–≤–µ–Ω –ö—ñ–Ω“ë. –£–∫—Ä–∞—ó–Ω—Å—å–∫–∏–π –∫–ª—É–±,https://uk.tgstat.com/channel/@skuaclub,https://t.me/skuaclub
—Å—Ö–æ–≤–æ–∫.,https://uk.tgstat.com/channel/@fen_met,https://t.me/fen_met
–¢–∞–≤–µ—Ä–Ω–∞ —á–∏—Ç–∞—á–∞ ‚ú®,https://uk.tgstat.com/channel/@readstaverna,https://t.me/readstaverna
–ê—É–¥–∏–æ –±–∏–±–ª–∏–æ—Ç–µ–∫–∞ –∞—Ä—Ö–∏–≤,https://uk.tgstat.com/channel/@audiobiblioteka_arhiv,https://t.me/audiobiblioteka_arhiv
1000 + 1 –∫–Ω–∏–≥–∞/books,https://uk.tgstat.com/channel/@books_and_more_books,https://t.me/books_and_more_books
–ü–æ–µ—Ç–∏—á–Ω–∞ –º–∞–π—Å—Ç–µ—Ä–Ω—è –ü–∞—à—ñ –ë—Ä–æ—Å—å–∫–æ–≥–æ ü™∂,https://uk.tgstat.com/channel/@poets_ua,https://t.me/poets_ua
LitRPG,https://uk.tgstat.com/channel/@rpg_books,https://t.me/rpg_books
–°—ñ—á–µ—Å–ª–∞–≤—Å—å–∫–∞ –ü—Ä–æ—Å–≤—ñ—Ç–∞,https://uk.tgstat.com/channel/@PROSVITADNIPRO,https://t.me/PROSVITADNIPRO
–ú—É—Ä–∞—à–∫–∞,https://uk.tgstat.com/channel/@molodenjka,https://t.me/molodenjka
BUNKER RADIO,https://uk.tgstat.com/channel/@bunker_radio,https://t.me/bunker_radio
–≥–æ—Ä—Ç–∞–π –¥–∞–ª—ñ,https://uk.tgstat.com/channel/@hortay_dali,https://t.me/hortay_dali
–ì—Ä–∞–∂–¥–∞–Ω–∏–Ω ‚úô,https://uk.tgstat.com/channel/@QuirisRomanus,https://t.me/QuirisRomanus
–£–ö–†–§–ê–ù–§–Ü–ö–®–ù,https://uk.tgstat.com/channel/@ukrfanficshn,https://t.me/ukrfanficshn
–ó–∞–ø–∏—Å–∏ —Å–æ–Ω–Ω–æ–π –ø–∏—Å–∞—Ç–µ–ª—å–Ω–∏—Ü—ã ‚úçÔ∏è,https://uk.tgstat.com/channel/@hronuka_snovudenuy,https://t.me/hronuka_snovudenuy
–ê–ª–µ–∫—Å–∞–Ω–¥—Ä –í–∏–≥–µ—Ä,https://uk.tgstat.com/channel/@literaturamydream,https://t.me/literaturamydream
–ö–æ–º–∞–Ω–¥–∞ –ø–µ—Ä–µ–∫–ª–∞–¥—É –º–∞–Ω—Ö–≤ —É–∫—Ä–∞—ó–Ω—Å—å–∫–æ—é ¬´–õ—ñ—Å–æ–≤—ñ –ú–∞–≤–∫–∏¬ª,https://uk.tgstat.com/channel/@lismavki,https://t.me/lismavki
–ê—Ñ—Ñ—Ç–∞—Ä—ã –¢—É–¥–µ–π üòà –ö–Ω–∏–≥–∏ –∏ —Ü–∏—Ç–∞—Ç—ã,https://uk.tgstat.com/channel/@afftars_today,https://t.me/afftars_today
–∫–Ω–∏–∂–∫–æ–≤–µ –∫–æ—Ä–æ–ª—ñ–≤—Å—Ç–≤–æ,https://uk.tgstat.com/channel/@nastasiabook,https://t.me/nastasiabook
–•—Ä–∏—Å—Ç–∏—è–Ω—Å—å–∫–∞ –∫–Ω–∏–≥–∞,https://uk.tgstat.com/channel/@knigaorgua,https://t.me/knigaorgua
¬´–°–º–∞–∫–æ–ª–∏–∫–∏¬ª. –†–∞–Ω–æ–±–µ —Ç–∞ –Ω–æ–≤–µ–ª–∏ —É–∫—Ä–∞—ó–Ω—Å—å–∫–æ—é,https://uk.tgstat.com/channel/@smakolyky_tl,https://t.me/smakolyky_tl
Telegram –®–µ–≤—á–µ–Ω–∫–∞,https://uk.tgstat.com/channel/@tarashevchenkoo,https://t.me/tarashevchenkoo
–ß—Ç–∏–≤–æ 9–∫–∏–Ω–æ–π,https://uk.tgstat.com/channel/@chtivo9kinoy,https://t.me/chtivo9kinoy
Lazutkina‚Äôs Telegram,https://uk.tgstat.com/channel/@BooksProducer,https://t.me/BooksProducer
–§–ê–ô–õ–òüìö,https://uk.tgstat.com/channel/@faaaaaale,https://t.me/faaaaaale
–ß—Ç–æ-—Ç–æ –Ω–∞ –∫–Ω–∏–∂–Ω–æ–º üìö,https://uk.tgstat.com/channel/@book_for_youuy,https://t.me/book_for_youuy
–ö–Ω–∏–∂–Ω–∞ –í—ñ–ª—è‚ú®,https://uk.tgstat.com/channel/@vilya_knig,https://t.me/vilya_knig
–û–ª–µ–∫—Å–∞–Ω–¥—Ä—ñ–π—Å—å–∫—ñ –±—ñ–±–ª—ñ–æ—Ç–µ–∫–∏,https://uk.tgstat.com/channel/@olexlibrary,https://t.me/olexlibrary
–¢–æ–∫—ñ–π—Å—å–∫—ñ –í–∞—Ä–µ–Ω–∏—á–∫–∏,https://uk.tgstat.com/channel/@tokyovarenycky,https://t.me/tokyovarenycky
Librarius ‚Äî —Ç–∏—Å—è—á—ñ –∫–Ω–∏–∂–æ–∫ –∑–∞–≤–∂–¥–∏ –∑ —Ç–æ–±–æ—é,https://uk.tgstat.com/channel/@librarius_books,https://t.me/librarius_books
LIBRERIA ELEPHANTüìö,https://uk.tgstat.com/channel/@libreria_elephant,https://t.me/libreria_elephant
–ó–ê–°–ù–û–í–ù–ò–ö –¢–ï–ú–ù–û–ì–û –®–õ–Ø–•–£,https://uk.tgstat.com/channel/@thefounderofdiabolsm,https://t.me/thefounderofdiabolsm
–ö–Ω–∏–≥–∏ | –°–∞–º–æ—Ä–æ–∑–≤–∏—Ç–æ–∫,https://uk.tgstat.com/channel/@goread_ua,https://t.me/goread_ua
–ß–∏—Ç–∞–π,https://uk.tgstat.com/channel/@chytay_ua,https://t.me/chytay_ua
–ú—ñ–∂ –Ω–∞–º–∏ –§–∞–Ω–∞—Ç—ñ–∫–∞–º–∏,https://uk.tgstat.com/channel/id1723741674,https://t.me/joinchat/id1723741674
–ö–Ω–∏–≥–∏ –∏ –∫–æ—Ñ–µ —Å –ö–∞—Ç–µ–π,https://uk.tgstat.com/channel/@coffeandbooks,https://t.me/coffeandbooks
–°–ü–û–ô–õ–ï–†–ò | –º–∞–Ω—Ö–≤–∏,https://uk.tgstat.com/channel/@newmanhwa,https://t.me/newmanhwa
–ê—É–¥—ñ–æ–∫–Ω–∏–≥–∏ —É–∫—Ä–∞—ó–Ω—Å—å–∫–æ—é –ë–µ–∑–¢–µ–∫—Å—Ç—É,https://uk.tgstat.com/channel/@beztexta,https://t.me/beztexta
–ê—É–¥–∏–æ–≤–∏–∑–∏—É–º,https://uk.tgstat.com/channel/@Audiobooks_Fiction,https://t.me/Audiobooks_Fiction
üíó,https://uk.tgstat.com/channel/@krolik_sia,https://t.me/krolik_sia
bookshelf4art,https://uk.tgstat.com/channel/@bookshelf4art,https://t.me/bookshelf4art
–ö–Ω–∏–∂–∫–æ–≤–∏–π –º—ñ—Å—è—Ü—åüåô,https://uk.tgstat.com/channel/@booksmoons,https://t.me/booksmoons
–û—Å–∏–ø –õ–µ–º—ñ—à,https://uk.tgstat.com/channel/@OsypLemish,https://t.me/OsypLemish
Translation Valley,https://uk.tgstat.com/channel/@translationValley,https://t.me/translationValley
Kniga.biz.ua,https://uk.tgstat.com/channel/@KnigaBizUa,https://t.me/KnigaBizUa
–º–ær—Å—å–∫–∏–π,https://uk.tgstat.com/channel/@morskihuyorski,https://t.me/morskihuyorski
–©–µ –æ–¥–∏–Ω –ø–æ–µ—Ç,https://uk.tgstat.com/channel/@anotheronepoet,https://t.me/anotheronepoet
üìö –ö–Ω–∏–≥–æ–≤–µ—Ä–µ–¥—É–Ω,https://uk.tgstat.com/channel/@knyhoveredun,https://t.me/knyhoveredun
Walking B.,https://uk.tgstat.com/channel/@walkingbls,https://t.me/walkingbls
Aerotyne International,https://uk.tgstat.com/channel/@podkasty17,https://t.me/podkasty17
–ö–Ω–∏–≥–æ–≥–æ–ª—ñ–∑–º —è–∫ –∞–ª—å—Ç–µ—Ä –µ“ë–æ,https://uk.tgstat.com/channel/@bookworming_as_alter_ego,https://t.me/bookworming_as_alter_ego
–ö–Ω–∏–∂–∫–æ–≤—ñ –ø—Ä–∏—Å—Ç—Ä–∞—Å—Ç—ñ,https://uk.tgstat.com/channel/@book_passion,https://t.me/book_passion
Lib room,https://uk.tgstat.com/channel/@lib_room,https://t.me/lib_room
–õ—ñ—Ç–µ—Ä–∞—Ç—É—Ä–Ω–∏–π SLAM,https://uk.tgstat.com/channel/@litslamua,https://t.me/litslamua
–ê—Ä—Ö—ñ–≤,https://uk.tgstat.com/channel/@broskii_family,https://t.me/broskii_family
SVITLOüí°,https://uk.tgstat.com/channel/@ursvitlo,https://t.me/ursvitlo
Do not disturb writer at work,https://uk.tgstat.com/channel/@av_writer,https://t.me/av_writer
–§–∞–Ω—Ç–∞—Å—Ç–∏–∫–∞ | –∫–Ω–∏–≥–∏,https://uk.tgstat.com/channel/@fantastika_book,https://t.me/fantastika_book
–ö–Ω–∏–≥–∏ —Å–æ —Å–º—ã—Å–ª–æ–º,https://uk.tgstat.com/channel/AAAAAEleExH8hsBl46j61A,https://t.me/joinchat/AAAAAEleExH8hsBl46j61A
–ö–∏–Ω–æ–¢–∞—Ä–¥–∏—Å,https://uk.tgstat.com/channel/@Kino_Tardis,https://t.me/Kino_Tardis
–¢–≤—ñ–π –≤—ñ—Ä—à | –í—ñ—Ä—à—ñ –¥–ª—è –¥—É—à—ñ,https://uk.tgstat.com/channel/@tviy_virsh,https://t.me/tviy_virsh
–ö–ù–ò–ì–û–ú–ï–ù | –∫–Ω–∏–≥–∞ –∑–∞ 10—Ö–≤,https://uk.tgstat.com/channel/@bookman_podcast,https://t.me/bookman_podcast
–í—ñ–∫—ñ–º–µ–¥—ñ–∞ –£–∫—Ä–∞—ó–Ω–∞,https://uk.tgstat.com/channel/@wikimedia_ua,https://t.me/wikimedia_ua
thebookworm,https://uk.tgstat.com/channel/@psychobookworm,https://t.me/psychobookworm
bookshelf4all,https://uk.tgstat.com/channel/@bookshelf4all,https://t.me/bookshelf4all
–í–∞—Å–∏–ª—å –°–∏–º–æ–Ω–µ–Ω–∫–æ,https://uk.tgstat.com/channel/@vasylsymonenko,https://t.me/vasylsymonenko
–§—ñ–ª—å–º –ø–æ–≥–∞–Ω–∏–π - —á–∏—Ç–∞–π –∫–Ω–∏–∂–∫—É,https://uk.tgstat.com/channel/@film_is_bad_read_a_book,https://t.me/film_is_bad_read_a_book
–ö–∞–ö–∞–®—ã–ë—ã–ó—ã,https://uk.tgstat.com/channel/@kakashybyzy,https://t.me/kakashybyzy
–í—ñ–¥–∫—Ä–∏—Ç–∞ –í–∏–¥–∞–≤—á–∏–Ω—è,https://uk.tgstat.com/channel/@litera_v_vyd,https://t.me/litera_v_vyd
–ö–Ω–∏–∂–∫–æ–≤–µ –ø–æ—Ö–º—ñ–ª–ª—è,https://uk.tgstat.com/channel/@probooksss,https://t.me/probooksss
–∫–æ—Å–º—ñ—á–Ω–∞ —Ä—ñ–∑—å–±–∞.,https://uk.tgstat.com/channel/@galdranorn,https://t.me/galdranorn
–ó –≤–µ—Ä—Ö–Ω—å–æ—ó –ø–æ–ª–∏—á–∫–∏,https://uk.tgstat.com/channel/@onthetopshelf,https://t.me/onthetopshelf
–û—Å–∏–ø –≠–º–∏–ª—å–µ–≤–∏—á –ú–∞–Ω–¥–µ–ª—å—à—Ç–∞–º,https://uk.tgstat.com/channel/@mandelshtam,https://t.me/mandelshtam
–Æ–Ω–≥—ñ–∞–Ω—Å—å–∫–∞ –ß–∏—Ç–∞–ª—å–Ω—è,https://uk.tgstat.com/channel/iiH7gUosa985M2Q6,https://t.me/joinchat/iiH7gUosa985M2Q6
–∫–Ω–∏–≥–∞ - —É–Ω—ñ–∫–∞–ª—å–Ω–∏–π –¥–µ–≤–∞–π—Å!,https://uk.tgstat.com/channel/@bookuniquedevice,https://t.me/bookuniquedevice
–ö–Ω–∏–∂–∫–æ–≤—ñ —ñ—Å—Ç–æ—Ä—ñ—ó,https://uk.tgstat.com/channel/@call_me_booklover,https://t.me/call_me_booklover
PRAVNET. IN.UA –∫–Ω–∏–∂–Ω—ã–π –º–∞–≥–∞–∑–∏–Ω,https://uk.tgstat.com/channel/@pravnet2012,https://t.me/pravnet2012
–ë—ñ–±–ª—ñ–æ—Ç–µ–∫–∞ –∫–Ω–∏–≥–æ–ª—é–±—É,https://uk.tgstat.com/channel/@bookglove,https://t.me/bookglove
Movnyydoshch,https://uk.tgstat.com/channel/@movnyydoshch,https://t.me/movnyydoshch
"üìö–ö–Ω–∏–≥–∞—Ä–Ω—è / –í–∏–¥–∞–≤–Ω–∏—Ü—Ç–≤–æ ""–¢–£–¢""üìö",https://uk.tgstat.com/channel/@knygarnya,https://t.me/knygarnya
..,https://uk.tgstat.com/channel/@ukrbookz,https://t.me/ukrbookz
Holiaf,https://uk.tgstat.com/channel/@Evmpara_nechronot,https://t.me/Evmpara_nechronot
–í–∏–¥–∞–≤–Ω–∏—Ü—Ç–≤–æ –∫–Ω–∏–≥ –õ—ñ–ª—ñ—è,https://uk.tgstat.com/channel/@lilia_publishing,https://t.me/lilia_publishing
–ß–∏—Ç–∞–ª–æ—á–∫–∞,https://uk.tgstat.com/channel/@bookpassion,https://t.me/bookpassion
–ö–Ω–∏–∂–∫–æ–≤–∞ –º–∞–Ω–¥—Ä—ñ–≤–∫–∞ üìö,https://uk.tgstat.com/channel/@booksjourney,https://t.me/booksjourney
–†–æ–º–∞–Ω –∑–∞ 30 –¥–Ω—ñ–≤,https://uk.tgstat.com/channel/@nanowrimo_ua,https://t.me/nanowrimo_ua
–ß–∏—Ç–∞–π –∫–Ω–∏–≥–∏ | –≤—ñ—Ä—à—ñ,https://uk.tgstat.com/channel/@readbooks_official,https://t.me/readbooks_official
–ê—É–¥—ñ–æ–∫–Ω–∏–≥–∏ | –ö–Ω–∏–≥–∏ —É–∫—Ä–∞—ó–Ω—Å—å–∫–æ—é | –ê—É–¥—ñ–æ –∫–Ω–∏–≥–∞,https://uk.tgstat.com/channel/@Audioknyhyy,https://t.me/Audioknyhyy
–ù–∞ –º–µ–Ω–µ —á–µ–∫–∞—é—Ç—å –∫–Ω–∏–∂–∫–∏,https://uk.tgstat.com/channel/@okoloknyzhkove,https://t.me/okoloknyzhkove
S.T.A.L.K.E.R. Metro2033-–ê—É–¥–∏–æ–∫–Ω–∏–≥–∏,https://uk.tgstat.com/channel/@Apokalipsis_audiobooks,https://t.me/Apokalipsis_audiobooks
bookshelfSTORE,https://uk.tgstat.com/channel/@bookshelfstoreUA,https://t.me/bookshelfstoreUA
"–°–∫–∞—á–∞—Ç–∏ –∫–Ω–∏–≥–∏ –±–µ–∑–∫–æ—à—Ç–æ–≤–Ω–æ, –±–µ—Å–ø–ª–∞—Ç–Ω–∞ –∫–Ω–∏–≥–∞ —ñ –∫–Ω–∏–∂–∫–∞ —Ç—É—Ç",https://uk.tgstat.com/channel/@flibusta_bot_free,https://t.me/flibusta_bot_free
—Å–∞—à–∞ –≤—Å–µ—Å–≤—ñ—Ç,https://uk.tgstat.com/channel/@sashaelskardisco,https://t.me/sashaelskardisco
–ú–æ–∏ —Ö—É–µ–≤—ã–µ —Å—Ç–∏—Ö–∏,https://uk.tgstat.com/channel/@yazefirka,https://t.me/yazefirka
–î–æ–º–æ–≤–∏–∫ –∑ —Ä–µ–¥–∞–∫—Ü—ñ—ó ¬´–ë–∞–∑—ñ–∫–∞–ª–æ¬ª,https://uk.tgstat.com/channel/@literal_du,https://t.me/literal_du
–ö–Ω–∏–∂–∫–∏ –õ—ñ,https://uk.tgstat.com/channel/@linabookspodcast,https://t.me/linabookspodcast
–í–∏–¥–∞–≤–Ω–∏—á–∏–π –¥—ñ–º ¬´–î–∞–∫–æ—Ä¬ª,https://uk.tgstat.com/channel/@vd_dakor,https://t.me/vd_dakor
üìñ –¶–∏—Ç–∞—Ç–Ω–∏–∫,https://uk.tgstat.com/channel/@quote_ukr,https://t.me/quote_ukr
#Intelectless: –∫–Ω–∏–∂–∫–æ–≤–∏–π –±–ª–æ–≥ | “ë—ñ–∫-–±–ª–æ“ë | —É–∫—Ä–∞—ó–Ω—Å—å–∫–∏–π booktube #–£–∫—Ä–¢“ë,https://uk.tgstat.com/channel/@intelectless,https://t.me/intelectless
–ß–æ—Ä–Ω–∞ –ë—ñ–±–ª—ñ–æ—Ç–µ–∫–∞,https://uk.tgstat.com/channel/@blacklibrarybooks,https://t.me/blacklibrarybooks
Fumitsu - —É–∫—Ä–∞—ó–Ω—Å—å–∫–∏–π –∞–Ω—ñ–º–µ-–∫–ª—É–±,https://uk.tgstat.com/channel/@fumitsu,https://t.me/fumitsu
–°–ª—É—à–∞—Ç—å –∞—É–¥–∏–æ–∫–Ω–∏–≥–∏,https://uk.tgstat.com/channel/@west202178,https://t.me/west202178
–ë–µ–Ω—Å–æ–Ω –∏ –∫–æ–º–ø–∞–Ω–∏—è,https://uk.tgstat.com/channel/@VT_Della,https://t.me/VT_Della
"–¢–∏ —à–æ, –¢—é—Ç—é–Ω–Ω–∏–∫? üôÑ",https://uk.tgstat.com/channel/@intellazy,https://t.me/intellazy
Books in English üíì,https://uk.tgstat.com/channel/@bookineng,https://t.me/bookineng
–ú–µ—Ç–∞–º–æ—Ä—Ñ–æ–∑–Ω—ñ –∫–∞–º–µ–Ω—è—Ä—ñ,https://uk.tgstat.com/channel/@Metcstonemasons,https://t.me/Metcstonemasons
–ó–í–ê–ñ | –ó–µ–ª–µ–Ω–∞ –í–∏—à–Ω—è. –ê–≤—Ç–æ—Ä—Å—å–∫–∏–π –∂—É—Ä–Ω–∞–ª,https://uk.tgstat.com/channel/@Zelena_Vyshnya,https://t.me/Zelena_Vyshnya
–ê–Ω –ì—Ä–∞—Ü—ñ–π | 9.37,https://uk.tgstat.com/channel/@an_gratsii,https://t.me/an_gratsii
–ö–∏—Ä–∏–ª–æ –ü–æ–ª–æ–≤—ñ–Ω–∫–æ,https://uk.tgstat.com/channel/@kpolovinko,https://t.me/kpolovinko
–∑–∞–∫–ª–∞–¥–∫–∞ –ø–æ–µ–∑—ñ—ó,https://uk.tgstat.com/channel/@poetryze,https://t.me/poetryze
Inferno ü´Ä,https://uk.tgstat.com/channel/@ln_f5rn0200_3,https://t.me/ln_f5rn0200_3
üü¢–ì–∞—Ä—Ä—ñ –ü–æ—Ç—Ç–µ—Ä –£–∫—Ä–∞—ó–Ω—Å—å–∫–æ—éüá∫üá¶,https://uk.tgstat.com/channel/@garri_potter_in_ukraine,https://t.me/garri_potter_in_ukraine
–¶—ñ–∞–Ω –ø–∏—à–µ,https://uk.tgstat.com/channel/@cyan_writes,https://t.me/cyan_writes
–¢–µ–º–Ω–µ —Ñ–µ–Ω—Ç–µ–∑—ñ —É–∫—Ä–∞—ó–Ω—Å—å–∫–æ—é ·õ§ –ê–ª–∞—ñ—Å,https://uk.tgstat.com/channel/@Alais_official,https://t.me/Alais_official
veroniravenüá∫üá¶,https://uk.tgstat.com/channel/@iveroni,https://t.me/iveroni
–¢–∫–∞—á–∏—Ç–∞–Ω–∫–∞üá∫üá¶üìö,https://uk.tgstat.com/channel/@tkachytanka,https://t.me/tkachytanka
Vlolen,https://uk.tgstat.com/channel/@vlolen,https://t.me/vlolen
ReBzya,https://uk.tgstat.com/channel/@rebzya_manga,https://t.me/rebzya_manga
–õ–∏—Å—å–∏ –°—Ç–∏—Ö–∏ | Vevadesa,https://uk.tgstat.com/channel/@vevapoems,https://t.me/vevapoems
–ú–∞–Ω–≥–∞ | UA,https://uk.tgstat.com/channel/@mangakaUA,https://t.me/mangakaUA
Home Book Class,https://uk.tgstat.com/channel/@Home_Book_Class,https://t.me/Home_Book_Class
TelegabEmüß®,https://uk.tgstat.com/channel/@bEmtelega,https://t.me/bEmtelega
–ø–æ–¥–Ω–µ–±–µ—Å–Ω–∞—è ‚òÅÔ∏è,https://uk.tgstat.com/channel/@pdnbsnaya,https://t.me/pdnbsnaya
–ö–Ω–∏–∂–∫–æ–≤–∏–π —Ç—Ä—ñ–∞—Ç–ª–æ–Ω,https://uk.tgstat.com/channel/@bookstriathlon,https://t.me/bookstriathlon
–Ü–≤–∞–Ω–æ-–§—Ä–∞–Ω–∫—ñ–≤—Å—å–∫–∞ –ú–¶–ë–°,https://uk.tgstat.com/channel/@biblioif,https://t.me/biblioif
Book | –í —Å–ª–µ–∑–∞—Ö —Å –∫–Ω–∏–≥–æ–π –≤ —Ä—É–∫–∞—Ö | –ö–Ω–∏–≥–∏,https://uk.tgstat.com/channel/@v_slezah_s_knigoy_v_rukah,https://t.me/v_slezah_s_knigoy_v_rukah
Poetry of my Spleen | –ê–≤—Ç–æ—Ä—Å–∫–∏–π –∫–∞–Ω–∞–ª,https://uk.tgstat.com/channel/@poetry_of_my_splean,https://t.me/poetry_of_my_splean
–õ—ñ—Ç—Ä–µ–¥ —ñ –∫—É–ª–µ–º–µ—Ç,https://uk.tgstat.com/channel/@LitrediKulemet,https://t.me/LitrediKulemet
–ß–æ—Ä–Ω–∏–ª—å–Ω–µ —Å–µ—Ä—Ü–µ,https://uk.tgstat.com/channel/@hj6gio,https://t.me/hj6gio
–©–æ–¥–µ–Ω–Ω–∏–∫ —Ç–µ–º—Ä—è–≤–∏,https://uk.tgstat.com/channel/@Vitalina_diaryOFdarkness,https://t.me/Vitalina_diaryOFdarkness
üá∫üá¶–ö–Ω–∏–≥–æ–≥—Ä–∞–º | –ò–Ω—Å–∞–π—Ç—ã —Å –∫–Ω–∏–≥,https://uk.tgstat.com/channel/@knigogramm,https://t.me/knigogramm
.,https://uk.tgstat.com/channel/@feno2003SOS,https://t.me/feno2003SOS
–ê—É–¥—ñ–æ–∫–Ω–∏–≥–∏ / –†–µ—Ü–µ–Ω–∑—ñ—ó / Re—Ü–µn–∑–µnt #–£–∫—Ä–∞—ó–Ω–∞,https://uk.tgstat.com/channel/@booksandmeua,https://t.me/booksandmeua
WYSüíôüíõ,https://uk.tgstat.com/channel/@whyyoushouldua,https://t.me/whyyoushouldua
–ö–Ω–∏–∂–Ω–∞—è –∂–∏–∑–Ω—å,https://uk.tgstat.com/channel/@Andrei_Matsko_o_knigah,https://t.me/Andrei_Matsko_o_knigah
–ß–∏—Ç–∫–∏–π —á–∏—Ç–µ—Ä,https://uk.tgstat.com/channel/@chytko,https://t.me/chytko
–ü—Ç–∏—Ü–∞ –º–∏—Ä–∞,https://uk.tgstat.com/channel/id1112102803,https://t.me/joinchat/id1112102803
‚ú®–ó–æ–Ω–∞ –∫–æ–º—Ñ–æ—Ä—Ç–∞‚ú®,https://uk.tgstat.com/channel/@ot_dushina_v_kartinax,https://t.me/ot_dushina_v_kartinax
–ê–±–∑–∞—Ü –û–ª–®–∞,https://uk.tgstat.com/channel/@abzatsOlsha,https://t.me/abzatsOlsha
–ö–Ω–∏–≥–∞ ¬´–û—Ö–æ—Ç–∞ –Ω–∞ –≤–æ–ª–∫–∞¬ª,https://uk.tgstat.com/channel/@wolfhuntingscifi,https://t.me/wolfhuntingscifi
–ö–Ω–∏–∂–∫–æ–≤–∏–π –ü—É—Ç—ñ–≤–Ω–∏–∫üìé,https://uk.tgstat.com/channel/@ukrbookisinmyheart,https://t.me/ukrbookisinmyheart
–ù–∞–≤–µ—è–Ω–Ω–æ–µ,https://uk.tgstat.com/channel/@naveyannoe,https://t.me/naveyannoe
ComicsUa | –ö–æ–º—ñ–∫—Å–∏ –£–∫—Ä–∞—ó–Ω—Å—å–∫–æ—é,https://uk.tgstat.com/channel/@ComicsUas,https://t.me/ComicsUas
Glass Mi—Å,https://uk.tgstat.com/channel/@glass_mic,https://t.me/glass_mic
–ú—ñ–∂–ø—Ä–æ—Å—Ç—ñ—Ä,https://uk.tgstat.com/channel/@interstitium,https://t.me/interstitium
‚ô£Ô∏èsŒ±’≤÷Å’¥√≠s cŒ±l√≠’™’¥s “Ωs‘µüé≠,https://uk.tgstat.com/channel/@MorsNonEstFinis,https://t.me/MorsNonEstFinis
–ß–∏—Ç–∞–π—á–∏–∫,https://uk.tgstat.com/channel/@chytaichyk,https://t.me/chytaichyk
/books,https://uk.tgstat.com/channel/@libbooks,https://t.me/libbooks
LectiBook /// –ü–µ—Ä–µ–∫–ª–∞–¥–∏ –∫–Ω–∏–≥ FNaF,https://uk.tgstat.com/channel/@LectiBook,https://t.me/LectiBook
üçü–¥—É—Ä–∫–∞ –±–µ–π–±–ª–µ–π–¥–∞üê∞,https://uk.tgstat.com/channel/@dyrkabeyblade,https://t.me/dyrkabeyblade
Reader's diary,https://uk.tgstat.com/channel/@read_more_good_books,https://t.me/read_more_good_books
—Ç–µ—Å—Ç,https://uk.tgstat.com/channel/@sfdffdgdfgfd,https://t.me/sfdffdgdfgfd
–ë–µ–∑—Ä–∞—Å—Å—É–¥–Ω—ã–π –ø–∏—Å–∞—Ç–µ–ª—å|Devil-may-care Writer,https://uk.tgstat.com/channel/@devilmaycare_writer,https://t.me/devilmaycare_writer
–ö–Ω–∏–∂–∫–æ–≤–∏–π –∫–ª—É–± –¥–ª—è —Ä–æ–∑–≤–∏—Ç–∫—É,https://uk.tgstat.com/channel/@Bookclubfordevelopment,https://t.me/Bookclubfordevelopment
–Ü—Å—Ç–æ—Ä—ñ—ó –ú–∞–Ω–¥–∞—Ä–∏–Ω—ñ—ó|Mandaryniya,https://uk.tgstat.com/channel/@man_dar_iniya,https://t.me/man_dar_iniya
–Ü–∑ –∫–Ω–∏–∂–æ–∫,https://uk.tgstat.com/channel/@moon_a_stars,https://t.me/moon_a_stars
