GENIUS.SPACE,https://uk.tgstat.com/channel/@genius_space,https://t.me/genius_space
–ë—ñ–∑–Ω–∏—á | –§—ñ–Ω–∞–Ω—Å–∏,https://uk.tgstat.com/channel/GVY-SuNZ_0hlNGQy,https://t.me/joinchat/GVY-SuNZ_0hlNGQy
"–ü—Ä–æ –ë—ñ–∑–Ω–µ—Å, —Å—Ç–∞—Ä—Ç–∞–ø–∏, IT",https://uk.tgstat.com/channel/DlZ30livhAEzNzM6,https://t.me/joinchat/DlZ30livhAEzNzM6
–ü–æ—á–Ω–∏ –©–æ—Å—å!,https://uk.tgstat.com/channel/@startsomethingnow,https://t.me/startsomethingnow
–Ü–¥–µ—ó –¥–ª—è –í–∞—à–æ–≥–æ –ë—ñ–∑–Ω–µ—Å—É,https://uk.tgstat.com/channel/@ua_bizidea,https://t.me/ua_bizidea
–ë–µ–Ω–µ—Ñ—ñ—Ü—ñ–∞—Ä,https://uk.tgstat.com/channel/-JQcJGUMIY5kZGZi,https://t.me/joinchat/-JQcJGUMIY5kZGZi
MPG: –ë—ñ–∑–Ω–µ—Å —ñ –§—ñ–Ω–∞–Ω—Å–∏,https://uk.tgstat.com/channel/7Wb2z1klhkdmZWNi,https://t.me/joinchat/7Wb2z1klhkdmZWNi
–£–∫—Ä–∞—ó–Ω—Å—å–∫–∏–π –ë—ñ–∑–Ω–µ—Å–º–µ–Ω,https://uk.tgstat.com/channel/@ukr_businessman,https://t.me/ukr_businessman
–ë—ñ–∑–Ω–µ—Å –£–∫—Ä–∞—ó–Ω–∏,https://uk.tgstat.com/channel/@businessua,https://t.me/businessua
–ó –Ω—É–ª—è –¥–æ –º—ñ–ª—å–π–æ–Ω–∞ üá∫üá¶ –£–∫—Ä–∞—ó–Ω–∞,https://uk.tgstat.com/channel/@zarobitok2022,https://t.me/zarobitok2022
–í—ñ—Ç–∞–ª—ñ–π –ë–ª–∞–≥—É—Ç–∞ | Refund üá∫üá¶,https://uk.tgstat.com/channel/@refund_man_ua,https://t.me/refund_man_ua
Business Week | –ë—ñ–∑–Ω–µ—Å | –§—ñ–Ω–∞–Ω—Å–∏ | –Ü–Ω–≤–µ—Å—Ç–∏—Ü—ñ—ó,https://uk.tgstat.com/channel/@businessweekua,https://t.me/businessweekua
–ê—Ä—Ç—ë–º –ë–æ—Ä–æ–¥–∞—Ç—é–∫,https://uk.tgstat.com/channel/@artemborodatiuk,https://t.me/artemborodatiuk
–¢—É—Ä—Ü–∏—è –∏ –±–∏–∑–Ω–µ—Å: hiTurkey,https://uk.tgstat.com/channel/AAAAAESuhK3hCHzMsl8pKg,https://t.me/joinchat/AAAAAESuhK3hCHzMsl8pKg
–£–∫—Ä–∞—ó–Ω—Å—å–∫–∏–π –ë—ñ–∑–Ω–µ—Å,https://uk.tgstat.com/channel/AAAAAEu5jECF6CxT07xjfw,https://t.me/joinchat/AAAAAEu5jECF6CxT07xjfw
–†–æ–º–∞–Ω –ö–∞—Ç–µ—Ä–∏–Ω—á–∏–∫,https://uk.tgstat.com/channel/@katerynchyk_live,https://t.me/katerynchyk_live
Just –ë—ñ–∑–Ω–µ—Å,https://uk.tgstat.com/channel/@justbus,https://t.me/justbus
–ë–∏–∑–Ω–µ—Å | –£–∫—Ä–∞–∏–Ω–∞,https://uk.tgstat.com/channel/AAAAAEqiEwq4-K_2UZ-CYQ,https://t.me/joinchat/AAAAAEqiEwq4-K_2UZ-CYQ
InVenture,https://uk.tgstat.com/channel/@inventure,https://t.me/inventure
–ë—ñ–∑–Ω–µ—Å –Ü–¥–µ—ó,https://uk.tgstat.com/channel/AAAAAFOZyBpWuhX2LP6t0g,https://t.me/joinchat/AAAAAFOZyBpWuhX2LP6t0g
UA Brand,https://uk.tgstat.com/channel/@uabrand,https://t.me/uabrand
B2B Jewelry Official,https://uk.tgstat.com/channel/@b2b_jewelry_official,https://t.me/b2b_jewelry_official
–ú–Ü–õ–¨–ô–û–ù –ù–ê –¢–û–í–ê–†–¶–Ü üçã,https://uk.tgstat.com/channel/oDb-HQJ--vM4MTMy,https://t.me/joinchat/oDb-HQJ--vM4MTMy
–ª–∞–≤–∫–∞,https://uk.tgstat.com/channel/@leadsshop0,https://t.me/leadsshop0
–ë—ñ–∑–Ω–µ—Å –Ü–Ω—Å–∞–π–¥–µ—Ä,https://uk.tgstat.com/channel/tyld5NxIknQ2Zjcy,https://t.me/joinchat/tyld5NxIknQ2Zjcy
–ö–∞–ª—ñ–Ω—á—É–∫ –ê–Ω–¥—Ä—ñ–π [–¢–æ–≤–∞—Ä–Ω–∏–π –±—ñ–∑–Ω–µ—Å],https://uk.tgstat.com/channel/rNlsettqD1E1ZjQy,https://t.me/joinchat/rNlsettqD1E1ZjQy
–ë–∏–∑–Ω–µ—Å –∏–¥–µ–∏ | –ë–æ–≥–∞—Ç—Å—Ç–≤–æ,https://uk.tgstat.com/channel/@Biznes_idei_Bogatstvo,https://t.me/Biznes_idei_Bogatstvo
–ë—ñ–∑–Ω–µ—Å —Ç—Ä–µ–Ω–¥–∏üß©Trends4U,https://uk.tgstat.com/channel/@trend4u,https://t.me/trend4u
–ì–†–ê –í –î–û–í–ì–£,https://uk.tgstat.com/channel/@longbiz,https://t.me/longbiz
Kaizen,https://uk.tgstat.com/channel/@themanagerblog,https://t.me/themanagerblog
LYTVYN üá∫üá¶üá¨üáß,https://uk.tgstat.com/channel/@lytvyn,https://t.me/lytvyn
–°–µ—Ç–µ–≤–æ–π –ú–∞—Ä–∫–µ—Ç–∏–Ω–≥ - –ú–õ–ú,https://uk.tgstat.com/channel/@infomlm,https://t.me/infomlm
–ë—ñ–∑–Ω–µ—Å. –Ü–¥–µ—ó. –°—Ç–∞—Ä—Ç–∞–ø–∏üá∫üá¶,https://uk.tgstat.com/channel/@ua_business_idea,https://t.me/ua_business_idea
Andrey Osipenko,https://uk.tgstat.com/channel/@aosipenko,https://t.me/aosipenko
–ë—ñ–∑–Ω–µ—Å-–ö–æ–Ω—Å—Ç—Ä—É–∫—Ç–æ—Äüá∫üá¶,https://uk.tgstat.com/channel/@bizkonstructor,https://t.me/bizkonstructor
ùó† ùóú ùó° ùó¢ ùó• üëë,https://uk.tgstat.com/channel/@minor_chek_ton,https://t.me/minor_chek_ton
–¢–ï–û–†–ò–Ø –£–°–ü–ï–•–ê,https://uk.tgstat.com/channel/@theory_success,https://t.me/theory_success
–Ü–Ω–≤–µ—Å—Ç–∏—Ü—ñ—ó/–ê—ñ—Ä–¥—Ä–æ–ø–∏ üá∫üá¶,https://uk.tgstat.com/channel/@jokermoney_invest,https://t.me/jokermoney_invest
"–ò–≤–∞–Ω –ó–∏–º–±–∏—Ü–∫–∏–π, –º—ã—à–ª–µ–Ω–∏–µ –∏ –∑–¥—Ä–∞–≤–æ–º—ã—Å–ª–∏–µ",https://uk.tgstat.com/channel/@zimbitskiy,https://t.me/zimbitskiy
"–¢—Ä–µÃÅ–Ω–¥–∏, –±—Ä–µÃÅ–Ω–¥–∏... –≤ –£–∫—Ä–∞—ó–Ω—ñ üá∫üá¶",https://uk.tgstat.com/channel/@trendy_brendy_ua,https://t.me/trendy_brendy_ua
zeminvestor | –≤—Å–µ –ø—Ä–æ —ñ–Ω–≤–µ—Å—Ç–∏—Ü—ñ—ó –≤ –∑–µ–º–ª—é,https://uk.tgstat.com/channel/@zeminvestorua,https://t.me/zeminvestorua
–Ü—Å—Ç–æ—Ä—ñ—è —É–∫—Ä–∞—ó–Ω—Å—å–∫–æ–≥–æ –±—ñ–∑–Ω–µ—Å—É,https://uk.tgstat.com/channel/@uabusinessstory,https://t.me/uabusinessstory
"–ü–æ–¥–∞—Ç–∫–∏, –±—ñ–∑–Ω–µ—Å, –µ–∫–æ–Ω–æ–º—ñ–∫–∞",https://uk.tgstat.com/channel/@FiFishki,https://t.me/FiFishki
Offer Leaks by Sho,https://uk.tgstat.com/channel/AAAAAFA3q6B0UJOALBrb_w,https://t.me/joinchat/AAAAAFA3q6B0UJOALBrb_w
–¢–æ–≤–∞—Ä–Ω—ã–π –ë–∏–∑–Ω–µ—Å –§—Ä–∞–Ω—à–∏–∑–∞,https://uk.tgstat.com/channel/UjQ7Kdjq8S26P_ht,https://t.me/joinchat/UjQ7Kdjq8S26P_ht
–°—Ç–∞—Ä—Ç–∞–ø –õ–µ–≤–µ–ª,https://uk.tgstat.com/channel/@startupcontent,https://t.me/startupcontent
OstApp Journal,https://uk.tgstat.com/channel/@ostappua,https://t.me/ostappua
–í–æ–≤–∫ –∑ –®–µ–≤—á–µ–Ω–∫–∞ —Å—Ç—Ä—ñ—Ç,https://uk.tgstat.com/channel/@vovkst,https://t.me/vovkst
–£–ø—Ä–∞–≤–ª—ñ–Ω—Å—å–∫–∞ —á–∏—Ç–∞–Ω–∫–∞,https://uk.tgstat.com/channel/@UpravlinskaChytanka,https://t.me/UpravlinskaChytanka
–†–æ–º–∞ –∏ –Ω–µ–π—Ä–æ—Å–µ—Ç–∏,https://uk.tgstat.com/channel/@neuroroma,https://t.me/neuroroma
–ü–µ—Ä—Ü–∏—è | Hypra,https://uk.tgstat.com/channel/@peppercapitalism,https://t.me/peppercapitalism
–ë–æ–≥–∞—Ç—ã–µ –∏ –±–µ–¥–Ω—ã–µ,https://uk.tgstat.com/channel/@poorandrich666,https://t.me/poorandrich666
–ù–æ—Ç–∞—Ç–∫–∏ CEO,https://uk.tgstat.com/channel/@CEOnotes,https://t.me/CEOnotes
Invite2Earn üá∫üá¶,https://uk.tgstat.com/channel/@Invite2EarnUA,https://t.me/Invite2EarnUA
–ö–∏—Ä –ì–æ—Ä—à–∫–æ–≤,https://uk.tgstat.com/channel/@kir_gorshkov,https://t.me/kir_gorshkov
"–ù–æ–≤–æ—Å—Ç–∏ East-fruit.com - –æ–≤–æ—â–∏, —Ñ—Ä—É–∫—Ç—ã, –æ—Ä–µ—Ö–∏, —è–≥–æ–¥—ã - –ø–ª–æ–¥–æ–æ–≤–æ—â–Ω–æ–π –±–∏–∑–Ω–µ—Å",https://uk.tgstat.com/channel/@eastfruit,https://t.me/eastfruit
–°–ø—ñ–≤–ø—Ä–∞—Ü—è –æ—Å–≤—ñ—Ç–∏ —Ç–∞ –±—ñ–∑–Ω–µ—Å—É: Uni-Biz Bridge –≤—ñ–¥ UGEN,https://uk.tgstat.com/channel/@ugen_UBB,https://t.me/ugen_UBB
AIN.UA,https://uk.tgstat.com/channel/@ain_ua_tg,https://t.me/ain_ua_tg
Kyivstar Business Hub,https://uk.tgstat.com/channel/@KyivstarBusinessHub,https://t.me/KyivstarBusinessHub
APS –†–ê–ó–û–ú 24/7,https://uk.tgstat.com/channel/@aps_razom,https://t.me/aps_razom
üöÄPRO –ë–∞–±–ª–æüí∞ Sokol Invest Group,https://uk.tgstat.com/channel/@Sokol_Invest_Group,https://t.me/Sokol_Invest_Group
MALEKSEEV,https://uk.tgstat.com/channel/@malekseev9,https://t.me/malekseev9
–ñ—É—Ä–Ω–∞–ª –ê–≥—Ä–æ–Ω–æ–º,https://uk.tgstat.com/channel/@agronomcom,https://t.me/agronomcom
–ó–¥–µ—Å—å –∏ —Å–µ–π—á–∞—Å | –ë–∏–∑–Ω–µ—Å UA üá∫üá¶,https://uk.tgstat.com/channel/@business_UA_2022,https://t.me/business_UA_2022
–ë–∏–∑–Ω–µ—Å –ï–≤—Ä–æ–ø—ã –∏ –°–®–êüåç,https://uk.tgstat.com/channel/0NaAMd6zCGk0Mjgy,https://t.me/joinchat/0NaAMd6zCGk0Mjgy
‚ÑπÔ∏è Profi Space,https://uk.tgstat.com/channel/@profi_space,https://t.me/profi_space
MoneyON üí≥,https://uk.tgstat.com/channel/@moneyoncart,https://t.me/moneyoncart
Business Box,https://uk.tgstat.com/channel/@bissbox,https://t.me/bissbox
–¢–æ–≤–∞—Ä–Ω–∏–π –±—ñ–∑–Ω–µ—Å –∑ –Ω—É–ª—è | –û–ª–µ–∫—Å–∞–Ω–¥—Ä –•–∞—Ä—á—É–∫,https://uk.tgstat.com/channel/H19tfWwRSaFiNTFi,https://t.me/joinchat/H19tfWwRSaFiNTFi
–ù–æ–≤–æ—Å—Ç–∏ –∫–æ–Ω—Å—Ç—Ä—É–∫—Ç–æ—Ä–∞ Look Me ICU üìÆ,https://uk.tgstat.com/channel/@LookMeICUNews,https://t.me/LookMeICUNews
–û–Ω–ª–∞–π–Ω-—à–∫–æ–ª–∞ MLM,https://uk.tgstat.com/channel/@onlineschoolmlm,https://t.me/onlineschoolmlm
voluntEEr,https://uk.tgstat.com/channel/@volunt_r,https://t.me/volunt_r
AO,https://uk.tgstat.com/channel/@orujaliev,https://t.me/orujaliev
–î–∏—Ä–µ–∫—Ç–æ—Ä —Å—Ç–∞—Ä—Ç–∞–ø—É,https://uk.tgstat.com/channel/@director_startup,https://t.me/director_startup
–°—Ç–∞—Ä—Ç–∞–ø–µ–Ω–∫–æ,https://uk.tgstat.com/channel/@startapenko,https://t.me/startapenko
Business Events üöÄ,https://uk.tgstat.com/channel/@bizz_events,https://t.me/bizz_events
Up-n-Up,https://uk.tgstat.com/channel/@startupanddown,https://t.me/startupanddown
üí∞üíª –û–Ω–ª–∞–π–Ω –ó–∞—Ä–∞–±–æ—Ç–æ–∫ –±–µ–∑ –≤–ª–æ–∂–µ–Ω–∏–π üíªüí∞,https://uk.tgstat.com/channel/@zarabotok_online8,https://t.me/zarabotok_online8
üíéGrushkevich_Investüíé,https://uk.tgstat.com/channel/@grushkevich_invest,https://t.me/grushkevich_invest
Think brave,https://uk.tgstat.com/channel/@biz_ligazakon,https://t.me/biz_ligazakon
–°–∏–ª–∞ –ø—Ä–æ–¥–∞–∂,https://uk.tgstat.com/channel/@sila_p,https://t.me/sila_p
–û—Ñ–∏—Å –æ—Ç 0 –¥–æ $$$,https://uk.tgstat.com/channel/Vg9IKHV_MCgxOWJi,https://t.me/joinchat/Vg9IKHV_MCgxOWJi
–°–ø—Ä–∞–≤–∂–Ω—ñ–π —Å—Ç—Ä–∞—Ç–µ–≥,https://uk.tgstat.com/channel/@truestrategist,https://t.me/truestrategist
Vlad Yakupov,https://uk.tgstat.com/channel/@vladyakupov,https://t.me/vladyakupov
üí∞ Business Founder,https://uk.tgstat.com/channel/@bizfounder,https://t.me/bizfounder
–¢–µ–ª–µ–≥—Ä–∞–º–Ω–∏–π –ë–æ—Ä–∏—Å,https://uk.tgstat.com/channel/@ukr_tovarka,https://t.me/ukr_tovarka
Strategic Insights,https://uk.tgstat.com/channel/@strategic_ua,https://t.me/strategic_ua
BRS service,https://uk.tgstat.com/channel/@BRS_self_registration,https://t.me/BRS_self_registration
–û–¢–ö–†–´–í–ê–Ø –ö–ò–¢–ê–ô,https://uk.tgstat.com/channel/@openchinapro,https://t.me/openchinapro
–û–ª–µ–≥ –°–ø–∞—Ä—Ç–∞–∫ ‚Ñ¢,https://uk.tgstat.com/channel/@spartakoleh,https://t.me/spartakoleh
–ú–∞—Ä‚Äô—è–Ω–∞ –ø—Ä–æ –≤—Å–µ ||| üí≠,https://uk.tgstat.com/channel/@vibeyanko,https://t.me/vibeyanko
Forbes,https://uk.tgstat.com/channel/@forbes_UAA,https://t.me/forbes_UAA
–ê–ö–°–ï–õ–ï–†–ê–¢–û–† –ü–†–û–î–ê–ñ–Ü–í,https://uk.tgstat.com/channel/@sales_accelerator,https://t.me/sales_accelerator
EVO.business,https://uk.tgstat.com/channel/@sprava_prom,https://t.me/sprava_prom
Pro –ö–∏—Ç–∞–π —Å @afina_libra,https://uk.tgstat.com/channel/@afina_libra,https://t.me/afina_libra
–ì—Ä–∞–Ω—Ç–∏ –£–∫—Ä–∞—ó–Ω–∞ üá∫üá¶,https://uk.tgstat.com/channel/@grantyua,https://t.me/grantyua
KernelTeam,https://uk.tgstat.com/channel/@KernelTeamUA,https://t.me/KernelTeamUA
HRTHINKER,https://uk.tgstat.com/channel/@hrthinker,https://t.me/hrthinker
AGS GRAIN channel,https://uk.tgstat.com/channel/@ags_grain,https://t.me/ags_grain
–ü–µ—Ä–µ–≥–æ–≤–æ—Ä–∏ —É —Ä–µ–∞–ª—å–Ω–æ–º—É –∂–∏—Ç—Ç—ñ| –û–ª–µ–Ω–∞ –õ–∏—Å–∏—Ö,https://uk.tgstat.com/channel/@peregovor_spargalka,https://t.me/peregovor_spargalka
Handmade eCommerce,https://uk.tgstat.com/channel/@handmade_hub_UA,https://t.me/handmade_hub_UA
Wallets Drop | –ö–æ—à–µ–ª—å–∫–∏ –¥—Ä–æ–ø—à–∏–ø–ø–∏–Ω–≥,https://uk.tgstat.com/channel/@wallet_drop1,https://t.me/wallet_drop1
–í–õ–ê–°–ù–ò–ö –ú–ê–õ–û–ì–û –ë–Ü–ó–ù–ï–°–£ üá∫üá¶,https://uk.tgstat.com/channel/@small_business_owner_ua,https://t.me/small_business_owner_ua
PaySpace Magazine,https://uk.tgstat.com/channel/@payspacemagazine,https://t.me/payspacemagazine
"‚Äú–ü–∞–ª–∞–π‚Äù –º–µ–¥—ñ–∞ | –∞—Ä–±—ñ—Ç—Ä–∞–∂, –∫—Ä–∏–ø—Ç–∞, –æ–Ω–ª–∞–π–Ω-–±—ñ–∑–Ω–µ—Å",https://uk.tgstat.com/channel/@palai_media,https://t.me/palai_media
–ê–≥—Ä–æ–±—ñ–∑–Ω–µ—Å: –∑–µ–º–ª—è —ñ –ø–æ–¥–∞—Ç–∫–∏,https://uk.tgstat.com/channel/@agrotax,https://t.me/agrotax
–ë–∞–±–ª–æ –ø–µ—Ä–µ–º–∞–≥–∞—î –∑–ª–æ,https://uk.tgstat.com/channel/@loot_wins_evil,https://t.me/loot_wins_evil
Synergy Universe | Grants & Fundraising,https://uk.tgstat.com/channel/@synergy_universe,https://t.me/synergy_universe
Maksym Polovyi | Just Invest,https://uk.tgstat.com/channel/@just_invest44,https://t.me/just_invest44
–ò–Ω—Ç–µ—Ä–Ω–µ—Ç-–º–∞—Ä–∫–µ—Ç–∏–Ω–≥ –¥–ª—è —Å–æ–±—Å—Ç–≤–µ–Ω–Ω–∏–∫–æ–≤ –±–∏–∑–Ω–µ—Å–∞,https://uk.tgstat.com/channel/@im_for_business,https://t.me/im_for_business
"–ß–µ–∫–∏, —Ç—Ä–∏–≤–æ–≥–∏ —Ç–∞ —î–¥–∏–Ω–æ—Ä–æ–≥–∏",https://uk.tgstat.com/channel/@cheky_tryvigy_edynorogy,https://t.me/cheky_tryvigy_edynorogy
New Communication | Networking,https://uk.tgstat.com/channel/@newcommunication,https://t.me/newcommunication
Fondy UA,https://uk.tgstat.com/channel/@fondyua,https://t.me/fondyua
KRUPKIN,https://uk.tgstat.com/channel/@krupkin_pro,https://t.me/krupkin_pro
Drop Zames,https://uk.tgstat.com/channel/@dropzames,https://t.me/dropzames
Worksection,https://uk.tgstat.com/channel/@worksection_ua,https://t.me/worksection_ua
Odrop Bezbrend,https://uk.tgstat.com/channel/@odropbez,https://t.me/odropbez
–ê–Ω—Ç–∏–∫–≤–∞—Ä –ö–æ–ª–ª–µ–∫—Ü–∏–æ–Ω–µ—Ä,https://uk.tgstat.com/channel/@sashaantikvar,https://t.me/sashaantikvar
CHIPUHAEV - –∑–∞—Ä–∞–±–æ—Ç–æ–∫ü§ë–º–æ—Ç–∏–≤–∞—Ü–∏—èüî•,https://uk.tgstat.com/channel/@chipihaev_zarabotok,https://t.me/chipihaev_zarabotok
—î–†–æ–±–æ—Ç–∞ | –î–µ—Ä–∂–∞–≤–Ω–∞ –ø—ñ–¥—Ç—Ä–∏–º–∫–∞ –ø—ñ–¥–ø—Ä–∏—î–º–Ω–∏—Ü—Ç–≤–∞,https://uk.tgstat.com/channel/@erobotanews,https://t.me/erobotanews
Deloitte Ukraine Voices,https://uk.tgstat.com/channel/@deloitteuavoices,https://t.me/deloitteuavoices
"–°–≤—ñ—Ç—á –≤ –ü—Ä–æ–¥–∞–∫—Ç–∏ üìí Product Management, IT, —Å—Ç–∞—Ä—Ç–∞–ø–∏",https://uk.tgstat.com/channel/@switch_to_pdm,https://t.me/switch_to_pdm
üí∏ hns.crypto - –∑–∞—Ä–∞–±–æ—Ç–æ–∫ –≤ –∏–Ω—Ç–µ—Ä–Ω–µ—Ç–µ üí∏,https://uk.tgstat.com/channel/@hnscrypto,https://t.me/hnscrypto
AB-case / –û–ü–¢ –∞–∫—Å—Å—ã apple üçè,https://uk.tgstat.com/channel/@ABCaseOPT,https://t.me/ABCaseOPT
Networking Ukraine,https://uk.tgstat.com/channel/@networkingukraine,https://t.me/networkingukraine
–ù–ï–•–£–ô–ó–ì–û–†–ò–ô–ù–ò–ô –ë–Ü–ó–ù–ï–°,https://uk.tgstat.com/channel/@bizdevstvuet,https://t.me/bizdevstvuet
–ê–Ω–¥—Ä—ñ–π YBC,https://uk.tgstat.com/channel/@ostapchukandrew,https://t.me/ostapchukandrew
–ü—Ä–∏–≤–∞—Ç–Ω–∏–π –ø—ñ–¥–ø—Ä–∏—î–º–µ—Ü—å,https://uk.tgstat.com/channel/@chp_com_ua,https://t.me/chp_com_ua
Fairo –§–û–ü,https://uk.tgstat.com/channel/@FairoChannel,https://t.me/FairoChannel
PM-International –£–∫—Ä–∞—ó–Ω–∞,https://uk.tgstat.com/channel/@officialpmukraine,https://t.me/officialpmukraine
–í–æ–∂–∞–∫ –î—Ä–æ–ø,https://uk.tgstat.com/channel/AAAAAEU_E1YvLM1IVbJJnQ,https://t.me/joinchat/AAAAAEU_E1YvLM1IVbJJnQ
KWS HUB. –ö–∞—á–∞–π –∞–≥—Ä–∞—Ä–Ω—ñ –º'—è–∑–∏!,https://uk.tgstat.com/channel/@kws_hub,https://t.me/kws_hub
AIN.Business | –ì–æ–ª–æ–≤–Ω–µ,https://uk.tgstat.com/channel/@AINBusiness,https://t.me/AINBusiness
–£–∫—Ä–∞—ó–Ω—Å—å–∫–∏–π –ë—ñ–∑–Ω–µ—Å –Ü–Ω—Å–∞–π–¥–µ—Ä,https://uk.tgstat.com/channel/r0mvat4FOiU0MmZi,https://t.me/joinchat/r0mvat4FOiU0MmZi
–ò–Ω—Å—Ç—Ä—É–º–µ–Ω—Ç—ã —Ä–∞–∑–≤–∏—Ç–∏—è,https://uk.tgstat.com/channel/@adizesme,https://t.me/adizesme
KPMG Ukraine,https://uk.tgstat.com/channel/@KPMG_Ukraine,https://t.me/KPMG_Ukraine
–ó–∞—Ä–∞–±–æ—Ç–æ–∫ PRO –≤ telegram,https://uk.tgstat.com/channel/@udal_zar_tel,https://t.me/udal_zar_tel
üí∏–§–∏–Ω–∞–Ω—Å–æ–≤–∞—è —Å–≤–æ–±–æ–¥–∞ —á–µ—Ä–µ–∑ –º–µ–¥–∏—Ç–∞—Ü–∏—é üíé —Å –û–ª—å–≥–æ–π –ó–æ–ª–æ—Ç–æ–≤–æ–π,https://uk.tgstat.com/channel/@olgazolotovaexpert,https://t.me/olgazolotovaexpert
"–ë–∏–∑–Ω–µ—Å –ø–ª–∞–Ω—ã: –∞–Ω–∞–ª–∏–∑, –æ–±–∑–æ—Ä—ã, —ç–∫—Å–ø–µ—Ä—Ç–∏–∑–∞",https://uk.tgstat.com/channel/@bizplan24,https://t.me/bizplan24
Food ingredients UA,https://uk.tgstat.com/channel/@telkofood,https://t.me/telkofood
–ê–≥—Ä–æ–∫–µ–±–µ—Ç–∏PRO,https://uk.tgstat.com/channel/@agrokebetypro,https://t.me/agrokebetypro
–ó–ï–õ–ï–ù–ê –ö–ê–ß–ö–êü¶Ü,https://uk.tgstat.com/channel/@zelena_ka4ka,https://t.me/zelena_ka4ka
BSL –¢–∞–∫—Ç–∏—á–Ω–µ –≤–∑—É—Ç—Ç—è –ê–º—É–Ω—ñ—Ü—ñ—è [ –î—Ä–æ–ø | –û–ø—Ç ],https://uk.tgstat.com/channel/@bsstdrop,https://t.me/bsstdrop
EBAUkraine,https://uk.tgstat.com/channel/@ebaukr,https://t.me/ebaukr
üí∏–î–ï–ù–¨–ì–ò –ù–ï –í–û–ü–†–û–°üí∏,https://uk.tgstat.com/channel/AAAAAEr9NEUsJOU_wtpg8g,https://t.me/joinchat/AAAAAEr9NEUsJOU_wtpg8g
–ì—Ä–∞–Ω—Ç–∏ UA,https://uk.tgstat.com/channel/@grantsua,https://t.me/grantsua
In Service We Trust üë©üèª‚Äçüíª,https://uk.tgstat.com/channel/@InServiceWeTrust,https://t.me/InServiceWeTrust
–°—Ç–∞—Ä—Ç–∞–ø –ö—É—Ö–Ω—è –≤—ñ–¥ –°–∞—à—ñ –†–µ–º—ñ–Ω–Ω–æ–≥–æ,https://uk.tgstat.com/channel/@sasha_rem,https://t.me/sasha_rem
–ö–æ–Ω—Å–ø–µ–∫—Ç,https://uk.tgstat.com/channel/@Konspekted,https://t.me/Konspekted
–ü–ª—é—à–∫–∏ –≤—ñ–¥ –¶—É–∫–µ—Ä–±–µ—Ä–≥–∞,https://uk.tgstat.com/channel/@pliushki_zuckerberga,https://t.me/pliushki_zuckerberga
–ë–∏–∑–Ω–µ—Å –±–µ–∑ –ø–∞–Ω–∏–∫–∏,https://uk.tgstat.com/channel/@businesswithoutpanics,https://t.me/businesswithoutpanics
PRO.Balance | –ë—É—Ö–≥–∞–ª—Ç–µ—Ä—ñ—è –Ω–æ–≤–æ–≥–æ –ø–æ–∫–æ–ª—ñ–Ω–Ω—è,https://uk.tgstat.com/channel/@ProBalance2023,https://t.me/ProBalance2023
–ù–µ–∑–Ω–∞–π–∫–∞-—Ä–µ—Å—Ç–æ—Ä–∞—Ç–æ—Ä,https://uk.tgstat.com/channel/@neznayka_restorator,https://t.me/neznayka_restorator
CSR Ukraine,https://uk.tgstat.com/channel/@csrukraine,https://t.me/csrukraine
Kormotech info,https://uk.tgstat.com/channel/@kormotech_info,https://t.me/kormotech_info
"–ú—É–∂—Å–∫–∏–µ/–ñ–µ–Ω—Å–∫–∏–µ —Å—É–º–∫–∏ –∏ –∞–∫—Å–µ—Å—Å—É–∞—Ä—ã, –Ω–∏–∂–Ω–µ–µ –±–µ–ª—å–µ –∏ –∫–æ–º–ø–ª–µ–∫—Ç—ã ‚ÄúPokarmanu Shop‚Äù",https://uk.tgstat.com/channel/@pokarmanu_ua,https://t.me/pokarmanu_ua
for flexersüá∫üá∏,https://uk.tgstat.com/channel/@forflexers,https://t.me/forflexers
–î—ñ—è.–ë—ñ–∑–Ω–µ—Å | –¢–µ—Ä–Ω–æ–ø—ñ–ª—å,https://uk.tgstat.com/channel/@diiabusiness_ternopil,https://t.me/diiabusiness_ternopil
Genomics UA,https://uk.tgstat.com/channel/@GenomicsUA,https://t.me/GenomicsUA
Business –¶–µ–Ω—Ç—Ä IMB,https://uk.tgstat.com/channel/@Business_IIR,https://t.me/Business_IIR
TheAFF | Performance Marketing Network,https://uk.tgstat.com/channel/@theaffio,https://t.me/theaffio
MIM Business School,https://uk.tgstat.com/channel/@Business_School_MIM,https://t.me/Business_School_MIM
–í—ñ—Å–Ω–∏–∫ –º–∞–ª–æ–≥–æ –±—ñ–∑–Ω–µ—Å—É,https://uk.tgstat.com/channel/@smallbusinessinua,https://t.me/smallbusinessinua
–Ü–Ω–≤–µ—Å—Ç–∏—Ü—ñ—ó | –†–æ–º–∞–Ω –õ—è—à–∫–æ,https://uk.tgstat.com/channel/@liashkr,https://t.me/liashkr
–°–∞–π—Ç–æ–ª–æ–≥ —Å –¢–∞–π–ª–∞–Ω–¥–∞ üèù,https://uk.tgstat.com/channel/AAAAAFJapTD5WgAJPkpf7Q,https://t.me/joinchat/AAAAAFJapTD5WgAJPkpf7Q
–ú–∞–ª–∏–π –ë—ñ–∑–Ω–µ—Å,https://uk.tgstat.com/channel/@BizVector,https://t.me/BizVector
Seeds | –ê–≥—Ä–æ–Ω–æ–≤–∏–Ω–∏,https://uk.tgstat.com/channel/@seedsnews,https://t.me/seedsnews
BUSINESS –ü–û–ú–û–ì–ê–¢–û–†,https://uk.tgstat.com/channel/@orlova_mc,https://t.me/orlova_mc
–ù–æ—Ç–∞—Ç–∫–∏ –ø—ñ–¥–ø—Ä–∏—î–º—Ü—è | –í—ñ—Ç–∞–ª—ñ–π –í–µ—Ä–Ω–∏–≥–æ—Ä–∞,https://uk.tgstat.com/channel/@vern_blog,https://t.me/vern_blog
–õ–∞–π—Ñ—Ö–∞–∫–∏ McKinsey,https://uk.tgstat.com/channel/@lifehackmck,https://t.me/lifehackmck
Maxmillen Drop,https://uk.tgstat.com/channel/@Maxmillendrop,https://t.me/Maxmillendrop
–ö—É–ø—É–π –∑ —Ä–æ–∑—É–º–æ–º,https://uk.tgstat.com/channel/@buy_wisely,https://t.me/buy_wisely
–î—ñ—è.–ë—ñ–∑–Ω–µ—Å | –û–¥–µ—Å–∞,https://uk.tgstat.com/channel/@diiabusinessodesa,https://t.me/diiabusinessodesa
–í–∏–∫—Ç–æ—Ä –û–Ω–æ—à–∫–æ –ë–∏–∑–Ω–µ—Å –ë–ª–æ–≥,https://uk.tgstat.com/channel/@onoshko_game,https://t.me/onoshko_game
–ü–æ–±—É—Ç–æ–≤–∞ –•—ñ–º—ñ—è –∑ –Ñ–≤—Ä–æ–ø–∏,https://uk.tgstat.com/channel/@HouseholdChemicalss,https://t.me/HouseholdChemicalss
–Ü–¢ Bee üêù UA - –ø–µ—Ä—à–∞ —Ç–µ—Ö–Ω–æ –±–¥–∂–æ–ª–∞,https://uk.tgstat.com/channel/@Bee_Uaa,https://t.me/Bee_Uaa
Procamp –ë—ñ–∑–Ω–µ—Å,https://uk.tgstat.com/channel/@procamp_biznes,https://t.me/procamp_biznes
–ö–≤–µ—Å—ÇROOM,https://uk.tgstat.com/channel/@questroomofficial,https://t.me/questroomofficial
HR-–º–µ–Ω–µ–¥–∂–µ—Ä üá∫üá¶,https://uk.tgstat.com/channel/@hr_manager_ua,https://t.me/hr_manager_ua
–ï–Ω–µ—Ä–≥–æ–ë—ñ–∑–Ω–µ—Å,https://uk.tgstat.com/channel/@energobiz,https://t.me/energobiz
–Ü–ª—å—á–µ–Ω–∫–æ –Ü –í–ª–∞—Å–Ω–∞ —Å–ø—Ä–∞–≤–∞üí∞,https://uk.tgstat.com/channel/@ilchenko_vlasnasprava,https://t.me/ilchenko_vlasnasprava
–¢–µ–º–∫–∏ –°—Ö–µ–º—ã –¥–ª—è –∑–∞—Ä–æ–±–æ—Ç–∫–∞ üí∏,https://uk.tgstat.com/channel/@temkishemkii,https://t.me/temkishemkii
Employee experience,https://uk.tgstat.com/channel/@employee_experience,https://t.me/employee_experience
Gonzo Proxy,https://uk.tgstat.com/channel/@GonzoProxy,https://t.me/GonzoProxy
–í_–ö–æ–ª—ñ,https://uk.tgstat.com/channel/@v_koli,https://t.me/v_koli
SUGAR FLIRTY –æ–ø—Ç/–¥—Ä–æ–ø –∂—ñ–Ω–æ—á–∏–π –æ–¥—è–≥,https://uk.tgstat.com/channel/@sugarflirty_drop,https://t.me/sugarflirty_drop
–°–û–í–ú–ï–°–¢–ù–´–ï –ü–û–ö–£–ü–ö–ò üá∫üá¶,https://uk.tgstat.com/channel/@dneprKupimvmeste2022,https://t.me/dneprKupimvmeste2022
–°—ñ–≤–±–∞!,https://uk.tgstat.com/channel/@posivna,https://t.me/posivna
–†–û–ë–û–¢–ê –¢–ï–†–ù–û–ü–Ü–õ–¨ | –†–ê–ë–û–¢–ê –¢–ï–†–ù–û–ü–û–õ–¨,https://uk.tgstat.com/channel/@WORKIN_TERNOPIL,https://t.me/WORKIN_TERNOPIL
NetHunt CRM –£–∫—Ä–∞—ó–Ω–∞,https://uk.tgstat.com/channel/@crm_lab_by_nethunt,https://t.me/crm_lab_by_nethunt
Shop,https://uk.tgstat.com/channel/@shopgrivna,https://t.me/shopgrivna
CBG info,https://uk.tgstat.com/channel/@cbg_in_ua,https://t.me/cbg_in_ua
üéìEdu-Masters,https://uk.tgstat.com/channel/@edu_masters_com,https://t.me/edu_masters_com
Bohdan Shcherbakov,https://uk.tgstat.com/channel/@hworknet_channel,https://t.me/hworknet_channel
–•–æ—Ä–æ—à–æ–ø | –í—Å–µ –ø—Ä–æ —Ä–æ–∑–≤–∏—Ç–æ–∫ —ñ–Ω—Ç–µ—Ä–Ω–µ—Ç-–º–∞–≥–∞–∑–∏–Ω—ñ–≤,https://uk.tgstat.com/channel/@salemore,https://t.me/salemore
–ë—ñ–∑–Ω–µ—Å –≤ –¢–µ–ª–µ–≥—Ä–∞–º,https://uk.tgstat.com/channel/o9PL0_NKo7Y4YWJi,https://t.me/joinchat/o9PL0_NKo7Y4YWJi
–£–ø—Ä–∞–≤–ª—ñ–Ω—Å—å–∫–∞ –º–∞–π—Å—Ç–µ—Ä–Ω—è,https://uk.tgstat.com/channel/SglV3HPMO4ZmMmUy,https://t.me/joinchat/SglV3HPMO4ZmMmUy
"–î–æ–Ω–µ—Ü–∫–∞—è –≥—Ä—É–ø–ø–∞ –Ω–æ–≤–æ—Å—Ç–µ–π, –î–ù–†",https://uk.tgstat.com/channel/@webmoney_dn,https://t.me/webmoney_dn
–ë—ñ–∑–Ω–µ—Å –ø—Ä–æ–ø–æ–∑–∏—Ü—ñ—ó üóÇÔ∏è,https://uk.tgstat.com/channel/@bizprop,https://t.me/bizprop
VK-Business Club,https://uk.tgstat.com/channel/@vkbclub,https://t.me/vkbclub
–†–û–ë–û–¢–ê –í–Ü–ù–ù–ò–¶–Ø | –†–ê–ë–û–¢–ê –í–ò–ù–ù–ò–¶–ê,https://uk.tgstat.com/channel/@WORKIN_VINNITSA,https://t.me/WORKIN_VINNITSA
Ribas. –í—Å–µ –ø—Ä–æ –≥–æ—Ç–µ–ª—å–Ω–∏–π –±—ñ–∑–Ω–µ—Å,https://uk.tgstat.com/channel/@ribasgroup,https://t.me/ribasgroup
Forinsurer –æ —Å—Ç—Ä–∞—Ö–æ–≤–∞–Ω–∏–∏,https://uk.tgstat.com/channel/@forinsurer,https://t.me/forinsurer
–ê–ª—Ö–∏–º–∏—è –±–∏–∑–Ω–µ—Å–∞,https://uk.tgstat.com/channel/@businessandmagic,https://t.me/businessandmagic
–î–ï–ù–ï–ñ–ù–´–ô –°–ò–ù–î–ò–ö–ê–¢,https://uk.tgstat.com/channel/AAAAAE3lEypNqOo_T_18Yw,https://t.me/joinchat/AAAAAE3lEypNqOo_T_18Yw
–í—ñ–¥ –ó–∞–π—á–µ–Ω–∫–∞ üîî,https://uk.tgstat.com/channel/@maxzaichenko,https://t.me/maxzaichenko
–ê–≥–µ–Ω—Ü—ñ—è —Ä–µ–≥—ñ–æ–Ω–∞–ª—å–Ω–æ–≥–æ —Ä–æ–∑–≤–∏—Ç–∫—É –ß–µ—Ä–Ω—ñ–≥—ñ–≤—Å—å–∫–æ—ó –æ–±–ª–∞—Å—Ç—ñ,https://uk.tgstat.com/channel/@agency_chernihiv,https://t.me/agency_chernihiv
–ö–æ–æ—Ä–¥–∏–Ω–∞—Ç–æ—Ä–∏ –ö—Ä–µ–º—ñ–Ω—â–∏–Ω–∏,https://uk.tgstat.com/channel/@kreminnaUA,https://t.me/kreminnaUA
–ó–∞—Ä–∞–±–æ—Ç–æ–∫ –≤ –ò–Ω—Ç–µ—Ä–Ω–µ—Ç–µ,https://uk.tgstat.com/channel/@kvadratdeneg,https://t.me/kvadratdeneg
–ï–≤–≥–µ–Ω–∏—è –ì—Ä–∏–Ω—å,https://uk.tgstat.com/channel/@ewgeniagrin,https://t.me/ewgeniagrin
ü§î –ï–∫—Å–ø–µ—Ä–∏–º–µ–Ω—Ç –∑ –∑–∞—Ä–æ–±—ñ—Ç–∫–æ–º,https://uk.tgstat.com/channel/@Freelifeua,https://t.me/Freelifeua
Investory News,https://uk.tgstat.com/channel/@investorynews,https://t.me/investorynews
YagaMuhomorüçÑ,https://uk.tgstat.com/channel/@yagamuhomor_channel,https://t.me/yagamuhomor_channel
–†–û–ë–û–¢–ê –î–ù–Ü–ü–†–û | –†–ê–ë–û–¢–ê –î–ù–ï–ü–†,https://uk.tgstat.com/channel/@WORKIN_DNIPRO,https://t.me/WORKIN_DNIPRO
–ù–µ—Ä—É—Ö–æ–º—ñ—Å—Ç—å PRO –ö–∏—ó–≤,https://uk.tgstat.com/channel/@realestatePRO100,https://t.me/realestatePRO100
–¢–æ–º–º–∏ –ø–∏—à–µ—Ç üéØ,https://uk.tgstat.com/channel/@poltevblog,https://t.me/poltevblog
–ù–µ —Å–ø–µ—à–∏ –ø–ª–∞—Ç–∏—Ç—å!,https://uk.tgstat.com/channel/@AutorText,https://t.me/AutorText
3NET –û—Ñ—ñ—Ü—ñ–π–Ω–∏–π,https://uk.tgstat.com/channel/@the3net,https://t.me/the3net
kooperativ.afisha,https://uk.tgstat.com/channel/@kooperativ_afisha,https://t.me/kooperativ_afisha
üß©Marielüß©–û–±—É–≤—å –æ–ø—Ç–æ–º,https://uk.tgstat.com/channel/@mariel_dropshipping_obuv,https://t.me/mariel_dropshipping_obuv
–û–±–º—ñ–Ω –≤–∞–ª—é—Ç –†–æ–º–Ω–∏ ‚ÄúKit Group‚Äù,https://uk.tgstat.com/channel/@obmenka_kit_romnu,https://t.me/obmenka_kit_romnu
"–¢–ê–ö–° –ö–û–ù–°–ê–õ–¢ | –ë—É—Ö–≥–∞–ª—Ç–µ—Ä–∏—è –≤ –î–æ–Ω–µ—Ü–∫–µ, –î–ù–†",https://uk.tgstat.com/channel/@tax_consult,https://t.me/tax_consult
Automated Trading Strategies,https://uk.tgstat.com/channel/@profit_auto_trading,https://t.me/profit_auto_trading
–¢–æ—Ä–≥—Å–æ—Ñ—Ç,https://uk.tgstat.com/channel/@torgsoftofficial,https://t.me/torgsoftofficial
Trand Invest Club üìâüìàüí∞,https://uk.tgstat.com/channel/@trandinvestclub,https://t.me/trandinvestclub
–ë—ñ–∑–Ω–µ—Å –≤ —Ç–µ–ª–µ–≥—Ä–∞–º! üí∞,https://uk.tgstat.com/channel/rfsYLYQ6t1FhMzNi,https://t.me/joinchat/rfsYLYQ6t1FhMzNi
Euroizol.info,https://uk.tgstat.com/channel/@Euroizol,https://t.me/Euroizol
–î–µ—Ç–µ–∫—Ç–æ—Ä –±—Ä–µ—Ö–Ω—ñ –≤ –ë—ñ–∑–Ω–µ—Å—ñ,https://uk.tgstat.com/channel/@hr_security,https://t.me/hr_security
invest-withstan.club,https://uk.tgstat.com/channel/@Invest_with_Stan,https://t.me/Invest_with_Stan
n.cubator - learning by doing,https://uk.tgstat.com/channel/@ncubator,https://t.me/ncubator
Magnatik Privat,https://uk.tgstat.com/channel/@MagnatikCrypto,https://t.me/MagnatikCrypto
ACTIVEMONEY,https://uk.tgstat.com/channel/@activinvest,https://t.me/activinvest
ABWEHR Style Doors Expert,https://uk.tgstat.com/channel/@abwehr_official,https://t.me/abwehr_official
TELEGRAMERüí°ü§ùüí∞,https://uk.tgstat.com/channel/@tggramer,https://t.me/tggramer
–û–±'—î–¥–Ω–∞–Ω–Ω—è —Ä–æ–±–æ—Ç–æ–¥–∞–≤—Ü—ñ–≤,https://uk.tgstat.com/channel/@rabotodatel_info,https://t.me/rabotodatel_info
–ö—É–ø—É–π —É –º–∞–ª–∏—Ö,https://uk.tgstat.com/channel/@buyfromsmall,https://t.me/buyfromsmall
üÖ∞Ô∏è AliExpressBase,https://uk.tgstat.com/channel/@aliexpressbase,https://t.me/aliexpressbase
Efimoowa –ø—Ä–æ –ø—Ä–æ–¥–∞–∂–∏ –∏ –ª–∏—á–Ω—ã–π –±—Ä–µ–Ω–¥,https://uk.tgstat.com/channel/@efimoowaa,https://t.me/efimoowaa
MoneyDrop Ukraine üá∫üá¶,https://uk.tgstat.com/channel/@moneydrop_ukraine,https://t.me/moneydrop_ukraine
–°–µ—Ä–≥—ñ–π –Ü–≤–∞–Ω–æ–≤,https://uk.tgstat.com/channel/@sergeyivanovjr,https://t.me/sergeyivanovjr
üí∞üí∞üí∞–ü–∞—Å–∏–≤–Ω–∏–π –ø—Ä–∏–±—É—Ç–æ–∫ ¬´Sincere Systems¬ªüí∞üí∞üí∞,https://uk.tgstat.com/channel/MqZqR09HYGdmNWIy,https://t.me/joinchat/MqZqR09HYGdmNWIy
–ò–Ω–≤–µ—Å—Ç–∏—Ü–∏–∏ –∏ —Ñ–∏–Ω–∞–Ω—Å—ã,https://uk.tgstat.com/channel/@illiakyselov,https://t.me/illiakyselov
–ë—ñ–∑–Ω–µ—Å,https://uk.tgstat.com/channel/@business_t_me_777,https://t.me/business_t_me_777
ProBAS: –ø—Ä–æ—Å—Ç–æ —Ç–∞ –æ–ø–µ—Ä–∞—Ç–∏–≤–Ω–æ –ø—Ä–æ —Ä–æ–±–æ—Ç—É –≤ BAS,https://uk.tgstat.com/channel/@Procom_ProBAS,https://t.me/Procom_ProBAS
BUSINESS.UA,https://uk.tgstat.com/channel/7mzJDK4PCnFkYzYy,https://t.me/joinchat/7mzJDK4PCnFkYzYy
V.I.P call center | –ö–æ–ª–ª—Ü–µ–Ω—Ç—Ä –¥–ª—è —Ç–æ–≤–∞—Ä–Ω–æ–≥–æ –±–∏–∑–Ω–µ—Å–∞ ‚Ññ1 –≤ –°–ù–ì,https://uk.tgstat.com/channel/@vipcallcenter,https://t.me/vipcallcenter
Money 24/7 Business üí∞,https://uk.tgstat.com/channel/@money_24_7business,https://t.me/money_24_7business
–§—Ä—ñ–ª–∞–Ω—Å –ø–æ-—É–∫—Ä–∞—ó–Ω—Å—å–∫–∏ üá∫üá¶,https://uk.tgstat.com/channel/@helena_profreelance,https://t.me/helena_profreelance
üìà Boss And Brain,https://uk.tgstat.com/channel/@bossandbrain,https://t.me/bossandbrain
–õ–æ—Ä–∞ –ß–∏–∂ I –õ–∏—á–Ω—ã–π –±–ª–æ–≥,https://uk.tgstat.com/channel/@s_Lora_Chizh,https://t.me/s_Lora_Chizh
WintEvents - —Ç–æ–ø–æ–≤—ã–µ –¥–µ–ª–æ–≤—ã–µ –∏ —Ä–∞–∑–≤–ª–µ–∫–∞—Ç–µ–ª—å–Ω—ã–µ –∏–≤–µ–Ω—Ç—ã –≤ –∞—Ñ—Ñ–∏–ª–µ–π—Ç —Å—Ñ–µ—Ä–µ),https://uk.tgstat.com/channel/@wintevents,https://t.me/wintevents
–†–û–ú–°–ê–¢,https://uk.tgstat.com/channel/@romsat_official,https://t.me/romsat_official
–ù–æ–≤–∏–Ω–∏ | SpoNetMarket,https://uk.tgstat.com/channel/@SpotNetfliMarket,https://t.me/SpotNetfliMarket
Infobusiness UA üíª,https://uk.tgstat.com/channel/@Infobusiness_UA,https://t.me/Infobusiness_UA
–ù–µ—Ä—É—Ö–æ–º—ñ—Å—Ç—å –ø–æ –õ—å–≤—ñ–≤—Å—å–∫—ñ–π –æ–±–ª–∞—Å—Ç—ñ –Ω–∞ –ø–ª–∞—Ç—Ñ–æ—Ä–º—ñ Prozorro,https://uk.tgstat.com/channel/@TheTenderLiviv,https://t.me/TheTenderLiviv
–ë—É–¥—å —É –ö—É—Ä—Å—ñ,https://uk.tgstat.com/channel/@byd_v_kurse,https://t.me/byd_v_kurse
Smart Property Investments,https://uk.tgstat.com/channel/@SmartPropertyInvestments,https://t.me/SmartPropertyInvestments
Investment Game,https://uk.tgstat.com/channel/@investment_game,https://t.me/investment_game
"EV: –ø—Ä–æ –±—ñ–∑–Ω–µ—Å, —Ä–æ–∑–≤–∏—Ç–æ–∫, –º–∏—Å–ª–µ–Ω–Ω—è",https://uk.tgstat.com/channel/@businessbyev,https://t.me/businessbyev
–ö—É–ø–∏ —Ç–æ–≤–∞—Ä –∏–ª–∏ —Ç–æ–≤–∞—Ä—ã –≤—ã–≥–æ–¥–Ω–æ,https://uk.tgstat.com/channel/@kyrsov100,https://t.me/kyrsov100
Cash l UA¬≤,https://uk.tgstat.com/channel/@Doremoney,https://t.me/Doremoney
–ù–∞—Å—Ç–∞–≤–Ω–∏–∫ –µ–∫—Å–ø–µ—Ä—Ç—ñ–≤ üá∫üá¶ OneBox OS,https://uk.tgstat.com/channel/@crmibp,https://t.me/crmibp
–î–æ–Ω–µ—Ü—å–∫–∞ —Ç–æ—Ä–≥–æ–≤–æ-–ø—Ä–æ–º–∏—Å–ª–æ–≤–∞ –ø–∞–ª–∞—Ç–∞,https://uk.tgstat.com/channel/@DonetskCCI,https://t.me/DonetskCCI
–ú—ñ–ª—å–π–æ–Ω–µ—Ä üá∫üá¶,https://uk.tgstat.com/channel/@millionare_ua,https://t.me/millionare_ua
–°ity4Business,https://uk.tgstat.com/channel/@city4business,https://t.me/city4business
üá∫üá¶ –°–í–Ü–¢ –ú–ê–¢–†–ê–¶–Ü–í,https://uk.tgstat.com/channel/@svit_matrasiv,https://t.me/svit_matrasiv
–ó–ê–†–ê–ë–û–¢–ö–ê,https://uk.tgstat.com/channel/@viplate_rich_bot,https://t.me/viplate_rich_bot
–°—Ç–∞—Ä—Ç–∞–ø –°—Ç–∞—Ä—Ç–∞–ø–∏—á,https://uk.tgstat.com/channel/@startupych_ua,https://t.me/startupych_ua
–ú–∞–ª–∏–π –±—ñ–∑–Ω–µ—Åüòé —â–æ–¥–Ω—è —â–æ—Å—å –Ω–æ–≤–µ,https://uk.tgstat.com/channel/@small_business_ua,https://t.me/small_business_ua
‚Çø–ª–∞–¥–∏—Å–ª–∞–≤ –ì–∞–≤—Ä–∏–ª–µ–Ω–∫–æ-–ë–∏–∑–Ω–µ—Å –±–ª–æ–≥,https://uk.tgstat.com/channel/@topgavrilenkoteam,https://t.me/topgavrilenkoteam
–ü—Ä–µ–¥–ø—Ä–∏–∏–º—á–∏–≤—ã–πüöÄü§òüèª,https://uk.tgstat.com/channel/@pred4,https://t.me/pred4
Filimonow –≤ —Ä–æ–±–æ—Ç–∞—Ö,https://uk.tgstat.com/channel/Oz0XyQj5DbIyZjAy,https://t.me/joinchat/Oz0XyQj5DbIyZjAy
NIKOLAEV_INVEST,https://uk.tgstat.com/channel/@Nikolaev_invest,https://t.me/Nikolaev_invest
UFH –ø—Ä–æ –ë—ñ–∑–Ω–µ—Å,https://uk.tgstat.com/channel/@ufintechhub,https://t.me/ufintechhub
Agribusiness in Ukraine,https://uk.tgstat.com/channel/@agribusiness_ukraine,https://t.me/agribusiness_ukraine
Olariori - –î–ª—è Freelance.,https://uk.tgstat.com/channel/@onariori,https://t.me/onariori
–ö—É–ø–∏—Ç—å –≥–µ–Ω–µ—Ä–∞—Ç–æ—Ä üá∫üá¶–£–∫—Ä–∞–∏–Ω–∞ Ô∏è–±–µ–Ω–∑–∏–Ω–æ–≤—ã–π Ô∏è–¥–∏–∑–µ–ª—å–Ω—ã–π Ô∏è–∏–Ω–≤–µ—Ä—Ç–æ—Ä–Ω—ã–π,https://uk.tgstat.com/channel/@ekvivesgen,https://t.me/ekvivesgen
–ë–ê–ó–ê –ü–û–°–¢–ê–ß–ê–õ–¨–ù–ò–ö–Ü–í,https://uk.tgstat.com/channel/@baza_postavshchikov_drop,https://t.me/baza_postavshchikov_drop
–ï–í–ê —É –≤–∑—É—Ç—Ç—î–≤—ñ–π —Å—Ñ–µ—Ä—ñ,https://uk.tgstat.com/channel/@eva_dlya_vzuttya,https://t.me/eva_dlya_vzuttya
ARSENAL GRAND üá∫üá¶,https://uk.tgstat.com/channel/@arsenalGRAND,https://t.me/arsenalGRAND
–ü–£–§–Ü | –ü–µ—Ä—à–∞ –£–∫—Ä–∞—ó–Ω—Å—å–∫–∞ –§–∞–±—Ä–∏–∫–∞ –Ü–¥–µ–πüí°,https://uk.tgstat.com/channel/@first_ua_idea_factory,https://t.me/first_ua_idea_factory
–°–ü–ï–ö–£–õ–Ø–ù–¢,https://uk.tgstat.com/channel/@specu_lyant,https://t.me/specu_lyant
–ö—Ä–∏–ø—Ç–æ –ë–∞–π—Ä–∞–∫—Ç–∞—Ä,https://uk.tgstat.com/channel/@crypto_bayraktar_ua,https://t.me/crypto_bayraktar_ua
–°–µ–π—Ñ–∏ PRO-S.COM.UA,https://uk.tgstat.com/channel/@pro_safe,https://t.me/pro_safe
"–ë–û ""–ú–ë–§ ""–†–û–î–û–í–ê–†–¢–ê""",https://uk.tgstat.com/channel/@BF_Rodovarta,https://t.me/BF_Rodovarta
THINK DIFFERENT üß†,https://uk.tgstat.com/channel/@thinkdifferntt,https://t.me/thinkdifferntt
–î–Ω–µ–ø—Ä —Ä–∞–±–æ—Ç–∞ —Å–≤–µ–∂–∏–µ –≤–∞–∫–∞–Ω—Å–∏–∏ –æ–±—ä—è–≤–ª–µ–Ω–∏—è —É–¥–∞–ª–µ–Ω–Ω–æ –î–Ω—ñ–ø—Ä–æ —Ä–æ–±–æ—Ç–∞ —Å–≤—ñ–∂—ñ –≤–∞–∫–∞–Ω—Å—ñ—ó –æ–≥–æ–ª–æ—à–µ–Ω–Ω—è –≤—ñ–¥–¥–∞–ª–µ–Ω–æ,https://uk.tgstat.com/channel/@robotain_dnipro,https://t.me/robotain_dnipro
Org Design & Development,https://uk.tgstat.com/channel/@organizational_design,https://t.me/organizational_design
Construction 4.0,https://uk.tgstat.com/channel/@construction_4_0,https://t.me/construction_4_0
–õ–µ–≥–∞–ª—å–Ω—ã–π –ò–Ω—Ñ–æ–±–∏–∑–Ω–µ—Å,https://uk.tgstat.com/channel/@infolegbiz,https://t.me/infolegbiz
–•—Ä–æ–Ω—ñ–∫–∏ –£—Å–ø—ñ—Ö—É | –±—ñ–∑–Ω–µ—Å –±–ª–æ–≥,https://uk.tgstat.com/channel/MkM5cH3CP_0zNmEy,https://t.me/joinchat/MkM5cH3CP_0zNmEy
BOXY –ú–∞–≥–∞–∑–∏–Ω –£–ø–∞–∫–æ–≤–∫–∏,https://uk.tgstat.com/channel/@boxyshop,https://t.me/boxyshop
Choice Architecture for Startups,https://uk.tgstat.com/channel/@choice_architecture,https://t.me/choice_architecture
SL COMMODITIES LLC –ó–µ—Ä–Ω–æ –∑–∞–∫—É–ø–∫–∞ –ø—Ä–æ—Å–æ –∫–æ—Ä–∏–∞–Ω–¥—Ä –≥–æ—Ä–æ—Ö —á–µ—á–µ–≤–∏—Ü–∞ –ª–µ–Ω –∑–∞–∫—É–ø–∫–∞ –Ω–∏—à–∏ –Ω–∏—à–∞ —Å–æ—Ä–≥–æ millet export,https://uk.tgstat.com/channel/@zernovie,https://t.me/zernovie
–ïlf.bar_cheüí®,https://uk.tgstat.com/channel/@elfbar_che1500,https://t.me/elfbar_che1500
–ë—ñ–∑–Ω–µ—Å-—Ç–µ—Ä–∞–ø—ñ—è –Ø–Ω–∏ –°—î–ª—ñ–Ω–æ—ó,https://uk.tgstat.com/channel/@sielinablog,https://t.me/sielinablog
SHL Ukraine,https://uk.tgstat.com/channel/@shl_ukraine,https://t.me/shl_ukraine
–¢–µ—Ä–Ω–æ–ø—ñ–ª—å —Ä–æ–±–æ—Ç–∞ —Å–≤—ñ–∂—ñ –≤–∞–∫–∞–Ω—Å—ñ—ó –æ–≥–æ–ª–æ—à–µ–Ω–Ω—è –≤—ñ–¥–¥–∞–ª–µ–Ω–æ –¢–µ—Ä–Ω–æ–ø–æ–ª—å —Ä–∞–±–æ—Ç–∞ —Å–≤–µ–∂–∏–µ –≤–∞–∫–∞–Ω—Å–∏–∏ –æ–±—ä—è–≤–ª–µ–Ω–∏—è —É–¥–∞–ª–µ–Ω–Ω–æ,https://uk.tgstat.com/channel/@robotain_ternopil,https://t.me/robotain_ternopil
S-GROUP UKRAINE üåé WORLD INVESTMENT FUND,https://uk.tgstat.com/channel/@S_GROUP_invest_World,https://t.me/S_GROUP_invest_World
–í—ñ–Ω–Ω–∏—Ü—è —Ä–æ–±–æ—Ç–∞ —Å–≤—ñ–∂—ñ –≤–∞–∫–∞–Ω—Å—ñ—ó –æ–≥–æ–ª–æ—à–µ–Ω–Ω—è –≤—ñ–¥–¥–∞–ª–µ–Ω–æ –í–∏–Ω–Ω–∏—Ü–∞ —Ä–∞–±–æ—Ç–∞ —Å–≤–µ–∂–∏–µ –≤–∞–∫–∞–Ω—Å–∏–∏ –æ–±—ä—è–≤–ª–µ–Ω–∏—è —É–¥–∞–ª–µ–Ω–Ω–æ,https://uk.tgstat.com/channel/@robotain_vinnitsa,https://t.me/robotain_vinnitsa
MaLoY –Ω–∞ –ö—Ä–∏–ø—Ç–µüåë,https://uk.tgstat.com/channel/@maloynakripte,https://t.me/maloynakripte
AMA FAMILY RESORT,https://uk.tgstat.com/channel/@AMAHOTEL,https://t.me/AMAHOTEL
–°–ê–ô–¢ —Å–≤–æ–∏–º–∏ —Ä—É–∫–∞–º–∏ ü§≤,https://uk.tgstat.com/channel/@sait_svoimi_rukami,https://t.me/sait_svoimi_rukami
RainGAMES,https://uk.tgstat.com/channel/@RainGames,https://t.me/RainGames
–§—Ä–∞–Ω—á–∞–π–∑–µ—Ä–∏ —Ç–∞ –º–µ—Ä–µ–∂—ñ,https://uk.tgstat.com/channel/@franchising,https://t.me/franchising
ECO EV China Car,https://uk.tgstat.com/channel/@ECO_EV_China_Car,https://t.me/ECO_EV_China_Car
"TRIDENT üî± Media Buying Agency | iGaming, Gambling üé∞",https://uk.tgstat.com/channel/@trident_media_ua,https://t.me/trident_media_ua
100% –≥–æ–¥–æ–≤—ã—Ö –∏–Ω–≤–µ—Å—Ç–∏—Ü–∏–π,https://uk.tgstat.com/channel/@AndriiS2806,https://t.me/AndriiS2806
Chameleon's guide to LinkedIn Sales,https://uk.tgstat.com/channel/@dontpanicgendem,https://t.me/dontpanicgendem
–ì—Ä—É–∑–æ–ø–µ—Ä–µ–≤–æ–∑–∫–∏ –õ—É–≥–∞–Ω—Å–∫,https://uk.tgstat.com/channel/@gruzoperevozki_lugansk,https://t.me/gruzoperevozki_lugansk
"–ú–µ–±–µ–ª—å –±–∞—Ä–æ–∫–∫–æ, –∞–Ω—Ç–∏–∫–≤–∞—Ä–∏–∞—Ç",https://uk.tgstat.com/channel/@barocco_style_mebel,https://t.me/barocco_style_mebel
–ê–ª–µ–∫—Å–∞–Ω–¥—Ä –ë–µ–ª–∏–Ω–µ—Ü | –†–ï–ö–õ–ê–ú–êüîπ–†–û–°–¢ –ü–†–û–î–ê–ñüîπ –õ–ò–ß–ù–û–°–¢–ù–´–ô –†–û–°–¢ üîπ–ò–ù–í–ï–°–¢–ò–¶–ò–ò,https://uk.tgstat.com/channel/@alexbelinec_old,https://t.me/alexbelinec_old
ANDREEVNAKSU BIZ üíµ,https://uk.tgstat.com/channel/@enjoy_business,https://t.me/enjoy_business
Pro-Consulting,https://uk.tgstat.com/channel/@Pro_Consulting_ua,https://t.me/Pro_Consulting_ua
"Bugs¬Æ Ukraine, Evenflo¬Æ - –î—Ä–æ–ø—à–∏–ø–ø–∏–Ω–≥ –∏ –æ–ø—Ç (–¥–µ—Ç—Å–∫–∏–µ —Ç–æ–≤–∞—Ä—ã)",https://uk.tgstat.com/channel/@bugs_online,https://t.me/bugs_online
"–ú—Ä—ñ–π, –±–∞–≥–∞—Ç—ñ–π ‚úàÔ∏è –ú–∞–∫—Å –°–ª–∞–≤‚Äô—è–Ω—Å—å–∫–∏–π",https://uk.tgstat.com/channel/cLBwpZWYTRk3YzMy,https://t.me/joinchat/cLBwpZWYTRk3YzMy
SMRNK –ñ—É—Ä–Ω–∞–ª,https://uk.tgstat.com/channel/@smrnkjournal,https://t.me/smrnkjournal
Just Work | –ü–∞—Å—Å–∏–≤–Ω—ã–π –¥–æ—Ö–æ–¥,https://uk.tgstat.com/channel/@just_work_passivniy_dohod,https://t.me/just_work_passivniy_dohod
–ë–∏–∑–Ω–µ—Å - —ç—Ç–æ –ø—Å–∏—Ö–æ–ª–æ–≥–∏—è,https://uk.tgstat.com/channel/@businessispsychology,https://t.me/businessispsychology
Move to,https://uk.tgstat.com/channel/@mo_ve_to,https://t.me/mo_ve_to
–ó–µ–º–ª—è,https://uk.tgstat.com/channel/@ukr_zemlia,https://t.me/ukr_zemlia
"–§–î–ú–£ —É –•–µ—Ä—Å–æ–Ω—Å—å–∫—ñ–π –æ–±–ª–∞—Å—Ç—ñ, –ê–≤—Ç–æ–Ω–æ–º–Ω—ñ–π –†–µ—Å–ø—É–±–ª—ñ—Ü—ñ –ö—Ä–∏–º —Ç–∞ –º. –°–µ–≤–∞—Å—Ç–æ–ø–æ–ª—ñ",https://uk.tgstat.com/channel/@kherson_SPFU,https://t.me/kherson_SPFU
Private Military Company,https://uk.tgstat.com/channel/@Privat_MilitaryCompany,https://t.me/Privat_MilitaryCompany
Alexander Grigorets,https://uk.tgstat.com/channel/@grigoretsalexander,https://t.me/grigoretsalexander
"–û–±–º—ñ–Ω –≤–∞–ª—é—Ç –ì–ª—É—Ö—ñ–≤ ""Kit Group""",https://uk.tgstat.com/channel/AAAAAFcWhdVNOs0XFYy7Lg,https://t.me/joinchat/AAAAAFcWhdVNOs0XFYy7Lg
Ukrainka STATE CAR,https://uk.tgstat.com/channel/@UkrainkaStateCar,https://t.me/UkrainkaStateCar
–ö–£–õ–¨–¢ –†–ê–ó–†–£–ë–û–í–ê,https://uk.tgstat.com/channel/@razrubov_cult,https://t.me/razrubov_cult
my_applecaseüçè,https://uk.tgstat.com/channel/@my_applecasee,https://t.me/my_applecasee
–ü—Ä–æ BEAUTY –±—ñ–∑–Ω–µ—Å,https://uk.tgstat.com/channel/@lytvynyuk_korysne,https://t.me/lytvynyuk_korysne
üåæ –ó–∞–ø—á–∞—Å—Ç–∏–Ω–∏ –¥–æ —Å—ñ–ª—å—Å—å–∫–æ–≥–æ—Å–ø–æ–¥–∞—Ä—Å—å–∫–æ—ó —Ç–µ—Ö–Ω—ñ–∫–∏,https://uk.tgstat.com/channel/@fenixautofilter,https://t.me/fenixautofilter
–ê–í–ê–ö–ò–ù –ß–ê–¢–ò–ö,https://uk.tgstat.com/channel/@avakinchatik1,https://t.me/avakinchatik1
üí∞–ë–∏–∑–Ω–µ—Å - –æ–Ω–ª–∞–π–Ω!üí∞,https://uk.tgstat.com/channel/@zveroboyinvestNK,https://t.me/zveroboyinvestNK
–û–ª–µ–∂–∫–∞ –∑–∞—Ä–∞–±–∞—Ç—ã–≤–∞–µ—Ç,https://uk.tgstat.com/channel/@oleg_zarab,https://t.me/oleg_zarab
–ü—Ä–æ–≤–µ—Ä–∫–∞ –ë–æ—Ç–æ–≤,https://uk.tgstat.com/channel/@proverkabotov00,https://t.me/proverkabotov00
–ë—ñ–∑–Ω–µ—Å –Ü–¥–µ—ó –≤ IT —Å—Ñ–µ—Ä—ñ,https://uk.tgstat.com/channel/@itbusinessideas,https://t.me/itbusinessideas
PPPoker | ClubGG | –∫–ª—É–±—ã,https://uk.tgstat.com/channel/@pppokerclubs_ru,https://t.me/pppokerclubs_ru
Nedorogo.in.ua,https://uk.tgstat.com/channel/@nedorogoinua,https://t.me/nedorogoinua
–ù–æ–≤–æ—Å—Ç–∏ | MSDROP,https://uk.tgstat.com/channel/@msdropua,https://t.me/msdropua
HF Agro,https://uk.tgstat.com/channel/@hfagro,https://t.me/hfagro
–ë–æ–≥–∞—Ç—ã–µ –£–ú–´ ‚Ä¢ –ó–∞—Ä–∞–±–æ—Ç–æ–∫ ‚Ä¢ –ë–∏–∑–Ω–µ—Å ‚Ä¢ –ú–æ—Ç–∏–≤–∞—Ü–∏—è ‚Ä¢ –¶–∏—Ç–∞—Ç—ã,https://uk.tgstat.com/channel/@richmindslife,https://t.me/richmindslife
Avarcom,https://uk.tgstat.com/channel/@avarkom_servic,https://t.me/avarkom_servic
iTelePro Service,https://uk.tgstat.com/channel/@itelepros,https://t.me/itelepros
Oleg Gajduchok & Company ¬Æ,https://uk.tgstat.com/channel/@GajduchokLaw,https://t.me/GajduchokLaw
Cherniavsky,https://uk.tgstat.com/channel/@cherniavsky_biz,https://t.me/cherniavsky_biz
–ú–∞—Å—Ç–µ—Ä –Ω–∞–¥ –º–æ–Ω–µ—Ç–æ–π,https://uk.tgstat.com/channel/AAAAAFH0zLMd5lgzS4gCwA,https://t.me/joinchat/AAAAAFH0zLMd5lgzS4gCwA
SWEETNEWS | –ù–û–í–ò–ù–ò | –®–¢–£–ß–ù–ò–ô –Ü–ù–¢–ï–õ–ï–ö–¢ | –ë–Ü–ó–ù–ï–° | –ö–†–ò–ü–¢–û–í–ê–õ–Æ–¢–ê | –°–¢–ê–†–¢–ê–ü–ò,https://uk.tgstat.com/channel/@sweetnews777,https://t.me/sweetnews777
Asia Service Group,https://uk.tgstat.com/channel/@AsiaServiceGroup,https://t.me/AsiaServiceGroup
–ú–∞–º–∫–∏–Ω –±–∏–∑–Ω–µ—Å–º–µ–Ω,https://uk.tgstat.com/channel/@mamkinbusiness,https://t.me/mamkinbusiness
–ë—ñ–∑–Ω–µ—Å —ñ–¥–µ—èüí°,https://uk.tgstat.com/channel/@finbis,https://t.me/finbis
–†–µ–∂–∏–º –¥–Ω—è,https://uk.tgstat.com/channel/@day_mode,https://t.me/day_mode
Kness Team - –í–∞–∫–∞–Ω—Å—ñ—ó,https://uk.tgstat.com/channel/@knessteam,https://t.me/knessteam
–Ñ –ø—ñ–¥—Ä–æ–±—ñ—Ç–æ–∫,https://uk.tgstat.com/channel/@epidrobitok,https://t.me/epidrobitok
–î—Ä–æ–ø—à–∏–ø–ø—ñ–Ω–≥ –≤—ñ–¥ –¢–ú –°–∞–º–µ–¢–æ,https://uk.tgstat.com/channel/AAAAAEzmD1rKLKcqKPwFIg,https://t.me/joinchat/AAAAAEzmD1rKLKcqKPwFIg
–ø–æ–•–£–ô–µ–π–∫–∞ üêæ,https://uk.tgstat.com/channel/@pohuyeyka,https://t.me/pohuyeyka
Wol4ek –æ—Ç–∑—ã–≤—ã,https://uk.tgstat.com/channel/@Wol4ekreviews,https://t.me/Wol4ekreviews
‚ìÇÔ∏è–∞—Ç—Ä–∏—á–Ω—ã–π Alex,https://uk.tgstat.com/channel/@BefreeInHouse,https://t.me/BefreeInHouse
–§–∏–Ω–∞–Ω—Å–æ–≤—ã–π –≥—Ä–∞–º–æ—Ç–µ–π üí∞,https://uk.tgstat.com/channel/AAAAAFL8kpOvA5VkAFz1wg,https://t.me/joinchat/AAAAAFL8kpOvA5VkAFz1wg
üá∫üá¶ –ü—Ä–æ–º–∏—Å–ª–æ–≤—ñ—Å—Ç—å –£–∫—Ä–∞—ó–Ω–∞ / –ü—Ä–æ–º—ã—à–ª–µ–Ω–Ω–æ—Å—Ç—å –£–∫—Ä–∞–∏–Ω–∞ üá∫üá¶,https://uk.tgstat.com/channel/@promislovistUA,https://t.me/promislovistUA
HitOk Shop,https://uk.tgstat.com/channel/@HitOk_magaz,https://t.me/HitOk_magaz
–ë—ñ–∑–Ω–µ—Å Insight,https://uk.tgstat.com/channel/@bizinsight_ua,https://t.me/bizinsight_ua
–¢hermal Energy Company,https://uk.tgstat.com/channel/@tecturbo,https://t.me/tecturbo
monefy.ua,https://uk.tgstat.com/channel/@monefy_ua,https://t.me/monefy_ua
–ì–∞–ª–∏–Ω–∞ –Æ—Ä—å–µ–≤–Ω–∞,https://uk.tgstat.com/channel/@galinkarizayewa,https://t.me/galinkarizayewa
Guru_Finance,https://uk.tgstat.com/channel/@Guru_F,https://t.me/Guru_F
–ë–ò–ó–ù–ï–° –ù–ê –ü–ê–°–°–ò–í–ï,https://uk.tgstat.com/channel/6QJBefhv8Qc0Yjc0,https://t.me/joinchat/6QJBefhv8Qc0Yjc0
Trend Spot,https://uk.tgstat.com/channel/@trendspot1,https://t.me/trendspot1
–ë–∏–∑–Ω–µ—Å –≠–∫—Å–ø–µ—Ä—Ç–∞. –ö–∞–∫ –ø—Ä–µ–≤—Ä–∞—â–∞—Ç—å –∑–Ω–∞–Ω–∏—è –≤ –¥–µ–Ω—å–≥–∏!,https://uk.tgstat.com/channel/@businessexpertonline,https://t.me/businessexpertonline
–ß–∏—Ç–∞–π –∏ –±–æ–≥–∞—Ç–µ–π: –±–∏–∑–Ω–µ—Å-–±–ª–æ–≥ –†–æ–º–∞–Ω–∞ –ú–∏—à—É–∫–∞,https://uk.tgstat.com/channel/@RMbusiness,https://t.me/RMbusiness
CrewUp –ù–µ—Ç–≤–æ—Ä–∫—ñ–Ω–≥ –∫—Ä–µ–∞—Ç–∏–≤–Ω–∏—Ö –ª—é–¥–µ–π,https://uk.tgstat.com/channel/@crew_up,https://t.me/crew_up
–ó–∞—Ä–æ–±—ñ—Ç–æ–∫ –£–∫—Ä–∞—ó–Ω–∞ üí∏,https://uk.tgstat.com/channel/@earn_money_ukraine,https://t.me/earn_money_ukraine
Nike Shop,https://uk.tgstat.com/channel/@shark_vapeua,https://t.me/shark_vapeua
–ö–†–Ø–ö–ù–ò –ë–ê–ë–õ–û,https://uk.tgstat.com/channel/@crackmoney,https://t.me/crackmoney
AIM group channel,https://uk.tgstat.com/channel/@AIMgroupchannel,https://t.me/AIMgroupchannel
–ü–æ–ª—Ç–∞–≤–∞,https://uk.tgstat.com/channel/@PoltavaOficial,https://t.me/PoltavaOficial
–í—ñ–π—Å—å–∫–æ–≤–∏–π ü™ñ–ê—É–∫—Ü—ñ–æ–Ωüìà,https://uk.tgstat.com/channel/@aukcionwar,https://t.me/aukcionwar
SpacelyBuyer,https://uk.tgstat.com/channel/@spacelybuyer,https://t.me/spacelybuyer
Alina Zakharchuk,https://uk.tgstat.com/channel/@ali_probiz,https://t.me/ali_probiz
üí∏–†–∞–±–æ—Ç–∞–π –Ω–∞ –°–ï–ë–Ø üíµüì±üí∞,https://uk.tgstat.com/channel/@nerabota_5,https://t.me/nerabota_5
Radar Ukraine ¬∞¬∞¬∞ –í–Ü–î–ì–£–ö–ò‚∏ªOPINIONS‚∏ª–û–¢–ó–´–í–´ –ø—Ä–æ üá∫üá¶ —É–∫—Ä–∞—ó–Ω—Å—å–∫–∏–π –±—ñ–∑–Ω–µ—Å,https://uk.tgstat.com/channel/@CULTradarukraine,https://t.me/CULTradarukraine
MANTO ü§º‚Äç‚ôÇÔ∏è,https://uk.tgstat.com/channel/@manto_spp,https://t.me/manto_spp
–Ü–Ω—Å—Ç—Ä—É–∫—Ü—ñ—ó S-Group,https://uk.tgstat.com/channel/@instructions_s_group,https://t.me/instructions_s_group
Money Biznesovichüíµ,https://uk.tgstat.com/channel/@biznesovich,https://t.me/biznesovich
news_nzt_0304,https://uk.tgstat.com/channel/@news_nzt_0304,https://t.me/news_nzt_0304
–í–µ–ª–æ–º–∞–≥–∞–∑–∏–Ω UA velo-track,https://uk.tgstat.com/channel/@Velotrackk,https://t.me/Velotrackk
MARRBERY,https://uk.tgstat.com/channel/@marrbery_com,https://t.me/marrbery_com
shopservice.dp.ua,https://uk.tgstat.com/channel/@shopservice_dp_ua,https://t.me/shopservice_dp_ua
control7en,https://uk.tgstat.com/channel/@control7en,https://t.me/control7en
–Ü–Ω–≤–µ—Å—Ç–∏—Ü—ñ—ó | –ë—ñ–∑–Ω–µ—Å –≤ –£–∫—Ä–∞—ó–Ω—ñ,https://uk.tgstat.com/channel/@bizinvestukr,https://t.me/bizinvestukr
–ë—É–¥–µ–º –∑–∞—Ä–∞–±–∞—Ç—ã–≤–∞—Ç—å!,https://uk.tgstat.com/channel/@bydemzarabotat,https://t.me/bydemzarabotat
Live Good - –Ω–∞–π–∫—Ä–∞—â–∏–π –≤–∏–±—ñ—Ä 2023!!!,https://uk.tgstat.com/channel/G9HKGBzYRmpmNGQy,https://t.me/joinchat/G9HKGBzYRmpmNGQy
Good earnings without investments,https://uk.tgstat.com/channel/@stable_earnings,https://t.me/stable_earnings
‚ìÇÔ∏è–µ—Ç–æ–¥–∏–∫–∞ –±—ã—Å—Ç—Ä–æ–≥–æ –∑–∞—Ä–∞–±–æ—Ç–∫–∞,https://uk.tgstat.com/channel/@metodika_zarabotka,https://t.me/metodika_zarabotka
CraftGem official,https://uk.tgstat.com/channel/@craftgem,https://t.me/craftgem
–ë–µZ .i. –ò–ª–õ—éZ–∏–ô,https://uk.tgstat.com/channel/@PrK100nDA,https://t.me/PrK100nDA
–ü—Ä–æ–±–∏–π —Å—Ç—Ä–∞—Ö–æ–≤—É,https://uk.tgstat.com/channel/@kill_the_insurer,https://t.me/kill_the_insurer
"–ö–∞–Ω–∞–ª ""–®—É–∫–∞—é —Ä–æ–±–æ—Ç—É –£–∫—Ä–∞—ó–Ω–∞ """,https://uk.tgstat.com/channel/@ishuraboty_ua,https://t.me/ishuraboty_ua
–õ—ñ–Ω–∏–≤–∏–π CRYPTO —ñ–Ω–≤–µ—Å—Ç–æ—Ä,https://uk.tgstat.com/channel/@cryptobrary,https://t.me/cryptobrary
–ò–Ω—Å–∞–π–¥–µ—Ä üéØ,https://uk.tgstat.com/channel/@doctarget,https://t.me/doctarget
One Percent,https://uk.tgstat.com/channel/@YouAreOnePercent,https://t.me/YouAreOnePercent
–ö—Ä–∏–ø—Ç–æ –ö–æ–º–∞,https://uk.tgstat.com/channel/@kriptocoma,https://t.me/kriptocoma
BitLix,https://uk.tgstat.com/channel/@bitlix_bitcoin,https://t.me/bitlix_bitcoin
–ê–≥—Ä–æ –£–∫—Ä–∞—ó–Ω–∞ üåæüá∫üá¶,https://uk.tgstat.com/channel/@AgrarnaUkr,https://t.me/AgrarnaUkr
–ú–∏–Ω–∏-–ú–∞—Ä–∫–µ—Ç,https://uk.tgstat.com/channel/@Planetanimal,https://t.me/Planetanimal
–Ü –®–û? - –û—Å–≤—ñ—Ç–∞ –£–∫—Ä–∞—ó–Ω—Å—å–∫–æ—é,https://uk.tgstat.com/channel/@hahulinlyoha,https://t.me/hahulinlyoha
–í –†–æ—Å—Å–∏–∏ –ñ–∏—Ç—å!,https://uk.tgstat.com/channel/@inrusgood,https://t.me/inrusgood
–ë—ñ–∑–Ω–µ—Å ‚Ä¢ –°—Ç–∞—Ä—Ç–∞–ø–∏ ‚Ä¢ –Ü–¥–µ—ó,https://uk.tgstat.com/channel/@Business_Startup_Thought,https://t.me/Business_Startup_Thought
–§–æ—Ä–º—É–ª–∞ –ø—Ä–∏–±—É—Ç–∫—É üí∞,https://uk.tgstat.com/channel/@formulaprubytky,https://t.me/formulaprubytky
Tiger Traffic Apps,https://uk.tgstat.com/channel/@affiliatetrafficapps,https://t.me/affiliatetrafficapps
T1_Trade,https://uk.tgstat.com/channel/@t1_trade,https://t.me/t1_trade
–¶–Ü–ö–ê–í–ï-ALIEXPRESS-–ö–û–†–ò–°–ù–ï,https://uk.tgstat.com/channel/@intrestingaliexpressuk,https://t.me/intrestingaliexpressuk
–ü–†–ê–ô–° –ù–ê –†–ï–ö–õ–ê–ú–ù–Ü –ü–û–°–õ–£–ì–ò,https://uk.tgstat.com/channel/@pricetopua,https://t.me/pricetopua
–ò—Å–∫—É—Å–Ω—ã–π –¥–∏–¥–∂–∏—Ç–∞–ª,https://uk.tgstat.com/channel/@ilarium_com,https://t.me/ilarium_com
DropShop | Opt,https://uk.tgstat.com/channel/@OptDropShopUA,https://t.me/OptDropShopUA
"Tesla: IT, —Ç–µ—Ö–Ω–æ–ª–æ–≥–∏–∏, –±–∏–∑–Ω–µ—Å",https://uk.tgstat.com/channel/@teslalifeit,https://t.me/teslalifeit
Fokin-art studio,https://uk.tgstat.com/channel/@Fokinartstudio,https://t.me/Fokinartstudio
LADUCHI CONSULT,https://uk.tgstat.com/channel/@laduchiconsult,https://t.me/laduchiconsult
–¢–µ—Å—Ç–∏–∫,https://uk.tgstat.com/channel/@testik1490,https://t.me/testik1490
üá∫üá¶ –°–µ—Ä–≥—ñ–π –ö–æ—Ä–∂–æ–≤Ô∏è,https://uk.tgstat.com/channel/@korzhov_sv,https://t.me/korzhov_sv
FLORENTA –î–æ–±—Ä–∏–≤–∞,https://uk.tgstat.com/channel/@florenta_ua,https://t.me/florenta_ua
–ö–∞–∫ –ø—Ä–æ–¥–∞—Ç—å —Å–ª–æ–Ω–∞üêò,https://uk.tgstat.com/channel/@insta_sales_direct,https://t.me/insta_sales_direct
–î–ò–ê–õ–ï–ö–¢–ò–ö–ê –ë–ò–ó–ù–ï$A,https://uk.tgstat.com/channel/@businessdialectics,https://t.me/businessdialectics
Silk-Road.space,https://uk.tgstat.com/channel/@silkroadclub,https://t.me/silkroadclub
üí∏–ö—Ä–∏–ø—Ç–∞|–ë–∏–∑–Ω–µ—Å|–ú–æ—Ç–∏–≤–∞—Ü–∏—è|MONEY GUARDüí∏,https://uk.tgstat.com/channel/@moneyguardua,https://t.me/moneyguardua
"–†–µ–∫–ª–∞–º–∞ –Ω–∞ –∞–≤—Ç–æ. –ó–æ–≤–Ω—ñ—à–Ω—è —Ä–µ–∫–ª–∞–º–∞. (–ú–∞–≥–∞–∑–∏–Ω, –æ—Ñ—ñ—Å) –î–∏–∑–∞–π–Ω —Ç–∞ —ñ–Ω–∂–µ–Ω–µ—Ä–Ω–µ –ø—Ä–æ–µ–∫—Ç—É–≤–∞–Ω–Ω—è.",https://uk.tgstat.com/channel/@me3DLEX,https://t.me/me3DLEX
"–î–µ–Ω—å–≥–∏ –∏ –ú–∞—Ä–∫–µ—Ç–∏–Ω–≥ - –ê—Ä–±–∏—Ç—Ä–∞–∂ —Ç—Ä–∞—Ñ–∏–∫–∞, –§—Ä–∏–ª–∞–Ω—Å, –ó–∞—Ä–∞–±–æ—Ç–æ–∫ –≤ –∏–Ω—Ç–µ—Ä–Ω–µ—Ç–µ",https://uk.tgstat.com/channel/@money_and_marketing,https://t.me/money_and_marketing
K—Ä–∞—Å–æ—Ç–∞ —Å LIVESTA‚òòÔ∏è,https://uk.tgstat.com/channel/yAXTKu7hZwAyZGZi,https://t.me/joinchat/yAXTKu7hZwAyZGZi
Crypto Friendly,https://uk.tgstat.com/channel/@strogopozakony,https://t.me/strogopozakony
"SoapKar - –Ω–∞—Ç—É—Ä–∞–ª—å–Ω–µ –º–∏–ª–æ, —Å–≤–æ—ó–º–∏ —Ä—É–∫–∞–º–∏",https://uk.tgstat.com/channel/@SoapKar,https://t.me/SoapKar
ODWAVE store - –ß–æ–ª–æ–≤—ñ—á–∏–π –æ–¥—è–≥,https://uk.tgstat.com/channel/@odwave_store,https://t.me/odwave_store
–ú—ñ–∂–Ω–∞—Ä–æ–¥–Ω–∏–π –ö–ª—É–± –î—ñ–ª–æ–≤–∏—Ö –õ—é–¥–µ–π,https://uk.tgstat.com/channel/@MKDLua,https://t.me/MKDLua
Sigma Mind,https://uk.tgstat.com/channel/@sigmaminds,https://t.me/sigmaminds
–ë—ñ–∑–Ω–µ—Å —ñ –≤—ñ–π–Ω–∞.,https://uk.tgstat.com/channel/@bisnessandwar,https://t.me/bisnessandwar
"–ü—Ä–æ–¥–∞–∂–∞ –∞–∫–∫–∞—É–Ω—Ç–æ–≤: –î–∏—Å–∫–æ—Ä–¥, –û–õ–•",https://uk.tgstat.com/channel/@discordshopua,https://t.me/discordshopua
–ë—É—Ç—ñ–∫ –¥–∏—Ç—è—á–∏—Ö —Ç–æ–≤–∞—Ä—ñ–≤ –ê–ª—ñ—Å–∞,https://uk.tgstat.com/channel/@alisashop1980,https://t.me/alisashop1980
–≠–ø–∏—Ü–µ–Ω—Ç—Ä,https://uk.tgstat.com/channel/@EPICENTRH,https://t.me/EPICENTRH
–û—Ñ–∏—Å–Ω–∞—è –Ω–µ–¥–≤–∏–∂–∏–º–æ—Å—Ç—å –ö–∏–µ–≤–∞,https://uk.tgstat.com/channel/@offices_KyivUA,https://t.me/offices_KyivUA
–ö–æ–º–º–µ—Ä—á–µ—Å–∫–∞—è –Ω–µ–¥–≤–∏–∂–∏–º–æ—Å—Ç—å –ö–∏–µ–≤–∞,https://uk.tgstat.com/channel/@realtestate1,https://t.me/realtestate1
–ó–∞–¥–∞—á–∞ - –¥–ª—è Freelance.,https://uk.tgstat.com/channel/Yi-WPy2S3PUyMzI9,https://t.me/joinchat/Yi-WPy2S3PUyMzI9
–ê—Ä–µ–Ω–¥–∞ 24 –û–¥–µ—Å—Å–∞. –ö–≤–∞—Ä—Ç–∏—Ä—ã –æ—Ç —Ö–æ–∑—è–∏–Ω–∞.,https://uk.tgstat.com/channel/@arenda_24_odessa,https://t.me/arenda_24_odessa
–Ø¬≤ ‚¨§ –ö–æ—Ä–æ—Ç–∫—ñ –ø–µ—Ä–µ–∫–∞–∑–∏ –∫–Ω–∏–∂–æ–∫ ‚¨§ –°–∞–º–æ—Ä–æ–∑–≤–∏—Ç–æ–∫,https://uk.tgstat.com/channel/@yavkvadrati,https://t.me/yavkvadrati
AgregaN4,https://uk.tgstat.com/channel/INvrBn9YT4Q0ZjQy,https://t.me/joinchat/INvrBn9YT4Q0ZjQy
AgregaN10,https://uk.tgstat.com/channel/PesqIpJ2kO01MDMy,https://t.me/joinchat/PesqIpJ2kO01MDMy
AgregaN15,https://uk.tgstat.com/channel/4xAgTbbKbPE1MWQy,https://t.me/joinchat/4xAgTbbKbPE1MWQy
–ì—Ä—É–ø–ø–∞ –Ø—Ç—å,https://uk.tgstat.com/channel/@yat_2020,https://t.me/yat_2020
"üí∞–ó–∞—Ä–æ–±—ñ—Ç–æ–∫ –≥—Ä–æ—à–µ–π "" taktic666999"" üá∫üá¶üî•üé≤",https://uk.tgstat.com/channel/@taktic999666,https://t.me/taktic999666
SNEAKERSIF üëü,https://uk.tgstat.com/channel/@sneakersif,https://t.me/sneakersif
OD‚Äôkat12 –û–ü–¢/–î–†–û–ü,https://uk.tgstat.com/channel/@odkat12,https://t.me/odkat12
Easy Bizi,https://uk.tgstat.com/channel/@izzibizi,https://t.me/izzibizi
–ú–∞–ª—Ç–∞—ç–ª—åüòà,https://uk.tgstat.com/channel/@maltael91,https://t.me/maltael91
