–í–∞–∫–∞–Ω—Å–∏—á,https://uk.tgstat.com/channel/XjNVaPok0AZlZDhi,https://t.me/joinchat/XjNVaPok0AZlZDhi
üè°–í—ñ–¥–¥–∞–ª–µ–Ω–∞ —Ä–æ–±–æ—Ç–∞ | –í–∞–∫–∞–Ω—Å—ñ—ó | –°—Ç–∞–∂—É–≤–∞–Ω–Ω—è | –ö—É—Ä—Å–∏,https://uk.tgstat.com/channel/O12Um1BqjH41ZDky,https://t.me/joinchat/O12Um1BqjH41ZDky
MPG: –í–∞–∫–∞–Ω—Å—ñ—ó,https://uk.tgstat.com/channel/GJSqEdtr4ldlMGIy,https://t.me/joinchat/GJSqEdtr4ldlMGIy
UKRJOB | –†–æ–±–æ—Ç–∞ –≤ –£–∫—Ä–∞—ó–Ω—ñ | –í–∞–∫–∞–Ω—Å—ñ—ó | –†–∞–±–æ—Ç–∞ –≤ –£–∫—Ä–∞–∏–Ω–µ,https://uk.tgstat.com/channel/AAAAAE9BxtoXXXjp43NRvQ,https://t.me/joinchat/AAAAAE9BxtoXXXjp43NRvQ
–†–æ–±–æ—Ç–∞ –ö–∏—ó–≤,https://uk.tgstat.com/channel/@rabota_kieve_v_podrabotka,https://t.me/rabota_kieve_v_podrabotka
"The.Work: –†–æ–±–æ—Ç–∞, –í–∞–∫–∞–Ω—Å—ñ—ó, –°—Ç–∞–∂—É–≤–∞–Ω–Ω—è, –ö—É—Ä—Å–∏",https://uk.tgstat.com/channel/4LFdk-EVNXNjOTAy,https://t.me/joinchat/4LFdk-EVNXNjOTAy
–í—ñ–¥–¥–∞–ª–µ–Ω–∞ –†–æ–±–æ—Ç–∞ –ü—ñ–¥—Ä–æ–±—ñ—Ç–æ–∫,https://uk.tgstat.com/channel/@rabota_online_udalennaya,https://t.me/rabota_online_udalennaya
DeX—Ç–æ | –£–¥–∞–ª–µ–Ω–∫–∞,https://uk.tgstat.com/channel/BbsZeMzrmTg1MmIy,https://t.me/joinchat/BbsZeMzrmTg1MmIy
–†–æ–±–æ—Ç–∞ –ö–∏—ó–≤,https://uk.tgstat.com/channel/@rabota_kiev_gde1,https://t.me/rabota_kiev_gde1
–†–µ–∫—Ä—É—Ç–µ—Ä: –í–∞–∫–∞–Ω—Å—ñ—ó,https://uk.tgstat.com/channel/g5ZerUBNuOVjMjk6,https://t.me/joinchat/g5ZerUBNuOVjMjk6
–ü—Ä–æ —Ä–æ–±–æ—Ç—É —ñ –≤–∞–∫–∞–Ω—Å—ñ—ó,https://uk.tgstat.com/channel/Q4Srd4X3eDsxNWVi,https://t.me/joinchat/Q4Srd4X3eDsxNWVi
Workado | –í—ñ–¥–¥–∞–ª–µ–Ω–∞ —Ä–æ–±–æ—Ç–∞ –¥–ª—è –£–∫—Ä–∞—ó–Ω—Ü—ñ–≤,https://uk.tgstat.com/channel/N-DwnT5QNmQ1Mzdi,https://t.me/joinchat/N-DwnT5QNmQ1Mzdi
JOB for Ukrainians,https://uk.tgstat.com/channel/@jobforukrainians,https://t.me/jobforukrainians
–Ø–∫–∞ –∑–∞—Ä–ø–ª–∞—Ç–∞‚ùì| –†–æ–±–æ—Ç–∞ –≤ –£–∫—Ä–∞—ó–Ω—ñ,https://uk.tgstat.com/channel/EIGLgUKmoHY0MTRk,https://t.me/joinchat/EIGLgUKmoHY0MTRk
–†–æ–±–æ—Ç–∞ –î–Ω—ñ–ø—Ä–æ,https://uk.tgstat.com/channel/@dnepre_rabota_v_vakansii,https://t.me/dnepre_rabota_v_vakansii
–†–æ–±–æ—Ç–∞ –¥–ª—è —É–∫—Ä–∞—ó–Ω—Ü—ñ–≤ - @UAJOBNOW,https://uk.tgstat.com/channel/AAAAAFdm4Tqt4XnCjGIuKQ,https://t.me/joinchat/AAAAAFdm4Tqt4XnCjGIuKQ
–†–∞–±–æ—Ç–∞ —Å–µ–π—á–∞—Å: –£–∫—Ä–∞–∏–Ω–∞,https://uk.tgstat.com/channel/6VYIWTtQl4AzNTQy,https://t.me/joinchat/6VYIWTtQl4AzNTQy
–†–æ–±–æ—Ç–∞ –æ–Ω–ª–∞–π–Ω | –£–∫—Ä–∞—ó–Ω–∞ | –í–∞–∫–∞–Ω—Å—ñ—ó,https://uk.tgstat.com/channel/9yV1e-pBjZEzN2Iy,https://t.me/joinchat/9yV1e-pBjZEzN2Iy
goodjob,https://uk.tgstat.com/channel/@findyourgoodjob,https://t.me/findyourgoodjob
–ü—Ä–∞—Ü—é–π –≤–¥–æ–º–∞ ‚Ä¢ –í–∞–∫–∞–Ω—Å—ñ—ó ‚Ä¢ –†–æ–±–æ—Ç–∞,https://uk.tgstat.com/channel/AAAAAEa43PleHR3V0EUxjg,https://t.me/joinchat/AAAAAEa43PleHR3V0EUxjg
–†–æ–±–æ—Ç–∞ —Ç—É—Ç | –í–∞–∫–∞–Ω—Å—ñ—ó –≤ –£–∫—Ä–∞—ó–Ω—ñ,https://uk.tgstat.com/channel/Ixqn0rw_KN8xNTYy,https://t.me/joinchat/Ixqn0rw_KN8xNTYy
–£–¥–∞–ª–µ–Ω–Ω–∞—è —Ä–∞–±–æ—Ç–∞,https://uk.tgstat.com/channel/@remote_job_offers,https://t.me/remote_job_offers
üìç –ú–û–Ø –ü–†–û–§–ï–°–Ü–Ø üá∫üá¶,https://uk.tgstat.com/channel/@robota_v_ukraiini,https://t.me/robota_v_ukraiini
–í–∞–∫–∞–Ω—Å–∏—á | –†–æ–±–æ—Ç–∞ | –í–∞–∫–∞–Ω—Å—ñ—ó | –°—Ç–∞–∂—É–≤–∞–Ω–Ω—è | Work,https://uk.tgstat.com/channel/-vHY1Q1se6s5ZWQy,https://t.me/joinchat/-vHY1Q1se6s5ZWQy
–†–æ–±–æ—Ç–∞ –•–º–µ–ª—å–Ω–∏—Ü—å–∫–∏–π,https://uk.tgstat.com/channel/@rabota_podrabotka_khmelnytsky,https://t.me/rabota_podrabotka_khmelnytsky
–†–∞–±–æ—Ç–∞ –ö–∏–µ–≤,https://uk.tgstat.com/channel/@workKievrabota,https://t.me/workKievrabota
–†–æ–±–æ—Ç–∞ –£–∫—Ä–∞—ó–Ω—Ü—è–º üá∫üá¶,https://uk.tgstat.com/channel/7-EpuMdxxzRiMTYy,https://t.me/joinchat/7-EpuMdxxzRiMTYy
–†–ê–ë–û–¢–ê –û–î–ï–°–°–ê,https://uk.tgstat.com/channel/@rabota_odessa2,https://t.me/rabota_odessa2
–ö—Ä–µ–∑—é–º–µ –í–∞–∫–∞–Ω—Å—ñ—ó,https://uk.tgstat.com/channel/@cresume,https://t.me/cresume
–†–æ–±–æ—Ç–∞ —É –õ—å–≤–æ–≤—ñ | –†–æ–±–æ—Ç–∞ –õ—å–≤—ñ–≤,https://uk.tgstat.com/channel/@jobslviv,https://t.me/jobslviv
robota.ua NOW –í—ñ–¥–¥–∞–ª–µ–Ω–∞ —Ä–æ–±–æ—Ç–∞,https://uk.tgstat.com/channel/@robotaua_now_remote,https://t.me/robotaua_now_remote
—î–†–æ–±–æ—Ç–∞,https://uk.tgstat.com/channel/_w5T35hgCm82OTMy,https://t.me/joinchat/_w5T35hgCm82OTMy
"The.Work: –ö–∏—ó–≤ - –†–æ–±–æ—Ç–∞, –í–∞–∫–∞–Ω—Å—ñ—ó, –°—Ç–∞–∂—É–≤–∞–Ω–Ω—è",https://uk.tgstat.com/channel/IQlutFhIHUwwMzA6,https://t.me/joinchat/IQlutFhIHUwwMzA6
PRACYA | –†–æ–±–æ—Ç–∞ –¥–ª—è —É–∫—Ä–∞—ó–Ω—Ü—ñ–≤ üá∫üá¶,https://uk.tgstat.com/channel/owX19jeWUgMxNGU5,https://t.me/joinchat/owX19jeWUgMxNGU5
Happy Monday,https://uk.tgstat.com/channel/@happymonday,https://t.me/happymonday
–†–∞–±–æ—Ç–∞ –≤ –ú–∞—Ä–∏—É–ø–æ–ª–µ,https://uk.tgstat.com/channel/@vakansii_mariupol_1,https://t.me/vakansii_mariupol_1
Djinni (/‚óî ‚ó° ‚óî)/,https://uk.tgstat.com/channel/@djinni_official,https://t.me/djinni_official
–†–æ–±–æ—Ç–∞ –ö–∏—ó–≤,https://uk.tgstat.com/channel/@jobs_kyiv,https://t.me/jobs_kyiv
Lobby X,https://uk.tgstat.com/channel/@lobbyx,https://t.me/lobbyx
–õ—É—á—à–∏–µ –≤–∞–∫–∞–Ω—Å–∏–∏ –≤ –°–∫–∞–Ω–¥–∏–Ω–∞–≤–∏–∏,https://uk.tgstat.com/channel/@vacancyscandinavia,https://t.me/vacancyscandinavia
"Junior Level: –≤–∞–∫–∞–Ω—Å—ñ—ó, —ñ–≤–µ–Ω—Ç–∏, –º–æ–∂–ª–∏–≤–æ—Å—Ç—ñ",https://uk.tgstat.com/channel/_4OZTSkAl3xhYTk6,https://t.me/joinchat/_4OZTSkAl3xhYTk6
–£–¥–∞–ª–µ–Ω–Ω–∞—è —Ä–∞–±–æ—Ç–∞ | –§—Ä–∏–ª–∞–Ω—Å,https://uk.tgstat.com/channel/@vakansii12,https://t.me/vakansii12
DeX—Ç–æ | –†–æ–±–æ—Ç–∞ –ö–∏—ó–≤,https://uk.tgstat.com/channel/A-oJUHsZV9QxY2Ji,https://t.me/joinchat/A-oJUHsZV9QxY2Ji
Starjob Remote,https://uk.tgstat.com/channel/CnxAyr9pGxBmOGEy,https://t.me/joinchat/CnxAyr9pGxBmOGEy
–†–æ–±–æ—Ç–∞ –∑–∞ –∫–æ—Ä–¥–æ–Ω–æ–º,https://uk.tgstat.com/channel/@helpukrainiansjooble,https://t.me/helpukrainiansjooble
–†–ê–ë–û–¢–ê UA üá∫üá¶,https://uk.tgstat.com/channel/@jobsua22,https://t.me/jobsua22
—î–†–æ–±–æ—Ç–∞,https://uk.tgstat.com/channel/@e_RobotaUA,https://t.me/e_RobotaUA
–†–æ–±–æ—Ç–∞ –¢–µ—Ä–º—ñ–Ω–æ–≤–∞üá∫üá¶,https://uk.tgstat.com/channel/@robota_terminova,https://t.me/robota_terminova
–†–∞–±–æ—Ç–∞ –•–∞—Ä—å–∫–æ–≤ üá∫üá¶ –£—Å–ª—É–≥–∏,https://uk.tgstat.com/channel/F85_3_yvoU0wYTEy,https://t.me/joinchat/F85_3_yvoU0wYTEy
–ë–∞–∑—É –∑–±–∏—Ä–∞—î –≤–∞–∫–∞–Ω—Å—ñ—ó,https://uk.tgstat.com/channel/@bazuwork,https://t.me/bazuwork
Jobzilla UA | –†–æ–±–æ—Ç–∞ –¥–∏—Å—Ç–∞–Ω—Ü—ñ–π–Ω–æ | –í–∞–∫–∞–Ω—Å—ñ—ó –≤—ñ–¥–¥–∞–ª–µ–Ω–æ,https://uk.tgstat.com/channel/lMNp1kIWyohhOTAy,https://t.me/joinchat/lMNp1kIWyohhOTAy
–†–æ–±–æ—Ç–∞ –ö–∏—ó–≤,https://uk.tgstat.com/channel/AAAAAFUsXU_3yuYTZA1vvQ,https://t.me/joinchat/AAAAAFUsXU_3yuYTZA1vvQ
–†–∞–±–æ—Ç–∞ –ö–∏–µ–≤,https://uk.tgstat.com/channel/@KievRabotaa,https://t.me/KievRabotaa
–†–ê–ë–û–¢–ê üå∂ –•–ê–†–¨–ö–û–í üá∫üá¶,https://uk.tgstat.com/channel/@rabota_kharkov_top11,https://t.me/rabota_kharkov_top11
–†–æ–±–æ—Ç–∞ | –í–∞–∫–∞–Ω—Å—ñ—ó –£–∫—Ä–∞—ó–Ω–∏ | A-Play,https://uk.tgstat.com/channel/@aplaywork,https://t.me/aplaywork
ZAICHENKOTEAM.COM üá∫üá¶,https://uk.tgstat.com/channel/@zaichenkoteam,https://t.me/zaichenkoteam
–í–∞–∫–∞–Ω—Å—ñ—ó UA,https://uk.tgstat.com/channel/Y7-msXTVcl5kMjQy,https://t.me/joinchat/Y7-msXTVcl5kMjQy
–í—ñ–¥–¥–∞–ª–µ–Ω–∞ –†–æ–±–æ—Ç–∞ –≤ –£–∫—Ä–∞—ó–Ω—ñ,https://uk.tgstat.com/channel/@viddalena_robota_ua,https://t.me/viddalena_robota_ua
Don't Panic Junior IT Jobs,https://uk.tgstat.com/channel/@Job_IT_Junior,https://t.me/Job_IT_Junior
–†–ê–ë–û–¢–ê –•–ê–†–¨–ö–û–í!‚öí,https://uk.tgstat.com/channel/vsgCRnbS9aRhMjMy,https://t.me/joinchat/vsgCRnbS9aRhMjMy
–í–∞–∫–∞–Ω—Å—ñ—ó –¥–ª—è –£–∫—Ä–∞—ó–Ω—Ü—ñ–≤,https://uk.tgstat.com/channel/@jobsforukrainian,https://t.me/jobsforukrainian
–Ñ —Ä–æ–±–æ—Ç–∞! | –Ü–≤–∞–Ω–æ-–§—Ä–∞–Ω–∫—ñ–≤—Å—å–∫,https://uk.tgstat.com/channel/@YeRobotaIF,https://t.me/YeRobotaIF
JOBZY | –†–æ–±–æ—Ç–∞ –≤ –£–∫—Ä–∞—ó–Ωi,https://uk.tgstat.com/channel/@jobzy,https://t.me/jobzy
–†–æ–±–æ—Ç–∞ –∑–∞ –∫–æ—Ä–¥–æ–Ω–æ–º,https://uk.tgstat.com/channel/@outjob,https://t.me/outjob
–ö–ò–á–í! –Ñ —Ä–æ–±–æ—Ç–∞üíº | –†–æ–±–æ—Ç–∞ | –í–∞–∫–∞–Ω—Å—ñ—ó | –ö–∏—ó–≤,https://uk.tgstat.com/channel/@robota_ky,https://t.me/robota_ky
–î–µ –†–æ–±–æ—Ç–∞? | –§—ñ–Ω–∞–Ω—Å–∏,https://uk.tgstat.com/channel/jip4URy4YIlhYWUy,https://t.me/joinchat/jip4URy4YIlhYWUy
–†–æ–±–æ—Ç–∞ –≤ monobankü§ü,https://uk.tgstat.com/channel/@ftbcc,https://t.me/ftbcc
CENTRAL CASTING (–ö–∞—Å—Ç–∏–Ω–≥–∏),https://uk.tgstat.com/channel/@ccasting,https://t.me/ccasting
–í–∞–∫–∞–Ω—Å—ñ—ó –Ñ–º–µ–ª—å—è–Ω–æ–≤–∞ üá∫üá¶,https://uk.tgstat.com/channel/@wwjobs,https://t.me/wwjobs
–†–û–ë–û–¢–ê –ö–ò–á–í üá∫üá¶ –†–ê–ë–û–¢–ê –ö–ò–ï–í,https://uk.tgstat.com/channel/@rabota_kiev_top1,https://t.me/rabota_kiev_top1
–†–∞–±–æ—Ç–∞ –ú–∞—Ä–∏—É–ø–æ–ª—å –†–∞–±–æ—Ç–∞ –≤ –ú–∞—Ä–∏—É–ø–æ–ª–µ –í–∞–∫–∞–Ω—Å–∏–∏ –ú–∞—Ä–∏—É–ø–æ–ª—å –û–±—ä—è–≤–ª–µ–Ω–∏—è –ú–∞—Ä–∏—É–ø–æ–ª—å –ß–∞—Ç –ú–∞—Ä–∏—É–ø–æ–ª—å –î–æ—Å–∫–∞ –æ–±—ä—è–≤–ª–µ–Ω–∏–π –ú–∞—Ä–∏—É–ø–æ–ª—å,https://uk.tgstat.com/channel/@rabotavmariupole,https://t.me/rabotavmariupole
UNI WORK,https://uk.tgstat.com/channel/@univwork,https://t.me/univwork
–†–û–ë–û–¢–ê –≤ –Ñ–°üá™üá∫|VAV Synergy,https://uk.tgstat.com/channel/bUbweL0wR-9hYTBi,https://t.me/joinchat/bUbweL0wR-9hYTBi
InternsGo!,https://uk.tgstat.com/channel/@internsgo,https://t.me/internsgo
–†–æ–±–æ—Ç–∞ | –í–∞–∫–∞–Ω—Å—ñ—ó | –ó–∞—Ä–æ–±–∏—Ç–∏ –£–∫—Ä–∞—ó–Ω–∞,https://uk.tgstat.com/channel/@rabota_vakansii_ukraine,https://t.me/rabota_vakansii_ukraine
–†–ê–ë–û–¢–ê –•–ê–†–¨–ö–û–í üá∫üá¶ –†–û–ë–û–¢–ê –•–ê–†–ö–Ü–í,https://uk.tgstat.com/channel/@rabota_kharkov_top1,https://t.me/rabota_kharkov_top1
CATWORK | –í—ñ–¥–¥–∞–ª–µ–Ω–∞ —Ä–æ–±–æ—Ç–∞ | –í–∞–∫–∞–Ω—Å—ñ—ó,https://uk.tgstat.com/channel/@top_vacansii,https://t.me/top_vacansii
–†–æ–±–æ—Ç–∞ –õ—å–≤—ñ–≤ | –í–∞–∫–∞–Ω—Å—ñ—ó –õ—å–≤—ñ–≤ | –ü—ñ–¥—Ä–æ–±—ñ—Ç–æ–∫ –õ—å–≤—ñ–≤,https://uk.tgstat.com/channel/@robota_lviv_tut,https://t.me/robota_lviv_tut
–†–æ–±–æ—Ç–∞ –í—ñ–Ω–Ω–∏—Ü—è,https://uk.tgstat.com/channel/@rabota_vinnitsa_v,https://t.me/rabota_vinnitsa_v
–†–æ–±–æ—Ç–∞ –î–Ω—ñ–ø—Ä–æ,https://uk.tgstat.com/channel/phGTmyRdduBlMjMy,https://t.me/joinchat/phGTmyRdduBlMjMy
De–•—Ç–æ | –†–æ–±–æ—Ç–∞ –û–¥–µ—Å–∞,https://uk.tgstat.com/channel/@de_xto_odessa,https://t.me/de_xto_odessa
–†–æ–±–æ—Ç–∞ –æ–Ω–ª–∞–π–Ω –∑–∞–∫–æ—Ä–¥–æ–Ω–æ–º - –≤—ñ–¥–¥–∞–ª–µ–Ω—ñ –≤–∞–∫–∞–Ω—Å—ñ—ó –∑—ñ –≤—Å—å–æ–≥–æ —Å–≤—ñ—Ç—É üåè,https://uk.tgstat.com/channel/iwck1I4eO_dlODFl,https://t.me/joinchat/iwck1I4eO_dlODFl
"The.Work: –û–¥–µ—Å–∞ - –†–æ–±–æ—Ç–∞, –í–∞–∫–∞–Ω—Å—ñ—ó, –°—Ç–∞–∂—É–≤–∞–Ω–Ω—è",https://uk.tgstat.com/channel/jTRyajuZ76I5YmQy,https://t.me/joinchat/jTRyajuZ76I5YmQy
"The.Work: –õ—å–≤—ñ–≤ - –†–æ–±–æ—Ç–∞, –í–∞–∫–∞–Ω—Å—ñ—ó, –°—Ç–∞–∂—É–≤–∞–Ω–Ω—è",https://uk.tgstat.com/channel/--xZAMwu42g1ZjFi,https://t.me/joinchat/--xZAMwu42g1ZjFi
–†–ê–ë–û–¢–ê –•–ê–†–¨–ö–û–í üá∫üá¶,https://uk.tgstat.com/channel/@rabota_kharkov_top,https://t.me/rabota_kharkov_top
LX ARMY,https://uk.tgstat.com/channel/@lobbyxArmy,https://t.me/lobbyxArmy
–Ñ —Ä–æ–±–æ—Ç–∞! | –í—ñ–¥–¥–∞–ª–µ–Ω–æ,https://uk.tgstat.com/channel/@YeRobotaViddaleno,https://t.me/YeRobotaViddaleno
–†–ê–ë–û–¢–ê UKRAINE üá∫üá¶ EUROPE üá™üá∫,https://uk.tgstat.com/channel/@pracyaua,https://t.me/pracyaua
üá∫üá¶ –†–æ–±–æ—Ç–∞ –Ω–∞ –†—ñ–≤–Ω–µ–Ω—â–∏–Ω—ñ,https://uk.tgstat.com/channel/@work_in_Rivne_region,https://t.me/work_in_Rivne_region
–†–ê–ë–û–¢–ê –ö–ò–ï–íüá∫üá¶,https://uk.tgstat.com/channel/@kiev_rabota_top1,https://t.me/kiev_rabota_top1
–†–æ–±–æ—Ç–∞ –¥–ª—è —É–∫—Ä–∞—ó–Ω—Ü—ñ–≤ –∑–∞ –∫–æ—Ä–¥–æ–Ω–æ–º | –ù–ï –Ü–¢—ñ—à–Ω—ñ –≤–∞–∫–∞–Ω—Å—ñ—ó | –∫–∞—Ä º—î—Ä–Ω—ñ –∫–æ–Ω—Å—É–ª—å—Ç–∞—Ü—ñ—ó,https://uk.tgstat.com/channel/@workforukrainianas,https://t.me/workforukrainianas
–†–æ–±–æ—Ç–∞ –õ—å–≤—ñ–≤,https://uk.tgstat.com/channel/@lvivjob,https://t.me/lvivjob
C—Ç–∞–∂–µ—Ä | –†–æ–±–æ—Ç–∞,https://uk.tgstat.com/channel/@internenko,https://t.me/internenko
NON-tech Jobs in IT,https://uk.tgstat.com/channel/@dna325,https://t.me/dna325
Op&Job,https://uk.tgstat.com/channel/AAAAAE__RIesvOeNNbE5cw,https://t.me/joinchat/AAAAAE__RIesvOeNNbE5cw
JOBITT - Ukraine IT jobs üá∫üá¶,https://uk.tgstat.com/channel/@ujobit,https://t.me/ujobit
–†–ê–ë–û–¢–ê –î–ù–ï–ü–† üá∫üá¶ –†–û–ë–û–¢–ê –î–ù–Ü–ü–†–û,https://uk.tgstat.com/channel/WFP4Mn_Kf41iNTdi,https://t.me/joinchat/WFP4Mn_Kf41iNTdi
üá∫üá¶ –†–æ–±–æ—Ç–∞ –Ω–∞ –ß–µ—Ä–∫–∞—â–∏–Ω—ñ,https://uk.tgstat.com/channel/@cherkasyWork,https://t.me/cherkasyWork
–†–æ–±–æ—Ç–∞ –ß–µ—Ä–Ω—ñ–≤—Ü—ñ | –†–æ–±–æ—Ç–∞ –≤ –ß–µ—Ä–Ω—ñ–≤—Ü—è—Ö | –†–∞–±–æ—Ç–∞ –≤ –ß–µ—Ä–Ω–æ–≤—Ü–∞—Ö,https://uk.tgstat.com/channel/@workChernivtsi,https://t.me/workChernivtsi
Superludi,https://uk.tgstat.com/channel/@sl_media,https://t.me/sl_media
HR IT (web-hh.com),https://uk.tgstat.com/channel/O6GI_AeQQX8zZjJi,https://t.me/joinchat/O6GI_AeQQX8zZjJi
WORK UA,https://uk.tgstat.com/channel/@WORK_UA_24,https://t.me/WORK_UA_24
–ú–ï–î–Ü–ê–ü–õ–ê–¢–§–û–†–ú–ê,https://uk.tgstat.com/channel/@mediaplatforma,https://t.me/mediaplatforma
–†–æ–±–æ—Ç–∞ –ü–∞–ª—è–Ω–∏—Ü—è –Ü –£–∫—Ä–∞—ó–Ω–∞ –Ü –ü—Ä–∞—Ü—é–π –¥–∏—Å—Ç–∞–Ω—Ü—ñ–π–Ω–æ I –í–∑–∞—î–º–æ–¥–æ–ø–æ–º–æ–≥–∞ –Ü –ù–∞–≤—á–∞–Ω–Ω—è üá∫üá¶,https://uk.tgstat.com/channel/@robota_PALIANITSIA,https://t.me/robota_PALIANITSIA
–†–∞–±–æ—Ç–∞ –î–æ–Ω–µ—Ü–∫ –î–ù–†,https://uk.tgstat.com/channel/@rabota_dnr_don,https://t.me/rabota_dnr_don
–î–∂—É–Ω –≤ IT,https://uk.tgstat.com/channel/uvTg8_sOV8gzYTBi,https://t.me/joinchat/uvTg8_sOV8gzYTBi
STUD-POINT,https://uk.tgstat.com/channel/@STUDPOINT,https://t.me/STUDPOINT
De–•—Ç–æ | –†–æ–±–æ—Ç–∞ –û–¥–µ—Å–∞,https://uk.tgstat.com/channel/lHnQOczuO90wYmUy,https://t.me/joinchat/lHnQOczuO90wYmUy
"–ö–∞—Å—Ç–∏–Ω–≥–∏ –≤ –ö–∏—î–≤—ñ, –£–∫—Ä–∞—ó–Ω—ñ ACMODASI",https://uk.tgstat.com/channel/@acmodasi_ua,https://t.me/acmodasi_ua
–í–∞–∫–∞–Ω—Å—ñ—ó_360.UA,https://uk.tgstat.com/channel/TSA4KyombA00Y2Ri,https://t.me/joinchat/TSA4KyombA00Y2Ri
–†–æ–±–æ—Ç–∞ –ü–æ–ª—Ç–∞–≤–∞ –¶–ó,https://uk.tgstat.com/channel/@Polt_robota,https://t.me/Polt_robota
CASES Jobs,https://uk.tgstat.com/channel/@casesjobs,https://t.me/casesjobs
–†–ê–ë–û–¢–ê –û–î–ï–°–°–ê üá∫üá¶ –†–û–ë–û–¢–ê –û–î–ï–°–ê,https://uk.tgstat.com/channel/@rabota_odessa_top1,https://t.me/rabota_odessa_top1
–í–∞–∫–∞–Ω—Å—ñ—ó –±–µ–∑ —Å–º–∞–∫–æ–ª–∏–∫—ñ–≤,https://uk.tgstat.com/channel/@kpi_work,https://t.me/kpi_work
–ß–∞—Å –º–µ–¥–∏—Ç—É–≤–∞—Ç–∏ —ñ —Ä–æ–∑–≤–∏–≤–∞—Ç–∏—Å—å,https://uk.tgstat.com/channel/@time1forsmt,https://t.me/time1forsmt
HoReCa Premium Jobs EU üá™üá∫ Ukraine üá∫üá¶,https://uk.tgstat.com/channel/@HoReCa_Premium,https://t.me/HoReCa_Premium
"The.Work: –î–Ω—ñ–ø—Ä–æ - –†–æ–±–æ—Ç–∞, –í–∞–∫–∞–Ω—Å—ñ—ó, –°—Ç–∞–∂—É–≤–∞–Ω–Ω—è",https://uk.tgstat.com/channel/Dwdr2ngyKjs3OGIy,https://t.me/joinchat/Dwdr2ngyKjs3OGIy
HR –õ–∞–π—Ñ—Ö–∞–∫,https://uk.tgstat.com/channel/@hrlifehack,https://t.me/hrlifehack
U–ü–æ—à—É–∫—É,https://uk.tgstat.com/channel/@uposhuku,https://t.me/uposhuku
Crewing,https://uk.tgstat.com/channel/@crewingua,https://t.me/crewingua
"The.Work: –•–∞—Ä–∫—ñ–≤ - –†–æ–±–æ—Ç–∞, –í–∞–∫–∞–Ω—Å—ñ—ó, –°—Ç–∞–∂—É–≤–∞–Ω–Ω—è",https://uk.tgstat.com/channel/bsDa8FSNQEE5M2My,https://t.me/joinchat/bsDa8FSNQEE5M2My
—î–†–æ–±–æ—Ç–∞ | –í–∞–∫–∞–Ω—Å—ñ—ó üá∫üá¶,https://uk.tgstat.com/channel/@eWork_place,https://t.me/eWork_place
–†–∞–±–æ—Ç–∞ –≤ –ï–≤—Ä–æ–ø–µ - amountwork.com,https://uk.tgstat.com/channel/@amountwork,https://t.me/amountwork
–†–∞–±–æ—Ç–∞ –ú–∞—Ä–∏—É–ø–æ–ª—å,https://uk.tgstat.com/channel/@mrplrabota,https://t.me/mrplrabota
–¢—Ä—É–¥–æ—É—Å—Ç—Ä–æ–π—Å—Ç–≤–æ –≤ –ù–æ—Ä–≤–µ–≥–∏–∏ üá≥üá¥ –∏ —Å—Ç—Ä–∞–Ω–∞—Ö –°–∫–∞–Ω–¥–∏–Ω–∞–≤–∏–∏ üá™üá∫,https://uk.tgstat.com/channel/@work_at_norway,https://t.me/work_at_norway
–†–æ–±–æ—Ç–∞ —É –î–Ω—ñ–ø—Ä—ñ ‚Äî Work.ua,https://uk.tgstat.com/channel/@workua_dnipro,https://t.me/workua_dnipro
re:sume,https://uk.tgstat.com/channel/cyFSQS_wsc85Y2Ji,https://t.me/joinchat/cyFSQS_wsc85Y2Ji
–†–∞–±–æ—Ç–∞ üá∫üá¶ –≤ –•–∞—Ä—å–∫–æ–≤–µ,https://uk.tgstat.com/channel/@rabota_kharkov_city,https://t.me/rabota_kharkov_city
–†–∞–±–æ—Ç–∞ –≤ –û–¥–µ—Å—Å–µ | –í–∞–∫–∞–Ω—Å–∏–∏ –û–¥–µ—Å—Å–∞ | –†–æ–±–æ—Ç–∞ –≤ –û–¥–µ—Å—ñ | –í–∞–∫–∞–Ω—Å—ñ—ó,https://uk.tgstat.com/channel/@odessawork_tut,https://t.me/odessawork_tut
–ü—Ä–æ—Å—Ç–∏–π —Ç–∞ —á–µ—Å–Ω–∏–π —Ñ—Ä–∏–ª–∞–Ω—Å,https://uk.tgstat.com/channel/@FreelancehuntNews,https://t.me/FreelancehuntNews
–†–æ–±–æ—Ç–∞ —Ç—É—Ç —î üìù,https://uk.tgstat.com/channel/@robotatyte,https://t.me/robotatyte
–†–û–ë–û–¢–ê –£–ö–†–ê–á–ù–ê üíõüíô,https://uk.tgstat.com/channel/@robota_ukraiina,https://t.me/robota_ukraiina
–†–æ–±–æ—Ç–∞ / SUMY GO,https://uk.tgstat.com/channel/@sumygowork,https://t.me/sumygowork
–†–û–ë–û–¢–ê –í–Ü–î–î–ê–õ–ï–ù–û (–§–†–Ü–õ–ê–ù–°),https://uk.tgstat.com/channel/@robota_Frilans,https://t.me/robota_Frilans
BIG CG WORK,https://uk.tgstat.com/channel/@CG_freelance,https://t.me/CG_freelance
LEZO career | Design,https://uk.tgstat.com/channel/@design_guild,https://t.me/design_guild
–†–æ–±–æ—Ç–∞ –∑–∞—Ä–∞–∑: –î–µ—Ä–∂–∞–≤–Ω–∞ —Å–ª—É–∂–±–∞ –∑–∞–π–Ω—è—Ç–æ—Å—Ç—ñ,https://uk.tgstat.com/channel/@worknowdcz,https://t.me/worknowdcz
Advice from HR üë©üèª‚Äçüíª,https://uk.tgstat.com/channel/@AdvicefromHR,https://t.me/AdvicefromHR
–†–æ–±–æ—Ç–∞ —É–∫—Ä–∞—ó–Ω—Ü—è–º –®–≤–µ–π—Ü–∞—Ä—ñ—è,https://uk.tgstat.com/channel/@job_sw_ukrainians,https://t.me/job_sw_ukrainians
–†–æ–±–æ—Ç–∞ –£–∫—Ä–∞—ó–Ω–∞.,https://uk.tgstat.com/channel/@robotaukraina2023,https://t.me/robotaukraina2023
–†–ê–ë–û–¢–ê –•–ê–†–¨–ö–û–í üá∫üá¶,https://uk.tgstat.com/channel/@rabota_kharkov_new,https://t.me/rabota_kharkov_new
robota.ua Now –ö–∏—ó–≤—â–∏–Ω–∞,https://uk.tgstat.com/channel/@robotaua_now_kyiv,https://t.me/robotaua_now_kyiv
–£–¥–∞–ª–µ–Ω—â–∏–∫UA | –í—ñ–¥–¥–∞–ª–µ–Ω–∞ —Ä–æ–±–æ—Ç–∞,https://uk.tgstat.com/channel/CjmYjXqoBBRjMTli,https://t.me/joinchat/CjmYjXqoBBRjMTli
JOB VACANCY,https://uk.tgstat.com/channel/kUCkrQBZ0ztkYjMy,https://t.me/joinchat/kUCkrQBZ0ztkYjMy
NIX Ukraine,https://uk.tgstat.com/channel/@nix_ukraine,https://t.me/nix_ukraine
–Ñ —Ä–æ–±–æ—Ç–∞! | –õ—å–≤—ñ–≤,https://uk.tgstat.com/channel/@YeRobotaLV,https://t.me/YeRobotaLV
+1 IT –í–ê–ö–ê–ù–°–Ü–Ø,https://uk.tgstat.com/channel/@offer_ua,https://t.me/offer_ua
–†–æ–±–æ—Ç–∞ | –í–∞–∫–∞–Ω—Å—ñ—ó | –û—Ä–µ–Ω–¥–∞ –£–∫—Ä–∞—ó–Ω–∞,https://uk.tgstat.com/channel/@robotavakanciiorendaukr,https://t.me/robotavakanciiorendaukr
"üá∫üá¶ Work4Logistics | –†–æ–±–æ—Ç–∞ | –í–∞–∫–∞–Ω—Å—ñ—ó | –õ–û–ì–Ü–°–¢–ò–ö–ê, –ó–ï–î",https://uk.tgstat.com/channel/@work4logistics,https://t.me/work4logistics
HoReCa | Job in Odessa,https://uk.tgstat.com/channel/5sXbtxiiMiU2NzQy,https://t.me/joinchat/5sXbtxiiMiU2NzQy
"–û—Å–≤—ñ—Ç–∞ –¥–ª—è –∫–∞—Ä'—î—Ä–∏ Ô∏èüî∏ –¢—Ä–µ–Ω—ñ–Ω–≥–∏, –≤–µ–±—ñ–Ω–∞—Ä–∏, –∫—É—Ä—Å–∏, —Å—Ç–∞–∂—É–≤–∞–Ω–Ω—è",https://uk.tgstat.com/channel/V4tp2yEsMBgVREpm,https://t.me/joinchat/V4tp2yEsMBgVREpm
SPACE JOB | IT,https://uk.tgstat.com/channel/@space_job,https://t.me/space_job
LX IT,https://uk.tgstat.com/channel/@lobbyxIT,https://t.me/lobbyxIT
De–•—Ç–æ | –†–æ–±–æ—Ç–∞ –î–Ω—ñ–ø—Ä–æ,https://uk.tgstat.com/channel/7syEvZ1WcRA3ZDdi,https://t.me/joinchat/7syEvZ1WcRA3ZDdi
"–¢–≤–æ—ó –ü–ï–†–°–ü–ï–ö–¢–ò–í–ò | –í–µ–±—ñ–Ω–∞—Ä–∏, –∫—É—Ä—Å–∏, –≤–∞–∫–∞–Ω—Å—ñ—ó | S-Play",https://uk.tgstat.com/channel/@osvita_vdoma,https://t.me/osvita_vdoma
UGEN üá∫üá¶,https://uk.tgstat.com/channel/@ugen_ua,https://t.me/ugen_ua
–†–∞–±–æ—Ç–∞ Horeca JoB üá∫üá¶,https://uk.tgstat.com/channel/@HR_Kiev_UA,https://t.me/HR_Kiev_UA
–ü—Ä–æ—î–∫—Ç–∏ Freelancehuntüë®‚Äçüíªüë©‚Äçüíª,https://uk.tgstat.com/channel/@FreelancehuntProjects,https://t.me/FreelancehuntProjects
–î–∏—Å—Ç–∞–Ω—Ü—ñ–π–Ω–∞ —Ä–æ–±–æ—Ç–∞ ‚Äî Work.ua,https://uk.tgstat.com/channel/@workua_remote,https://t.me/workua_remote
–î–∑–µ–Ω. –í–∞–∫–∞–Ω—Å—ñ—ó –≤ digital —Ç–∞ IT,https://uk.tgstat.com/channel/@dzen_robota_digital,https://t.me/dzen_robota_digital
–†–æ–±–æ—Ç–∞ –Ω–∞ –õ—É–±–µ–Ω—â–∏–Ω—ñ,https://uk.tgstat.com/channel/@lubnyWork,https://t.me/lubnyWork
ITExpert Vacancies (Ukraine),https://uk.tgstat.com/channel/@itexpert_vacancies,https://t.me/itexpert_vacancies
DezJob,https://uk.tgstat.com/channel/@DesJobUa,https://t.me/DesJobUa
affy | CPA HR | –ê—Ä–±–∏—Ç—Ä–∞–∂ –¢—Ä–∞—Ñ–∏–∫–∞ –í–∞–∫–∞–Ω—Å–∏–∏,https://uk.tgstat.com/channel/@affy_hr,https://t.me/affy_hr
Upwork Club,https://uk.tgstat.com/channel/@upwork_club,https://t.me/upwork_club
DeX—Ç–æ | –†–æ–±–æ—Ç–∞ –õ—å–≤—ñ–≤,https://uk.tgstat.com/channel/-nkplYxt1SxhZWYy,https://t.me/joinchat/-nkplYxt1SxhZWYy
–†–æ–±–æ—Ç–∞ —É –ö–∏—î–≤—ñ ‚Äî Work.ua,https://uk.tgstat.com/channel/@workua_kyiv,https://t.me/workua_kyiv
SerhiiPekhMediaüáµüá±ü§ùüá∫üá¶üí™,https://uk.tgstat.com/channel/@SerhiiPekhMedia,https://t.me/SerhiiPekhMedia
De–•—Ç–æ | IT —Å–µ–∫—Ç–æ—Ä | –Ω–∞–≤—á–∞–Ω–Ω—è | —Å—Ç–∞–∂—É–≤–∞–Ω–Ω—è | –≤–∞–∫–∞–Ω—Å—ñ—ó,https://uk.tgstat.com/channel/6ChoytFbi7g5MTcy,https://t.me/joinchat/6ChoytFbi7g5MTcy
–§—Ä—ñ–ª–∞–Ω—Å–µ—Ä UA,https://uk.tgstat.com/channel/@freelancerinua,https://t.me/freelancerinua
–í —Å—Ç–∏–ª–µ digital,https://uk.tgstat.com/channel/@vstile_digital,https://t.me/vstile_digital
–†–æ–±–æ—Ç–∞ –ø–æ—Ä—É—á | –£–∫—Ä–∞—ó–Ω–∞ –≤ —Å–µ—Ä–¥—Ü—è—Ö | –ö–∏—ó–≤‚ù§Ô∏è,https://uk.tgstat.com/channel/@rabota_porychua,https://t.me/rabota_porychua
–†–ê–ë–û–¢–ê. –ú–ê–†–ò–£–ü–û–õ–¨ üí∞,https://uk.tgstat.com/channel/@mariupol_rabota_ru,https://t.me/mariupol_rabota_ru
–í–∞–∫–∞–Ω—Å—ñ—ó & –Ü–Ω—Ñ–æ—Ä–º–∞—Ü—ñ—è –¥–ª—è —É–∫—Ä–∞—ó–Ω—Ü—ñ–≤ –≤ –Ü—Ä–ª–∞–Ω–¥—ñ—ó,https://uk.tgstat.com/channel/@job_ie4ua,https://t.me/job_ie4ua
HR-events,https://uk.tgstat.com/channel/@hrinform,https://t.me/hrinform
–†–æ–±–æ—Ç–∞ Emigrant,https://uk.tgstat.com/channel/@emigrant_plus,https://t.me/emigrant_plus
GLOVO Information,https://uk.tgstat.com/channel/@GLOVOinform,https://t.me/GLOVOinform
Offerte di lavoro üáÆüáπ –†–æ–±–æ—Ç–∞ –≤ –Ü—Ç–∞–ª—ñ—ó,https://uk.tgstat.com/channel/@offerte_Lavoro_IT,https://t.me/offerte_Lavoro_IT
Work.ua –ú–µ–¥—ñ–∞,https://uk.tgstat.com/channel/@workuamedia,https://t.me/workuamedia
Work_DniproUA,https://uk.tgstat.com/channel/@Work_DniproUA,https://t.me/Work_DniproUA
HR & —Ä–µ–∫—Ä—É—Ç–µ—Ä–∏ (UA),https://uk.tgstat.com/channel/@hr_recruiter_ua,https://t.me/hr_recruiter_ua
–†–æ–±–æ—Ç–∞ –≤ –°–ª–æ–≤–∞—á—á–∏–Ω—ñüá∏üá∞,https://uk.tgstat.com/channel/vlTXlDNKFo0zY2M0,https://t.me/joinchat/vlTXlDNKFo0zY2M0
üá∫üá¶ –†–û–ë–û–¢–ê | –ö–°–£,https://uk.tgstat.com/channel/@work_ksu,https://t.me/work_ksu
–ö—Ä–µ–º–µ–Ω—á—É–∫ | –†–æ–±–æ—Ç–∞ | –ü–æ—Å–ª—É–≥–∏,https://uk.tgstat.com/channel/@kremenrabota,https://t.me/kremenrabota
Work Ukraine,https://uk.tgstat.com/channel/@work_ukraine_work,https://t.me/work_ukraine_work
Canada Job Bank üá®üá¶,https://uk.tgstat.com/channel/@job2canada,https://t.me/job2canada
robota.ua NOW –î–Ω—ñ–ø—Ä–æ–ø–µ—Ç—Ä–æ–≤—â–∏–Ω–∞,https://uk.tgstat.com/channel/@robotaua_now_dnipro,https://t.me/robotaua_now_dnipro
G.Beauty Support Channel,https://uk.tgstat.com/channel/@gsupportchannel,https://t.me/gsupportchannel
–ë—Ä–∞—á–Ω–æ–µ –∞–≥–µ–Ω—Ç—Å—Ç–≤–æ,https://uk.tgstat.com/channel/@rabota_brachka,https://t.me/rabota_brachka
dou_kyiv,https://uk.tgstat.com/channel/@dou_kyiv,https://t.me/dou_kyiv
misces.book,https://uk.tgstat.com/channel/@miscesreading,https://t.me/miscesreading
–í–∞–∫–∞–Ω—Å—ñ—ó –æ–Ω–ª–∞–π–Ω,https://uk.tgstat.com/channel/@uajob,https://t.me/uajob
IIC_Ukraine (–ú—ñ–∂–Ω–∞—Ä–æ–¥–Ω–∏–π —ñ–Ω—Ñ–æ—Ä–º–∞—Ü—ñ–π–Ω–∏–π —Ü–µ–Ω—Ç—Ä),https://uk.tgstat.com/channel/@IICUkraine,https://t.me/IICUkraine
–†–û–ë–û–¢–ê‚Ç¨-–ü–∞–Ω—å—á–∞–∫ –í–æ–ª–æ–¥–∏–º–∏—Ä,https://uk.tgstat.com/channel/@robota_e,https://t.me/robota_e
MI Agency | –¢—É—Ä–±–æ—Ç–ª–∏–≤–∏–π HR,https://uk.tgstat.com/channel/@mi_agency,https://t.me/mi_agency
De–•—Ç–æ | –†–æ–±–æ—Ç–∞ –•–∞—Ä–∫—ñ–≤,https://uk.tgstat.com/channel/h32J-UW1lZsxZTZi,https://t.me/joinchat/h32J-UW1lZsxZTZi
–†–∞–±–æ—Ç–∞ –î–æ–Ω–µ—Ü–∫,https://uk.tgstat.com/channel/AAAAAEpDNGL_vPzJfU0TBQ,https://t.me/joinchat/AAAAAEpDNGL_vPzJfU0TBQ
–ú–æ—Ä–µ —Ä–æ–±–æ—Ç–∏ –Ω–∞ —Ñ—Ä—ñ–ª–∞–Ω—Å—ñ –≤ –£–∫—Ä–∞—ó–Ω—ñ / –§—Ä—ñ–ª–∞–Ω—Å –¥–ª—è —É–∫—Ä–∞—ó–Ω—Ü—ñ–≤ / –†–æ–±–æ—Ç–∞ –≤ –£–∫—Ä–∞—ó–Ω—ñ,https://uk.tgstat.com/channel/@seaofwork,https://t.me/seaofwork
IT freelance and remote,https://uk.tgstat.com/channel/@itfreelancers,https://t.me/itfreelancers
–†–∞–±–æ—Ç–∞ –ï–≤—Ä–æ–ø–∞/–†–∞–±–æ—Ç–∞ –∑–∞ —Ä—É–±–µ–∂–æ–º/Work in Europe,https://uk.tgstat.com/channel/@rabota_work_europe,https://t.me/rabota_work_europe
üíµüá∫üá¶–Ñ –†–æ–±–æ—Ç–∞ - –Ñ –ì—Ä–æ—à—ñüá∫üá¶üíµ,https://uk.tgstat.com/channel/@work_aKiev,https://t.me/work_aKiev
UNIT.City: –ø–æ–¥—ñ—ó —Ç–∞ –≤–∞–∫–∞–Ω—Å—ñ—ó,https://uk.tgstat.com/channel/@unitcity,https://t.me/unitcity
PRACYA | –†–æ–±–æ—Ç–∞ –≤ –ö–∏—î–≤—ñ,https://uk.tgstat.com/channel/gvqb-Z6twxdjZTZi,https://t.me/joinchat/gvqb-Z6twxdjZTZi
–©–æ–¥–µ–Ω–Ω–∏–∫ —Ñ—Ä–∏–ª–∞–Ω—Å–µ—Ä–∞ üá∫üá¶ UpWork,https://uk.tgstat.com/channel/@GrowYourUpWork,https://t.me/GrowYourUpWork
–ü—Ä–æ—Ñ–µ—Å—ñ–π–Ω–∞ –ø–ª–∞—Ç—Ñ–æ—Ä–º–∞,https://uk.tgstat.com/channel/@profplatform,https://t.me/profplatform
"The.Work: –ü–æ–ª—Ç–∞–≤–∞ - –†–æ–±–æ—Ç–∞, –í–∞–∫–∞–Ω—Å—ñ—ó, –°—Ç–∞–∂—É–≤–∞–Ω–Ω—è",https://uk.tgstat.com/channel/P0fPRrwYCYdmMGRi,https://t.me/joinchat/P0fPRrwYCYdmMGRi
–í–æ–ª–æ–Ω—Ç–µ—Ä–∏ –£–∂–≥–æ—Ä–æ–¥–∞,https://uk.tgstat.com/channel/@uzhvolunteer,https://t.me/uzhvolunteer
–†–û–ë–û–¢–ê | –Ü–í–ê–ù–û-–§–†–ê–ù–ö–Ü–í–°–¨–ö,https://uk.tgstat.com/channel/@IVANOFRANKIVSK_robota,https://t.me/IVANOFRANKIVSK_robota
–†–æ–±–æ—Ç–∞ –Ü–§ | –Ü–≤–∞–Ω–æ-–§—Ä–∞–Ω–∫—ñ–≤—Å—å–∫–∞ –æ–±–ª.,https://uk.tgstat.com/channel/@workfrankivsk,https://t.me/workfrankivsk
–†–û–ë–û–¢–ê | –•–ú–ï–õ–¨–ù–ò–¶–¨–ö–ò–ô,https://uk.tgstat.com/channel/@KHMELNYTSKYI_robota,https://t.me/KHMELNYTSKYI_robota
–†–û–ë–û–¢–ê | –õ–¨–í–Ü–í,https://uk.tgstat.com/channel/@LVIVCITY_robota,https://t.me/LVIVCITY_robota
IT Talks&Jobs,https://uk.tgstat.com/channel/@it_tj_ugen,https://t.me/it_tj_ugen
–†–æ–±–æ—Ç–∞ –∑–∞ –∫–æ—Ä–¥–æ–Ω–æ–º,https://uk.tgstat.com/channel/@pelekh,https://t.me/pelekh
Stud Career,https://uk.tgstat.com/channel/@careerkarazin,https://t.me/careerkarazin
–ù–æ–≤–∏–Ω–∏ —Ç–∞ —Ä–æ–±–æ—Ç–∞ –∑–∞ –∫–æ—Ä–¥–æ–Ω–æ–º - truework.info,https://uk.tgstat.com/channel/pNJVV6poSXU5NmE6,https://t.me/joinchat/pNJVV6poSXU5NmE6
ü¶ãüåø—â–æ—Å—å –¥—É–∂–µ Ukrainianüá∫üá¶‚òÄÔ∏è,https://uk.tgstat.com/channel/@somethingveryUkrainian,https://t.me/somethingveryUkrainian
PRO–∫–∞—á–∫–∞ HR,https://uk.tgstat.com/channel/@prohrskill,https://t.me/prohrskill
–ú–∏–Ω–∏—Å—Ç–µ—Ä—Å—Ç–≤–æ —Ç—Ä—É–¥–∞ –∏ —Å–æ—Ü–∏–∞–ª—å–Ω–æ–π –ø–æ–ª–∏—Ç–∏–∫–∏ –•–µ—Ä—Å–æ–Ω—Å–∫–æ–π –æ–±–ª–∞—Å—Ç–∏,https://uk.tgstat.com/channel/@socialpolitics_ks,https://t.me/socialpolitics_ks
Plarium,https://uk.tgstat.com/channel/@plarium,https://t.me/plarium
–†–û–ë–û–¢–ê –ö–ò–á–í üá∫üá¶ –ü–Ü–î–†–û–ë–Ü–¢–û–ö üá∫üá¶ –†–ê–ë–û–¢–ê –ö–ò–ï–í üá∫üá¶ –ü–û–î–†–ê–ë–û–¢–ö–ê,https://uk.tgstat.com/channel/@rabota_kiev_nice,https://t.me/rabota_kiev_nice
–ö–∞—Å—Ç–∏–Ω–≥–∏ –ö–∏—î–≤–∞ —ñ –£–∫—Ä–∞—ó–Ω–∏ –Ω–æ–≤–∏–Ω–∏ –∫—ñ–Ω–æ,https://uk.tgstat.com/channel/@mycasting,https://t.me/mycasting
–õ—å–≤—ñ–≤ –†–æ–±–æ—Ç–∞ –ü—ñ–¥—Ä–æ–±—ñ—Ç–æ–∫ 18+,https://uk.tgstat.com/channel/@Vasyl_Work,https://t.me/Vasyl_Work
–û–¥–µ—Å—å–∫–∞ —Ñ—ñ–ª—ñ—è –û–¥–µ—Å—å–∫–æ–≥–æ –æ–±–ª–∞—Å–Ω–æ–≥–æ —Ü–µ–Ω—Ç—Ä—É –∑–∞–π–Ω—è—Ç–æ—Å—Ç—ñ,https://uk.tgstat.com/channel/@rabotaOdessaDCZ,https://t.me/rabotaOdessaDCZ
–ë–∞–¥–¥—ñ –ù–∞–£–ö–ú–ê,https://uk.tgstat.com/channel/@buddynaukma,https://t.me/buddynaukma
robota.ua Now –û–¥–µ—â–∏–Ω–∞,https://uk.tgstat.com/channel/@robotaua_now_odesa,https://t.me/robotaua_now_odesa
MarineCareer - –¥–ª—è –º–æ—Ä—è–∫–æ–≤ –∏ –∫—Ä—é–∏–Ω–≥–æ–≤,https://uk.tgstat.com/channel/@marine_career,https://t.me/marine_career
Top of OnlyFans,https://uk.tgstat.com/channel/@topofonlyfans,https://t.me/topofonlyfans
HURMA System,https://uk.tgstat.com/channel/@hurmainfo,https://t.me/hurmainfo
–†–∞–±–æ—Ç–∞ –ö—Ä–µ–º–µ–Ω—á—É–≥,https://uk.tgstat.com/channel/@rabotka_kremenchug,https://t.me/rabotka_kremenchug
–†–æ–±–æ—Ç–∞ —É –õ—å–≤–æ–≤—ñ ‚Äî Work.ua,https://uk.tgstat.com/channel/@workua_lviv,https://t.me/workua_lviv
HR_–ê—Ä–±–∏—Ç—Ä–∞–∂_IT,https://uk.tgstat.com/channel/@HR_arbitraz,https://t.me/HR_arbitraz
–†–æ–±–æ—Ç–∞ –ö—Ä–æ–ø–∏–≤–Ω–∏—Ü—å–∫–∏–π | –†–∞–±–æ—Ç–∞ –ö–∏—Ä–æ–≤–æ–≥—Ä–∞–¥,https://uk.tgstat.com/channel/@Robota_Kropivnitskiy_Rabota,https://t.me/Robota_Kropivnitskiy_Rabota
"IT –ë—Ä–æ - Junior IT –≤–∞–∫–∞–Ω—Å—ñ—ó, —ñ–≤–µ–Ω—Ç–∏, –Ω–∞–≤—á–∞–Ω–Ω—è",https://uk.tgstat.com/channel/@junior_v_it,https://t.me/junior_v_it
–†–∞–±–æ—Ç–∞ –≤ –ü–æ–ª—å—à–µ üáµüá±,https://uk.tgstat.com/channel/@FlagmaPL,https://t.me/FlagmaPL
–†–æ–±–æ—Ç–∞ –õ—å–≤—ñ–≤ | –í–∞–∫–∞–Ω—Å—ñ—ó,https://uk.tgstat.com/channel/@Lviv_robota,https://t.me/Lviv_robota
–Ñ —Ä–æ–±–æ—Ç–∞! | –ö–∏—ó–≤,https://uk.tgstat.com/channel/@YeRobotaKY,https://t.me/YeRobotaKY
–í–∞–∫–∞–Ω—Å—ñ—ó –Ω–∞ —Ç–µ–ª–µ–±–∞—á–µ–Ω–Ω—ñ,https://uk.tgstat.com/channel/@vakansiatv,https://t.me/vakansiatv
–ë—ñ—Ä–∂–∞ —Ñ—Ä—ñ–ª–∞–Ω—Å–∞ 247,https://uk.tgstat.com/channel/@freelance247,https://t.me/freelance247
–†–æ–±–æ—Ç–∞ –≤ –ü–∞–≤–ª–æ–≥—Ä–∞–¥—ñ,https://uk.tgstat.com/channel/tIoUjFDNYH9kMTgy,https://t.me/joinchat/tIoUjFDNYH9kMTgy
–í–ê–ö–ê–ù–°–Ü–á –ö–†–ï–ú–ï–ù–ß–£–ö,https://uk.tgstat.com/channel/@work_kremen,https://t.me/work_kremen
–í —Ç–∏–ª—É - –º–æ–∂–ª–∏–≤–æ—Å—Ç—ñ,https://uk.tgstat.com/channel/@v_tylu,https://t.me/v_tylu
–ò—â—É –º–æ–¥–µ–ª—å –î–Ω–µ–ø—Ä,https://uk.tgstat.com/channel/@dnipro_modeli,https://t.me/dnipro_modeli
–†–∞–±–æ—Ç–∞ –õ–ù–† (–≤–∞–∫–∞–Ω—Å–∏–∏ –õ—É–≥–∞–Ω—Å–∫),https://uk.tgstat.com/channel/@rabotalnrru,https://t.me/rabotalnrru
"–ú–æ—Ä—è–∫–∏ –≤ –†—É–º—ã–Ω–∏–∏üá∑üá¥, –∏–Ω—Ñ–æ—Ä–º–∞—Ü–∏–æ–Ω–Ω—ã–π –∫–∞–Ω–∞–ª –¢–û–õ–¨–ö–û –¥–ª—è –ø–æ–¥–ø–∏—Å—á–∏–∫–æ–≤ –≥—Ä—É–ø–ø—ãüá∑üá¥‚öìüá∫üá¶",https://uk.tgstat.com/channel/@ukr_sailors_romania_chanel,https://t.me/ukr_sailors_romania_chanel
#DEFINITELYOVER: –≤–∞–∫–∞–Ω—Å—ñ—ó –≤ SMM —Ç–∞ –Ω–æ–≤–∏–Ω–∏ –∑—ñ —Å–≤—ñ—Ç—É digital,https://uk.tgstat.com/channel/@definitely_over,https://t.me/definitely_over
–†–æ–±–æ—Ç–∞ —É–∫—Ä–∞—ó–Ω—Ü—è–º –ö–∞–Ω–∞–¥–∞,https://uk.tgstat.com/channel/@workukrainiancanada,https://t.me/workukrainiancanada
AIESEC –≤ –£–∫—Ä–∞—ó–Ω—ñ,https://uk.tgstat.com/channel/@aiesec_ua,https://t.me/aiesec_ua
"The.Work: –í—ñ–Ω–Ω–∏—Ü—è - –†–æ–±–æ—Ç–∞, –í–∞–∫–∞–Ω—Å—ñ—ó, –°—Ç–∞–∂—É–≤–∞–Ω–Ω—è",https://uk.tgstat.com/channel/GzEdsihPYRM3YzY6,https://t.me/joinchat/GzEdsihPYRM3YzY6
CPA.careers,https://uk.tgstat.com/channel/@cpa_careers,https://t.me/cpa_careers
robota.ua NOW –õ—å–≤—ñ–≤—â–∏–Ω–∞,https://uk.tgstat.com/channel/@robotaua_now_lviv,https://t.me/robotaua_now_lviv
Ukrainian Sourcing Community,https://uk.tgstat.com/channel/@uasourcing,https://t.me/uasourcing
ART Leads | –£–¥–∞–ª–µ–Ω–Ω–∞—è —Ä–∞–±–æ—Ç–∞ –≤ digital,https://uk.tgstat.com/channel/@artleads,https://t.me/artleads
KidsCastUA - –î–∏—Ç—è—á—ñ –∫–∞—Å—Ç–∏–Ω–≥–∏ –≤ –£–∫—Ä–∞—ó–Ω—ñ,https://uk.tgstat.com/channel/@kidscastua,https://t.me/kidscastua
√âLAN HELP CHANNEL üá∫üá¶,https://uk.tgstat.com/channel/@elanhelpchannel,https://t.me/elanhelpchannel
WUV|–†–æ–±–æ—Ç–∞|–£–∫—Ä–∞—ó–Ω–∞| –í–∞–∫–∞–Ω—Å—ñ—ó,https://uk.tgstat.com/channel/Zo5Wg20c5e8wZDY6,https://t.me/joinchat/Zo5Wg20c5e8wZDY6
üåç –ö–∞—Å—Ç–∏–Ω–≥ üé• –ö–∏—ó–≤ üì∫,https://uk.tgstat.com/channel/@KyivCasting,https://t.me/KyivCasting
üí∞ –ó–∞—Ä–æ–±–ª—è–π—Ç–µ —Ç—É—Ç,https://uk.tgstat.com/channel/Uhj7lR4y5-c0ZGJi,https://t.me/joinchat/Uhj7lR4y5-c0ZGJi
CryptoEthanol,https://uk.tgstat.com/channel/ncmASdu9KL5jOTAy,https://t.me/joinchat/ncmASdu9KL5jOTAy
–†–∞–±–æ—Ç–∞ –î–Ω–µ–ø—Ä,https://uk.tgstat.com/channel/@Dnepr311,https://t.me/Dnepr311
Work Placeüá™üá∫,https://uk.tgstat.com/channel/@RAB0TA_EU,https://t.me/RAB0TA_EU
üé¨üé≠üéû–ê–∫—Ç–æ—Ä–∏ –º–∞—Å–æ–≤–∏—Ö —Å—Ü–µ–Ω(–ö–∏—ó–≤)üéûüé≠üé¨,https://uk.tgstat.com/channel/@amskyiv,https://t.me/amskyiv
Talk the Talk - –∞–Ω–≥–ª—ñ–π—Å—å–∫–∞ –¥–ª—è —É–∫—Ä–∞—ó–Ω—Ü—ñ–≤,https://uk.tgstat.com/channel/@TalkTalkUA,https://t.me/TalkTalkUA
–í–µ—Å—Ç–Ω–∏–∫ –∫—Ä—é–∏–Ω–≥–∞ | Ukrcrewing.com.ua,https://uk.tgstat.com/channel/@ukrcrewing_official,https://t.me/ukrcrewing_official
robota.ua NOW –•–∞—Ä–∫—ñ–≤—â–∏–Ω–∞,https://uk.tgstat.com/channel/@robotaua_now_kharkiv,https://t.me/robotaua_now_kharkiv
TOP WORKS | –ö–∞–Ω–∞–ª –∑ —Ç–æ–ø–æ–≤–∏–º–∏ –≤–∞–∫–∞–Ω—Å—ñ—è–º–∏ –≤ –£–∫—Ä–∞—ó–Ω—ñ —Ç–∞ –≤ —É—Å—å–æ–º—É –°–≤—ñ—Ç—ñ,https://uk.tgstat.com/channel/@top_works_ua,https://t.me/top_works_ua
IT job in UA üá∫üá¶,https://uk.tgstat.com/channel/@jobinit,https://t.me/jobinit
–†–æ–±–æ—Ç–∞ –Ñ –≤ –ê–í–†–û–†–Ü !,https://uk.tgstat.com/channel/@robotaE,https://t.me/robotaE
–†–æ–±–æ—Ç–∞ —É –§—Ä–∞–Ω—Ü—ñ—ó,https://uk.tgstat.com/channel/@workinfrance,https://t.me/workinfrance
Jobs-Channel - Leipzig helps Ukraine,https://uk.tgstat.com/channel/@jobs_leipzig_ukraine,https://t.me/jobs_leipzig_ukraine
–ù–∞–≤–∑–∞—î–º,https://uk.tgstat.com/channel/@naavzaem,https://t.me/naavzaem
–†–∞–±–æ—Ç–∞ –õ—É–≥–∞–Ω—Å–∫ | –õ–ù–† | –†–§ | –£–¥–∞–ª–µ–Ω–∫–∞,https://uk.tgstat.com/channel/@rabota_luganskk,https://t.me/rabota_luganskk
–Ñ —Ä–æ–±–æ—Ç–∞! | –¢–µ—Ä–Ω–æ–ø—ñ–ª—å,https://uk.tgstat.com/channel/@YeRobotaTE,https://t.me/YeRobotaTE
–†–æ–±–æ—Ç–∞ –•–µ—Ä—Å–æ–Ω. –û–≥–æ–ª–æ—à–µ–Ω–Ω—è / –†–∞–±–æ—Ç–∞ –•–µ—Ä—Å–æ–Ω,https://uk.tgstat.com/channel/@robotavKherson,https://t.me/robotavKherson
–†–æ–±–æ—Ç–∞ –ö–∞–º‚Äò—è–Ω—Å—å–∫–µ | –†–∞–±–æ—Ç–∞ –ö–∞–º–µ–Ω—Å–∫–æ–µ,https://uk.tgstat.com/channel/@Rabota_Kamenskoe_Robota,https://t.me/Rabota_Kamenskoe_Robota
"The.Work: –Ü–≤–∞–Ω–æ-–§—Ä–∞–Ω–∫—ñ–≤—Å—å–∫ - –†–æ–±–æ—Ç–∞, –í–∞–∫–∞–Ω—Å—ñ—ó, –°—Ç–∞–∂—É–≤–∞–Ω–Ω—è",https://uk.tgstat.com/channel/OUEl4rVn9SAwNzJi,https://t.me/joinchat/OUEl4rVn9SAwNzJi
dou_lviv,https://uk.tgstat.com/channel/@dou_lviv,https://t.me/dou_lviv
üá∫üá¶–†–û–ë–û–¢–ê –ö–†–ò–í–ò–ô –†–Ü–ìüíó–†–∞–±–æ—Ç–∞ –ö—Ä–∏–≤–æ–π –†–æ–≥,https://uk.tgstat.com/channel/@workkr1,https://t.me/workkr1
Swift.Work.UA,https://uk.tgstat.com/channel/@SwiftWorkUA,https://t.me/SwiftWorkUA
LC Work | IT —Ç–∞ Digital –≤–∞–∫–∞–Ω—Å—ñ—ó,https://uk.tgstat.com/channel/@LCWork,https://t.me/LCWork
–¶–ï–ù–¢–† –ó–ê–ù–Ø–¢–û–°–¢–ò –ó–ê–ü–û–†–û–ñ–°–ö–û–ô –û–ë–õ–ê–°–¢–ò (–ú–µ–ª–∏—Ç–æ–ø–æ–ª—å) üí†,https://uk.tgstat.com/channel/@czmel,https://t.me/czmel
–ú–∏–Ω–∏—Å—Ç–µ—Ä—Å—Ç–≤–æ —Ç—Ä—É–¥–∞ –∏ —Å–æ—Ü–∏–∞–ª—å–Ω–æ–π –ø–æ–ª–∏—Ç–∏–∫–∏ –í–ì–ê –ó–∞–ø–æ—Ä–æ–∂—Å–∫–æ–π –æ–±–ª–∞—Å—Ç–∏,https://uk.tgstat.com/channel/@MTSPVGAZO,https://t.me/MTSPVGAZO
Maritime Portal,https://uk.tgstat.com/channel/@jobatsea20,https://t.me/jobatsea20
–†–û–ë–û–¢–ê | –ö–ò–á–í üá∫üá¶‚ù§Ô∏è,https://uk.tgstat.com/channel/@kyiv_robotaa,https://t.me/kyiv_robotaa
WorkStorm | –í–∞–∫–∞–Ω—Å—ñ—ó –£–∫—Ä–∞—ó–Ω–∞,https://uk.tgstat.com/channel/iTjBNQQ_l6M3ZTZi,https://t.me/joinchat/iTjBNQQ_l6M3ZTZi
Jobs in Ireland (Business and Tech),https://uk.tgstat.com/channel/@robotairlandia,https://t.me/robotairlandia
SEO Vacancies | SEO Jobs,https://uk.tgstat.com/channel/@seo_jobs,https://t.me/seo_jobs
–ü—Ä–∞—Ü—è –≤ –£–∫—Ä–∞—ó–Ω—ñ —Ç–∞ –Ñ–°,https://uk.tgstat.com/channel/@pracaforua,https://t.me/pracaforua
–ú–æ—è –ë—ñ–ª–∞ –¶–µ—Ä–∫–≤–∞,https://uk.tgstat.com/channel/@mybc_city,https://t.me/mybc_city
–í–∞–∫–∞–Ω—Å—ñ—ó Freelancehunt üíº,https://uk.tgstat.com/channel/@FreelancehuntJobs,https://t.me/FreelancehuntJobs
–†–æ–±–æ—Ç–∞ –¥–ª—è —É–∫—Ä–∞—ó–Ω—Ü—ñ–≤ —É –®–≤–µ—Ü—ñ—ó,https://uk.tgstat.com/channel/@UPSC_Sweden,https://t.me/UPSC_Sweden
–†–æ–±–æ—Ç–∞ —Ç–∞ –Ω–∞–≤—á–∞–Ω–Ω—è —É –°—Ç–æ–∫–≥–æ–ª—å–º—ñ –¥–ª—è –ø–µ—Ä–µ—Å–µ–ª–µ–Ω—Ü—ñ–≤ –∑ –£–∫—Ä–∞—ó–Ω–∏,https://uk.tgstat.com/channel/@nuf_work,https://t.me/nuf_work
Bolt Food üçî –õ—å–≤—ñ–≤,https://uk.tgstat.com/channel/@boltfood_lviv,https://t.me/boltfood_lviv
–†–æ–±–æ—Ç–∞ –≤ EU,https://uk.tgstat.com/channel/@work_eu,https://t.me/work_eu
–†–∞–±–æ—Ç–∞ –£–∫—Ä–∞–∏–Ω–∞ Online,https://uk.tgstat.com/channel/@rabota_ukraine_online,https://t.me/rabota_ukraine_online
–†–∞–±–æ—Ç–∞ —à–∞–±–∞—à–∫–∞ –ú–∞—Ä–∏—É–ø–æ–ª—å,https://uk.tgstat.com/channel/@rabotamariypol,https://t.me/rabotamariypol
JOBS PLT,https://uk.tgstat.com/channel/@plt_jobs,https://t.me/plt_jobs
JoinNBUüá∫üá¶,https://uk.tgstat.com/channel/@joinNBU,https://t.me/joinNBU
Vaider | Crypto ü™ô,https://uk.tgstat.com/channel/@VaiderCrypto,https://t.me/VaiderCrypto
"The.Work: –•–º–µ–ª—å–Ω–∏—Ü—å–∫–∏–π - –†–æ–±–æ—Ç–∞, –í–∞–∫–∞–Ω—Å—ñ—ó, –°—Ç–∞–∂—É–≤–∞–Ω–Ω—è",https://uk.tgstat.com/channel/ptj4ExNku-MwZTM6,https://t.me/joinchat/ptj4ExNku-MwZTM6
–ü–†–ò–í–ê–¢–ö–ê –†–û–ë–û–¢–ê –ö—Ä–µ–º–µ–Ω—á—É–≥,https://uk.tgstat.com/channel/@privatkarobota,https://t.me/privatkarobota
–†–æ–±–æ—Ç–∞ –≤ –Ñ–≤—Ä–æ–ø—ñ,https://uk.tgstat.com/channel/@work_vip_eu,https://t.me/work_vip_eu
skojlatdoki,https://uk.tgstat.com/channel/@skojlat,https://t.me/skojlat
IT Tech jobs & Conferenza,https://uk.tgstat.com/channel/@dna325_conferenza,https://t.me/dna325_conferenza
üì± –†–û–ë–û–¢–ê –≤ Instagram üá∫üá¶,https://uk.tgstat.com/channel/@work_insta_ua,https://t.me/work_insta_ua
–†–∞–±–æ—Ç–∞ –ø—Ä–æ–º–æ—É—Ç–µ—Ä–æ–º –ö–∏–µ–≤,https://uk.tgstat.com/channel/@rabota_btl,https://t.me/rabota_btl
–†–æ–±–æ—Ç–∞ –≤—ñ–¥ –¢–ê–¢–ê,https://uk.tgstat.com/channel/@robotavidtata,https://t.me/robotavidtata
"–†–ê–ë–û–¢–ê –•–ê–†–¨–ö–û–í:–í–∞–∫–∞–Ω—Å–∏–∏ ""–±–µ–∑ –ø–æ—Å—Ä–µ–¥–Ω–∏–∫–æ–≤""",https://uk.tgstat.com/channel/@rabota_kharkov_kharkiv_vakansii,https://t.me/rabota_kharkov_kharkiv_vakansii
‚öìÔ∏è –ú–æ—Ä—Å–∫–æ–π –§–æ—Ä—É–º üá∫üá¶ –ú–æ—Ä—Å–∫–∏–µü™™,https://uk.tgstat.com/channel/@seamansway,https://t.me/seamansway
–†–æ–±–æ—Ç–∞ –ø—ñ–¥—Ä–æ–±—ñ—Ç–æ–∫ –ö–∏—ó–≤,https://uk.tgstat.com/channel/@kristinahomenko,https://t.me/kristinahomenko
–ê –∫–∞–∂—É—Ç—å | –ù–û–í–ò–ù–ò | –£–º–∞–Ω—å,https://uk.tgstat.com/channel/@WorkUmans,https://t.me/WorkUmans
Mike Pritula Academy HR News,https://uk.tgstat.com/channel/id1138888308,https://t.me/joinchat/id1138888308
work_hub,https://uk.tgstat.com/channel/@work_hub_0,https://t.me/work_hub_0
Recruitoria,https://uk.tgstat.com/channel/@recrutoria,https://t.me/recrutoria
Brain Drain üá∫üá¶,https://uk.tgstat.com/channel/@brain_drain_ua,https://t.me/brain_drain_ua
–†–ê–ë–û–¢–ê –í –ò–ó–†–ê–ò–õ–ï üáÆüá± –ê–ù–ì–õ–ò–ò üá¨üáß –°–®–ê üá∫üá∏ | Work Service Ukraineüá∫üá¶,https://uk.tgstat.com/channel/@wsukr,https://t.me/wsukr
STUDLAVA,https://uk.tgstat.com/channel/@studlava,https://t.me/studlava
–î–æ—Å—Ç–æ–π–Ω–∞ —Ä–æ–±–æ—Ç–∞ –≤ –£–∫—Ä–∞—ó–Ω—ñ | Best job | –í–∞–∫–∞–Ω—Å—ñ—ó –≤ –£–∫—Ä–∞—ó–Ω—ñ,https://uk.tgstat.com/channel/@best_job_ua,https://t.me/best_job_ua
–¢–≤–æ—è –Ω–æ–≤–∞ —Ä–æ–±–æ—Ç–∞‚ö°Ô∏è,https://uk.tgstat.com/channel/@your_newwork,https://t.me/your_newwork
üí•–†–û–ë–û–¢–ê –Ñ–í–†–û–ü–êüí•,https://uk.tgstat.com/channel/@tvoya_rabota_EU,https://t.me/tvoya_rabota_EU
–í–∞–∫–∞–Ω—Å–∏–∏ –¥–ª—è –º–æ—Ä—è–∫–æ–≤,https://uk.tgstat.com/channel/@jobfor_seamen,https://t.me/jobfor_seamen
üü¢üá∫üá¶ –†–û–ë–û–¢–ê| –£–ö–†–ê–ò–ù–ê | –ü–û–î–†–ê–ë–û–¢–ö–ê Work Today | Job | –£–∫—Ä–∞—ó–Ω–∞ | –ê–ö–¢–£–õ–¨–ù–Ü –≤–∞–∫–∞–Ω—Å—ñ—ó –£–∫—Ä–∞—ó–Ω–∏ üá∫üá¶ –†–û–ë–û–¢–ê | –ü–Ü–î–†–û–ë–Ü–¢–û–ö,https://uk.tgstat.com/channel/@work_kuiv_2022,https://t.me/work_kuiv_2022
Esports x Gaming Jobs,https://uk.tgstat.com/channel/@esportsjobs,https://t.me/esportsjobs
–†–ê–ë–û–¢–ê –•–∞—Ä—å–∫–æ–≤üá∫üá¶,https://uk.tgstat.com/channel/@rabota_kharkov_1,https://t.me/rabota_kharkov_1
–í–∞–∫–∞–Ω—Å—ñ—ó –Ü–∑–º–∞—ó–ª—å—â–∏–Ω–∏,https://uk.tgstat.com/channel/@izmail_vakansiy,https://t.me/izmail_vakansiy
–ñ—É—Ä–Ω–∞–ª ¬´–ö–ê–î–†–û–í–ò–ö.UA¬ª,https://uk.tgstat.com/channel/@dkkadrovikua,https://t.me/dkkadrovikua
–ñ–∏—Ç–æ–º–∏—Äüîπ–†–æ–±–æ—Ç–∞üî∏–í–∞–∂–ª–∏–≤–µüîπ –û–≥–æ–ª–æ—à–µ–Ω–Ω—è,https://uk.tgstat.com/channel/@zt_robota,https://t.me/zt_robota
iT-Outstaffing.com Remote Projects,https://uk.tgstat.com/channel/@IT_REMOTE_PROJECTS,https://t.me/IT_REMOTE_PROJECTS
Bolt Food üçî –î–Ω—ñ–ø—Ä–æ,https://uk.tgstat.com/channel/@boltfood_dnipro,https://t.me/boltfood_dnipro
üá™üá∫–†–û–ë–û–¢–ê –ó–ê –ö–û–†–î–û–ù–û–úüá™üá∫,https://uk.tgstat.com/channel/@evgenijrobota,https://t.me/evgenijrobota
PRACYA | –†–æ–±–æ—Ç–∞ –≤ –û–¥–µ—Å—ñ,https://uk.tgstat.com/channel/y8KDYwwS5hY1Njk6,https://t.me/joinchat/y8KDYwwS5hY1Njk6
–í–∞–∫–∞–Ω—Å—ñ—ó –ë—ñ–ª–æ–≥–æ—Ä–æ–¥—Å—å–∫–æ—ó –≥—Ä–æ–º–∞–¥–∏,https://uk.tgstat.com/channel/@bilohorodka_work,https://t.me/bilohorodka_work
–í–∞–∫–∞–Ω—Å—ñ—ó –ë—ñ–ª–≥–æ—Ä–æ–¥-–î–Ω—ñ—Å—Ç—Ä–æ–≤—â–∏–Ω–∏,https://uk.tgstat.com/channel/@belgorod_dnestrovskiy_cz,https://t.me/belgorod_dnestrovskiy_cz
–ó–∞—Ä–∞–±–æ—Ç–æ–∫ –≤ –∏–Ω—Ç–µ—Ä–Ω–µ—Ç–µ (–ë–µ–∑ –≤–ª–æ–∂–µ–Ω–∏–π),https://uk.tgstat.com/channel/@uareferal,https://t.me/uareferal
–†–∞–±–æ—Ç–∞ –î–ù–† (–≤–∞–∫–∞–Ω—Å–∏–∏ –î–æ–Ω–µ—Ü–∫),https://uk.tgstat.com/channel/@rabotadnrcom,https://t.me/rabotadnrcom
dou_dnipro,https://uk.tgstat.com/channel/@dou_dnipro,https://t.me/dou_dnipro
–°–ª—É–∂–±–∞ –∑–∞–Ω—è—Ç–æ—Å—Ç–∏ –•–µ—Ä—Å–æ–Ω—Å–∫–æ–π –æ–±–ª–∞—Å—Ç–∏,https://uk.tgstat.com/channel/@Slyzhba_Zanyatosti_Kherson_obl,https://t.me/Slyzhba_Zanyatosti_Kherson_obl
–†–∞–±–æ—Ç–∞ –≤ –¢–æ—Ä–æ–Ω—Ç–æ –∏ GTA,https://uk.tgstat.com/channel/@Toronto_work,https://t.me/Toronto_work
Ukrainian Professionals UAE,https://uk.tgstat.com/channel/@ukrainetalant,https://t.me/ukrainetalant
LEZO career | Marketing Management,https://uk.tgstat.com/channel/@marketing_guild,https://t.me/marketing_guild
–†–æ–±–æ—Ç–∞ –ù–ú–£,https://uk.tgstat.com/channel/@NMUwork,https://t.me/NMUwork
–Æ–ñ–ù–ï –†–û–ë–û–¢–ê –¶–ï–ù–¢–† –ó–ê–ô–ù–Ø–¢–û–°–¢–Ü,https://uk.tgstat.com/channel/@vakansiyuzhny,https://t.me/vakansiyuzhny
"ANDROID TV, SMART TV, TVBOX, APK",https://uk.tgstat.com/channel/@android_smart_tv,https://t.me/android_smart_tv
–†–æ–±–æ—Ç–∞ —É –•–∞—Ä–∫–æ–≤—ñ ‚Äî Work.ua,https://uk.tgstat.com/channel/@workua_kharkiv,https://t.me/workua_kharkiv
–ü—Ä–æ—Ñ—Å–ø—ñ–ª–∫–∞ –ø—Ä–∞—Ü—ñ–≤–Ω–∏–∫—ñ–≤ –æ—Å–≤—ñ—Ç–∏ —ñ –Ω–∞—É–∫–∏ –£–∫—Ä–∞—ó–Ω–∏,https://uk.tgstat.com/channel/@profspilkaosvity,https://t.me/profspilkaosvity
–†–û–ë–û–¢–ê üí∂ –ù–Ü–ú–ï–ß–ß–ò–ù–ê üá©üá™,https://uk.tgstat.com/channel/@job_germa,https://t.me/job_germa
ELENMARK AGENCY,https://uk.tgstat.com/channel/@elenmark_agency,https://t.me/elenmark_agency
Starjob,https://uk.tgstat.com/channel/@starjob,https://t.me/starjob
–£–¥–∞–ª–µ–Ω–∫–∞ | Layboard.com,https://uk.tgstat.com/channel/@jobbo_udalenka,https://t.me/jobbo_udalenka
–†–æ–±–æ—Ç–∞ –æ–Ω–ª–∞–π–Ω –¥–ª—è —É–∫—Ä–∞—ó–Ω—Ü—ñ–≤,https://uk.tgstat.com/channel/D39NZqdiwytjODg6,https://t.me/joinchat/D39NZqdiwytjODg6
Europratsya,https://uk.tgstat.com/channel/@europratsya,https://t.me/europratsya
dou_odesa,https://uk.tgstat.com/channel/@dou_odesa,https://t.me/dou_odesa
robota.ua NOW –ß–µ—Ä–∫–∞—â–∏–Ω–∞,https://uk.tgstat.com/channel/@robotaua_now_cherkassy,https://t.me/robotaua_now_cherkassy
–í–∞–∫–∞–Ω—Å—ñ—ó –ë—É—á–∞–Ω—Å—å–∫–æ–≥–æ —Ä–∞–π–æ–Ω—É,https://uk.tgstat.com/channel/@borschagivkaogoloshennya,https://t.me/borschagivkaogoloshennya
BOUNDLESS WORK,https://uk.tgstat.com/channel/@boundlesswork,https://t.me/boundlesswork
OS–º—ã—Å–ª–µ–Ω–Ω—ã–π –º–µ–Ω–µ–¥–∂–º–µ–Ω—Ç,https://uk.tgstat.com/channel/@OS_management,https://t.me/OS_management
–®–≤–µ–π—Ü–∞—Ä –ò–∑–º–∞–∏–ª,https://uk.tgstat.com/channel/TV6D8j_IlyNhYTky,https://t.me/joinchat/TV6D8j_IlyNhYTky
—î –≤—ñ–∑–∏—Ç–∫–∞,https://uk.tgstat.com/channel/@je_vizytka,https://t.me/je_vizytka
robota.ua NOW –í—ñ–Ω–Ω–∏—á—á–∏–Ω–∞,https://uk.tgstat.com/channel/@robotaua_now_vinnytsia,https://t.me/robotaua_now_vinnytsia
KINODVI–ñ - –æ—Å–≤i—Ç–Ω—è –ø–ª–∞—Ç—Ñ–æ—Ä–º–∞. (maysternyia),https://uk.tgstat.com/channel/@kino_dvij,https://t.me/kino_dvij
–ú–æ—Ä—Å–∫–∏–µ –¥–æ–∫—É–º–µ–Ω—Ç—ã –≤ –ï–≤—Ä–æ–ø–µ üá∫üá¶üá™üá∫,https://uk.tgstat.com/channel/@MaritimeDocumentsChannel,https://t.me/MaritimeDocumentsChannel
PR & Comms Jobs,https://uk.tgstat.com/channel/@prjobs,https://t.me/prjobs
–í–∞–∫–∞–Ω—Å—ñ—ó –¥–ª—è —É–∫—Ä–∞—ó–Ω—Ü—ñ–≤ –≤ –Ü—Ä–ª–∞–Ω–¥—ñ—ó üá∫üá¶üáÆüá™ Jobs for Ukrainians in Ireland,https://uk.tgstat.com/channel/@u4c_vacancies,https://t.me/u4c_vacancies
–û–±—â–µ–ø–∏—Ç –ø–æ–∏—Å–∫ —Ä–∞–±–æ—Ç—ã –ö–∏–µ–≤,https://uk.tgstat.com/channel/@obchepitkiev,https://t.me/obchepitkiev
Enlight Hub - –º—ñ–∂–Ω–∞—Ä–æ–¥–Ω—ñ –º–æ–∂–ª–∏–≤–æ—Å—Ç—ñ —ñ –∫–∞—Ä‚Äò—î—Ä–∞ –¥–ª—è –º–æ–ª–æ–¥—ñ,https://uk.tgstat.com/channel/@enlight_hub,https://t.me/enlight_hub
People First Club,https://uk.tgstat.com/channel/@peoplefirstclub,https://t.me/peoplefirstclub
"JobAurora. Job in Middle East. UAE, Qatar, KSA, Oman, Bahrain.",https://uk.tgstat.com/channel/@jobaurora_rabota,https://t.me/jobaurora_rabota
–ü–æ—à—É–∫ –ú–æ–¥–µ–ª–µ–π –ö–ò–á–í,https://uk.tgstat.com/channel/@Beautifashionkiev,https://t.me/Beautifashionkiev
–ù–æ—Ç–∞—Ç–∫–∏ —Å—É–≤–æ—Ä–æ–≥–æ QA üíõüíô,https://uk.tgstat.com/channel/@a_grygorenko,https://t.me/a_grygorenko
League Careers,https://uk.tgstat.com/channel/@league_uba,https://t.me/league_uba
User Acquisition Jobs,https://uk.tgstat.com/channel/@User_Acquisition_Job,https://t.me/User_Acquisition_Job
"–†–∞–±–æ—Ç–∞ –≤ –ü–æ–ª—å—à–µ, –ß–µ—Ö–∏–∏, –õ–∏—Ç–≤–µ, –ì–µ—Ä–º–∞–Ω–∏–∏ üåç",https://uk.tgstat.com/channel/@monopolistpoland,https://t.me/monopolistpoland
–†–æ–±–æ—Ç–∞ –¢–µ—Ä–Ω–æ–ø—ñ–ª—å,https://uk.tgstat.com/channel/@ternopilwork,https://t.me/ternopilwork
–í–ü–û | –†–ê–ë–û–¢–ê | –ü–û–õ–¢–ê–í–ê,https://uk.tgstat.com/channel/@vporobotaplt,https://t.me/vporobotaplt
–î–∏—Å—Ç–∞–Ω—Ü—ñ–π–Ω–∞ —Ä–æ–±–æ—Ç–∞ –≤ –£–∫—Ä–∞—ó–Ω—ñ —Ç–∞ –Ñ–°,https://uk.tgstat.com/channel/@remote_EU_UA,https://t.me/remote_EU_UA
–†–æ–±–æ—Ç–∞ —É –ë–µ—Ä–¥–∏—á–µ–≤—ñ,https://uk.tgstat.com/channel/@work_berdychiv,https://t.me/work_berdychiv
–†–æ–±–æ—Ç–∞ –≤ –§—ñ–Ω–ª—è–Ω–¥—ñ—ó,https://uk.tgstat.com/channel/@jobsinfinland,https://t.me/jobsinfinland
üíº Job_IF | –†–æ–±–æ—Ç–∞ –Ü–≤–∞–Ω–æ-–§—Ä–∞–Ω–∫—ñ–≤—Å—å–∫,https://uk.tgstat.com/channel/@job_if,https://t.me/job_if
ShowMax,https://uk.tgstat.com/channel/@showmax_tv,https://t.me/showmax_tv
–†–∞–±–æ—Ç–∞ –°—É–º—ã,https://uk.tgstat.com/channel/@Sumyrabotaa,https://t.me/Sumyrabotaa
–î–∏—Å—Ç–∞–Ω—Ü—ñ–π–Ω–∞ —Ä–æ–±–æ—Ç–∞,https://uk.tgstat.com/channel/@remotework_ua,https://t.me/remotework_ua
–•–∞–ª–µ–ø–Ω–∏–π –†–µ–∫—Ä—É—Ç–∏–Ω–≥,https://uk.tgstat.com/channel/@halepnyirecruiting,https://t.me/halepnyirecruiting
Aba Crewing,https://uk.tgstat.com/channel/@AbaCrewing,https://t.me/AbaCrewing
–†–æ–±–æ—Ç–∞ –õ—å–≤—ñ–≤. –ü—ñ–¥—Ä–æ–±—ñ—Ç–æ–∫,https://uk.tgstat.com/channel/@robota_lviv_ua,https://t.me/robota_lviv_ua
robota.ua NOW –¢–µ—Ä–Ω–æ–ø—ñ–ª—å—â–∏–Ω–∞,https://uk.tgstat.com/channel/@robotaua_now_ternopil,https://t.me/robotaua_now_ternopil
LNU Career Office,https://uk.tgstat.com/channel/@careeroffice,https://t.me/careeroffice
–í–∞–∫–∞–Ω—Å—ñ—ó –±–µ–∑ –¥–æ—Å–≤—ñ–¥—É | JOBS in UA,https://uk.tgstat.com/channel/@jobsinuaonline,https://t.me/jobsinuaonline
PRACYA | –†–æ–±–æ—Ç–∞ –≤ –•–∞—Ä–∫–æ–≤—ñ,https://uk.tgstat.com/channel/ztEKBDpF21lkYjNi,https://t.me/joinchat/ztEKBDpF21lkYjNi
üõ† –†–∞–±–æ—Ç–∞ –≤ –ê–≤—Å—Ç—Ä–∏–∏,https://uk.tgstat.com/channel/@rabota_avstrija,https://t.me/rabota_avstrija
IT –≤–∞–∫–∞–Ω—Å—ñ—ó - –ù–∞—Ç–∞–ª—ñ,https://uk.tgstat.com/channel/@job_natali,https://t.me/job_natali
–†–∞–±–æ—Ç–∞ –≤ EU,https://uk.tgstat.com/channel/@JobsEuropaa,https://t.me/JobsEuropaa
WiT üá∫üá¶ IT Jobs / –í–∞–∫–∞–Ω—Å—ñ—ó –≤ IT,https://uk.tgstat.com/channel/@itjobswit,https://t.me/itjobswit
Ukraina Maritime Agency,https://uk.tgstat.com/channel/@umaukrain,https://t.me/umaukrain
Job üåè worldwide,https://uk.tgstat.com/channel/@work_vacancies_world,https://t.me/work_vacancies_world
–†–∞–±–æ—Ç–∞ –≤ –ü–æ–ª—å—à–µ‚ùáÔ∏è –†–æ–±–æ—Ç–∞ –≤ –ü–æ–ª—å—â—ñ‚ù§Ô∏è–ì–µ—Ä–º–∞–Ω–∏–∏üî• –∑–∞ –≥—Ä–∞–Ω–∏—Ü–µ–πüá∫üá¶–†–æ–±–æ—Ç–∞ –≤ –ü–æ–ª—å—â—ñ/ –ß–µ—Ö—ñ—ó /–Ñ–≤—Ä–æ–ø—ñ/ –∑–∞ –∫–æ—Ä–¥–æ–Ω–æ–º/ –ù—ñ–º–µ—á—á–∏–Ω—ñ Work,https://uk.tgstat.com/channel/@WeWorkCentr,https://t.me/WeWorkCentr
–ü–æ–¥—Ä–∞–±–æ—Ç–∫–∞ –ö–∏–µ–≤,https://uk.tgstat.com/channel/@Potrabotki2020,https://t.me/Potrabotki2020
–ù–∞–π–º–∞—Ä–Ω—è,https://uk.tgstat.com/channel/@naymarnya,https://t.me/naymarnya
"–ù–°–ö ""–û–ª–∏–º–ø–∏–π—Å–∫–∏–π """,https://uk.tgstat.com/channel/@olimpiyskiy,https://t.me/olimpiyskiy
–õ–∞–±–æ—Ä–∞—Ç–æ—Ä—ñ—è –∫–∞—Ä'—î—Ä–∏ –•–ù–ï–£ —ñ–º. –°. –ö—É–∑–Ω–µ—Ü—è,https://uk.tgstat.com/channel/@careerhneu,https://t.me/careerhneu
QAGroup,https://uk.tgstat.com/channel/@QualityAssuranceGroupNews,https://t.me/QualityAssuranceGroupNews
–†–æ–±–æ—Ç–∞ –≤ –ö–∞–Ω–∞–¥—ñ,https://uk.tgstat.com/channel/@workukranian,https://t.me/workukranian
JOB EXPO,https://uk.tgstat.com/channel/@job_expo_careers,https://t.me/job_expo_careers
–Ñ —Ä–æ–±–æ—Ç–∞! | –†—ñ–≤–Ω–µ,https://uk.tgstat.com/channel/@YeRobotaRV,https://t.me/YeRobotaRV
"–°—ä–µ–º–∫–∏, –ø–æ–¥—Ä–∞–±–æ—Ç–∫–∏ –ö–∏–µ–≤",https://uk.tgstat.com/channel/@sjomki_kyiv,https://t.me/sjomki_kyiv
–ö–∞–Ω–∞–¥–∞ üá®üá¶ –°–®–ê üá∫üá∏–ê–Ω–≥–ª—ñ—è üá¨üáß Zakordon Visa,https://uk.tgstat.com/channel/AAAAAEqRC160WXHTrnnulw,https://t.me/joinchat/AAAAAEqRC160WXHTrnnulw
–¢—Ä—É–¥–æ–≤–µ –ø—Ä–∞–≤–æ —Ç–∞ –∑–∞–∫–æ–Ω üá∫üá¶,https://uk.tgstat.com/channel/@trudovoe_pravo_zakon,https://t.me/trudovoe_pravo_zakon
–†–æ–±–æ—Ç–∞ –≤ –º.–£–º–∞–Ω—å üá∫üá¶ üçâ,https://uk.tgstat.com/channel/@worksUman,https://t.me/worksUman
Labor | UA,https://uk.tgstat.com/channel/@LaborUA,https://t.me/LaborUA
"–†–µ–∫–æ–º–µ–Ω–¥–æ–≤–∞–Ω—ñ –ö–∞—Å—Ç–∏–Ω–≥–∏ –ü—Ä–æ—Ñ–µ—Å—ñ–π–Ω–æ—ó —Å–ø—ñ–ª–∫–∏ –∞–∫—Ç–æ—Ä—Å—å–∫–∏—Ö –ø—Ä–æ—Ñ–µ—Å—ñ–π –£–∫—Ä–∞—ó–Ω–∏ üá∫üá¶"" üé¨",https://uk.tgstat.com/channel/@Crowd_marshals_of_Uk,https://t.me/Crowd_marshals_of_Uk
–ê–≥—Ä–æ–†–æ–±–æ—Ç–∞. –ê–≥—Ä–æ—Ö–æ–ª–¥–∏–Ω–≥–∏,https://uk.tgstat.com/channel/@agrorobota_agrokholdynhy,https://t.me/agrorobota_agrokholdynhy
MarineJobs,https://uk.tgstat.com/channel/@marinejobz,https://t.me/marinejobz
"Workzavr | –î–∏—Å—Ç–∞–Ω—Ü—ñ–π–Ω–∞ —Ä–æ–±–æ—Ç–∞: IT, –º–∞—Ä–∫–µ—Ç–∏–Ω–≥, –¥—ñ–¥–∂–∏—Ç–∞–ª",https://uk.tgstat.com/channel/cSuK8B9VfwsyODky,https://t.me/joinchat/cSuK8B9VfwsyODky
–†–æ–±–æ—Ç–∞ —É –ü–æ–ª—Ç–∞–≤—ñ ‚Äî Work.ua,https://uk.tgstat.com/channel/@workua_poltava,https://t.me/workua_poltava
–ì—Ä—É–∑–æ–ø–µ—Ä–µ–≤–æ–∑–∫–∏ –ö–∏–µ–≤,https://uk.tgstat.com/channel/@gryzchiki24,https://t.me/gryzchiki24
–ö—É—Ö–∞—Ä –õ—å–≤—ñ–≤ (–≤–∞–∫–∞–Ω—Å—ñ—ó) üë©‚Äçüç≥üë®‚Äçüç≥,https://uk.tgstat.com/channel/@lviv_cook,https://t.me/lviv_cook
–°—Ç–∞–∂—É–≤–∞–Ω–Ω—è –≤ –ú–æ–≥–∏–ª—è–Ω—Ü—ñ,https://uk.tgstat.com/channel/@internshipkma,https://t.me/internshipkma
–†–û–ë–û–¢–ê –ö–ò–á–í | –†–ê–ë–û–¢–ê –ö–ò–ï–í,https://uk.tgstat.com/channel/@WORKIN_KYIV,https://t.me/WORKIN_KYIV
–ú—É–¥—Ä–µ—Ü—å (ex. Remote Work UA),https://uk.tgstat.com/channel/@remote_work_ua,https://t.me/remote_work_ua
–†–∞–±–æ—Ç–∞ –•–ê–†–¨–ö–û–í,https://uk.tgstat.com/channel/@work_kharkiv,https://t.me/work_kharkiv
–í–æ–ª–æ–¥–∞—Ä—Å–∫–æ–µ —Å–µ–≥–æ–¥–Ω—è üá∑üá∫,https://uk.tgstat.com/channel/@vldr_today,https://t.me/vldr_today
–ö–ê–°–¢–ò–ù–ì–ò –î–õ–Ø –ê–ö–¢–û–†–Ü–í –¢–ê –ú–û–î–ï–õ–ï–ô - –ö–ò–á–í –£–ö–†–ê–á–ù–ê üíôüíõ,https://uk.tgstat.com/channel/@nakasting,https://t.me/nakasting
√â | Live üß°,https://uk.tgstat.com/channel/@filatoveducation,https://t.me/filatoveducation
–ö–∞—Å—Ç–∏–Ω–≥–∏üé¨–®–û–£–ë–Ü–ó–ù–ï–°Ô∏è üá∫üá¶,https://uk.tgstat.com/channel/@tvcastings,https://t.me/tvcastings
AlohaStudentland,https://uk.tgstat.com/channel/@aloha_studentland,https://t.me/aloha_studentland
The Gravity Agency,https://uk.tgstat.com/channel/@thegravityagency,https://t.me/thegravityagency
üá∫üá¶–ù–æ–≤–æ—Å—Ç–∏ —Ä–∞–±–æ—Ç–∞ –≤ –ò—Ä–ª–∞–Ω–¥–∏–∏ üáÆüá™,https://uk.tgstat.com/channel/@irlandiaukraine,https://t.me/irlandiaukraine
–í—ñ–¥–¥–∞–ª–µ–Ω—ñ –≤–∞–∫–∞–Ω—Å—ñ—ó | HOME OFFICE,https://uk.tgstat.com/channel/@HomeOffice_ua,https://t.me/HomeOffice_ua
–†–æ–±–æ—Ç–∞ –¢—É–ª—å—á–∏–Ω,https://uk.tgstat.com/channel/@robota_tulchin,https://t.me/robota_tulchin
HoReCa Angels,https://uk.tgstat.com/channel/@HorecaAngels,https://t.me/HorecaAngels
–ö–∞–Ω–∞–ª –ë—ñ—Ä–∂—ñ –∫–æ–Ω—Ç–µ–Ω—Ç—É UATXT.COM üá∫üá¶üá∫üá¶üá∫üá¶üá∫üá¶üá∫üá¶,https://uk.tgstat.com/channel/@uatxt,https://t.me/uatxt
Remote IT Jobs [war time],https://uk.tgstat.com/channel/@remote_it_jobs,https://t.me/remote_it_jobs
"–ö–ª—É–∂: —Ä–∞–±–æ—Ç–∞, —É—á–µ–±–∞, –∂–∏–ª—å–µ!",https://uk.tgstat.com/channel/@ukinkluj,https://t.me/ukinkluj
–†–æ–±–æ—Ç–∞ –£–∂–≥–æ—Ä–æ–¥,https://uk.tgstat.com/channel/@uzhgorod_robota_vakansii,https://t.me/uzhgorod_robota_vakansii
–ê–∫–∞–¥–µ–º–∏—è –ü–µ—Ä—Å–æ–Ω–∞–ª–∞,https://uk.tgstat.com/channel/@staff_academy2019,https://t.me/staff_academy2019
–í–∞–∫–∞–Ω—Å—ñ—ó –≤ –û–¥–µ—Å—ñ.–†–æ–±–æ—Ç–∞,https://uk.tgstat.com/channel/@obzhorabota,https://t.me/obzhorabota
Women UA,https://uk.tgstat.com/channel/@careerwomen,https://t.me/careerwomen
–ú–∞—Ä–∏—É–ø–æ–ª—å—Å–∫–∏–π –ì–æ—Ä–æ–¥—Å–∫–æ–π –¶–µ–Ω—Ç—Ä –ó–∞–Ω—è—Ç–æ—Å—Ç–∏,https://uk.tgstat.com/channel/@marcentrzan,https://t.me/marcentrzan
INCO –∫–∞–Ω–¥–∏–¥–∞—Ç–∏,https://uk.tgstat.com/channel/@inco_works,https://t.me/inco_works
–í–∞–∫–∞–Ω—Å—ñ—ó —Ç–∞ –ø–æ—à—É–∫ –ø—ñ–¥—Ä—è–¥–Ω–∏–∫—ñ–≤ –∑ –∫–æ–Ω—Ç–µ–∫—Å—Ç–Ω–æ—ó —Ä–µ–∫–ª–∞–º–∏ | Google Ads | PPC,https://uk.tgstat.com/channel/@ppc_vacancy,https://t.me/ppc_vacancy
Bolt Food üçî –•–∞—Ä–∫—ñ–≤,https://uk.tgstat.com/channel/@boltfood_kharkiv,https://t.me/boltfood_kharkiv
–®–∞–±–∞—à–∫–∞ | –†–æ–±–æ—Ç–∞ –≤ –î–Ω—ñ–ø—Ä—ñ,https://uk.tgstat.com/channel/@shabashka,https://t.me/shabashka
SMM PR –°–ú–ò –ü—Ä–æ–¥–≤–∏–∂–µ–Ω–∏–µ,https://uk.tgstat.com/channel/@freelanceagency,https://t.me/freelanceagency
üßë‚Äçüíª–í–∞–∫–∞–Ω—Å—ñ—ó –£–∫—Ä–∞—ó–Ω–∏ | –î–∏—Å—Ç–∞–Ω—Ü—ñ–π–Ω–∞ —Ä–æ–±–æ—Ç–∞,https://uk.tgstat.com/channel/@vacansiiukraine,https://t.me/vacansiiukraine
–î–∏—Å—Ç–∞–Ω—Ü—ñ–π–Ω–æ UA üá∫üá¶ –ü—Ä–∞—Ü—é–π –¥–∏—Å—Ç–∞–Ω—Ü—ñ–π–Ω–æ,https://uk.tgstat.com/channel/@DystanciinoUA,https://t.me/DystanciinoUA
Intellias,https://uk.tgstat.com/channel/@intellias_career,https://t.me/intellias_career
–†–∞–±–æ—Ç–∞ –ú–µ–ª–∏—Ç–æ–ø–æ–ª—å | MelitopolVork,https://uk.tgstat.com/channel/@melitopolVork,https://t.me/melitopolVork
–ü–æ–∑—ñ—Ä!,https://uk.tgstat.com/channel/@lvivplast_pozir,https://t.me/lvivplast_pozir
–†–æ–±–æ—Ç–∞ –≤ –ö–∏—î–≤—ñ,https://uk.tgstat.com/channel/@kiev_work_rabota_ua,https://t.me/kiev_work_rabota_ua
–í–∞–∫–∞–Ω—Å—ñ—ñ –°—É–≤–æ—Ä–æ–≤—Å—å–∫–æ–≥–æ —É–ø—Ä–∞–≤–ª—ñ–Ω–Ω—è –û–¥–µ—Å—å–∫–æ—ó —Ñ—ñ–ª—ñ—ó,https://uk.tgstat.com/channel/@suvorovRCZ,https://t.me/suvorovRCZ
robota.ua NOW –ñ–∏—Ç–æ–º–∏—Ä—â–∏–Ω–∞,https://uk.tgstat.com/channel/@robotaua_now_zhytomyr,https://t.me/robotaua_now_zhytomyr
–†–æ–±–æ—Ç–∞ –≤ –Ñ–≤—Ä–æ–ø—ñ MYG Staff,https://uk.tgstat.com/channel/@mygstaff,https://t.me/mygstaff
elfbarsik,https://uk.tgstat.com/channel/@elfbarsik,https://t.me/elfbarsik
–ú–∏–∫–æ–ª–∞—ó–≤—Å—å–∫–∞ –æ–±–ª–∞—Å–Ω–∞ —Å–ª—É–∂–±–∞ –∑–∞–π–Ω—è—Ç–æ—Å—Ç—ñ,https://uk.tgstat.com/channel/@dmytro_oboronko,https://t.me/dmytro_oboronko
–†–æ–±–æ—Ç–∞ —É –ß–µ—Ä–∫–∞—Å–∞—Ö ‚Äî Work.ua,https://uk.tgstat.com/channel/@workua_cherkasy,https://t.me/workua_cherkasy
Freelance Bay,https://uk.tgstat.com/channel/@easyworkonhour,https://t.me/easyworkonhour
Boosta –¥–ª—è –º–æ–ª–æ–¥—ñ üå±,https://uk.tgstat.com/channel/@boostaforyouth,https://t.me/boostaforyouth
Atlanta Solutions | –§—Ä–∏–ª–∞–Ω—Å –ø—Ä–æ–µ–∫—Ç—ã,https://uk.tgstat.com/channel/@atlantafreelance,https://t.me/atlantafreelance
–®–ø–æ—Ä–∞_–¥–ª—è_–∞–∫—Ç–æ—Ä–∞,https://uk.tgstat.com/channel/@CheatSheet4actors,https://t.me/CheatSheet4actors
–†–æ–±–æ—Ç–∞ –¥–ª—è —Å—Ç—É–¥–µ–Ω—Ç—ñ–≤ –ß–ù–£,https://uk.tgstat.com/channel/@stud_job_cv_ua,https://t.me/stud_job_cv_ua
–†–æ–±–æ—Ç–∞ –õ—å–≤—ñ–≤ (1000$+),https://uk.tgstat.com/channel/@jobslviv_1000,https://t.me/jobslviv_1000
Hookah work Odessa,https://uk.tgstat.com/channel/@hwodessa,https://t.me/hwodessa
Bolt Food Information,https://uk.tgstat.com/channel/@boltfoodinfo,https://t.me/boltfoodinfo
üôã‚Äç‚ôÇÔ∏è –û–§–Ü–¶–Ü–ê–ù–¢ –õ–¨–í–Ü–í (–í–ê–ö–ê–ù–°–Ü–á) üôã‚Äç‚ôÄÔ∏è,https://uk.tgstat.com/channel/@waiters_lviv,https://t.me/waiters_lviv
–¶–µ–Ω—Ç—Ä–∞–ª—å–Ω–æ-–ó–∞—Ö—ñ–¥–Ω–µ –º—ñ–∂—Ä–µ–≥—ñ–æ–Ω–∞–ª—å–Ω–µ —É–ø—Ä–∞–≤–ª—ñ–Ω–Ω—è –î–µ—Ä–∂–ø—Ä–∞—Ü—ñ,https://uk.tgstat.com/channel/@km_dsp,https://t.me/km_dsp
"–¢–µ—Å—Ç–∏—Ä–æ–≤—â–∏–∫ (QA) - –≤–∞–∫–∞–Ω—Å–∏–∏, —É–¥–∞–ª–µ–Ω–∫–∞ –∏ –ø–æ–¥—Ä–∞–±–æ—Ç–∫–∞",https://uk.tgstat.com/channel/AAAAAEVR63Bc3zFiuhufJw,https://t.me/joinchat/AAAAAEVR63Bc3zFiuhufJw
–ü—Ä–∞—Ü—é–π –í–¥–æ–º–∞ | –í–∞–∫–∞–Ω—Å—ñ—ó –≤ IT —Ç–∞ Digital| –í—ñ–¥–¥–∞–ª–µ–Ω–∞ —Ä–æ–±–æ—Ç–∞,https://uk.tgstat.com/channel/@prc_ua,https://t.me/prc_ua
"–†–æ–±–æ—Ç–∞ –¥–ª—è —Å—Ç—É–¥–µ–Ω—Ç—ñ–≤, –õ—å–≤—ñ–≤ üí∏",https://uk.tgstat.com/channel/@job_for_students_lviv,https://t.me/job_for_students_lviv
IT Jobs Rivne&Lutsk,https://uk.tgstat.com/channel/@itjobs_rivnelutsk,https://t.me/itjobs_rivnelutsk
UAFF HR | –í–∞–∫–∞–Ω—Å—ñ—ó | –ê—Ä–±—ñ—Ç—Ä–∞–∂ –¢—Ä–∞—Ñ—ñ–∫—É,https://uk.tgstat.com/channel/@uaff_hr,https://t.me/uaff_hr
–†–∞–±–æ—Ç–∞ –≤ –•–µ—Ä—Å–æ–Ω–µ | –í–∞–∫–∞–Ω—Å–∏–∏,https://uk.tgstat.com/channel/@kherson_job,https://t.me/kherson_job
"–í–∞–∫–∞–Ω—Å—ñ—ó, Glasgow —Ç–∞ –æ–∫–æ–ª–∏—Ü—ñ",https://uk.tgstat.com/channel/@job_for_ukrainians_uk,https://t.me/job_for_ukrainians_uk
–í—ñ–¥–¥–∞–ª–µ–Ω–∞ –†–û–ë–û–¢–ê | –≤—ñ–¥ 500 $,https://uk.tgstat.com/channel/@work_dneprrr,https://t.me/work_dneprrr
–†–∞–±–æ—Ç–∞ –ò–∑—é–º (–í–∞–∫–∞–Ω—Å–∏–∏),https://uk.tgstat.com/channel/@rabota_izyum,https://t.me/rabota_izyum
–õ–æ–¥–∑—å - –†–∞–±–æ—Ç–∞,https://uk.tgstat.com/channel/@lodz_work,https://t.me/lodz_work
PRACYA | –†–æ–±–æ—Ç–∞ —É –õ—å–≤–æ–≤—ñ,https://uk.tgstat.com/channel/IFRXi410040yOWUy,https://t.me/joinchat/IFRXi410040yOWUy
–ê–≥—Ä–æ–†–æ–±–æ—Ç–∞,https://uk.tgstat.com/channel/@agrorobota,https://t.me/agrorobota
–ö–£–ë–Ü–ö : –≤–∞–∫–∞–Ω—Å—ñ—ó,https://uk.tgstat.com/channel/@cybervacancies,https://t.me/cybervacancies
HR & –†–µ–∫—Ä—É—Ç–∏–Ω–≥ –¶–µ—Ö,https://uk.tgstat.com/channel/@recruitment_guild,https://t.me/recruitment_guild
–ö—Ä–∏–≤–æ–π –†–æ–≥,https://uk.tgstat.com/channel/@krivbassonline,https://t.me/krivbassonline
–†–æ–±–æ—Ç–∞ –ø—Ä–æ–º–æ—É—Ç–µ—Ä–æ–º –ö–∏—ó–≤,https://uk.tgstat.com/channel/@rabota_promo_kiev,https://t.me/rabota_promo_kiev
–¶–ö –Ü –¶–µ–Ω—Ç—Ä –ö–∞—Ä'—î—Ä–∏ –Ü–ú–í,https://uk.tgstat.com/channel/@Career_centerIIR,https://t.me/Career_centerIIR
–†–∞–±–æ—Ç–∞ –ø—Ä–æ–º–æ—É—Ç–µ—Ä–æ–º | –ø–æ–¥—Ä–∞–±–æ—Ç–∫–∏ –ö–∏–µ–≤,https://uk.tgstat.com/channel/@rabota_promoyterom_kiev,https://t.me/rabota_promoyterom_kiev
PEER2PROFITS | –ü–∞—Å–∏–≤–Ω–∏–π –∑–∞—Ä–æ–±—ñ—Ç–æ–∫ –≤ —ñ–Ω—Ç–µ—Ä–Ω–µ—Ç—ñ | –í—ñ–¥–¥–∞–ª–µ–Ω–æ –≤–¥–æ–º–∞ |,https://uk.tgstat.com/channel/@per2pro,https://t.me/per2pro
üí∂ –†–æ–±–æ—Ç–∞ + –ú–æ–∂–ª–∏–≤–æ—Å—Ç—ñ üí∂,https://uk.tgstat.com/channel/@your_new_work,https://t.me/your_new_work
Sea Journey,https://uk.tgstat.com/channel/@SeaJourney_UK,https://t.me/SeaJourney_UK
–£—Å–ø—ñ—à–Ω–∞ –∫–∞—Ä‚Äô—î—Ä–∞ –≤ IT,https://uk.tgstat.com/channel/@it_vacancii_kharkiv_it_cluster,https://t.me/it_vacancii_kharkiv_it_cluster
–†–ê–ë–û–¢–ê –ú–ê–°–°–û–í–ö–ê –ö–ò–ï–í üéûüì∏üé•üì∏üéû,https://uk.tgstat.com/channel/@RABOTA_V_MASOVKE_1,https://t.me/RABOTA_V_MASOVKE_1
–í–∞–∫–∞–Ω—Å—ñ—ó –≤—ñ–¥ Key People,https://uk.tgstat.com/channel/@keypeoplecareer,https://t.me/keypeoplecareer
–§—Ä—ñ–ª–∞–Ω—Å –≤ –£–∫—Ä–∞—ó–Ω—ñ. üè† –í—ñ–¥–¥–∞–ª–µ–Ω–∞ —Ä–æ–±–æ—Ç–∞/ –§—Ä–∏–ª–∞–Ω—Å –≤ –£–∫—Ä–∞–∏–Ω–µ. –£–¥–∞–ª–µ–Ω–Ω–∞—è —Ä–∞–±–æ—Ç–∞,https://uk.tgstat.com/channel/@freelance_in_ukraine,https://t.me/freelance_in_ukraine
–ú–æ—Ä—Å–∫–∏–µ –≤–∞–∫–∞–Ω—Å–∏–∏‚öìÔ∏è—Ç—Ä—É–¥–æ—É—Å—Ç—Ä–æ–π—Å—Ç–≤–æüö¢,https://uk.tgstat.com/channel/@seajobsdocuments,https://t.me/seajobsdocuments
–ò—â—É –º–æ–¥–µ–ª—å –û–¥–µ—Å—Å–∞üíã,https://uk.tgstat.com/channel/@Odessa_modelki,https://t.me/Odessa_modelki
BazaIT |Talents|,https://uk.tgstat.com/channel/@BazaITJobs,https://t.me/BazaITJobs
–†–æ–±–æ—Ç–∞ —É –¢–µ—Ä–Ω–æ–ø–æ–ª—ñ ‚Äî Work.ua,https://uk.tgstat.com/channel/@workua_ternopil,https://t.me/workua_ternopil
–°—Ç—É–¥–µ–Ω—Ç—Å—å–∫–∏–π —Ä–µ–∫—Ä—É—Ç–∏–Ω–≥ üîç,https://uk.tgstat.com/channel/@recruiting_nulp,https://t.me/recruiting_nulp
–†–æ–±–æ—Ç–∞ –¥–ª—è –ö—Ä–µ–∞—Ç–æ—Ä—ñ–≤,https://uk.tgstat.com/channel/@jobsforcreators,https://t.me/jobsforcreators
–£–∫—Ä–∞—ó–Ω—Å—å–∫–∏–π –û—Å–≤—ñ—Ç–Ω—ñ–π –•–∞–± –≤ –£–≥–æ—Ä—â–∏–Ω—ñ,https://uk.tgstat.com/channel/@UAeduhubHU,https://t.me/UAeduhubHU
–ü—Ä–æ–ø–æ–Ω—É—î–º–æ —Ä–æ–±–æ—Ç—É,https://uk.tgstat.com/channel/@vakansiaworkrobota,https://t.me/vakansiaworkrobota
üìçFASHION_community,https://uk.tgstat.com/channel/@ufeg_community,https://t.me/ufeg_community
Reikartz _–†–∞–±–æ—Ç–∞,https://uk.tgstat.com/channel/@reikartz,https://t.me/reikartz
–°‚òÄÔ∏è–Ω—è—á–Ω–∏–π HR | Lana Solntseva,https://uk.tgstat.com/channel/@sunny_HR,https://t.me/sunny_HR
Toltek.eu –õ–∏—Ç–≤–∞ –†–æ–±–æ—Ç–∞ –∑ –∂–∏—Ç–ª–æ–º,https://uk.tgstat.com/channel/@toltekeu,https://t.me/toltekeu
–†–û–ë–û–¢–ê. –û–ì–û–õ–û–®–ï–ù–ù–Ø. UA,https://uk.tgstat.com/channel/@robotareklamaua,https://t.me/robotareklamaua
IT UA | Work | Event üá∫üá¶,https://uk.tgstat.com/channel/@Ituawork,https://t.me/Ituawork
Job Spain / Work Spain/ –†–∞–±–æ—Ç–∞ –≤ –ò—Å–ø–∞–Ω–∏–∏,https://uk.tgstat.com/channel/@workatspain,https://t.me/workatspain
–†–û–ë–û–¢–êüî∏–†–ê–ë–û–¢–êüî∏ SUN ONE,https://uk.tgstat.com/channel/@rabota_sunone,https://t.me/rabota_sunone
"–í–∞–∫–∞–Ω—Å—ñ—ó SEO / Link builder / PBN —Å–ø–µ—Ü—ñ–∞–ª—ñ—Å—Ç—ñ–≤ / Vacancies, –≤–∞–∫–∞–Ω—Å–∏–∏",https://uk.tgstat.com/channel/@seospetsialistukraine,https://t.me/seospetsialistukraine
–†–æ–±–æ—Ç–∞ –≤ –ß–µ—Ö—ñ—ó üá®üáøüá∫üá¶ –ë–µ–∑–∫–æ—à—Ç–æ–≤–Ω—ñ –≤–∞–∫–∞–Ω—Å—ñ—óüîù,https://uk.tgstat.com/channel/@robota,https://t.me/robota
–†–∞–±–æ—Ç–∞ –•–∞—Ä—å–∫–æ–≤ / –†–∞–±–æ—Ç–∞ –≤ –•–∞—Ä—å–∫–æ–≤–µ / —Ä–∞–±–æ—Ç–∞ –•–∞—Ä—å–∫–æ–≤ / —Ö–∞—Ä—å–∫–æ–≤ —Ä–∞–±–æ—Ç–∞ / —Ä–∞–±–æ—Ç–∞ –±–µ–∑ –æ–ø—ã—Ç–∞ / —Ö–∞—Ä—å–∫–æ–≤ / —Ä–∞–±–æ—Ç–∞ / —Ä–∞–±–æ—Ç–∞ –≤ –•–∞—Ä—å–∫–æ–≤–µ –±,https://uk.tgstat.com/channel/@robotakharkovua,https://t.me/robotakharkovua
–£–∫—Ä–∞—ó–Ω—Å—å–∫—ñ –õ—ñ–∫–∞—Ä—ñ –∑–∞ –∫–æ—Ä–¥–æ–Ω–æ–º üíõüíô (–†–æ–±–æ—Ç–∞)‚ÄºÔ∏è,https://uk.tgstat.com/channel/@ucr_dr_za_kordonom,https://t.me/ucr_dr_za_kordonom
–í–∞–∫–∞–Ω—Å—ñ—ó —É —Å—Ñ–µ—Ä—ñ –ê–ù–ê–õ–Ü–¢–ò–ö–ò,https://uk.tgstat.com/channel/@searchBIspecialists,https://t.me/searchBIspecialists
Grid Dynamics Announcements,https://uk.tgstat.com/channel/@GD_vitamin,https://t.me/GD_vitamin
IT –≤–∞–∫–∞–Ω—Å–∏–∏ –ø–æ–¥ —Ä—É–∫–æ–π,https://uk.tgstat.com/channel/@Itjobsathand,https://t.me/Itjobsathand
"TEEAL - –†–æ–±–æ—Ç–∞ –≤ –ü–æ–ª—å—â—ñ, –≤–∞–∫–∞–Ω—Å—ñ—ó.",https://uk.tgstat.com/channel/@TEEALpl,https://t.me/TEEALpl
–†–∞–±–æ—Ç–∞,https://uk.tgstat.com/channel/@rabota_gruz,https://t.me/rabota_gruz
Work Assist - –Ω–æ–≤–∏–Ω–∏ | –≤–∞–∫–∞–Ω—Å—ñ—ó,https://uk.tgstat.com/channel/@workasistpoland,https://t.me/workasistpoland
–†–∞–±–æ—Ç–∞ –ú–∞—Ä–∏—É–ø–æ–ª—å,https://uk.tgstat.com/channel/@rabotanewmariupol,https://t.me/rabotanewmariupol
–†–æ–±–æ—Ç–∞ –≤ –ö–∏—î–≤—ñ üá∫üá¶,https://uk.tgstat.com/channel/@rabota_plus_zarplata,https://t.me/rabota_plus_zarplata
Varna Maritime Service,https://uk.tgstat.com/channel/@ukrainianseamen,https://t.me/ukrainianseamen
TTS_HUB_Vacancies,https://uk.tgstat.com/channel/@tts_hub,https://t.me/tts_hub
"PPC –≤–∞–∫–∞–Ω—Å—ñ—ó —Å–ø–µ—Ü—ñ–∞–ª—ñ—Å—Ç—ñ–≤ / Media buyer, Google Ads, Facebook Ads, Bing Ads, TikTok Ads, —Ç—Ä–∞—Ñ—ñ–∫ –º–µ–Ω–µ–¥–∂–µ—Ä–∏",https://uk.tgstat.com/channel/@ppcspesialistukraine,https://t.me/ppcspesialistukraine
–í–∞–∫–∞–Ω—Å—ñ—ó –ê—Ä—Ü–∏–∑—á–∏–Ω–∏,https://uk.tgstat.com/channel/@arcizfiliya,https://t.me/arcizfiliya
–ó–ê–†–û–ë–ò–¢–ß–ê–ù–ï,https://uk.tgstat.com/channel/AAAAAFSNaJmWCJLI4EdoHA,https://t.me/joinchat/AAAAAFSNaJmWCJLI4EdoHA
–†–∞–±–æ—Ç–∞ –≤ –ù–∏–∫–æ–ª–∞–µ–≤–µ,https://uk.tgstat.com/channel/@work_nikolaev,https://t.me/work_nikolaev
–†–æ–±–æ—Ç–∞ —É —Å—Ñ–µ—Ä—ñ —ñ–≤–µ–Ω—Ç—ñ–≤ Party channel,https://uk.tgstat.com/channel/@channel4party,https://t.me/channel4party
–®—É–∫–∞—î—à —Ä–æ–±–æ—Ç—É? | –û–¥–µ—Å–∞,https://uk.tgstat.com/channel/@robota_in_Odesa,https://t.me/robota_in_Odesa
budni –≤—ñ–¥ robota.ua,https://uk.tgstat.com/channel/@budnirobotaua,https://t.me/budnirobotaua
Vacant üá∫üá¶,https://uk.tgstat.com/channel/@onemorechannelofvacancies,https://t.me/onemorechannelofvacancies
–ü–æ–¥—Ä–æ–±–æ—Ç–∫–∏ –∫–∏–µ–≤ 2023,https://uk.tgstat.com/channel/@raznorobkiev,https://t.me/raznorobkiev
–ü–æ–¥—ñ—ó –§–†–Ü –ö–∏—ó–≤,https://uk.tgstat.com/channel/@friopportunities,https://t.me/friopportunities
–†–æ–±–æ—Ç–∞ –≤ –£–≥–æ—Ä—â–∏–Ω—ñ ‚Äî WORKANT,https://uk.tgstat.com/channel/@workant,https://t.me/workant
–°—Öi–¥–Ω–µ –º—ñ–∂—Ä–µ–≥i–æ–Ω–∞–ª—å–Ω–µ —É–ø—Ä–∞–≤–ªi–Ω–Ω—è –î–µ—Ä–∂–ø—Ä–∞—Üi üá∫üá¶,https://uk.tgstat.com/channel/@smudsp,https://t.me/smudsp
"IT for Ukrainians, USA",https://uk.tgstat.com/channel/@IT_for_Ukranians_USA,https://t.me/IT_for_Ukranians_USA
–ê–≤—Ç–æ–ë–∞–∑–∞—Ä –ö–∞–º'—è–Ω–µ—Ü—å-–ü–æ–¥—ñ–ª—å—Å—å–∫–∏–π,https://uk.tgstat.com/channel/@autobazar_kp,https://t.me/autobazar_kp
ZONE3000 || APPLY NOW,https://uk.tgstat.com/channel/@ZONE3000_vacancy,https://t.me/ZONE3000_vacancy
–ü—Ä–æ–¥–∞–∫—Ç –¶–µ—Ö,https://uk.tgstat.com/channel/@product_management_guild,https://t.me/product_management_guild
–ú–æ–∂–ª–∏–≤–æ—Å—Ç—ñ –î–ª—è –£–∫—Ä–∞—ó–Ω—Ü—ñ–≤,https://uk.tgstat.com/channel/@Ukraine_free_noww,https://t.me/Ukraine_free_noww
–í–ù–¢–£ | –≤–∞–∫–∞–Ω—Å—ñ—ó —Ç–∞ –º–æ–∂–ª–∏–≤–æ—Å—Ç—ñ,https://uk.tgstat.com/channel/@vntucareer,https://t.me/vntucareer
–í–ê–ö–ê–ù–°–ò–ò-–•–ï–†–°–û–ù ( –∏ –æ–±–ª–∞—Å—Ç—å),https://uk.tgstat.com/channel/@vakansii_kherson,https://t.me/vakansii_kherson
–†–∞–±–æ—Ç–∞ –•–∞—Ä—å–∫–æ–≤ üá∫üá¶,https://uk.tgstat.com/channel/@Rabotakharkovv,https://t.me/Rabotakharkovv
–†–∞–±–æ—Ç–∞ –≤ –ë–ª–æ–∫—á–µ–π–Ω,https://uk.tgstat.com/channel/@offer_blockchain,https://t.me/offer_blockchain
–†–ï–ö–õ–ê–ú–ê –í –¢–ï–õ–ï–ì–†–ê–ú,https://uk.tgstat.com/channel/@ZamVladssss,https://t.me/ZamVladssss
–í–∞–∫–∞–Ω—Å—ñ—ó Sales / Project / Product / Account –º–µ–Ω–µ–¥–∂–µ—Ä—ñ–≤ (manager) –≤ IT –≥–∞–ª—É–∑—ñ —ñ –Ω–µ —Ç—ñ–ª—å–∫–∏,https://uk.tgstat.com/channel/@mngrukraine,https://t.me/mngrukraine
–†–û–ë–û–¢–ê –õ–¨–í–Ü–í | –†–ê–ë–û–¢–ê –õ–¨–í–û–í,https://uk.tgstat.com/channel/@WORKIN_LVIV,https://t.me/WORKIN_LVIV
–û–Ω–ª–∞–π–Ω –ü—Ä–æ—Ñ–µ—Å—ñ—è,https://uk.tgstat.com/channel/@onlainprofesiy2023,https://t.me/onlainprofesiy2023
–†–æ–±–æ—Ç–∞ –í—ñ–¥–¥–∞–ª–µ–Ω–æüá∫üá¶,https://uk.tgstat.com/channel/@dist_work,https://t.me/dist_work
"–†–æ–±–æ—Ç–∞ –≤ –Ü–¢, –£–∫—Ä–∞—ó–Ω–∞",https://uk.tgstat.com/channel/@workhomeua,https://t.me/workhomeua
UAüá∫üá¶ –†–æ–±–æ—Ç–∞ –í—ñ–¥–¥–∞–ª–µ–Ω–æ / –í–∞–∫–∞–Ω—Å—ñ—ó,https://uk.tgstat.com/channel/@vakansii_com,https://t.me/vakansii_com
–ö–∏–µ–≤ —Ä–∞–±–æ—Ç–∞ —Å–≤–µ–∂–∏–µ –≤–∞–∫–∞–Ω—Å–∏–∏ –æ–±—ä—è–≤–ª–µ–Ω–∏—è —É–¥–∞–ª–µ–Ω–Ω–æ –ö–∏—ó–≤ —Ä–æ–±–æ—Ç–∞ —Å–≤—ñ–∂—ñ –≤–∞–∫–∞–Ω—Å—ñ—ó –æ–≥–æ–ª–æ—à–µ–Ω–Ω—è –≤—ñ–¥–¥–∞–ª–µ–Ω–æ,https://uk.tgstat.com/channel/@robotain_kyiv,https://t.me/robotain_kyiv
–§–µ–¥–µ—Ä–∞—Ü–∏—è –ø—Ä–æ—Ñ—Å–æ—é–∑–æ–≤ –õ–ù–†,https://uk.tgstat.com/channel/@fplnrru,https://t.me/fplnrru
–û—Ñ—ñ—Å–ù–ù–Ü–ñ. –ú–µ–¥—ñ–∞–≤–∞–∫–∞–Ω—Å—ñ—ó,https://uk.tgstat.com/channel/@job_izh,https://t.me/job_izh
–†–∞–±–æ—Ç–∞ –∏ —É—Å–ª—É–≥–∏ –ó–∞–ø–æ—Ä–æ–∂—å–µüá∫üá¶,https://uk.tgstat.com/channel/@rabota_i_uslugi_zp,https://t.me/rabota_i_uslugi_zp
–†–æ–±–æ—Ç–∞ —É –†–∞–π—Ñ—ñ,https://uk.tgstat.com/channel/@robotaRBA,https://t.me/robotaRBA
–®.–Ü. –†–æ–±–æ—Ç–∞ | –®–æ—Å—Ç–∫–∞,https://uk.tgstat.com/channel/@shostka_job,https://t.me/shostka_job
–ö–∞—Ä'—î—Ä–∞ –¥–ª—è —É–∫—Ä–∞—ó–Ω—Ü—ñ–≤ üá∫üá¶üåçüíôüíõ,https://uk.tgstat.com/channel/@help_UA_career,https://t.me/help_UA_career
–®—É–∫–∞—î—à —Ä–æ–±–æ—Ç—É? | –î–Ω—ñ–ø—Ä–æ,https://uk.tgstat.com/channel/@robota_in_Dnieper,https://t.me/robota_in_Dnieper
–ê–≤—Ç–æ–ë–∞–∑–∞—Ä –î—É–±–Ω–æ –í–∞—Ä–∞—à,https://uk.tgstat.com/channel/@robota_in_rivne,https://t.me/robota_in_rivne
"–†–µ–∫—Ä—É—Ç–µ—Ä / HR - –≤–∞–∫–∞–Ω—Å–∏–∏, —É–¥–∞–ª–µ–Ω–∫–∞ –∏ –ø–æ–¥—Ä–∞–±–æ—Ç–∫–∞",https://uk.tgstat.com/channel/AAAAAFeymicJ6y4lzj-80Q,https://t.me/joinchat/AAAAAFeymicJ6y4lzj-80Q
–ê–≥—Ä–æ–†–æ–±–æ—Ç–∞. –†–æ—Å–ª–∏–Ω–Ω–∏—Ü—Ç–≤–æ,https://uk.tgstat.com/channel/@agrorobota_roslynnytstvo,https://t.me/agrorobota_roslynnytstvo
üá∫üá¶–í–¥–∂–æ–±–µ—Ä | IT –í–ê–ö–ê–ù–°–Ü–á,https://uk.tgstat.com/channel/UPRBPFNgAfM1MmJi,https://t.me/joinchat/UPRBPFNgAfM1MmJi
–ê–≤—Ç–æ–ë–∞–∑–∞—Ä –ë—ñ–ª–∞ –¶–µ—Ä–∫–≤–∞ / –ê–≤—Ç–æ–†—ã–Ω–æ–∫ –ë–µ–ª–∞—è –¶–µ—Ä–∫–æ–≤—å,https://uk.tgstat.com/channel/@robota_in_kyiv,https://t.me/robota_in_kyiv
–ü—ñ–≤–Ω—ñ—á–Ω–æ-–°—Ö—ñ–¥–Ω–µ –º—ñ–∂—Ä–µ–≥—ñ–æ–Ω–∞–ª—å–Ω–µ —É–ø—Ä–∞–≤–ª—ñ–Ω–Ω—è –î–µ—Ä–∂–∞–≤–Ω–æ—ó —Å–ª—É–∂–±–∏ –∑ –ø–∏—Ç–∞–Ω—å –ø—Ä–∞—Ü—ñ,https://uk.tgstat.com/channel/@dsppoltava,https://t.me/dsppoltava
"–î–∏–∑–∞–π–Ω–µ—Ä / UI / UX - –≤–∞–∫–∞–Ω—Å–∏–∏, —É–¥–∞–ª–µ–Ω–∫–∞ –∏ –ø–æ–¥—Ä–∞–±–æ—Ç–∫–∞",https://uk.tgstat.com/channel/AAAAAFBDGqEXknDreKULEw,https://t.me/joinchat/AAAAAFBDGqEXknDreKULEw
–ê–≤—Ç–æ–ë–∞–∑–∞—Ä –ú—É–∫–∞—á–µ–≤–æ –ê–≤—Ç–æ–†–∏–Ω–æ–∫,https://uk.tgstat.com/channel/@robota_in_uzhgorod,https://t.me/robota_in_uzhgorod
–†–∞–±–æ—Ç–∞ –≤ –ó–∞–ø–æ—Ä–æ–∂—å–µ,https://uk.tgstat.com/channel/@zaporozhye_rabota,https://t.me/zaporozhye_rabota
–†–æ–±–æ—Ç–∞ –õ—å–≤—ñ–≤ 2.0,https://uk.tgstat.com/channel/@robota_lviv228,https://t.me/robota_lviv228
–†–æ–±–æ—Ç–∞ –≤ –Ñ–≤—Ä–æ–ø—ñ üëî —Å–ø—ñ–≤–ø—Ä–∞—Ü—è –∑ –ú—ñ–Ω–ø—Ä–∞—Ü—ñ —Ç–∞ —ó—Ö –ø–æ–º—ñ—á–Ω–∏–∫–∞–º–∏,https://uk.tgstat.com/channel/@pracaveu,https://t.me/pracaveu
–†–æ–±–æ—Ç–∞ –ß–µ—Ä–Ω—ñ–≤—Ü—ñ,https://uk.tgstat.com/channel/@chernivtsirobota,https://t.me/chernivtsirobota
–†–æ–±–æ—Ç–∞ –ö–∏—ó–≤ (1000$+),https://uk.tgstat.com/channel/@jobskyiv_1000,https://t.me/jobskyiv_1000
Junior JobUA l –í–∞–∫–∞–Ω—Å—ñ—ó IT,https://uk.tgstat.com/channel/@juniorjobua,https://t.me/juniorjobua
–†–æ–±–æ—Ç–∫–∞ üíôüíõ,https://uk.tgstat.com/channel/@RobotaOdKuMuDni,https://t.me/RobotaOdKuMuDni
–ü–æ—à—É–∫ —Ä–æ–±–æ—Ç–∏ —Ç–∞ –ø—Ä–∞—Ü—ñ–≤–Ω–∏–∫—ñ–≤,https://uk.tgstat.com/channel/@UAworkers,https://t.me/UAworkers
–†–û–ë–û–¢–ê –ö–ò–á–í,https://uk.tgstat.com/channel/@RobotaKyivUA,https://t.me/RobotaKyivUA
–†–æ–±–æ—Ç–∞ –õ—å–≤—ñ–≤ –æ–Ω–ª–∞–π–Ω –≤—ñ–¥–¥–∞–ª–µ–Ω–æ –±—É–¥—ñ–≤–Ω–∏—Ü—Ç–≤–æ —Å–≤—ñ–∂—ñ –≤–∞–∫–∞–Ω—Å—ñ—ó –æ–≥–æ–ª–æ—à–µ–Ω–Ω—è –†–∞–±–æ—Ç–∞ –õ—å–≤–æ–≤ —É–¥–∞–ª–µ–Ω–Ω–∞—è —Å–≤–µ–∂–∏–µ –≤–∞–∫–∞–Ω—Å–∏–∏,https://uk.tgstat.com/channel/@JOBSIN_LVIV,https://t.me/JOBSIN_LVIV
–†–∞–±–æ—Ç–∞ –≤ –î–Ω–µ–ø—Ä–µ,https://uk.tgstat.com/channel/@rab0ta_v_dnepre,https://t.me/rab0ta_v_dnepre
Discovery / –¶—ñ–∫–∞–≤—ñ —Ñ–∞–∫—Ç–∏ —Ç–∞ –Ω–∞—É–∫–æ–≤—ñ –≤—ñ–¥–∫—Ä–∏—Ç—Ç—è,https://uk.tgstat.com/channel/@discov_ery,https://t.me/discov_ery
Kharkiv_work,https://uk.tgstat.com/channel/@kharkiv_work_2022,https://t.me/kharkiv_work_2022
RABOTA KIEV UA,https://uk.tgstat.com/channel/@RabotakievUa0,https://t.me/RabotakievUa0
SUMYJOB | –†–æ–±–æ—Ç–∞ –≤ –°—É–º–∞—Ö,https://uk.tgstat.com/channel/@Sumyjob,https://t.me/Sumyjob
–ê–≤—Ç–æ–ë–∞–∑–∞—Ä –ü–µ—Ä–≤–æ–º–∞–π—Å—å–∫ / –ê–≤—Ç–æ–†—ã–Ω–æ–∫ –ü–µ—Ä–≤–æ–º–∞–π—Å–∫,https://uk.tgstat.com/channel/@autobazar_pervomaysk,https://t.me/autobazar_pervomaysk
"HR! –ê—Ä–±–∏—Ç—Ä–∞–∂ —Ç—Ä–∞—Ñ–∏–∫–∞ - –≤–∞–∫–∞–Ω—Å–∏–∏ –¥–ª—è CPA, SEO, SMM, PR –∏ –º–∞—Ä–∫–µ—Ç–æ–ª–æ–≥–æ–≤",https://uk.tgstat.com/channel/@arbitrazh_trafika_vakansii,https://t.me/arbitrazh_trafika_vakansii
HR_PRO (web-hh.com),https://uk.tgstat.com/channel/@hr_programmer,https://t.me/hr_programmer
–í–ê–õ–ï–†–Ü–ê–ù–ö–ê –ó–ê–°–ü–û–ö–Ü–ô–õ–ò–í–Ü –ù–û–í–ò–ù–ò,https://uk.tgstat.com/channel/j84uRNemq1A4MzVi,https://t.me/joinchat/j84uRNemq1A4MzVi
–†–æ–±–æ—Ç–∞ –£–∫—Ä–∞—ó–Ω–∞,https://uk.tgstat.com/channel/@robotatop2023ua,https://t.me/robotatop2023ua
–†–∞–±–æ—Ç–∞ –£—Å–ª—É–≥–∏ –û–¥–µ—Å—Å–∞,https://uk.tgstat.com/channel/@uslugi_rabota_odessa,https://t.me/uslugi_rabota_odessa
–£–ø—Ä–∞–≤–ª—ñ–Ω–Ω—è —ñ–Ω—Å–ø–µ–∫—Ü—ñ–π–Ω–æ—ó –¥—ñ—è–ª—å–Ω–æ—Å—Ç—ñ —É –ö—ñ—Ä–æ–≤–æ–≥—Ä–∞–¥—Å—å–∫—ñ–π –æ–±–ª–∞—Å—Ç—ñ –ü—ñ–≤–¥–µ–Ω–Ω–æ-–°—Ö—ñ–¥–Ω–æ–≥–æ –º—ñ–∂—Ä–µ–≥—ñ–æ–Ω–∞–ª—å–Ω–æ–≥–æ —É–ø—Ä–∞–≤–ª—ñ–Ω–Ω—è –î–µ—Ä–∂–ø—Ä–∞—Ü—ñ,https://uk.tgstat.com/channel/@dergpraci_kr,https://t.me/dergpraci_kr
–ê–≤—Ç–æ–ë–∞–∑–∞—Ä –õ–æ–∑–æ–≤–∞ / –ê–≤—Ç–æ–†—ã–Ω–æ–∫ –õ–æ–∑–æ–≤–∞—è,https://uk.tgstat.com/channel/@autobazar_lozova,https://t.me/autobazar_lozova
–ü–æ—à—É–∫ —Ä–æ–±–æ—Ç–∏,https://uk.tgstat.com/channel/@worckprk,https://t.me/worckprk
"C# / .NET - –≤–∞–∫–∞–Ω—Å–∏–∏, —É–¥–∞–ª–µ–Ω–∫–∞ –∏ –ø–æ–¥—Ä–∞–±–æ—Ç–∫–∞",https://uk.tgstat.com/channel/AAAAAE6O0PW0dJAChttJaQ,https://t.me/joinchat/AAAAAE6O0PW0dJAChttJaQ
TRAFF WORK,https://uk.tgstat.com/channel/@traff_work,https://t.me/traff_work
"PHP - –≤–∞–∫–∞–Ω—Å–∏–∏, —É–¥–∞–ª–µ–Ω–∫–∞ –∏ –ø–æ–¥—Ä–∞–±–æ—Ç–∫–∞",https://uk.tgstat.com/channel/AAAAAE24bFwG_Is69X2g7A,https://t.me/joinchat/AAAAAE24bFwG_Is69X2g7A
–†–∞–±–æ—Ç–∞ –•–∞—Ä—å–∫–æ–≤,https://uk.tgstat.com/channel/@kharkiv_rabota,https://t.me/kharkiv_rabota
HR IT,https://uk.tgstat.com/channel/@HR_IT_HR_IT,https://t.me/HR_IT_HR_IT
–†–∞–±–æ—Ç–∞ –ß–µ—Ä–∫–∞—Å—Å—ã ‚ù§Ô∏è –í–∞–∫–∞–Ω—Å–∏–∏,https://uk.tgstat.com/channel/@rabota_cherkassy_today,https://t.me/rabota_cherkassy_today
UkrJobs | –†–û–ë–û–¢–ê,https://uk.tgstat.com/channel/@Ukr_jobs,https://t.me/Ukr_jobs
üá©üá™–†–∞–±–æ—Ç–∞ –¥–ª—è –±–µ–∂–µ–Ω—Ü–µ–≤üá∫üá¶,https://uk.tgstat.com/channel/@kanal2075,https://t.me/kanal2075
Work.ua | Rabota.ua | –£–∫—Ä–∞—ó–Ω–∞,https://uk.tgstat.com/channel/@WorkRabota_ua,https://t.me/WorkRabota_ua
–Ü–∑–º–∞—ó–ª—å—Å—å–∫–∞ —Ñ—ñ–ª—ñ—è –û–¥–µ—Å—å–∫–æ–≥–æ –û–¶–ó,https://uk.tgstat.com/channel/@izmailcz,https://t.me/izmailcz
–†–û–ë–û–¢–ê –ö–†–ï–ú–ï–ù–ß–£–ö | –†–ê–ë–û–¢–ê –ö–†–ï–ú–ï–ù–ß–£–ì,https://uk.tgstat.com/channel/@WORKIN_KREMENCHUK,https://t.me/WORKIN_KREMENCHUK
HR_–û—Ç–¥–µ–ª–ø—Ä–æ–¥–∞–∂ (web-hh.com),https://uk.tgstat.com/channel/@hr_prosales,https://t.me/hr_prosales
Image party üîùModel agency ‚ù§Ô∏è,https://uk.tgstat.com/channel/@modelcastingg,https://t.me/modelcastingg
–†–∞–±–æ—Ç–∞ UA –ö–∏–µ–≤,https://uk.tgstat.com/channel/@jobUaKiev,https://t.me/jobUaKiev
–ü—Ä–µ–º—ñ—è –î–∞—Ä–≤—ñ–Ω–∞ üîû,https://uk.tgstat.com/channel/@premia_darvina1,https://t.me/premia_darvina1
Íë≠ –£–ü–ê–ó–û–í Íë≠,https://uk.tgstat.com/channel/@hjd578,https://t.me/hjd578
devdigest // vacancies,https://uk.tgstat.com/channel/@vacancies_digest,https://t.me/vacancies_digest
"–ö–ò–á–í: –†–û–ë–û–¢–ê, –í–ê–ö–ê–ù–°–Ü–á",https://uk.tgstat.com/channel/@ua_1_robota,https://t.me/ua_1_robota
–†–æ–±–æ—Ç–∞ –æ–Ω–ª–∞–π–Ω!,https://uk.tgstat.com/channel/dpeZU8bBI2FlYWNi,https://t.me/joinchat/dpeZU8bBI2FlYWNi
–†–∞–±–æ—Ç–∞ –∑–∞ —Ä—É–±–µ–∂–æ–º –æ—Ç Tornado Job,https://uk.tgstat.com/channel/@tornadojob123,https://t.me/tornadojob123
Crossytopüî•üí•,https://uk.tgstat.com/channel/@Crossytop,https://t.me/Crossytop
"Node.js - –≤–∞–∫–∞–Ω—Å–∏–∏, —É–¥–∞–ª–µ–Ω–∫–∞ –∏ –ø–æ–¥—Ä–∞–±–æ—Ç–∫–∞",https://uk.tgstat.com/channel/AAAAAFIfm_Dsm9eoyVqrZg,https://t.me/joinchat/AAAAAFIfm_Dsm9eoyVqrZg
#—Ä–æ–±–æ—Ç–∞–≤–º–æ–¥—ñ | Digitorial,https://uk.tgstat.com/channel/@digitorial,https://t.me/digitorial
–†–æ–±–æ—Ç–∞ –£–∫—Ä–∞—ó–Ω–∏,https://uk.tgstat.com/channel/@robota_ua_work,https://t.me/robota_ua_work
‚û§ –†–û–ë–û–¢–ê –Ñ | –£–∫—Ä–∞—ó–Ω–∞ - –±–µ–∑–∫–æ—à—Ç–æ–≤–Ω—ñ –≤–∞–∫–∞–Ω—Å—ñ—ó,https://uk.tgstat.com/channel/@worknew_ua,https://t.me/worknew_ua
Outstaff - –†–∞–±–æ—Ç–∞ –ö–∏–µ–≤ üì¶üí∞,https://uk.tgstat.com/channel/@outstaff_kiev,https://t.me/outstaff_kiev
–¶–µ–Ω—Ç—Ä –ó–∞–π–Ω—è—Ç–æ—Å—Ç—ñ üá∫üá¶,https://uk.tgstat.com/channel/@dczua,https://t.me/dczua
"–ë–∏–∑–Ω–µ—Å-–∞–Ω–∞–ª–∏—Ç–∏–∫ (BA) - –≤–∞–∫–∞–Ω—Å–∏–∏, —É–¥–∞–ª–µ–Ω–∫–∞ –∏ –ø–æ–¥—Ä–∞–±–æ—Ç–∫–∞",https://uk.tgstat.com/channel/AAAAAFN9vFcYJ6R9853jVA,https://t.me/joinchat/AAAAAFN9vFcYJ6R9853jVA
TEAM247 - –≤–∞–∫–∞–Ω—Å–∏–∏ –∏ —Ä–∞–±–æ—Ç–∞ –≤ –£–∫—Ä–∞–∏–Ω–µ,https://uk.tgstat.com/channel/@TEAM247WORK,https://t.me/TEAM247WORK
–í–∞–∫–∞–Ω—Å–∏–∏ –≤ –ï–≤—Ä–æ–ø–µ joob.top,https://uk.tgstat.com/channel/@joobtop,https://t.me/joobtop
Work | Edmonton,https://uk.tgstat.com/channel/@edmontonwork,https://t.me/edmontonwork
"C / C++ / Embedded - –≤–∞–∫–∞–Ω—Å–∏–∏, —É–¥–∞–ª–µ–Ω–∫–∞ –∏ –ø–æ–¥—Ä–∞–±–æ—Ç–∫–∞",https://uk.tgstat.com/channel/AAAAAEagyMhguWVs_iSYnw,https://t.me/joinchat/AAAAAEagyMhguWVs_iSYnw
–†–æ–±–æ—Ç–∞ –£–∫—Ä–∞—ó–Ω–∞,https://uk.tgstat.com/channel/@rabotaurk,https://t.me/rabotaurk
–ü—Ä–æ—Ñ–±—é—Ä–æ –ú–ï–í —Ç–∞ –¢–ë,https://uk.tgstat.com/channel/@profkom_irtb,https://t.me/profkom_irtb
–Æ—Ä–∏–¥–∏—á–Ω–∞ –∞–Ω–≥–ª—ñ–π—Å—å–∫–∞,https://uk.tgstat.com/channel/@test_engl_jurid,https://t.me/test_engl_jurid
"–ú–∞—Ä–∫–µ—Ç–∏–Ω–≥ - –≤–∞–∫–∞–Ω—Å–∏–∏, —É–¥–∞–ª–µ–Ω–∫–∞ –∏ –ø–æ–¥—Ä–∞–±–æ—Ç–∫–∞",https://uk.tgstat.com/channel/AAAAAEYPci-3gy4C3u2lkg,https://t.me/joinchat/AAAAAEYPci-3gy4C3u2lkg
–†–æ–±–æ—Ç–∞ –£–∫—Ä–∞—ó–Ω–∞üá∫üá¶,https://uk.tgstat.com/channel/@ua_jobs_ua,https://t.me/ua_jobs_ua
CZECHWORK,https://uk.tgstat.com/channel/@EuroWorkVisa,https://t.me/EuroWorkVisa
"Data Science - –≤–∞–∫–∞–Ω—Å–∏–∏, —É–¥–∞–ª–µ–Ω–∫–∞ –∏ –ø–æ–¥—Ä–∞–±–æ—Ç–∫–∞",https://uk.tgstat.com/channel/AAAAAFe4a5tRco6jEeNnlA,https://t.me/joinchat/AAAAAFe4a5tRco6jEeNnlA
"Gamedev / Unity / AS3 - –≤–∞–∫–∞–Ω—Å–∏–∏, —É–¥–∞–ª–µ–Ω–∫–∞ –∏ –ø–æ–¥—Ä–∞–±–æ—Ç–∫–∞",https://uk.tgstat.com/channel/AAAAAFIvzLGH0itdUvm88w,https://t.me/joinchat/AAAAAFIvzLGH0itdUvm88w
"iOS / macOS - –≤–∞–∫–∞–Ω—Å–∏–∏, —É–¥–∞–ª–µ–Ω–∫–∞ –∏ –ø–æ–¥—Ä–∞–±–æ—Ç–∫–∞",https://uk.tgstat.com/channel/AAAAAEsSHtf4iUqxUGCt4A,https://t.me/joinchat/AAAAAEsSHtf4iUqxUGCt4A
HUMAN LINKS (–ª–µ–≥–∞–ª—å–Ω–µ –ø—Ä–∞—Ü–µ–≤–ª–∞—à—Ç—É–≤–∞–Ω–Ω—è –≤ –Ñ–≤—Ä–æ–ø—ñ),https://uk.tgstat.com/channel/@humanlinksco,https://t.me/humanlinksco
"SQL / DBA - –≤–∞–∫–∞–Ω—Å–∏–∏, —É–¥–∞–ª–µ–Ω–∫–∞ –∏ –ø–æ–¥—Ä–∞–±–æ—Ç–∫–∞",https://uk.tgstat.com/channel/AAAAAFIZlJyQ-bgjjxwN3A,https://t.me/joinchat/AAAAAFIZlJyQ-bgjjxwN3A
–†–∞–±–æ—Ç–∞ –≤ –ï–≤—Ä–æ–ø–µ,https://uk.tgstat.com/channel/@evropraca,https://t.me/evropraca
üá∫üá¶Military Baseüá∫üá¶–Ø–∫—ñ—Å–Ω–µ –≤—ñ–π—Å—å–∫–æ–≤–µ —Å–ø–æ—Ä—è–¥–∂–µ–Ω–Ω—èüíõüíô,https://uk.tgstat.com/channel/@ukrainemilitarybase,https://t.me/ukrainemilitarybase
"Android - –≤–∞–∫–∞–Ω—Å–∏–∏, —É–¥–∞–ª–µ–Ω–∫–∞ –∏ –ø–æ–¥—Ä–∞–±–æ—Ç–∫–∞",https://uk.tgstat.com/channel/AAAAAE1v-LR4hVtxUlaEow,https://t.me/joinchat/AAAAAE1v-LR4hVtxUlaEow
"–ü—Ä–æ–¥–∞–∂–∏ (Sales) - –≤–∞–∫–∞–Ω—Å–∏–∏, —É–¥–∞–ª–µ–Ω–∫–∞ –∏ –ø–æ–¥—Ä–∞–±–æ—Ç–∫–∞",https://uk.tgstat.com/channel/AAAAAEg5oVdT5tFwDEGvlQ,https://t.me/joinchat/AAAAAEg5oVdT5tFwDEGvlQ
–†–∞–±–æ—Ç–∞ –•–∞—Ä—å–∫–æ–≤,https://uk.tgstat.com/channel/@rabotakharkov2020,https://t.me/rabotakharkov2020
"Golang - –≤–∞–∫–∞–Ω—Å–∏–∏, —É–¥–∞–ª–µ–Ω–∫–∞ –∏ –ø–æ–¥—Ä–∞–±–æ—Ç–∫–∞",https://uk.tgstat.com/channel/AAAAAE1uJu17plslpywdSg,https://t.me/joinchat/AAAAAE1uJu17plslpywdSg
HoReCa | Job in Kiev,https://uk.tgstat.com/channel/AAAAAEnVmyO97iUrclAWlQ,https://t.me/joinchat/AAAAAEnVmyO97iUrclAWlQ
–í–∞–∫–∞–Ω—Åi—è UA,https://uk.tgstat.com/channel/@vakansiya_ua,https://t.me/vakansiya_ua
"Customer / technical support - –≤–∞–∫–∞–Ω—Å–∏–∏, —É–¥–∞–ª–µ–Ω–∫–∞ –∏ –ø–æ–¥—Ä–∞–±–æ—Ç–∫–∞",https://uk.tgstat.com/channel/AAAAAFhV8WCEzQ-j1knp_Q,https://t.me/joinchat/AAAAAFhV8WCEzQ-j1knp_Q
Specialist.ua,https://uk.tgstat.com/channel/@specialist_ua_news,https://t.me/specialist_ua_news
CrazyRocket,https://uk.tgstat.com/channel/@CrazyRocket2,https://t.me/CrazyRocket2
Workday_ua,https://uk.tgstat.com/channel/lN6vDAazvrM3NDA6,https://t.me/joinchat/lN6vDAazvrM3NDA6
–î–∂–µ—Ä–µ–ª–æ –ù–∞—Ç—Ö–Ω–µ–Ω–Ω—è,https://uk.tgstat.com/channel/@natxne,https://t.me/natxne
–†—ñ–≤–Ω–µ–Ω—Å—å–∫–∏–π —Ü–µ–Ω—Ç—Ä –ü–¢–û –î–°–ó,https://uk.tgstat.com/channel/@rcpto,https://t.me/rcpto
PRACYA | –†–æ–±–æ—Ç–∞ –≤ –Ü–≤–∞–Ω–æ-–§—Ä–∞–Ω–∫—ñ–≤—Å—å–∫—É,https://uk.tgstat.com/channel/UDPaTh5FNAZjZDJi,https://t.me/joinchat/UDPaTh5FNAZjZDJi
–¢—Ä—É–¥–æ—É—Å—Ç—Ä–æ–π—Å—Ç–≤–æ-–†–∞–±–æ—Ç–∞ –ü–æ–∫—Ä–æ–≤—Å–∫,https://uk.tgstat.com/channel/56WBTHgmuHw4NmIy,https://t.me/joinchat/56WBTHgmuHw4NmIy
‚Ñ¢AllJobüï∏–ò–∑–±—Ä–∞–Ω–Ω—ã–µ –í–∞–∫–∞–Ω—Å–∏–∏ –†–∞–±–æ—Ç—ã üöÄ –¢–æ–ø —É—Å–ª—É–≥–∏ –£–∫—Ä–∞–∏–Ω—ãüá∫üá¶‚Ñ¢AllBigChatsüï∏ –†–µ–∫–æ–º–µ–Ω–¥—É–µ—Ç,https://uk.tgstat.com/channel/@all_jb,https://t.me/all_jb
–†–∞–±–æ—Ç–∞ –ö–∏–µ–≤,https://uk.tgstat.com/channel/@robotaja,https://t.me/robotaja
World of Seamen Group,https://uk.tgstat.com/channel/@wofsg,https://t.me/wofsg
"Ruby - –≤–∞–∫–∞–Ω—Å–∏–∏, —É–¥–∞–ª–µ–Ω–∫–∞ –∏ –ø–æ–¥—Ä–∞–±–æ—Ç–∫–∞",https://uk.tgstat.com/channel/AAAAAEr65mCOornTHS9bWg,https://t.me/joinchat/AAAAAEr65mCOornTHS9bWg
–í–∞–∫–∞–Ω—Å–∏–∏ –≤ –ü–æ–ª—å—à–µ joob.top,https://uk.tgstat.com/channel/@joobtop_pl,https://t.me/joobtop_pl
–í–∞–∫–∞–Ω—Å–∏–∏ –≤ –ß–µ—Ö–∏–∏ joob.top,https://uk.tgstat.com/channel/@joobtop_ch,https://t.me/joobtop_ch
RoboEasy: –í–∞–∫–∞–Ω—Å—ñ—ó - –†–æ–±–æ—Ç–∞,https://uk.tgstat.com/channel/@roboeasy_robota_vakancii,https://t.me/roboeasy_robota_vakancii
"Office Manager - –≤–∞–∫–∞–Ω—Å–∏–∏, —É–¥–∞–ª–µ–Ω–∫–∞ –∏ –ø–æ–¥—Ä–∞–±–æ—Ç–∫–∞",https://uk.tgstat.com/channel/AAAAAFX-KOW0SWwImM3iRg,https://t.me/joinchat/AAAAAFX-KOW0SWwImM3iRg
"–ë–∏–∑–Ω–µ—Å-–∞–Ω–∞–ª–∏—Ç–∏–∫ (BA), –ö–∏–µ–≤ - –≤–∞–∫–∞–Ω—Å–∏–∏, —É–¥–∞–ª–µ–Ω–∫–∞ –∏ –ø–æ–¥—Ä–∞–±–æ—Ç–∫–∞",https://uk.tgstat.com/channel/AAAAAEUGxvrRxif0pXqr1g,https://t.me/joinchat/AAAAAEUGxvrRxif0pXqr1g
–†–æ–±–æ—Ç–∞ –£–∫—Ä–∞—ó–Ω–∞,https://uk.tgstat.com/channel/@rabota_work_ua,https://t.me/rabota_work_ua
–†–∞–±–æ—Ç–∞ –∏ –ü–æ–¥—Ä–∞–±–æ—Ç–∫–∞ –•–∞—Ä—å–∫–æ–≤ –∏ –æ–±–ª–∞—Å—Ç—å,https://uk.tgstat.com/channel/@JobInKh,https://t.me/JobInKh
‚ö°Ô∏è–£–°–ü–Ü–• - –∫–æ–Ω—Å–∞–ª—Ç,https://uk.tgstat.com/channel/@uspih_career,https://t.me/uspih_career
"Content Manager - –≤–∞–∫–∞–Ω—Å–∏–∏, —É–¥–∞–ª–µ–Ω–∫–∞ –∏ –ø–æ–¥—Ä–∞–±–æ—Ç–∫–∞",https://uk.tgstat.com/channel/AAAAAEkbyUEog0IcSOyevg,https://t.me/joinchat/AAAAAEkbyUEog0IcSOyevg
"SEO —Å–ø–µ—Ü–∏–∞–ª–∏—Å—Ç - –≤–∞–∫–∞–Ω—Å–∏–∏, —É–¥–∞–ª–µ–Ω–∫–∞ –∏ –ø–æ–¥—Ä–∞–±–æ—Ç–∫–∞",https://uk.tgstat.com/channel/AAAAAFhP8vi986KbunhxQw,https://t.me/joinchat/AAAAAFhP8vi986KbunhxQw
–ß–µ—Ä–≤–æ–Ω–∏–π –º–∞—Ä–∫–µ—Ç | —Ä–æ–±–æ—Ç–∞,https://uk.tgstat.com/channel/@chervonyiwork,https://t.me/chervonyiwork
Worky Global,https://uk.tgstat.com/channel/@worky_global,https://t.me/worky_global
–£–¥–∞–ª–µ–Ω–Ω–∞—è —Ä–∞–±–æ—Ç–∞ –∏ —Ñ—Ä–∏–ª–∞–Ω—Å –æ—Ç 500$,https://uk.tgstat.com/channel/@remotejob4u,https://t.me/remotejob4u
PRACYA | –†–æ–±–æ—Ç–∞ —É –ß–µ—Ä–Ω—ñ–≤—Ü—è—Ö,https://uk.tgstat.com/channel/cgbkDfAR4pc3ZGNi,https://t.me/joinchat/cgbkDfAR4pc3ZGNi
–Ø–†–ú–ê–†–û–ö –í–ê–ö–ê–ù–°–Ü–ô,https://uk.tgstat.com/channel/@goverla_group,https://t.me/goverla_group
üë∑–ü–æ–¥—Ä–∞–±–æ—Ç–∫–∞ –∏ —Ä–∞–±–æ—Ç–∞ –ù–∏–∫–æ–ª–∞–µ–≤,https://uk.tgstat.com/channel/@rabotavnikolaev,https://t.me/rabotavnikolaev
RSS –†–æ–±–æ—Ç–∞ —É –õ—å–≤–æ–≤—ñ,https://uk.tgstat.com/channel/@rss_drogobych_jobs,https://t.me/rss_drogobych_jobs
"1–° - –≤–∞–∫–∞–Ω—Å–∏–∏, —É–¥–∞–ª–µ–Ω–∫–∞ –∏ –ø–æ–¥—Ä–∞–±–æ—Ç–∫–∞",https://uk.tgstat.com/channel/AAAAAEnO9qLKvQlmQ5KFNg,https://t.me/joinchat/AAAAAEnO9qLKvQlmQ5KFNg
"Scala - –≤–∞–∫–∞–Ω—Å–∏–∏, —É–¥–∞–ª–µ–Ω–∫–∞ –∏ –ø–æ–¥—Ä–∞–±–æ—Ç–∫–∞",https://uk.tgstat.com/channel/AAAAAFMpahZzVt_y_LpUtQ,https://t.me/joinchat/AAAAAFMpahZzVt_y_LpUtQ
vlod's channel,https://uk.tgstat.com/channel/@vlod11,https://t.me/vlod11
Best Reachersüì£,https://uk.tgstat.com/channel/@bestreachers,https://t.me/bestreachers
"Kotlin - –≤–∞–∫–∞–Ω—Å–∏–∏, —É–¥–∞–ª–µ–Ω–∫–∞ –∏ –ø–æ–¥—Ä–∞–±–æ—Ç–∫–∞",https://uk.tgstat.com/channel/AAAAAEMowcDDzcESGKd0oA,https://t.me/joinchat/AAAAAEMowcDDzcESGKd0oA
Gold$Job | –†–æ–±–æ—Ç–∞ –≤ –£–∫—Ä–∞—ó–Ω—ñ,https://uk.tgstat.com/channel/@GJforyou,https://t.me/GJforyou
–ò—â—É –º–æ–¥–µ–ª—å –ö–∏–µ–≤üí•–û—Ç–∑—ã–≤—ã,https://uk.tgstat.com/channel/@modelskyivpoiskotz,https://t.me/modelskyivpoiskotz
Chief engineer. Tanker,https://uk.tgstat.com/channel/@chiefengjobsontankers,https://t.me/chiefengjobsontankers
"–ø—Å–∏—Ö–æ–ª–æ–≥–∏—è, —É—Å–ø–µ—Ö ‚åöüìà",https://uk.tgstat.com/channel/@worktoyourself,https://t.me/worktoyourself
Chief officer. Tanker fleet,https://uk.tgstat.com/channel/@chiefoffjobstankers,https://t.me/chiefoffjobstankers
HoReCa | Job in Dnepr,https://uk.tgstat.com/channel/AAAAAEj4edpQetdaOuU9bQ,https://t.me/joinchat/AAAAAEj4edpQetdaOuU9bQ
–†–æ–±–æ—Ç–∞ –•–º–µ–ª—å–Ω–∏—Ü—å–∫–∏–π –í–∞–∫–∞–Ω—Å—ñ—ó,https://uk.tgstat.com/channel/@khmjobs,https://t.me/khmjobs
–†–∞–±–æ—Ç–∞ –≤ –û–¥–µ—Å—Å–µ,https://uk.tgstat.com/channel/@rabotaodessasilpo,https://t.me/rabotaodessasilpo
–©–æ–¥–µ–Ω–Ω–∏–∫ –ø—Ä–∞—Ü—ñ–≤–Ω–∏–∫–∞,https://uk.tgstat.com/channel/@ShodennikPracivnyka,https://t.me/ShodennikPracivnyka
Helper: –†–æ–±–æ—Ç–∞ –≤ –£–∫—Ä–∞—ó–Ω—ñ | –í–∞–∫–∞–Ω—Å—ñ—ó,https://uk.tgstat.com/channel/1BUCUAjGnX9jM2Iy,https://t.me/joinchat/1BUCUAjGnX9jM2Iy
Work.Kiev –†–∞–±–æ—Ç–∞/–ü–æ–¥—Ä–∞–±–æ—Ç–∫–∞ –ö–∏–µ–≤,https://uk.tgstat.com/channel/AAAAAEV6tmz7jKg9LW4Www,https://t.me/joinchat/AAAAAEV6tmz7jKg9LW4Www
Master. Tanker fleet,https://uk.tgstat.com/channel/@masterjobsontankers,https://t.me/masterjobsontankers
"Erlang - –≤–∞–∫–∞–Ω—Å–∏–∏, —É–¥–∞–ª–µ–Ω–∫–∞ –∏ –ø–æ–¥—Ä–∞–±–æ—Ç–∫–∞",https://uk.tgstat.com/channel/AAAAAEnofb-rcENVXY997g,https://t.me/joinchat/AAAAAEnofb-rcENVXY997g
–†–û–ë–û–¢–ê –û–ù–õ–ê–ô–ù,https://uk.tgstat.com/channel/@rabota_onl1ne,https://t.me/rabota_onl1ne
–í–∞–∫–∞–Ω—Å–∏–∏ –≤ –ë–µ–ª—å–≥–∏–∏ joob.top,https://uk.tgstat.com/channel/@joobtop_be,https://t.me/joobtop_be
–í–∞–∫–∞–Ω—Å—ñ—ó –≤ –£–∫—Ä–∞—ó–Ω—ñ joob.top,https://uk.tgstat.com/channel/@joobtop_ua,https://t.me/joobtop_ua
–†–ê–ë–û–¢–ê –ö–ò–ï–í üë∑,https://uk.tgstat.com/channel/@kiev_zarabotok,https://t.me/kiev_zarabotok
.,https://uk.tgstat.com/channel/@unileveruacareers,https://t.me/unileveruacareers
–†–æ–±–æ—Ç–∞ –û–Ω–ª–∞–π–Ω,https://uk.tgstat.com/channel/@work_onlineua,https://t.me/work_onlineua
RE OLD,https://uk.tgstat.com/channel/@remotemployees,https://t.me/remotemployees
Master. Dry fleet,https://uk.tgstat.com/channel/@masterjobsondryfleet,https://t.me/masterjobsondryfleet
–Ñ —Ä–æ–±–æ—Ç–∞ –≤ –ö–∏—î–≤—ñ üá∫üá¶ | –ü—ñ–¥—Ä–æ–±—ñ—Ç–æ–∫ üá∫üá¶,https://uk.tgstat.com/channel/@e_robota_kiev,https://t.me/e_robota_kiev
–ù–û–í–û–†–û–ë–û–¢–ê üíôüíõ,https://uk.tgstat.com/channel/@novorobota,https://t.me/novorobota
Job One | –í—ñ–¥–¥–∞–ª–µ–Ω–∞ —Ä–æ–±–æ—Ç–∞,https://uk.tgstat.com/channel/@job_one,https://t.me/job_one
–†–ê–ë–û–¢–ê –•–ê–†–¨–ö–û–í,https://uk.tgstat.com/channel/@rabota_kharkov_ua1,https://t.me/rabota_kharkov_ua1
–†–∞–±–æ—Ç–∞ –≤ –ï–≤—Ä–æ–ø–µ,https://uk.tgstat.com/channel/@staszew,https://t.me/staszew
–†–∞–±–æ—Ç–∞ –ö–∏–µ–≤,https://uk.tgstat.com/channel/@r_kiev_ua,https://t.me/r_kiev_ua
