–ú–æ—è –∫–≤–∞—Ä—Ç–∏—Ä–∞ | –Ü–Ω—Ç–µ—Ä'—î—Ä,https://uk.tgstat.com/channel/UqmocvJgKFU2NDhi,https://t.me/joinchat/UqmocvJgKFU2NDhi
–ì–æ—Å–ø–æ–¥–∞—Ä–∫–∞,https://uk.tgstat.com/channel/lEvwXcIZGyQxMDk6,https://t.me/joinchat/lEvwXcIZGyQxMDk6
–î–∏–∑–∞–π–Ω —ñ–Ω—Ç–µ—Ä‚Äò—î—Ä—É,https://uk.tgstat.com/channel/LGgBtHN03k84YjAy,https://t.me/joinchat/LGgBtHN03k84YjAy
–ö–≤–∞–¥—Ä–∞—Ç–Ω–∏–π –ú–µ—Ç—Ä,https://uk.tgstat.com/channel/bTVM5eAdeAQzNmZi,https://t.me/joinchat/bTVM5eAdeAQzNmZi
–ú–ï–ë–ï–õ–¨ + –¢–ï–•–ù–ò–ö–ê –ö–ò–ï–í,https://uk.tgstat.com/channel/@mebel_texnika,https://t.me/mebel_texnika
–õ–∞–Ω–¥—à–∞—Ñ—Ç–Ω–∏–π –î–∏–∑–∞–π–Ω üå≥,https://uk.tgstat.com/channel/nkxV1P6nkK5iNTNi,https://t.me/joinchat/nkxV1P6nkK5iNTNi
–†–û–ó–£–ú–ù–ò–ô –ë–£–î–Ü–í–ï–õ–¨–ù–ò–öüë∑üèª,https://uk.tgstat.com/channel/uuHJyPHfGBJmMzgy,https://t.me/joinchat/uuHJyPHfGBJmMzgy
–ß–æ–ª–æ–≤—ñ—á—ñ —Ö–∏—Ç—Ä–æ—â—ñ,https://uk.tgstat.com/channel/7OIifc_dLLxkYTAy,https://t.me/joinchat/7OIifc_dLLxkYTAy
–†–µ–º–æ–Ω—Ç –∑–∞ –∫–æ–ø—ñ–π–∫–∏üá∫üá¶,https://uk.tgstat.com/channel/jCzPLS9BCAtkODRi,https://t.me/joinchat/jCzPLS9BCAtkODRi
–ó–û–õ–û–¢–Ü –†–£–ö–ò,https://uk.tgstat.com/channel/DCNgMWq_6UxmYWIy,https://t.me/joinchat/DCNgMWq_6UxmYWIy
–ú–æ—î –∂–∏—Ç–ª–æ: –Ü–Ω—Ç–µ—Ä'—î—Ä —Ç–∞ —Ä–µ–º–æ–Ω—Ç,https://uk.tgstat.com/channel/mT3Cv9Vv_MNjNWMy,https://t.me/joinchat/mT3Cv9Vv_MNjNWMy
–ù–∞—à–∞ –î–∞—á–∞,https://uk.tgstat.com/channel/nTMtliFX6-M3Zjcy,https://t.me/joinchat/nTMtliFX6-M3Zjcy
üë∑‚Äç‚ôÇÔ∏è –ë–£–î–Ü–í–ï–õ–¨–ù–ò–ö üë∑‚Äç‚ôÇÔ∏è,https://uk.tgstat.com/channel/gGNSHaphzuhhOWEy,https://t.me/joinchat/gGNSHaphzuhhOWEy
–ö–≤–∞–¥—Ä–∞—Ç—É—Ä–∞ UA,https://uk.tgstat.com/channel/pK5tm7l4VRVjZDky,https://t.me/joinchat/pK5tm7l4VRVjZDky
KOMORA,https://uk.tgstat.com/channel/@komorahome,https://t.me/komorahome
–î–µ –≤ –£–∫—Ä–∞—ó–Ω—ñ –∂–∏—Ç–∏ –¥–æ–±—Ä–µ?,https://uk.tgstat.com/channel/@blog_gdevkievezhithorosho,https://t.me/blog_gdevkievezhithorosho
–ê—Ä—Ö—ñ—Ç–µ–∫—Ç—É—Ä–∞,https://uk.tgstat.com/channel/@architecturee2022,https://t.me/architecturee2022
OV2 Design,https://uk.tgstat.com/channel/@ov2_design,https://t.me/ov2_design
3DmooD üá∫üá¶ PRO 3D MODELS LIBRARY,https://uk.tgstat.com/channel/@tg_3dmod,https://t.me/tg_3dmod
Homebox(–¥–æ–º–∞—à–Ω–∏–π —Ç–µ–∫—Å—Ç–∏–ª—å) (–î—Ä–æ–ø—à–∏–ø—ñ–Ω–≥/–î—Ä–æ–ø—à–∏–ø–ø–∏–Ω–≥),https://uk.tgstat.com/channel/@homeboxA,https://t.me/homeboxA
–ü–æ—Å—Ç—ñ–ª—å–Ω–∞ –±—ñ–ª–∏–∑–Ω–∞ –¥—Ä–æ–ø—à–∏–ø—ñ–Ω–≥ (–£–∫—Ä–∞—ó–Ω–∞),https://uk.tgstat.com/channel/@katovaruk,https://t.me/katovaruk
3D SPACE,https://uk.tgstat.com/channel/@all_3dsky,https://t.me/all_3dsky
–î–ò–ó–ê–ô–ù –ö–õ–£–ë,https://uk.tgstat.com/channel/@design_club_ua,https://t.me/design_club_ua
AliExpress –¥–ª—è –¥–æ–º–∞,https://uk.tgstat.com/channel/@aliexpert_forhome,https://t.me/aliexpert_forhome
3Dsky pro 3Dmax,https://uk.tgstat.com/channel/@promodels_3dsky,https://t.me/promodels_3dsky
JYSK Ukraine,https://uk.tgstat.com/channel/@JYSK_ua,https://t.me/JYSK_ua
–í–µ–Ω—Ç–∏–ª—è—Ü–∏—è. –ó–∞–º–µ—Ç–∫–∏ –Ω–µ–¥–∏–ª–µ—Ç–∞–Ω—Ç–∞.,https://uk.tgstat.com/channel/@vent_dnepr,https://t.me/vent_dnepr
üõã –î–∏–∑–∞–π–Ω —ñ–Ω—Ç–µ—Ä'—î—Ä—É | –ú–µ–±–ª—ñ | –í—ñ–Ø—Ä,https://uk.tgstat.com/channel/@viyar_company,https://t.me/viyar_company
"¬´–§–æ—Ä–º–∞—Ç –ê:1¬ª —É—Ä–±–∞–Ω—ñ—Å—Ç–∏–∫–∞, –∞—Ä—Ö—ñ—Ç–µ–∫—Ç—É—Ä–∞, —Å—É—Å–ø—ñ–ª—å—Å—Ç–≤–æ",https://uk.tgstat.com/channel/@FormatA1_UUA,https://t.me/FormatA1_UUA
–ò–Ω—Ñ—Ä–∞—Å—Ç—Ä—É–∫—Ç—É—Ä–∞ –ú–∞—Ä–∏—É–ø–æ–ª—è,https://uk.tgstat.com/channel/@infrMariupol,https://t.me/infrMariupol
"–ö—É–¥–∏ –ø—ñ—Ç–∏, —è–∫—â–æ —è –∞—Ä—Ö—ñ—Ç–µ–∫—Ç–æ—Ä? üá∫üá¶",https://uk.tgstat.com/channel/@kudapoyti,https://t.me/kudapoyti
–£—é—Ç | –†–µ–º–æ–Ω—Ç,https://uk.tgstat.com/channel/@cosiness_build,https://t.me/cosiness_build
"–ú–µ–±–µ–ª—å –ú–∞—Ä–∏—É–ø–æ–ª—å ""PRO –ú–µ–±–µ–ª—å""",https://uk.tgstat.com/channel/@mebel_mrpl,https://t.me/mebel_mrpl
3Dsky Black Collection üåë,https://uk.tgstat.com/channel/@my_3dsky,https://t.me/my_3dsky
3Düñ§Aliceüñ§group,https://uk.tgstat.com/channel/@helptoo3d,https://t.me/helptoo3d
–Ü–î–ï–á –î–ò–ó–ê–ô–ù–£ | –î–ï–ö–û–†–£ | –õ–ê–ô–§–ö–ê–•–ò,https://uk.tgstat.com/channel/@ideas_desing,https://t.me/ideas_desing
–ê—Ä—Ö—ñ—Ç–µ–∫—Ç—É—Ä–∞‚úô,https://uk.tgstat.com/channel/@aestetic_architecture,https://t.me/aestetic_architecture
Art hatka | –î–∏–∑–∞–π–Ω —ñ–Ω—Ç–µ—Ä'—î—Ä—É,https://uk.tgstat.com/channel/@art_hatka,https://t.me/art_hatka
–ê–∫—Ç—É–∞–ª—å–Ω–∏–π –î–∏–∑–∞–π–Ω,https://uk.tgstat.com/channel/@act_design,https://t.me/act_design
üõçÔ∏è –ñ—ñ–Ω–æ—á–∞ –ú–∞–π—Å—Ç–µ—Ä–Ω—è –ú–µ–±–ª—ñ–≤ üá∫üá¶,https://uk.tgstat.com/channel/@mebli_odesa,https://t.me/mebli_odesa
HVOYA - –ë—É–¥—ñ–≤–Ω–∏—Ü—Ç–≤–æ –ö–∞—Ä–∫–∞—Å–Ω–∏—Ö –ë—É–¥–∏–Ω–∫—ñ–≤,https://uk.tgstat.com/channel/@hvoyaco,https://t.me/hvoyaco
RE:Ukraine System,https://uk.tgstat.com/channel/@reukrainesystem,https://t.me/reukrainesystem
"Homebox(–ø–æ—Å—Ç–µ–ª—å–Ω–æ–µ –±–µ–ª—å–µ –±—è–∑—å,–±—è–∑—å Gold) (–î—Ä–æ–ø—à–∏–ø—ñ–Ω–≥/–î—Ä–æ–ø—à–∏–ø–ø–∏–Ω–≥)",https://uk.tgstat.com/channel/@homeboxB,https://t.me/homeboxB
–ê—Ä—Ö—ñ—Ç–µ–∫—Ç—É—Ä–∞ –¥–ª—è A—Ä—Ö—ñ—Ç–µ–∫—Ç–æ—Ä–∞,https://uk.tgstat.com/channel/@forarchua,https://t.me/forarchua
HOME | –Ü–Ω—Ç–µ—Ä'—î—Ä,https://uk.tgstat.com/channel/pPXyqvFM_PJmYTIy,https://t.me/joinchat/pPXyqvFM_PJmYTIy
–ö–æ—Ç–ª–æ–≤–∞–Ω–∏ –ö–∏—î–≤–∞,https://uk.tgstat.com/channel/@Kotlovany_Kyiv,https://t.me/Kotlovany_Kyiv
–Ü–¥–µ—ó –¥–µ–∫–æ—Ä—É,https://uk.tgstat.com/channel/@idei_dekoru,https://t.me/idei_dekoru
‚ÄºÔ∏è–ö–û–ú–Ü–°–Ü–û–ù–ö–ê‚ÄºÔ∏è –°–ö–õ–ê–î –ú–µ–±–ª—ñ–≤ —Ç–∞ –¢–µ—Ö–Ω—ñ–∫–∏ | –ö–∞–Ω–∞–ª,https://uk.tgstat.com/channel/@sklad_by_ua,https://t.me/sklad_by_ua
–∞—Ä—Ö–∏—Ç–µ–ª–µ–∂–∫–∞,https://uk.tgstat.com/channel/@architelezhka,https://t.me/architelezhka
–ê–∫–∞–¥–µ–º—ñ—è –í—ñ–Ø—Ä,https://uk.tgstat.com/channel/@academy_viyar,https://t.me/academy_viyar
–ê—Ä—Ö—ñ—Ç–µ–∫—Ç—É—Ä–Ω–∏–π –ì—ñ–¥ –£–∫—Ä–∞—ó–Ω–∏,https://uk.tgstat.com/channel/@archi_gid_ua,https://t.me/archi_gid_ua
–•–ê–†–¨–ö–û–í –ú–ï–ë–ï–õ–¨,https://uk.tgstat.com/channel/@xarkovmedel,https://t.me/xarkovmedel
BF Tech - –£–º–Ω—ã–π —Å—Ç—Ä–æ–∏—Ç–µ–ª—å,https://uk.tgstat.com/channel/@smart_bftech,https://t.me/smart_bftech
"DMNTR | –∂—É—Ä–Ω–∞–ª ""–î—ñ–º —Ç–∞ —ñ–Ω—Ç–µ—Ä'—î—Ä"" | House and interior | –∂—É—Ä–Ω–∞–ª ¬´–î–æ–º –∏ –∏–Ω—Ç–µ—Ä—å–µ—Ä¬ª",https://uk.tgstat.com/channel/@houseandinterior,https://t.me/houseandinterior
–ò–¥–µ–∏ –¥–ª—è —É—é—Ç–Ω–æ–≥–æ –¥–æ–º–∞ üè°,https://uk.tgstat.com/channel/@ideisvoimirukami,https://t.me/ideisvoimirukami
–ü—Ä–æ—Å—Ç—Ä–∞–Ω—Å—Ç–≤–æ,https://uk.tgstat.com/channel/@prostranstvo_group,https://t.me/prostranstvo_group
–ü—Ä–æ –î–∏–∑–∞–π–Ω –Ü–Ω—Ç–µ—Ä‚Äò—î—Ä—Éüá∫üá¶,https://uk.tgstat.com/channel/z-IYoHnE82JmYWEy,https://t.me/joinchat/z-IYoHnE82JmYWEy
–ê—Ä—Ö—ñ—Ç–µ–∫—Ç—É—Ä–∞ –û–¥–µ—Å–∏,https://uk.tgstat.com/channel/@archodessa,https://t.me/archodessa
–ë—É–¥–º–∞—Ç–µ—Ä—ñ–∞–ª–∏üá∫üá¶,https://uk.tgstat.com/channel/@generato_r,https://t.me/generato_r
KPI urban squad üá∫üá¶,https://uk.tgstat.com/channel/@kpi_urban,https://t.me/kpi_urban
Ukr_antiküá∫üá¶,https://uk.tgstat.com/channel/@AuctionUkraine7,https://t.me/AuctionUkraine7
–ê—Ä—Ö—ñ—Ç–µ–∫—Ç—É—Ä–Ω–∞ –ü–∞–ª–∞—Ç–∞ –ù–°–ê–£,https://uk.tgstat.com/channel/@archpalata,https://t.me/archpalata
Grasshopper Odessa | News,https://uk.tgstat.com/channel/@ghodessa,https://t.me/ghodessa
–î–∏–∑–∞–π–Ω —ñ–Ω—Ç–µ—Ä'—î—Ä—É. –ö—Ä–∞—â—ñ —ñ–¥–µ—ó!,https://uk.tgstat.com/channel/@hatadesign,https://t.me/hatadesign
–¢–µ–ø–ª–∞ –ü—ñ–¥–ª–æ–≥–∞ –ï–ª–µ–∫—Ç—Ä–∏—á–Ω–∞ –ö–∏—ó–≤ –ö—É–ø–∏—Ç–∏ –¶—ñ–Ω–∞ hotpol.net,https://uk.tgstat.com/channel/@hotpol_net,https://t.me/hotpol_net
–£–õ–Ü–° - –±—É–¥–∏–Ω–∫–∏ –Ω–∞ –ø—Ä–∏—Ä–æ–¥—ñ,https://uk.tgstat.com/channel/@ulis_ua,https://t.me/ulis_ua
Budcapital,https://uk.tgstat.com/channel/@budcapital_official,https://t.me/budcapital_official
–∞—Ä—Ö—ñ—Ç–µ–∫—Ç—É—Ä–∞ —Ç–∞ –¥–∏–∑–∞–π–Ω / architecture & design,https://uk.tgstat.com/channel/@renovation_and_interior,https://t.me/renovation_and_interior
–î–µ—Ä–µ–≤–æ —ñ–¥–µ–π üå≥,https://uk.tgstat.com/channel/@ANT_ZP,https://t.me/ANT_ZP
ODA Comfort ‚Äì –º–µ–±–ª—ñ –Ω–∞ –∑–∞–º–æ–≤–ª–µ–Ω–Ω—è,https://uk.tgstat.com/channel/@ODA_Comfort,https://t.me/ODA_Comfort
VITOLUX,https://uk.tgstat.com/channel/@vitolux_ua,https://t.me/vitolux_ua
1001 –¥–∏–∑–∞–π–Ω —ñ–Ω—Ç–µ—Ä'—î—Ä—É,https://uk.tgstat.com/channel/@interior_1001,https://t.me/interior_1001
Kharkiv School of Architecture,https://uk.tgstat.com/channel/@kharkivschool,https://t.me/kharkivschool
–ü–†–û–°–¢–ò–ô –ë–£–î–Ü–í–ï–õ–¨–ù–ò–ö || –õ–ê–ô–§–•–ê–ö–ò,https://uk.tgstat.com/channel/@simplebuildertop,https://t.me/simplebuildertop
–•–∞—Ä–∫—ñ–≤—Å—å–∫–∏–π –±—É–¥–±–∞—Ç–∞–ª—å–π–æ–Ω,https://uk.tgstat.com/channel/@kharkiv_budbat,https://t.me/kharkiv_budbat
Designloft.com.ua,https://uk.tgstat.com/channel/@designloftua,https://t.me/designloftua
"–ù–∞–≤—á–∞–ª—å–Ω–∏–π —Ü–µ–Ω—Ç—Ä ""–ü–∞—Ä–∞–º–µ—Ç—Ä–∏–∫""",https://uk.tgstat.com/channel/@parametricenter,https://t.me/parametricenter
Roto_today,https://uk.tgstat.com/channel/@roto_today,https://t.me/roto_today
–ê—Ä—Ö—ñ—Ç–µ–∫—Ç–æ—Ä–∏ –º–æ–∂—É—Ç—å –≤—Å—é –Ω—ñ—á,https://uk.tgstat.com/channel/@vsunoch,https://t.me/vsunoch
–Ü–Ω—Ç–µ—Ä‚Äô—î—ÄUA|–î–∏–∑–∞–π–Ω|–†–µ–º–æ–Ω—Ç,https://uk.tgstat.com/channel/Cu_iCmvK351iZjAy,https://t.me/joinchat/Cu_iCmvK351iZjAy
Ukraine bud,https://uk.tgstat.com/channel/@ukraine_bud,https://t.me/ukraine_bud
–Ü–Ω—Ç–µ—Ä'—î—Ä –ë—É–¥–∏–Ω–∫—É —Ç–∞ –°–∞–¥—Éüá∫üá¶,https://uk.tgstat.com/channel/GdR4ENtGDeo1NDBi,https://t.me/joinchat/GdR4ENtGDeo1NDBi
–ë–£–î–Ü–í–ï–õ–¨–ù–ò–öüá∫üá¶,https://uk.tgstat.com/channel/I1qY32djlbdjOWIy,https://t.me/joinchat/I1qY32djlbdjOWIy
–ê—Ä—Ö—ñ—Ç–µ–∫—Ç.UA |#–£–∫—Ä–¢“ë,https://uk.tgstat.com/channel/@Archite_UA,https://t.me/Archite_UA
Turkish Development Ukraine,https://uk.tgstat.com/channel/@TurkishDevelopment,https://t.me/TurkishDevelopment
–ë–µ–∑ –ø—Ä–æ—Ä–∞–±–∞,https://uk.tgstat.com/channel/@bez_proraba,https://t.me/bez_proraba
–ë—É–¥—ñ–≤–Ω–∏—Ü—Ç–≤–æ –∫–æ—Ç–µ–¥–∂—ñ–≤ –°–µ—Ä–≤—É—Å,https://uk.tgstat.com/channel/@servuscentr,https://t.me/servuscentr
–Ü–Ω—Ç–µ—Ä'—î—Ä–Ω–∏–π –Ü–Ω—Å–∞–π—Çüá∫üá¶,https://uk.tgstat.com/channel/lPY7ZH1zPr1lMTIy,https://t.me/joinchat/lPY7ZH1zPr1lMTIy
"–¶–µ–Ω—Ç—Ä –ù–µ—Ä—É—Ö–æ–º–æ—Å—Ç—ñ –ß–µ—Ä–Ω—ñ–≤—Ü—ñ ""Maximus House""",https://uk.tgstat.com/channel/@MaximusHouse,https://t.me/MaximusHouse
–Æ–ú-–º–µ–±–ª—ñ,https://uk.tgstat.com/channel/@cherkasysoft,https://t.me/cherkasysoft
–†–ï–ú–û–ù–¢ [—Ö–∞–π –π–æ–º—É —Ç—Ä—è—Å—Ü—è],https://uk.tgstat.com/channel/@remonthai,https://t.me/remonthai
üè†Archiart,https://uk.tgstat.com/channel/@archiart_ua,https://t.me/archiart_ua
üá∫üá¶–ë–∞–∑–∞ –ë—É–¥—ñ–≤–µ–ª—å–Ω–∏–∫—ñ–≤üá∫üá¶,https://uk.tgstat.com/channel/@baza_budivelnukivua,https://t.me/baza_budivelnukivua
–°—Ç—É–¥—ñ—è –º–µ–±–ª—ñ–≤ Odisy,https://uk.tgstat.com/channel/@odisy_mebli,https://t.me/odisy_mebli
–ö–µ—Ä–∞–º—ñ–∫_–º—ñ—Å—Ç–∏–∫,https://uk.tgstat.com/channel/yWjbP9amI2o0NWJi,https://t.me/joinchat/yWjbP9amI2o0NWJi
–î–ò–ó–ê–ô–ù –ñ–ò–¢–õ–ê,https://uk.tgstat.com/channel/@housingdesign_ua,https://t.me/housingdesign_ua
–ê–¥—ñ—Ä–æ–Ω–¥–∞–∫ - –°—Ç–æ–ª—è—Ä–Ω–∞ –º–∞–π—Å—Ç–µ—Ä–Ω—è,https://uk.tgstat.com/channel/@adirondak,https://t.me/adirondak
"–†–µ–º–æ–Ω—Ç , –¥—ñ–∑–∞–π–Ω, –º–µ–±–ª—ñ, –¥–≤–µ—Ä—ñ",https://uk.tgstat.com/channel/@dveri_okna_mebel_strouka,https://t.me/dveri_okna_mebel_strouka
–°–∞–Ω—Ç–µ—Ö–Ω–∏–∫ –î–Ω–µ–ø—Ä - Home —Å–µ—Ä–≤–∏—Å,https://uk.tgstat.com/channel/@santehservisx,https://t.me/santehservisx
Z500 –£–∫—Ä–∞—ó–Ω–∞,https://uk.tgstat.com/channel/@Z500ua,https://t.me/Z500ua
–ó–∞—Ç–∏—à–æ–∫ | –î–∏–∑–∞–π–Ω —ñ–Ω—Ç–µ—Ä'—î—Ä—É,https://uk.tgstat.com/channel/pnvusoDCbWo0YzFi,https://t.me/joinchat/pnvusoDCbWo0YzFi
YourFoRest,https://uk.tgstat.com/channel/@yourforest,https://t.me/yourforest
–ë—É–¥—ñ–≤–Ω–∏—Ü—Ç–≤–æ —Ç–∞ —Ä–µ–º–æ–Ω—Ç. –ö–∏—ó–≤ —Ç–∞ –ö–∏—ó–≤—Å—å–∫–∞ –æ–±–ª–∞—Å—Ç—å.,https://uk.tgstat.com/channel/@olanbud2022,https://t.me/olanbud2022
–°—Ç—Ä–æ–π—Ö–∞–∫,https://uk.tgstat.com/channel/PNPSXQYjqvNhNmQy,https://t.me/joinchat/PNPSXQYjqvNhNmQy
–ê—Ä—Å–µ–Ω–∞–ª-–¶–µ–Ω—Ç—Ä,https://uk.tgstat.com/channel/@arsenalcenterltd,https://t.me/arsenalcenterltd
–í–µ–Ω—Ç–∏–ª—è—Ü—ñ—è. –ù–æ—Ç–∞—Ç–∫–∏ –Ω–µ–¥–∏–ª–µ—Ç–∞–Ω—Ç–∞.,https://uk.tgstat.com/channel/@vent_ua,https://t.me/vent_ua
–°–∫–ª–æ–ú–∞–∫—Å-—Å–∫–ª–æ –¥–ª—è –≤—Å—å–æ–≥–æ!,https://uk.tgstat.com/channel/@SklomaxUA,https://t.me/SklomaxUA
VIRAMAX,https://uk.tgstat.com/channel/@Viramax_ua,https://t.me/Viramax_ua
–û–∫–Ω–æ –≤ –í–æ–¥–Ω—ã–π –ú–∏—Ä,https://uk.tgstat.com/channel/@poolsua,https://t.me/poolsua
–õ–ê–ù–î–®–ê–§–¢. –Ü–î–ï–á | –¢–≤—ñ–π —ñ–¥–µ–∞–ª—å–Ω–∏–π —Å–∞–¥,https://uk.tgstat.com/channel/@your_landscaper,https://t.me/your_landscaper
–°—Ç—Ä—É–º‚ö°Ô∏èOk LED –æ—Å–≤—ñ—Ç–ª–µ–Ω–Ω—è,https://uk.tgstat.com/channel/@strum_ok,https://t.me/strum_ok
iGates: –†–æ–∑—É–º–Ω—ñ –≤–æ—Ä–æ—Ç–∞,https://uk.tgstat.com/channel/fHUj0cFT3RtjYzgy,https://t.me/joinchat/fHUj0cFT3RtjYzgy
–î–∏–∑–∞–π–Ω–µ—Ä –ò–Ω—Ç–µ—Ä—å–µ—Ä–∞,https://uk.tgstat.com/channel/@designer_designer_1,https://t.me/designer_designer_1
3d worldwide,https://uk.tgstat.com/channel/@m3dwordwide,https://t.me/m3dwordwide
–ö—É–ø–∏—Ç—å –Ω–∞ –ê–ª–∏–≠–∫—Å–ø—Ä–µ—Å—Å,https://uk.tgstat.com/channel/@instumentalov,https://t.me/instumentalov
–•–¢–ó | –ë—É–¥—ñ–≤–µ–ª—å–Ω–∏–π K&Jüõ†Ô∏è,https://uk.tgstat.com/channel/@budmarket_kj,https://t.me/budmarket_kj
hallway.pro,https://uk.tgstat.com/channel/@hallwaypro,https://t.me/hallwaypro
–†–ï–ú–û–ù–¢ –¢–ê –ë–£–î–Ü–í–ù–ò–¶–¢–í–û,https://uk.tgstat.com/channel/@budremkiev,https://t.me/budremkiev
GREENWITCH city growing,https://uk.tgstat.com/channel/@greenwitch_app,https://t.me/greenwitch_app
–ú–µ–±–ª—ñ –Ω–∞ –∑–∞–º–æ–≤–ª–µ–Ω–Ω—è –ö–∏—ó–≤,https://uk.tgstat.com/channel/caKFyeTEmQplYjFi,https://t.me/joinchat/caKFyeTEmQplYjFi
–ü—Ä–æ–µ–∫—Ç—ã –Ω–µ–±–æ–ª—å—à–∏—Ö –¥–æ–º–æ–≤,https://uk.tgstat.com/channel/@vva_2,https://t.me/vva_2
Swisspan by Sorbes,https://uk.tgstat.com/channel/@swisspan,https://t.me/swisspan
–ë—É–¥—ñ–≤–µ–ª—å–Ω—ñ –ª–∞–π—Ñ—Ö–∞–∫–∏ ü™ö,https://uk.tgstat.com/channel/@buiding_lifehack,https://t.me/buiding_lifehack
POWERMAKE,https://uk.tgstat.com/channel/@powermake_ua,https://t.me/powermake_ua
De Costa Group Partnership,https://uk.tgstat.com/channel/@De_Costa_Group_Partnership,https://t.me/De_Costa_Group_Partnership
–ü–æ—Å—Ç—ñ–ª—å–Ω–∞ –±—ñ–ª–∏–∑–Ω–∞ ‚Ä¢ –¢–µ–∫—Å—Ç–∏–ª—å,https://uk.tgstat.com/channel/@sowa_home,https://t.me/sowa_home
Normaizol,https://uk.tgstat.com/channel/@normaizol,https://t.me/normaizol
–î–≤–µ—Ä—ñ - –ê–∫—Ü—ñ—ó/–ù–æ–≤–∏–Ω–∏/–ö–æ—Ä–∏—Å–Ω–µ,https://uk.tgstat.com/channel/@dveri_viradoor,https://t.me/dveri_viradoor
–¢–≤–æ—è —Ç–∏—Ö–∞ ¬´–≥–∞–≤–∞–Ω—å¬ª,https://uk.tgstat.com/channel/@tvoyuyutdoma,https://t.me/tvoyuyutdoma
Ruki Mastera,https://uk.tgstat.com/channel/@rukimastera_kh,https://t.me/rukimastera_kh
–†–µ–º–æ–Ω—Ç –∫–≤–∞—Ä—Ç–∏—Ä –•–∞—Ä—å–∫–æ–≤ ‚ù§Ô∏è,https://uk.tgstat.com/channel/@kharkov_st,https://t.me/kharkov_st
–ó–Ω–∏–∂–∫–∏|–ê–∫—Ü—ñ—ó|–ü—Ä–æ–º–æ–∫–æ–¥–∏|–®–æ–ø—ñ–Ω–≥,https://uk.tgstat.com/channel/@shoppingandselling,https://t.me/shoppingandselling
üíßAquaToküî•–í—Å–µ –ø—Ä–æ —Ä–µ–º–æ–Ω—Ç,https://uk.tgstat.com/channel/@aquatok_remont,https://t.me/aquatok_remont
–ß–µ—Ä–∫–∞—Å–∏ –º–µ–±–ª—ñ –Ω–∞ –∑–∞–º–æ–≤–ª–µ–Ω–Ω—è üóÑ,https://uk.tgstat.com/channel/@mebli_ck,https://t.me/mebli_ck
–î–∏–∑–∞–π–Ω || –ò–Ω—Ç–µ—Ä—å–µ—Ä,https://uk.tgstat.com/channel/@designInteriorSweetHome,https://t.me/designInteriorSweetHome
–ü—ñ–¥–ª–æ–≥–∏ | –ë—É–¥—ñ–≤–Ω–∏—Ü—Ç–≤–æ | Arkwood | üá∫üá¶–£–∫—Ä–∞—ó–Ω–∞,https://uk.tgstat.com/channel/@arkwoodua,https://t.me/arkwoodua
–†–µ–º–æ–Ω—Ç —Ç–∞ –¥–∏–∑–∞–π–Ω,https://uk.tgstat.com/channel/@remontenddisain,https://t.me/remontenddisain
–≤–¥√≥–º–∞ –∫—Ä–∞—â–µ,https://uk.tgstat.com/channel/@vdomabetter,https://t.me/vdomabetter
üî®üõÅüñå–°–∫–∞–∑–∞–Ω–æ - —Å–¥–µ–ª–∞–Ω–æ,https://uk.tgstat.com/channel/@remont_kvartir_od,https://t.me/remont_kvartir_od
ANB_PROSTIR,https://uk.tgstat.com/channel/@anb_prostir,https://t.me/anb_prostir
Postboxes,https://uk.tgstat.com/channel/@Postboxes_yura15cbx,https://t.me/Postboxes_yura15cbx
GENPLAN –≤ –æ–∂–∏–¥–∞–Ω–∏–∏ –º–∏—Ä–∞,https://uk.tgstat.com/channel/@genplan_beautification,https://t.me/genplan_beautification
–ï–õ–ï–ö–¢–†–ò–ö–ê –õ–¨–í–Ü–í - –ï–õ–ï–ö–¢–†–û–Ü–ú–ü–£–õ–¨–°,https://uk.tgstat.com/channel/@electroimpulse,https://t.me/electroimpulse
"üá∫üá¶ –î–ó–ï–†–ö–ê–õ–ê –¥–∏–∑–∞–π–Ω–µ—Ä—Å—å–∫—ñ –≤ –Ω–∞—è–≤–Ω–æ—Å—Ç—ñ. –ö–∏—ó–≤, –¥–æ—Å—Ç–∞–≤–∫–∞",https://uk.tgstat.com/channel/@Zerkalo_Kiev,https://t.me/Zerkalo_Kiev
–ê–†–ï–ù–î–ê –ñ–ò–õ–¨–Ø –û–î–ï–°–°–ê 24,https://uk.tgstat.com/channel/@arenda24odessa,https://t.me/arenda24odessa
–ù–µ—Ä—É—Ö–æ–º—ñ—Å—Ç—å –í—ñ–Ω–Ω–∏—Ü—è,https://uk.tgstat.com/channel/G2bTqbrV7ygwOWFi,https://t.me/joinchat/G2bTqbrV7ygwOWFi
At Home: —Å—Ç–∏–ª—å —Ç–∞ –∑–∞—Ç–∏—à–æ–∫,https://uk.tgstat.com/channel/@yourhomeua,https://t.me/yourhomeua
–í–Ü–î–ë–û–î–£–í–ê –£–ö–†–ê–á–ù–ò /ASSISTANCE FOR UKRAINE,https://uk.tgstat.com/channel/@infozahidna,https://t.me/infozahidna
–ù–µ—Ä—É—Ö–æ–º—ñ—Å—Ç—åUA,https://uk.tgstat.com/channel/@neruchomistUA,https://t.me/neruchomistUA
–ö–∏—ó–≤—Å—å–∫–∞ –Ω–µ—Ä—É—Ö–æ–º—ñ—Å—Ç—å,https://uk.tgstat.com/channel/@Kyiv_realty,https://t.me/Kyiv_realty
–†–µ–º–æ–Ω—Ç –¥–µ—à–µ–≤—à–µ UA,https://uk.tgstat.com/channel/@remont_com_ua,https://t.me/remont_com_ua
"–ë—É–¥—ñ–≤–Ω–∏—Ü—Ç–≤–æ | –ü—Ä–æ–µ–∫—Ç–∏, –ª–∞–π—Ñ—Ö–∞–∫–∏",https://uk.tgstat.com/channel/@budd_ua,https://t.me/budd_ua
SunTehProfi_NVRSKüèÜ,https://uk.tgstat.com/channel/@SunTehProfi_NVRSK,https://t.me/SunTehProfi_NVRSK
