StopRussiaChannel | MRIYA,https://uk.tgstat.com/channel/EbXZHBfHXbszY2I6,https://t.me/joinchat/EbXZHBfHXbszY2I6
ĞšÑ–Ğ±ĞµÑ€-ĞšĞ¾Ğ·Ğ°ĞºĞ¸,https://uk.tgstat.com/channel/bFJOYVJr7wQzZjZi,https://t.me/joinchat/bFJOYVJr7wQzZjZi
ĞÑ€ÑƒĞ¶ĞµĞ¹Ğ½Ñ‹Ğ¹ Ğ‘Ğ°Ñ€Ğ¾Ğ½,https://uk.tgstat.com/channel/AAAAAFH-sv0nCv7g4DkcKg,https://t.me/joinchat/AAAAAFH-sv0nCv7g4DkcKg
Ğ‘Ğ°Ğ·Ğ° Ğ·Ñ€Ğ°Ğ´Ğ½Ğ¸ĞºÑ–Ğ² Ğ¥ĞµÑ€ÑĞ¾Ğ½Ñƒ,https://uk.tgstat.com/channel/@Kherson_kolaborant,https://t.me/Kherson_kolaborant
Ğ¡ĞĞœ Ğ¢Ğ« Ğ¡ĞšĞĞœĞ•Ğ ğŸ¦£,https://uk.tgstat.com/channel/gnHOqEQDvVM1YTRi,https://t.me/joinchat/gnHOqEQDvVM1YTRi
Molfar Ğ¿Ñ€Ğ¾ OSINT,https://uk.tgstat.com/channel/@molfar_global,https://t.me/molfar_global
CyberpoliceUA,https://uk.tgstat.com/channel/@CyberpolUA,https://t.me/CyberpolUA
PulSe,https://uk.tgstat.com/channel/@Pulsechanel,https://t.me/Pulsechanel
Ğ¡ĞšĞĞœ Ğ Ğ£Ğ¡ĞĞ†,https://uk.tgstat.com/channel/9fmL1yMkirUxMTY6,https://t.me/joinchat/9fmL1yMkirUxMTY6
RUH8,https://uk.tgstat.com/channel/@ruheight,https://t.me/ruheight
ĞĞ½Ğ´Ñ€Ñ–Ğ¹ Ğ¨ĞµĞ²Ñ‡ÑƒĞº | P2P ğŸ‡ºğŸ‡¦,https://uk.tgstat.com/channel/@p2p_shevchuk_crypto,https://t.me/p2p_shevchuk_crypto
ddos ĞºĞ¾Ñ‚Ğ¸ĞºĞ¸,https://uk.tgstat.com/channel/@ddosKotyky,https://t.me/ddosKotyky
ğŸ‡ºğŸ‡¦ HackYourMom - ĞºĞ°Ğ½Ğ°Ğ» Ğ¼Ğ°Ğ¼ĞºÑ–Ğ½Ğ¸Ñ… Ñ…Ğ°ĞºĞµÑ€Ñ–Ğ² Ğ· Ğ£ĞºÑ€Ğ°Ñ—Ğ½Ğ¸ ğŸ‡ºğŸ‡¦,https://uk.tgstat.com/channel/@hackyourmom,https://t.me/hackyourmom
OsintFlow âœ™,https://uk.tgstat.com/channel/@osintflow,https://t.me/osintflow
Allbat.,https://uk.tgstat.com/channel/@allbatofficial,https://t.me/allbatofficial
Ğ’Ğ¸Ñ—Ğ·Ğ´ Ğ·Ğ° ĞºĞ¾Ñ€Ğ´Ğ¾Ğ½. Ğ’Ğ¸ÑĞ½Ğ¾Ğ²Ğ¾Ğº Ğ’Ğ›Ğš,https://uk.tgstat.com/channel/@kordon_dopomoga,https://t.me/kordon_dopomoga
Ğ¢Ğ¾ĞºĞ¼Ğ°Ğº: Ğ“Ğ°Ğ½ÑŒĞ±Ğ° Ğ¼Ñ–ÑÑ‚Ğ° - Ğ»ÑĞ±Ğ¸Ñ‚ĞµĞ»Ñ– Ñ€ÑƒÑĞ½Ñ– ğŸ‡ºğŸ‡¦,https://uk.tgstat.com/channel/Ky-SKdzYiYc2NDNi,https://t.me/joinchat/Ky-SKdzYiYc2NDNi
Cyber Legion,https://uk.tgstat.com/channel/@cyber_legion,https://t.me/cyber_legion
ğŸ‘ºĞŸÑ€Ğ¾ Ñ€ÑƒÑĞ½ÑĞ²Ğ¸Ñ… Ğ¶Ğ´ÑƒĞ½Ñ–Ğ² Ñ‚Ğ° ÑˆĞºÑƒÑ€,https://uk.tgstat.com/channel/@stopgdyn,https://t.me/stopgdyn
MENING YURTIM 5 TV | MY5TV,https://uk.tgstat.com/channel/@TVMY5_TV,https://t.me/TVMY5_TV
Ğ—Ñ€Ğ°Ğ´Ğ½Ğ¸ĞºĞ¸ Ğ¡ĞºĞ°Ğ´Ğ¾Ğ²Ñ‰Ğ¸Ğ½Ğ¸,https://uk.tgstat.com/channel/@zradnyk_skadovsk,https://t.me/zradnyk_skadovsk
ĞšÑ–Ğ±ĞµÑ€ Ğ¡Ğ¿Ñ€Ğ¾Ñ‚Ğ¸Ğ²,https://uk.tgstat.com/channel/@cyberResistanceUA,https://t.me/cyberResistanceUA
Ğ’Ñ‹Ğ¿Ğ»Ğ°Ñ‚Ñ‹ Ñ Ğ‘Ğ¾Ñ‚Ğ° TOP TG PROFIT,https://uk.tgstat.com/channel/@TopTgMoney_1,https://t.me/TopTgMoney_1
Ğ¡Ğ¿Ğ¾Ñ‚Ğ¸Ñ„Ğ°Ğ¹ Ğ²Ğ·Ğ»Ğ¾Ğ¼ Ñ€ÑĞ»ÑŒĞ½Ğ¾,https://uk.tgstat.com/channel/@spotifyvzlomlol,https://t.me/spotifyvzlomlol
Ğ’Ğ«Ğ•Ğ—Ğ” Ğ˜Ğ— Ğ£ĞšĞ ĞĞ˜ĞĞ« ĞœĞ£Ğ–Ğ§Ğ˜ĞĞĞœ,https://uk.tgstat.com/channel/@vyezd8,https://t.me/vyezd8
ğŸ˜œ Â«Ğ”Ğ˜Ğ’ĞĞĞĞ˜Ğ™ Ğ£Ğ ĞĞ“ĞĞÂ»,https://uk.tgstat.com/channel/@divan_uragan,https://t.me/divan_uragan
DARK CHAOSğŸ”¥,https://uk.tgstat.com/channel/@darkhousplus,https://t.me/darkhousplus
ĞšĞ¾Ğ»Ğ°Ğ±Ğ¾Ñ€Ğ°Ğ½Ñ‚Ğ¸ Ğ›ÑƒĞ³Ğ°Ğ½Ñ‰Ğ¸Ğ½Ğ¸ğŸ‡ºğŸ‡¦,https://uk.tgstat.com/channel/@koloborantsvatove,https://t.me/koloborantsvatove
info_baza_bot,https://uk.tgstat.com/channel/@infobaza_channel,https://t.me/infobaza_channel
"Ğ ÑƒĞ±ĞµĞ¶Ğ½Ğ¾Ğµ ğŸ‡ºğŸ‡¦ - Ğ‘ĞµĞ· ""Ğ›ÑĞ±Ğ¸Ñ‚ĞµĞ»ĞµĞ¹ Ñ€ÑƒÑÑĞºĞ¾Ğ³Ğ¾ Ğ¼Ğ¸Ñ€Ğ°"".",https://uk.tgstat.com/channel/@rubejnoebezrossii,https://t.me/rubejnoebezrossii
Lucky Airdrop$,https://uk.tgstat.com/channel/@airdropsdealer,https://t.me/airdropsdealer
ĞĞ±Ğ¾Ñ€Ğ¾Ğ½Ğ°ğŸ‡·ğŸ‡º,https://uk.tgstat.com/channel/@oborona_tim24,https://t.me/oborona_tim24
ĞšĞ†Ğ‘Ğ•Ğ Ğ¤Ğ ĞĞĞ¢ ğŸ‡ºğŸ‡¦,https://uk.tgstat.com/channel/@eleaks_ua,https://t.me/eleaks_ua
Ğ”Ğ ĞĞŸ ĞšĞĞ Ğ¢Ğ« | Ğ£ĞšĞ ĞĞ˜ĞĞ,https://uk.tgstat.com/channel/@DROPCARDS_UA,https://t.me/DROPCARDS_UA
ĞšĞĞ›ĞĞ‘ĞĞ ĞĞĞ¢Ğ˜ Ğ’.Ğ›Ğ•ĞŸĞ•Ğ¢Ğ˜Ğ¥Ğ˜,https://uk.tgstat.com/channel/@VLkoloborant,https://t.me/VLkoloborant
"Ğ—Ğ ĞĞ”ĞĞ˜ĞšĞ˜: Ğ‘Ğ¾Ñ€Ğ¾Ğ²Ğ°, ĞŸÑ–ÑĞºĞ¸-Ğ ., Ğ¡Ğ¾Ğ»Ğ¾Ğ½Ğ°, Ğ“Ğ¾Ñ€Ğ¾Ñ…Ğ¾Ğ²Ğ°Ñ‚ĞºĞ°, Ğ‘Ğ¾Ğ³ÑƒÑĞ»Ğ°Ğ²ĞºĞ°, ĞŸĞµÑ€ÑˆĞ¾Ñ‚Ñ€Ğ°Ğ²Ğ½ĞµĞ²Ğµ, Ğ§ĞµÑ€Ğ½ĞµÑ‰Ğ¸Ğ½Ğ°, ĞŸÑ–Ğ´Ğ²Ğ¸ÑĞ¾ĞºĞµ ...",https://uk.tgstat.com/channel/@zradabor,https://t.me/zradabor
"Ğ—Ğ°Ñ…Ğ¸ÑÑ‚ Ğ‘Ğ°Ğ»Ğ°ĞºĞ»Ñ–Ğ¹Ñ‰Ğ¸Ğ½Ğ¸ (Ğ‘Ğ°Ğ»Ğ°ĞºĞ»Ñ–Ñ, Ğ‘Ğ¾Ñ€Ñ‰Ñ–Ğ²ĞºĞ°, Ğ¡Ğ°Ğ²Ğ¸Ğ½Ñ†Ñ–, Ğ’ĞµÑ€Ğ±Ñ–Ğ²ĞºĞ° Ñ‚Ğ° Ñ–Ğ½ÑˆÑ–)",https://uk.tgstat.com/channel/@Balakliia_Defense,https://t.me/Balakliia_Defense
Ğ¡ĞšĞĞœ Ğ Ğ£Ğ¡ĞĞ† ĞĞ ĞšĞĞ’ | Ğ¡Ğ¥Ğ•ĞœĞ« Ğ Ğ•Ğ¤ĞĞ£ĞĞ” | REFUNDğŸ“™,https://uk.tgstat.com/channel/@skamshemy,https://t.me/skamshemy
ğŸ¥· ğğˆğ† ğŒğğğ„ğ˜ ğ”ğ€ ğŸ’°,https://uk.tgstat.com/channel/@Sulle_Sulle,https://t.me/Sulle_Sulle
Ğ–ĞµÑÑ‚ Ğ”Ğ¾Ğ±Ñ€Ğ¾Ğ¹ Â«ĞœĞ¾Ğ»Ğ¸Â»,https://uk.tgstat.com/channel/@jestdobroymoly,https://t.me/jestdobroymoly
ĞŸÑ€Ğ¾Ğ´Ğ°Ğ¶Ğ½Ñ– ÑˆĞºÑƒÑ€Ğ¸. ĞŸÑ€Ğ¾Ğ¶Ğ°Ñ€ĞºĞ°ğŸ”¥,https://uk.tgstat.com/channel/@prodajnishkury,https://t.me/prodajnishkury
ĞšĞĞ›ĞĞ‘ĞĞ ĞĞĞ¢Ğ˜ Ğ¡Ğ£ĞœĞ©Ğ˜ĞĞ˜,https://uk.tgstat.com/channel/@sumyzradnuk,https://t.me/sumyzradnuk
CaÑ„Ğ°Ñ€Ñ–_Ğ²_Ğ”Ğ½Ñ–Ğ¿Ñ€Ñ–,https://uk.tgstat.com/channel/@safari_v_dnipri,https://t.me/safari_v_dnipri
ĞšĞĞ›ĞĞ‘ĞĞ ĞĞĞ¢Ğ˜ Ğ¡Ğ›ĞĞ‘ĞĞ–ĞĞĞ©Ğ˜ĞĞ˜,https://uk.tgstat.com/channel/@kolaborantslobo,https://t.me/kolaborantslobo
@HackBez,https://uk.tgstat.com/channel/@HackBez,https://t.me/HackBez
Crypto Bulls,https://uk.tgstat.com/channel/@crypto_bull7,https://t.me/crypto_bull7
ğŸ‡ª ğŸ‡³ ğŸ‡® ğŸ‡¬ ğŸ‡² ğŸ‡¦,https://uk.tgstat.com/channel/@enigma,https://t.me/enigma
Qashqadaryo uz ğŸ‡ºğŸ‡¿,https://uk.tgstat.com/channel/@Qashqadaryoo_uz,https://t.me/Qashqadaryoo_uz
Anti_Kva,https://uk.tgstat.com/channel/@VB_ANTIKVA,https://t.me/VB_ANTIKVA
Film hub,https://uk.tgstat.com/channel/@linkifilmhub,https://t.me/linkifilmhub
ĞĞ° Ğ¿Ğ¾Ğ´Ğ¿Ğ¸ÑÑŒ Ğ“ĞµÑ€Ğ°ÑĞ¸Ğ¼Ğ¾Ğ²Ñƒ,https://uk.tgstat.com/channel/@gospodin_gerasimov,https://t.me/gospodin_gerasimov
Ğ”ÑÑƒ-17-Ñ,https://uk.tgstat.com/channel/@divannievoissko17,https://t.me/divannievoissko17
ğ™ğ™Šğ™ğ™-ON,https://uk.tgstat.com/channel/@Softmwk,https://t.me/Softmwk
Ğ¢Ğ„ĞœĞ©Ğ†Ğš | P2P,https://uk.tgstat.com/channel/M24nOCbh8clmZTJi,https://t.me/joinchat/M24nOCbh8clmZTJi
ğŸ‘‘ ğ•‚ğŸ™ ğ™¼ğ™¾ğ™½ğ™´ğšˆ ğŸ‘‘,https://uk.tgstat.com/channel/@k1_money,https://t.me/k1_money
ĞšÑ–Ğ±ĞµÑ€ Ğ¿Ğ°Ñ€Ñ‚Ğ¸Ğ·Ğ°Ğ½Ğ¸,https://uk.tgstat.com/channel/@Kryyivka_kiber_Volyn,https://t.me/Kryyivka_kiber_Volyn
B&G Service,https://uk.tgstat.com/channel/@bg_refund,https://t.me/bg_refund
DAMIR Ğ¡ĞĞ¤Ğ¢Ğ¢,https://uk.tgstat.com/channel/@kazak_677,https://t.me/kazak_677
ĞĞºĞ°Ğ´ĞµĞ¼Ñ–Ñ Ğ¢Ñ€ĞµĞ¹Ğ´ĞµÑ€Ğ° | Ğ ĞµĞ·ĞµÑ€Ğ² ğŸ§ ,https://uk.tgstat.com/channel/@academytrades,https://t.me/academytrades
"OLX Ğ°ĞºĞ°ÑƒĞ½Ñ‚Ğ¸ | ĞĞ›Ğ¥ Ğ£ĞºÑ€Ğ°Ñ—Ğ½Ğ° , ĞºÑƒĞ¿Ğ¸Ñ‚Ğ¸ Ğ°ĞºĞ°ÑƒĞ½Ñ‚ , Ğ¿Ñ€Ğ¾Ğ´Ğ°Ğ¶ Ğ°ĞºĞ°ÑƒĞ½Ñ‚Ñ–Ğ² olx.ua | ĞĞºĞºĞ°ÑƒĞ½Ñ‚Ñ‹ , Ğ¿Ñ€Ğ¾Ğ´Ğ°Ğ¶Ğ° , ĞºÑƒĞ¿Ğ¸Ñ‚ÑŒ Ğ°ĞºĞºĞ°ÑƒĞ½Ñ‚ Ğ£ĞºÑ€Ğ°Ğ¸Ğ½Ğ°",https://uk.tgstat.com/channel/@olx_accaunt,https://t.me/olx_accaunt
Ğ¤Ğ¾Ñ‚Ğ¾ Ñ– ĞºÑ€ÑƒĞ¶ĞºĞ¸ Ğ´Ğ»Ñ ÑĞºĞ°Ğ¼Ğ°,https://uk.tgstat.com/channel/@skamorkov1234,https://t.me/skamorkov1234
OSINT-Ñ€Ğ¾Ğ·ÑĞ»Ñ–Ğ´ÑƒĞ²Ğ°Ğ½Ğ½Ñ Ğ¢ĞµĞ»ĞµĞ±Ğ°Ñ‡ĞµĞ½Ğ½Ñ Ğ¢Ğ¾Ñ€Ğ¾Ğ½Ñ‚Ğ¾,https://uk.tgstat.com/channel/@fsb_osbb,https://t.me/fsb_osbb
ğ•Œğ•œğ•£ğ•’ğ•šğ•Ÿğ•– ğ•¨ğ• ğ•£ğ•œ #ğŸ™,https://uk.tgstat.com/channel/@work_ukraine_cash,https://t.me/work_ukraine_cash
Bombitta ğŸ’£ Ğ¢Ğ¢Ğ,https://uk.tgstat.com/channel/@bombitta_ttn,https://t.me/bombitta_ttn
Escape the MatrixğŸ’°,https://uk.tgstat.com/channel/@EscapeAMatrix,https://t.me/EscapeAMatrix
Dark UA,https://uk.tgstat.com/channel/@ua_dark_info,https://t.me/ua_dark_info
ğŸ‡ºğŸ‡¦Swee SoftğŸ¥¶,https://uk.tgstat.com/channel/mZOAGMJuntdlMDNi,https://t.me/joinchat/mZOAGMJuntdlMDNi
â™ ï¸ ĞÑ‚Ğ·Ñ‹Ğ²Ñ‹ â™ ï¸,https://uk.tgstat.com/channel/@BOSS_GUCCI888,https://t.me/BOSS_GUCCI888
Ğ‘Ğ°Ğ½ĞºĞ¾Ğ²ÑĞºĞ¸Ğµ ĞºĞ°Ñ€Ñ‚Ñ‹ Ğ£ĞºÑ€Ğ°Ğ¸Ğ½Ñ‹,https://uk.tgstat.com/channel/@BANKOVSKIE_KARTY7,https://t.me/BANKOVSKIE_KARTY7
RUĞœĞ˜Ğ ,https://uk.tgstat.com/channel/SGa0vc8ZFd9iZTIy,https://t.me/joinchat/SGa0vc8ZFd9iZTIy
ĞšĞ Ğ˜ĞŸĞ¢ĞĞ•Ğ”,https://uk.tgstat.com/channel/@cryptoyed,https://t.me/cryptoyed
Ğ¡ĞºĞ°Ğ¼ Ğ¾Ñ€ĞºÑ–Ğ²,https://uk.tgstat.com/channel/@scamttta,https://t.me/scamttta
Neo Youtuber,https://uk.tgstat.com/channel/@neoyoutubervibe,https://t.me/neoyoutubervibe
É´á´‡á´›á´¡á´Ê€á´‹ sá´‡á´„ğŸ´â€â˜ ,https://uk.tgstat.com/channel/@networksec0,https://t.me/networksec0
ğŸ‡ºğŸ‡¦Ğ’Ğ·Ğ»Ğ¾Ğ¼ ÑĞ¾Ñ†.ÑĞµÑ‚ĞµĞ¹ ğŸ‡ºğŸ‡¦,https://uk.tgstat.com/channel/@VZLOM_UA005,https://t.me/VZLOM_UA005
Ğ”Ğ›Ğš - News,https://uk.tgstat.com/channel/@dlk53,https://t.me/dlk53
Ğ”Ğ¸Ğ²Ğ°Ğ½Ğ½Ñ– Ğ’Ñ–Ğ¹ÑÑŒĞºĞ° 66ğŸ‡ºğŸ‡¦ğŸ˜ˆ,https://uk.tgstat.com/channel/@DivaniZSY,https://t.me/DivaniZSY
#INCLUDE,https://uk.tgstat.com/channel/AAAAAEW39bqBOJlRhmfiPA,https://t.me/joinchat/AAAAAEW39bqBOJlRhmfiPA
Ğ—Ğ°Ñ€Ğ¾Ğ±Ñ–Ñ‚Ğ¾Ğº Ğ¾Ğ½Ğ»Ğ°Ğ¹Ğ½ğŸ‡ºğŸ‡¦,https://uk.tgstat.com/channel/@zarobotoku,https://t.me/zarobotoku
Hacker Group Hanter (HGH),https://uk.tgstat.com/channel/@HackerUkraine1,https://t.me/HackerUkraine1
CUMcraft.,https://uk.tgstat.com/channel/Kqpj7ROrdIZmYWEy,https://t.me/joinchat/Kqpj7ROrdIZmYWEy
"ĞŸĞµÑ€ĞµĞºĞ»Ğ¸Ñ‡ĞºĞ°-1, Ğ³. Ğ”Ğ¾Ğ½ĞµÑ†Ğº, ĞŸĞµÑ‚Ñ€Ğ¾Ğ²ÑĞºĞ¸Ğ¹ ĞšĞ¸Ñ€Ğ¾Ğ²ÑĞºĞ¸Ğ¹ Ñ€Ğ°Ğ¹Ğ¾Ğ½Ñ‹",https://uk.tgstat.com/channel/@Petrovka24_7,https://t.me/Petrovka24_7
B117x Team,https://uk.tgstat.com/channel/@b117xhacker,https://t.me/b117xhacker
ğŸ˜ˆ[DELTA] | BLOGğŸ˜ˆ,https://uk.tgstat.com/channel/@delta_s_blog,https://t.me/delta_s_blog
Samooborona1ğŸ”«,https://uk.tgstat.com/channel/@h6uii,https://t.me/h6uii
Ğ¡Ğ¾ÑÑ–Ñ‚ÑŒ Ñ…ÑƒĞ¹,https://uk.tgstat.com/channel/@voliatext,https://t.me/voliatext
|ğŸ‡ºğŸ‡¦| Ğ”ĞĞŸĞĞœĞĞ“Ğ ĞĞĞ¨Ğ˜Ğœ |ğŸ‡ºğŸ‡¦|,https://uk.tgstat.com/channel/@everyukrainian_ourfamily,https://t.me/everyukrainian_ourfamily
Network Money,https://uk.tgstat.com/channel/@dengiestip,https://t.me/dengiestip
Ğ¡ĞšĞĞœ Ğ Ğ£Ğ¡ĞĞ†ğŸ’,https://uk.tgstat.com/channel/@scam_rusniiiiii,https://t.me/scam_rusniiiiii
Ğ”Ğ¡Ğ£ | Ğ’ĞĞ›Ğ¯,https://uk.tgstat.com/channel/@volya_uu,https://t.me/volya_uu
Ğ—Ğ°Ğ»ÑƒĞ¿Ğ°ğŸ˜Š,https://uk.tgstat.com/channel/@skaamrussnii,https://t.me/skaamrussnii
Ğ’Ğ—Ğ›ĞĞœ Ğ’ĞĞ™Ğ‘Ğ•Ğ ğŸ‡ºğŸ‡¦,https://uk.tgstat.com/channel/@vzlom_viber_insta,https://t.me/vzlom_viber_insta
ğŸ¥·sLIv ğŸ’°TemğŸ¦£,https://uk.tgstat.com/channel/@slivtemuskam,https://t.me/slivtemuskam
Termux/Linux Hacking,https://uk.tgstat.com/channel/@hackyourmam,https://t.me/hackyourmam
ĞŸÑ€Ğ¾Ğ´Ğ°Ğ¶Ğ° Ğ²Ñ…Ğ¾Ğ´Ğ° Ğ² ÑĞºĞ°Ğ¼ Ğ»Ğ¸Ğ½Ğº Ğ¿Ñ€Ğ¸Ğ²Ğ°Ñ‚,https://uk.tgstat.com/channel/@Skamlinkprodashapruvat,https://t.me/Skamlinkprodashapruvat
NEKOSIDE ğŸª 9670,https://uk.tgstat.com/channel/@f57f57,https://t.me/f57f57
ğŸ˜ˆ[ALPHA] | BLOGğŸ˜ˆ,https://uk.tgstat.com/channel/@alpha_s_blog,https://t.me/alpha_s_blog
Cryptowallet,https://uk.tgstat.com/channel/@crypttowallet,https://t.me/crypttowallet
