–û–±–º—ñ–Ω –í–∞–ª—é—Ç GARANT,https://uk.tgstat.com/channel/@obmen_kyiv,https://t.me/obmen_kyiv
–ì—Ä–æ—à—ñ –≤ –±–∞–Ω—Ü—ñ,https://uk.tgstat.com/channel/@bankinvest,https://t.me/bankinvest
–ü–æ–¥–∞—Ç–∫–æ–≤–∞ —Å–ª—É–∂–±–∞ - –û–§–Ü–¶–Ü–ô–ù–ò–ô –ö–ê–ù–ê–õ,https://uk.tgstat.com/channel/@tax_gov_ua,https://t.me/tax_gov_ua
Wall Street –ø–æ-—É–∫—Ä–∞—ó–Ω—Å—å–∫–∏,https://uk.tgstat.com/channel/L1opa2xyT5A3MDQy,https://t.me/joinchat/L1opa2xyT5A3MDQy
¬´–î–µ–±–µ—Ç-–ö—Ä–µ–¥–∏—Ç¬ª,https://uk.tgstat.com/channel/@dtkt_ua,https://t.me/dtkt_ua
üí∞–û–ë–ú–ï–ù –ì–†–ù üá∫üá¶‚û°Ô∏è–†–£–ëüá∑üá∫,https://uk.tgstat.com/channel/@obmentutest,https://t.me/obmentutest
–§–æ–Ω–¥ —Å–æ—Ü—ñ–∞–ª—å–Ω–æ–≥–æ —Å—Ç—Ä–∞—Ö—É–≤–∞–Ω–Ω—è –£–∫—Ä–∞—ó–Ω–∏,https://uk.tgstat.com/channel/@socialfund,https://t.me/socialfund
–Æ—Ä–∏–π –ò–≤–∞—â–µ–Ω–∫–æ | –ò–Ω–≤–µ—Å—Ç–∏—Ü–∏–∏ –∏ –º–∞–∫—Ä–æ,https://uk.tgstat.com/channel/@yivashchenko,https://t.me/yivashchenko
InfoPolitika,https://uk.tgstat.com/channel/@informpolitika,https://t.me/informpolitika
–ë–µ–≥—É—â–∏–π –±–∞–Ω–∫–∏—Ä,https://uk.tgstat.com/channel/@onistrat,https://t.me/onistrat
–ú—ñ–Ω—Ñ—ñ–Ω,https://uk.tgstat.com/channel/@Minfin_com_ua,https://t.me/Minfin_com_ua
–û–±–º—ñ–Ω –≤–∞–ª—é—Ç ¬´–ú–µ–Ω–æ—Ä–∞¬ª üíµüí∂üí∑üí¥,https://uk.tgstat.com/channel/@MenorahObmen,https://t.me/MenorahObmen
–£–∫—Ä–≥–∞–∑–±–∞–Ω–∫,https://uk.tgstat.com/channel/@ekobank,https://t.me/ekobank
–ó–∞—Ä–ø–ª–∞—Ç—ã –í—ã–ø–ª–∞—Ç—ã –∏ –ø–æ—Å–æ–±–∏—è –î–ù–† - –†–§,https://uk.tgstat.com/channel/@zvpdnr,https://t.me/zvpdnr
Hugs.fund,https://uk.tgstat.com/channel/@HugsFund,https://t.me/HugsFund
–ü–æ–¥–∞—Ç–∫–∏ —Ñ—ñ–∑ –æ—Å—ñ–± —Ç–∞ –§–û–ü –≤ –£–∫—Ä–∞—ó–Ω—ñ,https://uk.tgstat.com/channel/@UAtaxesYou,https://t.me/UAtaxesYou
Finance.uaüá∫üá¶,https://uk.tgstat.com/channel/@Finance_ukr,https://t.me/Finance_ukr
iPlan.ua,https://uk.tgstat.com/channel/@iplanua,https://t.me/iplanua
–ü–µ–Ω—Å—ñ–π–Ω–∏–π —Ñ–æ–Ω–¥ –£–∫—Ä–∞—ó–Ω–∏,https://uk.tgstat.com/channel/@PensFund,https://t.me/PensFund
iSpace.news,https://uk.tgstat.com/channel/@ispacenews,https://t.me/ispacenews
üìà–ö–∞–Ω–∞–ª –∞–∫—Ç–∏–≤–Ω—ã—Ö —Ç—Ä–µ–π–¥–µ—Ä–æ–≤,https://uk.tgstat.com/channel/@newwavetrade,https://t.me/newwavetrade
–ü—Ä–æ –ø–æ–¥–∞—Ç–∫–∏ –§–û–ü –≤ –£–∫—Ä–∞—ó–Ω—ñ,https://uk.tgstat.com/channel/@pro_podatky_fop,https://t.me/pro_podatky_fop
7eminar Live üü¢,https://uk.tgstat.com/channel/@bvp_7eminar,https://t.me/bvp_7eminar
–¶—ñ–Ω–∞ –¥–µ—Ä–∂–∞–≤–∏,https://uk.tgstat.com/channel/@costukraine,https://t.me/costukraine
"–û–±–º—ñ–Ω –≤–∞–ª—é—Ç –û–¥–µ—Å–∞ ""Kit Group""",https://uk.tgstat.com/channel/@obmenka_odessa,https://t.me/obmenka_odessa
Khtrader,https://uk.tgstat.com/channel/@khtrader,https://t.me/khtrader
–ú–æ–Ω–æ–ø–æ–ª—ñ—Å—Ç,https://uk.tgstat.com/channel/@monopolistua,https://t.me/monopolistua
Sense Bank,https://uk.tgstat.com/channel/@alfabankua,https://t.me/alfabankua
LIGA360: –ë—É—Ö–≥–∞–ª—Ç–µ—Ä,https://uk.tgstat.com/channel/@buhligazakon,https://t.me/buhligazakon
–¶–µ–Ω—Ç—Ä –∫–æ–º—É–Ω–∞–ª—å–Ω–æ–≥–æ —Å–µ—Ä–≤—ñ—Å—É,https://uk.tgstat.com/channel/@cks_com_ua,https://t.me/cks_com_ua
Konkretyka,https://uk.tgstat.com/channel/@Konkretyka,https://t.me/Konkretyka
–ü–æ–¥–∞—Ç–∫–∏ —ñ–Ω–∫–æ–≥–Ω—ñ—Ç–æ,https://uk.tgstat.com/channel/@taxincognito,https://t.me/taxincognito
–®–∞–±–ª—è,https://uk.tgstat.com/channel/LGdp2jqSqRMxYjAy,https://t.me/joinchat/LGdp2jqSqRMxYjAy
Finstop,https://uk.tgstat.com/channel/@finstop,https://t.me/finstop
–ü–æ–¥–∞—Ç–∫–æ–≤–∏–π –±–ª–æ–≥ –ú–∞—Ä'—è–Ω–∏ –ö–∞–≤–∏–Ω,https://uk.tgstat.com/channel/@kavynm,https://t.me/kavynm
–û–±–º—ñ–Ω –≤–∞–ª—é—Ç –ß–µ—Ä–Ω—ñ–≤—Ü—ñ,https://uk.tgstat.com/channel/@currency_cv,https://t.me/currency_cv
Freedom Broker (News/IPO),https://uk.tgstat.com/channel/@FreedomFinanceUA,https://t.me/FreedomFinanceUA
The Page,https://uk.tgstat.com/channel/@the_page_media,https://t.me/the_page_media
–ì—Ä–æ—à—ñ –ø—Ä–∞—Ü—é—é—Ç—å üá∫üá¶,https://uk.tgstat.com/channel/@dengirabotayut,https://t.me/dengirabotayut
–°–∏—Å—Ç–µ–º–Ω—ã–π —Ç—Ä–µ–π–¥–∏–Ω–≥ | TTM Academy,https://uk.tgstat.com/channel/@ttm_futures,https://t.me/ttm_futures
–£–∫—Ä–Ü–Ω–≤–µ—Å—Ç–ö–ª—É–±,https://uk.tgstat.com/channel/@UkrInvestClub,https://t.me/UkrInvestClub
üá∫üá¶–û—Å—Ç–æ—Ä–æ–∂–Ω–æ –º–æ—à–µ–Ω–Ω–∏–∫–∏‚ùóÔ∏è‚ùóÔ∏è‚ùóÔ∏è,https://uk.tgstat.com/channel/@Moshenniki_otpetie,https://t.me/Moshenniki_otpetie
P2P/Binance/–°—Ö–µ–º–∏/–ó–∞—Ä–æ–±—ñ—Ç–æ–∫/–ö—Ä–∏–ø—Ç–æ,https://uk.tgstat.com/channel/@p2p_binance08,https://t.me/p2p_binance08
–ë—É—Ö–≥–∞–ª—Ç–µ—Ä—ñ—è –§–û–ü –∑ –û–ª–µ–Ω–æ—é –°–∏–Ω—é–∫ [—Ä–µ–∫–ª–∞–º–∏ –Ω–µ–º–∞ –∑–æ–≤—Å—ñ–º —ñ –Ω—ñ—è–∫],https://uk.tgstat.com/channel/@lena_syniuk,https://t.me/lena_syniuk
"–û–ë–ú–Ü–ù –í–ê–õ–Æ–¢ ,,–ú–ï–ù–û–†–ê,,",https://uk.tgstat.com/channel/@Vkurse_dp_ua,https://t.me/Vkurse_dp_ua
–ß–æ—Ä–Ω–∏–π üñ§ –º–∏—Ç–∞—Ä,https://uk.tgstat.com/channel/@black_digger_ua,https://t.me/black_digger_ua
–ü–æ—Å–æ–±–∏—è –∏ –ª—å–≥–æ—Ç—ã. –ó–∞–ø–æ—Ä–æ–∂—Å–∫–∞—è –æ–±–ª–∞—Å—Ç—å,https://uk.tgstat.com/channel/@viplaty_ZP,https://t.me/viplaty_ZP
–ü–æ–¥–∞—Ç–∫–æ–≤–∏–π –∫–æ–Ω—Å—É–ª—å—Ç–∞–Ω—Ç - –≤—Å–µ –ø—Ä–æ –ø–æ–¥–∞—Ç–∫–∏ üá∫üá¶,https://uk.tgstat.com/channel/@notaxpro,https://t.me/notaxpro
–ë–æ–ª—å—à–µ –∑–æ–ª–æ—Ç–∞,https://uk.tgstat.com/channel/@bolshegold,https://t.me/bolshegold
–ù–ë–£ | –ó–Ω–∞—Ç–∏. –†–æ–∑—É–º—ñ—Ç–∏,https://uk.tgstat.com/channel/@nbu_ua,https://t.me/nbu_ua
üìä–ë–∞–ª–∞–¥–∏ –ï–∫–æ–Ω–æ–º–Ω–æ–≥–æ –õ–∏—Ü–∞—Ä—è‚öîÔ∏è,https://uk.tgstat.com/channel/@ELytsar,https://t.me/ELytsar
"–û–±–º—ñ–Ω –≤–∞–ª—é—Ç –•–∞—Ä–∫—ñ–≤ ""Kit Group""",https://uk.tgstat.com/channel/@obmenka_kharkovua,https://t.me/obmenka_kharkovua
–û–ë–ú–Ü–ù –í–ê–õ–Æ–¢ –î–ù–Ü–ü–†–û,https://uk.tgstat.com/channel/@Obmendnipro,https://t.me/Obmendnipro
–°–æ—Ü–∏–∞–ª—å–Ω—ã–µ –≤—ã–ø–ª–∞—Ç—ã –∏ –¥—Ä—É–≥–∞—è –ø–æ–º–æ—â—å –∏–Ω—Ñ–æ—Ä–º–∞—Ü–∏—è –Ω–æ–≤–æ—Å—Ç–∏ —á–∞—Ç,https://uk.tgstat.com/channel/@socialpayments,https://t.me/socialpayments
Multi Invest,https://uk.tgstat.com/channel/@multi_invest_ua,https://t.me/multi_invest_ua
"–û–±–º—ñ–Ω –≤–∞–ª—é—Ç –ö–∏—ó–≤ ""Kit Group""",https://uk.tgstat.com/channel/@obmenka_kievua,https://t.me/obmenka_kievua
–ö—É–¥–∏ –≤–ª–∞—à—Ç—É–≤–∞—Ç–∏ –≥—Ä–∏–≤–Ω—é. –î–æ—Å—Ç—É–ø–Ω—ñ —ñ–Ω–≤–µ—Å—Ç–∏—Ü—ñ—ó,https://uk.tgstat.com/channel/@ua_invest,https://t.me/ua_invest
üá∫üá¶ –£—Å–ø—ñ—à–Ω–∏–π –Ü–Ω–≤–µ—Å—Ç–æ—Ä,https://uk.tgstat.com/channel/@inwestors,https://t.me/inwestors
AnyExchange.Best,https://uk.tgstat.com/channel/@official_anyexchangebest,https://t.me/official_anyexchangebest
Atom | –°–ø–µ—Ü—ñ–∞–ª—ñ—Å—Ç –Ü–Ω–≤–µ—Å—Ç–æ—Ä Stock Market,https://uk.tgstat.com/channel/@andreyzyevich_ipo,https://t.me/andreyzyevich_ipo
Banker.UA,https://uk.tgstat.com/channel/@bankerua,https://t.me/bankerua
NAMOMENTE üá∫üá¶,https://uk.tgstat.com/channel/@namomente,https://t.me/namomente
Bonds & Stocks Ukraine,https://uk.tgstat.com/channel/@BondsStocksUA,https://t.me/BondsStocksUA
–ü–µ–Ω—Å–∏–æ–Ω–Ω—ã–π —Ñ–æ–Ω–¥ –î–ù–†,https://uk.tgstat.com/channel/@PFDNR,https://t.me/PFDNR
–ö—É—Ä—Å –≤–∞–ª—é—Ç –Ü–Ω—Ñ–æ | –ö–∏–á–≤üá∫üá¶ | –û–±–º—ñ–Ω–Ω–∏–∫–∏,https://uk.tgstat.com/channel/bIKudiS4ip9lOWQy,https://t.me/joinchat/bIKudiS4ip9lOWQy
–û–±–º—ñ–Ω –í–∞–ª—é—Ç CHANGE,https://uk.tgstat.com/channel/@kiev_change,https://t.me/kiev_change
.,https://uk.tgstat.com/channel/CHwGXuxnl7o2ZmZi,https://t.me/joinchat/CHwGXuxnl7o2ZmZi
–û–±–º—ñ–Ω –í–∞–ª—é—Ç –ù–∞–π–∫—Ä–∞—â–∏–π –ö—É—Ä—Å,https://uk.tgstat.com/channel/@ObmenkaaKh,https://t.me/ObmenkaaKh
–£–∫—Ä–∞—ó–Ω—Å—å–∫–µ —Å—Ç—Ä–∞—Ö—É–≤–∞–Ω–Ω—è. –ü—Ä–∞–≤–¥–∞ üá∫üá¶,https://uk.tgstat.com/channel/@uainsurer,https://t.me/uainsurer
"–ì—Ä–æ—à–æ–≤–∞ –¥–æ–ø–æ–º–æ–≥–∞ –í–ü–û | –ë–§ –ü–Ω–ó | –õ—é–¥–∏–Ω–∞ –≤ –±—ñ–¥—ñ"" (PIN) | –•–∞—Ä–∫—ñ–≤—Å—å–∫–∞ –æ–±–ª–∞—Å—Ç—å",https://uk.tgstat.com/channel/@pinkharkiv,https://t.me/pinkharkiv
Economy Now Uaüá∫üá¶,https://uk.tgstat.com/channel/@economyNowUkraine,https://t.me/economyNowUkraine
"""–°–µ–π—Ñ"" –û–±–º—ñ–Ω –≤–∞–ª—é—Ç–∏ –ß–µ—Ä–∫–∞—Å–∏",https://uk.tgstat.com/channel/@seif_obmen,https://t.me/seif_obmen
–ú–§–¶ –î–ù–†,https://uk.tgstat.com/channel/@mfc_dnr,https://t.me/mfc_dnr
–ì–æ–ª–æ–≤–±—É—Ö,https://uk.tgstat.com/channel/@golovbukh,https://t.me/golovbukh
M.E.Doc.Informer,https://uk.tgstat.com/channel/@medoc_informer,https://t.me/medoc_informer
–û–ë–ú–ï–ù –í–ê–õ–Æ–¢ –û–î–ï–°–°–ê ¬´–∫–Ω–∏–∂–∫–∞¬ª,https://uk.tgstat.com/channel/@Exchange_ODESSA,https://t.me/Exchange_ODESSA
–í–ò–ì–Ü–î–ù–ò–ô –û–ë–ú–Ü–ù - –æ–ø—Ç–æ–≤–∏–π –∫—É—Ä—Å –≤–∞–ª—é—Ç,https://uk.tgstat.com/channel/@obmenopt,https://t.me/obmenopt
–û–±–º—ñ–Ω –í–∞–ª—é—Ç –°—É–º–∏ ‚Äûobmenka.sumy.ua ‚Äú,https://uk.tgstat.com/channel/@obmenkasumy,https://t.me/obmenkasumy
–Ñ–î–æ–ø–æ–º–æ–≥–∞,https://uk.tgstat.com/channel/@eeddoppomogaaaa,https://t.me/eeddoppomogaaaa
–Ø-–ö—É—Ä–∫—É–ª—å,https://uk.tgstat.com/channel/@YaKurkul,https://t.me/YaKurkul
–û–ø—Ç–æ–≤–∏–π –æ–±–º—ñ–Ω –í–∞–ª—é—Ç(–ö–∏—ó–≤) - –ö–ê–¢–ï EXCHANGE,https://uk.tgstat.com/channel/@kate_currency,https://t.me/kate_currency
–ö–æ–≤–∞–ª—å –∑–∞—Ä–æ–±–ª—è—î,https://uk.tgstat.com/channel/@koval_invest,https://t.me/koval_invest
Vladislav Svidloff,https://uk.tgstat.com/channel/@svidloff,https://t.me/svidloff
–ì—Ä–æ—à–æ–≤–∞ –¥–æ–ø–æ–º–æ–≥–∞ –≤—ñ–¥ HIAS (–•–∞—Ä–∫—ñ–≤—Å—å–∫–∞ –æ–±–ª–∞—Å—Ç—å),https://uk.tgstat.com/channel/@hias_help_kh,https://t.me/hias_help_kh
–û–±–º—ñ–Ω –≤–∞–ª—é—Ç–∏ –≤ –û–¥–µ—Å—ñ,https://uk.tgstat.com/channel/@UfgOdessa,https://t.me/UfgOdessa
–§—É–Ω–¥–∞–º–µ–Ω—Ç–∞–ª,https://uk.tgstat.com/channel/@fundamntal,https://t.me/fundamntal
–û–ë–ú–ï–ù–ö–ê –•–ê–†–¨–ö–û–í - –æ–ø—Ç–∏–º–∞–ª—å–Ω—ã–π –∫—É—Ä—Å,https://uk.tgstat.com/channel/@obmenkakharkiv,https://t.me/obmenkakharkiv
–ü–û–î–ê–¢–ö–û–í–ò–ô –í–Ü–°–ù–ò–ö –£–ö–†–ê–á–ù–ò,https://uk.tgstat.com/channel/@BICHUK_ykp,https://t.me/BICHUK_ykp
–ö—É—Ä—Å –≤–∞–ª—é—Ç –ß–µ—Ä–Ω—ñ–≤—Ü—ñ,https://uk.tgstat.com/channel/@exchange_rate_cv,https://t.me/exchange_rate_cv
Offshore news Lawrange,https://uk.tgstat.com/channel/@lawrange,https://t.me/lawrange
QG,https://uk.tgstat.com/channel/@qivty,https://t.me/qivty
üë®‚Äçüë©‚Äçüëß‚Äçüë¶ –°—ñ–º–µ–π–Ω–∏–π –±—é–¥–∂–µ—Çüí∞,https://uk.tgstat.com/channel/@loveandbudget,https://t.me/loveandbudget
"–û–±–º—ñ–Ω –≤–∞–ª—é—Ç —É—Å—ñ—Ö –∫—Ä–∞—ó–Ω —Å–≤—ñ—Ç—É, –°—É–º–∏ - kurs.sumy.ua - ""18 –í–ê–õ–Æ–¢+""üò∑üá∫üá¶üî±",https://uk.tgstat.com/channel/@valuta_sumy,https://t.me/valuta_sumy
Raiffeisen Bank Ukraine,https://uk.tgstat.com/channel/@Raiffeisen_UA,https://t.me/Raiffeisen_UA
–ë—é—Ä–æ –µ–∫–æ–Ω–æ–º—ñ—á–Ω–æ—ó –±–µ–∑–ø–µ–∫–∏ –£–∫—Ä–∞—ó–Ω–∏,https://uk.tgstat.com/channel/@esbu_gov_ua,https://t.me/esbu_gov_ua
–ì–£–†–¢,https://uk.tgstat.com/channel/@gurtrc,https://t.me/gurtrc
–ù–Ü–ù–ê –Æ–ñ–ê–ù–Ü–ù–ê,https://uk.tgstat.com/channel/@ninayuzhanina,https://t.me/ninayuzhanina
–ë—é—Ä–æ —ñ–Ω–≤–µ—Å—Ç–∏—Ü—ñ–π–Ω–∏—Ö –ø—Ä–æ–≥—Ä–∞–º,https://uk.tgstat.com/channel/@bipglobal,https://t.me/bipglobal
Bit100küá∫üá¶ –û–±–º–µ–Ω –∫—Ä–∏–ø—Ç–æ–≤–∞–ª—é—Ç,https://uk.tgstat.com/channel/@economi_ua,https://t.me/economi_ua
–®–æ –ø–æ –≥—Ä–æ—à–∞—Ö | –ö—É—Ä—Å–∏ –≤–∞–ª—é—Ç | –ù–æ–≤–∏–Ω–∏ –µ–∫–æ–Ω–æ–º—ñ–∫–∏ | –¶—ñ–Ω–∏,https://uk.tgstat.com/channel/@sho_po_groshah,https://t.me/sho_po_groshah
–§–∏–Ω–∞–Ω—Å–æ–≤—ã–π –ì–µ–Ω–∏–π,https://uk.tgstat.com/channel/@financexgenius,https://t.me/financexgenius
–í–æ–∫—Å –£–∫—Ä–∞—ó–Ω–∞/VoxUkraine,https://uk.tgstat.com/channel/@vox_ukraine,https://t.me/vox_ukraine
–û–±–º—ñ–Ω –≤–∞–ª—é—Ç –ü—Ä–∏–ª—É–∫–∏,https://uk.tgstat.com/channel/@obmenka_pryluki,https://t.me/obmenka_pryluki
–≠–∫–æ–Ω–æ–º–∏–∫–∞ –≤—Å–µ–≥–æ,https://uk.tgstat.com/channel/@economyofall,https://t.me/economyofall
–°—Ç—Ä–∞—Ç–µ–≥—ñ—á–Ω–∏–π –Ü–Ω–≤–µ—Å—Ç–æ—Ä,https://uk.tgstat.com/channel/@stratinvestor,https://t.me/stratinvestor
"OTP Bank, –£–∫—Ä–∞—ó–Ω–∞",https://uk.tgstat.com/channel/@otpbankua,https://t.me/otpbankua
üá∫üá¶ –û–ë–ú–Ü–ù –í–ê–õ–Æ–¢ ¬´–ö—É—Ä—Å –û–¥–µ—Å–∞¬ª üá∫üá¶,https://uk.tgstat.com/channel/@obmenvalutodua,https://t.me/obmenvalutodua
"ICU ‚Äî —ñ–Ω–≤–µ—Å—Ç–∏—Ü—ñ—ó, –∫–∞–ø—ñ—Ç–∞–ª, –£–∫—Ä–∞—ó–Ω–∞",https://uk.tgstat.com/channel/@ICUkraine,https://t.me/ICUkraine
–ö–∞—Ä—ñ—Ç–∞—Å –ü–æ–ª—Ç–∞–≤–∞,https://uk.tgstat.com/channel/@caritas_plt,https://t.me/caritas_plt
–í–ü–û | –í–ò–ü–õ–ê–¢–ò | –ñ–ò–¢–õ–û |–î–û–ü–û–ú–û–ì–ê | –ì–£–ú–ê–ù–Ü–¢–ê–†–ö–ê üá∫üá¶,https://uk.tgstat.com/channel/@vpo_vyplatyy,https://t.me/vpo_vyplatyy
–ú—ñ–ª—å–∫–æ–≤–∏—á,https://uk.tgstat.com/channel/@investLviv,https://t.me/investLviv
–í–∞—Å–∏–ª—å –ú–∞—Ç—ñ–π | –Ü–Ω–≤–µ—Å—Ç–∏—Ü—ñ—ó —Ç–∞ —Ñ—ñ–Ω.—Å–≤–æ–±–æ–¥–∞ üíµüåé,https://uk.tgstat.com/channel/@matiy_invest,https://t.me/matiy_invest
–ü–æ–∑–∏—Ç–∏–≤–Ω–∏–π –±—É—Ö–≥–∞–ª—Ç–µ—Ä ¬´–ó—Ä–æ–±–ª–µ–Ω–æ¬ª üòâ,https://uk.tgstat.com/channel/@Zrobleno_buhgalter,https://t.me/Zrobleno_buhgalter
–†–æ–∫-–Ω-—Ä–æ–ª —ñ–Ω–≤–µ—Å—Ç–∏—Ü—ñ—ó ü§ò,https://uk.tgstat.com/channel/@rocknrollinvest,https://t.me/rocknrollinvest
ZayacNews | Abank,https://uk.tgstat.com/channel/@zayacNews,https://t.me/zayacNews
–û–±–º—ñ–Ω –≤–∞–ª—é—Ç,https://uk.tgstat.com/channel/@obmenvalut_kr,https://t.me/obmenvalut_kr
–í—ñ—Å—Ç—ñ –µ–∫–æ–Ω–æ–º—ñ–∫–∏ | #–£–∫—Ä–¢–≥,https://uk.tgstat.com/channel/@vistieconomiky,https://t.me/vistieconomiky
InTax,https://uk.tgstat.com/channel/@intaxnews,https://t.me/intaxnews
–ê–Ω—Ç–∏–ö–æ–ª–ª–µ–∫—Ç–æ—Ä üá∫üá¶,https://uk.tgstat.com/channel/@anticollector_org,https://t.me/anticollector_org
üí∞–û–ë–ú–Ü–ù –í–ê–õ–Æ–¢ –î–ù–Ü–ü–†–û üíµ,https://uk.tgstat.com/channel/@banknosha,https://t.me/banknosha
–ë–∞–Ω–∫ –ü—ñ–≤–¥–µ–Ω–Ω–∏–π,https://uk.tgstat.com/channel/@pivdennybank,https://t.me/pivdennybank
"–û–±–º—ñ–Ω –≤–∞–ª—é—Ç –î–Ω—ñ–ø—Ä–æ ""Kit Group""",https://uk.tgstat.com/channel/@obmenka_dneprua,https://t.me/obmenka_dneprua
–ö—É—Ä—Å –í–∞–ª—é—Ç ‚Ä¢ –î–æ–Ω–µ—Ü–∫,https://uk.tgstat.com/channel/@donetsk_kurs,https://t.me/donetsk_kurs
–§–∏–ª–∏–ø–ø –û–ª–µ–π–Ω–∏–∫: –ö–æ–¥ —Ñ–∏–Ω–∞–Ω—Å–æ–≤–æ–π —Å–≤–æ–±–æ–¥—ã [–ú–∏–ª–ª–∏–æ–Ω –∑–∞ 7 –ª–µ—Ç],https://uk.tgstat.com/channel/@oleynik_invest,https://t.me/oleynik_invest
–ì—Ä–∞–≤–µ —Ç–∞ –ú–µ—Ç–õ–∞–π—Ñ. –ü–µ–Ω—Å—ñ—è –Ω–∞–∫–æ–ø–∏—á—É–≤–∞–ª—å–Ω–∞.,https://uk.tgstat.com/channel/@pensia_ua,https://t.me/pensia_ua
üí∞–û–±–º—ñ–Ω –í–∞–ª—é—Ç –î–Ω—ñ–ø—Ä–æ –¶–µ–Ω—Ç—Ä WORK.ua,https://uk.tgstat.com/channel/@dnepr_obmen_octava,https://t.me/dnepr_obmen_octava
Sense Bank,https://uk.tgstat.com/channel/@sensebank,https://t.me/sensebank
"–§—ñ–Ω–∞–Ω—Å–æ–≤–∏–π –∑–∞—Ö–∏—Å—Ç, –ø–µ–Ω—Å—ñ—è, —Å—Ç—Ä–∞—Ö—É–≤–∞–Ω–Ω—è",https://uk.tgstat.com/channel/@fin_support,https://t.me/fin_support
SPIKE BROKERS,https://uk.tgstat.com/channel/@spike_brokers,https://t.me/spike_brokers
–í–Ü–°–ù–ò–ö: –í–Ü–î–ï–û & –ü–û–î–ê–¢–ö–ò,https://uk.tgstat.com/channel/@visnyk_ua,https://t.me/visnyk_ua
–ú—ñ–Ω—ñ—Å—Ç–µ—Ä—Å—Ç–≤–æ —Ñ—ñ–Ω–∞–Ω—Å—ñ–≤ –£–∫—Ä–∞—ó–Ω–∏üá∫üá¶,https://uk.tgstat.com/channel/@MOF_ua,https://t.me/MOF_ua
"–û–±–º—ñ–Ω –í–∞–ª—é—Ç ""–ü–∞—Ä—Ç–Ω–µ—Ä"". –ö–∏—ó–≤üá∫üá¶",https://uk.tgstat.com/channel/@ObminPartner,https://t.me/ObminPartner
Uteka,https://uk.tgstat.com/channel/@uteka_ua,https://t.me/uteka_ua
–ù–ö–¶–ü–§–† üá∫üá¶ –û—Ñ—ñ—Ü—ñ–π–Ω–∏–π –∫–∞–Ω–∞–ª,https://uk.tgstat.com/channel/@nssmc_ukraine,https://t.me/nssmc_ukraine
–î–∏–≤–∏–¥–µ–Ω–¥–Ω—ã–π –∏–Ω–≤–µ—Å—Ç–æ—Ä üá∫üá¶,https://uk.tgstat.com/channel/@safe_dividends,https://t.me/safe_dividends
üíµ–û–ë–ú–ï–ù24/7_–ö—Ä–∏–≤–æ–π –†–æ–≥üí¥,https://uk.tgstat.com/channel/@obmen24kryvoyrog,https://t.me/obmen24kryvoyrog
–ê–≥—Ä–µ–≥–∞—Ç–æ—Ä –ù–æ–≤–∏–Ω üìà,https://uk.tgstat.com/channel/@agregator_news,https://t.me/agregator_news
–§—ñ–Ω–∞–Ω—Å–æ–≤–∞ –Ω—è–Ω—è,https://uk.tgstat.com/channel/@udcfinn,https://t.me/udcfinn
–Ü–ù–í–ï–°–¢–û–†–ò –£–ö–†–ë–£–î,https://uk.tgstat.com/channel/@Investor_Ukrbud_Official,https://t.me/Investor_Ukrbud_Official
"–û–±–ºi–Ω –≤–∞–ª—é—Ç –•–º–µ–ª—å–Ω–∏—Ü—å–∫–∏–π ""Kit Group""",https://uk.tgstat.com/channel/@obmenka_khmelnitsky,https://t.me/obmenka_khmelnitsky
–ê–Ω—Ç–æ–Ω –Ø–Ω–∫–æ: —Ç–µ–ª–µ–≥—Ä–∞–º-–∫–∞–Ω–∞–ª,https://uk.tgstat.com/channel/@a_yanko,https://t.me/a_yanko
"–û–±–º—ñ–Ω –≤–∞–ª—é—Ç –ó–∞–ø–æ—Ä—ñ–∂–∂—è ""Kit Group""",https://uk.tgstat.com/channel/@obmenka_zaporozhye,https://t.me/obmenka_zaporozhye
Strategist (Dr. Andrii Dligach),https://uk.tgstat.com/channel/@adligach,https://t.me/adligach
–ë–∞–Ω–∫—ñ–≤—Å—å–∫–∏–π –∫–ª—É–±,https://uk.tgstat.com/channel/@bankclubua,https://t.me/bankclubua
¬´–ú–µ–Ω–æ—Ä–∞¬ª USDT / BTC,https://uk.tgstat.com/channel/@Menora_Crypto,https://t.me/Menora_Crypto
–¢–∏–Ñ —Å–æ—Ü–∑–∞—Ö–∏—Å—Ç,https://uk.tgstat.com/channel/@tue_social,https://t.me/tue_social
–Ñ-–ü—ñ–¥—Ç—Ä–∏–º–∫–∞,https://uk.tgstat.com/channel/@pidtrimkauakraine,https://t.me/pidtrimkauakraine
"–¢–û–í ""–ï–ù–ï–†–ê –°–£–ú–ò""",https://uk.tgstat.com/channel/@sm_enera_ua,https://t.me/sm_enera_ua
"–•–û–¢–Ü–í–°–¨–ö–ê –ê–ó–°, –û–ë–ú–Ü–ù –í–ê–õ–Æ–¢, –ö–Ü–õ–¨–¶–Ø",https://uk.tgstat.com/channel/@khotivnews,https://t.me/khotivnews
–ü–æ—Ä—Ç—Ñ–µ–ª—å–Ω–∏–π –∞–ø–¥–µ–π—Ç | –Æ—Ç–∏—à –û–ª–µ–∫—Å–∞–Ω–¥—Ä,https://uk.tgstat.com/channel/@yu_invest,https://t.me/yu_invest
United Invest Team (–æ—Ç–∑—ã–≤—ã),https://uk.tgstat.com/channel/@ssg_reviews,https://t.me/ssg_reviews
TASüåølife,https://uk.tgstat.com/channel/@TASlife,https://t.me/TASlife
–ö–µ–Ω–≥—É—Ä—É –ö–∞–ø–∏—Ç–∞–ª –§–æ–Ω–¥–æ–≤—ã–π —Ä—ã–Ω–æ–∫ –ê–≤—Å—Ç—Ä–∞–ª–∏–∏,https://uk.tgstat.com/channel/@australianstocks,https://t.me/australianstocks
PwC Tax&Legal Insights,https://uk.tgstat.com/channel/@PwCTaxLaw,https://t.me/PwCTaxLaw
military_law_ua,https://uk.tgstat.com/channel/@military_law_ua,https://t.me/military_law_ua
Money 24/7 –¢–µ—Ä–Ω–æ–ø—ñ–ª—å,https://uk.tgstat.com/channel/@money247Ternopil,https://t.me/money247Ternopil
üíµüí∂–û–ë–ú–ï–ù –í–ê–õ–Æ–¢ –ú–õ–¢ –ö–£–†–° üíµüí∂,https://uk.tgstat.com/channel/@obmen_mlt,https://t.me/obmen_mlt
–ó–µ—Ä–Ω–æ: –∑–∞—Ö–∏—Å—Ç PRO,https://uk.tgstat.com/channel/@zernozahyst,https://t.me/zernozahyst
üåª¬´–ê–≥—Ä–æ-–†–∏—Ç–º¬ªüåΩ,https://uk.tgstat.com/channel/@agro_ritm,https://t.me/agro_ritm
–ë–ê–ù–ö–û–í–°–ö–ê–Ø –ö–ê–†–¢–ê –£–ö–†–ê–ò–ù–´,https://uk.tgstat.com/channel/@mmmm_nfjf,https://t.me/mmmm_nfjf
–í–ù–£–ö –Ü–ù–í–ï–°–¢–û–† üë¶üèª,https://uk.tgstat.com/channel/@vnuk_investor,https://t.me/vnuk_investor
–§—ñ–Ω—ñ–∫. –ü–æ–¥–∞—Ç–∫–∏ —Ç–∞ –æ–±–ª—ñ–∫,https://uk.tgstat.com/channel/@unifinanceua,https://t.me/unifinanceua
Invest-Hacks,https://uk.tgstat.com/channel/@investhacks,https://t.me/investhacks
–ü–§–£ –î–æ–Ω–µ—Ü—å–∫–æ—ó –æ–±–ª–∞—Å—Ç—ñ,https://uk.tgstat.com/channel/@PensFond_dn,https://t.me/PensFond_dn
–Ü–ù–í–ï–°–¢-–ö–ê–í–ê|INVEST-KAVA,https://uk.tgstat.com/channel/@invest_kava,https://t.me/invest_kava
–û–±–º—ñ–Ω –í–∞–ª—é—Ç –û–¥–µ—Å–∞,https://uk.tgstat.com/channel/@valuta_od,https://t.me/valuta_od
Namomente Crypto,https://uk.tgstat.com/channel/@namomente_crypto,https://t.me/namomente_crypto
Fortune,https://uk.tgstat.com/channel/wyC6h-PwkKEyZmEy,https://t.me/joinchat/wyC6h-PwkKEyZmEy
üá∫üá¶UA BUSINESS GLOBAL,https://uk.tgstat.com/channel/@uabusinesss,https://t.me/uabusinesss
–í–∏–ø–ª–∞—Ç–∞ –¥–ª—è –≤—Å—ñ—Ö –£–∫—Ä–∞—ó–Ω—Ü—ñ–≤,https://uk.tgstat.com/channel/@kiev_dopomogaua,https://t.me/kiev_dopomogaua
Obmenka.dn.ua,https://uk.tgstat.com/channel/@obmenka_dn_ua,https://t.me/obmenka_dn_ua
FORTEX EXCHANGE DNIPRO,https://uk.tgstat.com/channel/@FORTEX_DNIPRO,https://t.me/FORTEX_DNIPRO
Activitis,https://uk.tgstat.com/channel/@activitisgroup,https://t.me/activitisgroup
InzhurREIT,https://uk.tgstat.com/channel/@InzhurREIT,https://t.me/InzhurREIT
"–û–±–º–µ–Ω–∫–∞ –Ω–∞ –ù–∏–∫–æ–ª—å—Å–∫–æ–π52, obmenka.mk.ua",https://uk.tgstat.com/channel/@obmenkamk,https://t.me/obmenkamk
–ü—Ä–∏–≤–∞—Ç–∏–∑–∞—Ü—ñ—è –≤ –£–∫—Ä–∞—ó–Ω—ñ,https://uk.tgstat.com/channel/@privatization_gov_ua,https://t.me/privatization_gov_ua
–ú—ñ–Ω—ñ—Å—Ç–µ—Ä—Å—Ç–≤–æ –µ–∫–æ–Ω–æ–º—ñ–∫–∏ –£–∫—Ä–∞—ó–Ω–∏,https://uk.tgstat.com/channel/@mineconomdevUA,https://t.me/mineconomdevUA
"–û–±–ºi–Ω –≤–∞–ª—é—Ç I–≤–∞–Ω–æ-–§—Ä–∞–Ω–∫i–≤—Å—å–∫ ""Kit Group""",https://uk.tgstat.com/channel/@obmenka_ivanofrankivsk,https://t.me/obmenka_ivanofrankivsk
–í–ü–û –ø–æ–º–æ—â—å –ø–µ—Ä–µ—Å–µ–ª–µ–Ω—Ü–∞–º ‚úô,https://uk.tgstat.com/channel/@vpohelp,https://t.me/vpohelp
"–û–±–ºi–Ω –≤–∞–ª—é—Ç –íi–Ω–Ω–∏—Ü—è "" Kit Group""",https://uk.tgstat.com/channel/@obmenka_vinnitsa,https://t.me/obmenka_vinnitsa
¬´–û–ø–µ—Ä–∞—Ç–æ—Ä —Ä–∏–Ω–∫—É¬ª,https://uk.tgstat.com/channel/@MarketoperatorUA,https://t.me/MarketoperatorUA
–û–±–º–µ–Ω üá∫üá¶ üîÅüá∑üá∫ –ì—Ä–∏–≤–Ω–∞/–†—É–±–ª—å,https://uk.tgstat.com/channel/@obmengrivennarub,https://t.me/obmengrivennarub
fat.camel,https://uk.tgstat.com/channel/@fatcamel,https://t.me/fatcamel
Wolf üê∫ Trade,https://uk.tgstat.com/channel/@WolfTradePro,https://t.me/WolfTradePro
–ö–£–†–°,https://uk.tgstat.com/channel/@KURS_DNEPR,https://t.me/KURS_DNEPR
–ê–Ω–¥—Ä—ñ–π –í–∞—Å–∏–ª–µ–Ω–∫–æ | –ö–∞–Ω–∞–ª –∑ –∞–Ω–æ–Ω—Å–∞–º–∏,https://uk.tgstat.com/channel/@vasylenko_andriy,https://t.me/vasylenko_andriy
StarLife,https://uk.tgstat.com/channel/@Met_LifeClients,https://t.me/Met_LifeClients
–û—Å—Ç–∞–Ω–Ω—ñ–π –ö–∞–ø—ñ—Ç–∞–ª—ñ—Å—Ç: –ë–∞–∑–∞,https://uk.tgstat.com/channel/@OstanniyCapitalist_Baza,https://t.me/OstanniyCapitalist_Baza
–ê–Ω–∞–ª—ñ—Ç–∏—á–Ω–∏–π –ë–∞—Ç–æ–Ω,https://uk.tgstat.com/channel/@analytics_baton,https://t.me/analytics_baton
ü§ëNazarian Tradersü§ë,https://uk.tgstat.com/channel/RRI6xh9SyPP3Eb5z,https://t.me/joinchat/RRI6xh9SyPP3Eb5z
TVT Traders,https://uk.tgstat.com/channel/@tvtexpert,https://t.me/tvtexpert
FinTech Ukraine,https://uk.tgstat.com/channel/@uafic,https://t.me/uafic
Valuta_odessa88,https://uk.tgstat.com/channel/@valuta_odessa88,https://t.me/valuta_odessa88
–ù–µ—Ä—É—Ö–æ–º—ñ—Å—Ç—å —É –í—ñ–¥–Ω—ñ | GEMINI,https://uk.tgstat.com/channel/@Gemini_Consulting,https://t.me/Gemini_Consulting
–¢–≤—ñ–π –ë—É—Ö–≥–∞–ª—Ç–µ—Ä,https://uk.tgstat.com/channel/@urdigitaladvisor,https://t.me/urdigitaladvisor
–ê–Ω–∞–ª–∏—Ç–∏–∫–∞ –ú–æ–Ω–∏–Ω–∞,https://uk.tgstat.com/channel/@MoninDaniil,https://t.me/MoninDaniil
ALNY (–û–ª–Ω–∏) –°–¢–ê–†–¢,https://uk.tgstat.com/channel/@ALNY_Start,https://t.me/ALNY_Start
‚ö°Ô∏è–ï–Ω–µ—Ä–≥–æ–ñ—ñ–Ω–∫–∞‚ö°Ô∏è,https://uk.tgstat.com/channel/@EnergyWomanUA,https://t.me/EnergyWomanUA
SoftimoTrade - Trading Robots and Indicators,https://uk.tgstat.com/channel/@SoftimoTrade_EN,https://t.me/SoftimoTrade_EN
–û–±–º—ñ–Ω –≤–∞–ª—é—Ç GARANT –Ü—Ä–ø—ñ–Ω—å,https://uk.tgstat.com/channel/@irpin23,https://t.me/irpin23
Pro Life&Money,https://uk.tgstat.com/channel/@prolifeandmoney,https://t.me/prolifeandmoney
Libertex Kiev,https://uk.tgstat.com/channel/@LibertexKiev,https://t.me/LibertexKiev
Double Case Consulting,https://uk.tgstat.com/channel/@doublecase_analytics,https://t.me/doublecase_analytics
‚ö°Ô∏èINVEST HODLERS - –≤—Å–µ –ø—Ä–æ —ñ–Ω–≤–µ—Å—Ç–∏—Ü—ñ—ó,https://uk.tgstat.com/channel/@invest_hodlers,https://t.me/invest_hodlers
–ó–µ–º–µ–ª—å–Ω–∞ —Ä–æ–∑–≤—ñ–¥–∫–∞!,https://uk.tgstat.com/channel/@ZemelnaRozvidka,https://t.me/ZemelnaRozvidka
–û–±–º–µ–Ω–Ω–∞—èüí∏,https://uk.tgstat.com/channel/@moneysurff,https://t.me/moneysurff
LEADGID Channel,https://uk.tgstat.com/channel/@leadgid,https://t.me/leadgid
PROFBURO –µ–∫–æ–Ω–æ–º—ñ—á–Ω–∏–π,https://uk.tgstat.com/channel/@profburoeconom,https://t.me/profburoeconom
"–†–£–°–õ–ê–ù –î–ï–ú–£–° : –æ–ø—Ü—ñ–æ–Ω–∏, –∞–∫—Ü—ñ—ó, –æ–±–ª—ñ–≥–∞—Ü—ñ—ó, IPO. –Ü–Ω–≤–µ—Å—Ç–∏—Ü—ñ–π–Ω–∏–π –µ–∫—Å–ø–µ—Ä—Ç",https://uk.tgstat.com/channel/@investlikeruslandemus,https://t.me/investlikeruslandemus
–†–µ–∞–ª—å–Ω–∞—è üí± —ç–∫–æ–Ω–æ–º–∏–∫–∞ üá∫üá¶,https://uk.tgstat.com/channel/@cash_out_ua,https://t.me/cash_out_ua
robot.invest üá∫üá¶,https://uk.tgstat.com/channel/@robotinvest01,https://t.me/robotinvest01
–û–±–º—ñ–Ω –≤–∞–ª—é—Ç –†–µ–∑–∏–¥–µ–Ω—Ü—ñ—è,https://uk.tgstat.com/channel/@RezidensObmen,https://t.me/RezidensObmen
Keystone Charts,https://uk.tgstat.com/channel/@keystone_charts,https://t.me/keystone_charts
–§–∏–Ω–∞–Ω—Å–æ–≤—ã–µ –Ω–æ–≤–æ—Å—Ç–∏ üë®üèª‚Äçüî¨,https://uk.tgstat.com/channel/@kooperativkyiv,https://t.me/kooperativkyiv
–£–ù–Ü–í–ï–† –Ü–Ω–≤–µ—Å—Ç–∏—Ü—ñ—ó,https://uk.tgstat.com/channel/@ig_univer,https://t.me/ig_univer
–ù–ö–†–ï–ö–ü,https://uk.tgstat.com/channel/@NEURC,https://t.me/NEURC
LIGA.–ë—ñ–∑–Ω–µ—Å,https://uk.tgstat.com/channel/@ligabusiness,https://t.me/ligabusiness
–§–∏–Ω–ü—Ä–æ—Å–≤–µ—Ç,https://uk.tgstat.com/channel/@finproswet,https://t.me/finproswet
"–û–±–º—ñ–Ω –≤–∞–ª—é—Ç –ß–µ—Ä–Ω—ñ–≥—ñ–≤ ""Kit Group""",https://uk.tgstat.com/channel/@obmenka_chernihiv,https://t.me/obmenka_chernihiv
–ú–∏—Ö–∞–π–ª–æ –ü–∞—Ü–∞–Ω || –ü–æ–ª—å–æ–≤—ñ –Ω–æ—Ç–∞—Ç–∫–∏,https://uk.tgstat.com/channel/@MichaelPatsan,https://t.me/MichaelPatsan
KSE live,https://uk.tgstat.com/channel/@kselive,https://t.me/kselive
–û–±–º—ñ–Ω –í–∞–ª—é—Ç | –°—ñ–ª—å–ø–æ,https://uk.tgstat.com/channel/@obmin_silpo,https://t.me/obmin_silpo
obminka_cherkasy,https://uk.tgstat.com/channel/@obmenka_cherrkasy,https://t.me/obmenka_cherrkasy
–Ü–Ω—Ç–µ—Ä–±—É—Ö,https://uk.tgstat.com/channel/@interbuh_lz,https://t.me/interbuh_lz
–û–ë–ú–ï–ù –í–ê–õ–Æ–¢,https://uk.tgstat.com/channel/@ObmenValut_Lugansk,https://t.me/ObmenValut_Lugansk
–Ü–Ω–≤–µ—Å—Ç–æ—Ä24üí∞,https://uk.tgstat.com/channel/@investor24ua,https://t.me/investor24ua
–û–±–º—ñ–Ω –í–∞–ª—é—Ç –†—ñ–≤–Ω–µ,https://uk.tgstat.com/channel/@obmenvalutrv,https://t.me/obmenvalutrv
–î–µ—Ä–∂–∞—É–¥–∏—Ç—Å–ª—É–∂–±–∞,https://uk.tgstat.com/channel/@stateauditserviceofukraine,https://t.me/stateauditserviceofukraine
KredoBank,https://uk.tgstat.com/channel/@kredobank_ua,https://t.me/kredobank_ua
"–û–±–ºi–Ω –≤–∞–ª—é—Ç –ñ–∏—Ç–æ–º–∏—Ä ""Kit Group""",https://uk.tgstat.com/channel/@obmenka_zhitomyr,https://t.me/obmenka_zhitomyr
TAB Finance üá∫üá¶,https://uk.tgstat.com/channel/@tabfinance,https://t.me/tabfinance
Ivan Homonets | –Ü–Ω–≤–µ—Å—Ç–∏—Ü—ñ—ó | –§—ñ–Ω–∞–Ω—Å–∏,https://uk.tgstat.com/channel/@ivan_homonets_channel,https://t.me/ivan_homonets_channel
infobank.by,https://uk.tgstat.com/channel/@infobankby,https://t.me/infobankby
–û–ë–ú–ï–ù –í–ê–õ–Æ–¢ –û–î–ï–°–°–ê,https://uk.tgstat.com/channel/@obmenodessa888,https://t.me/obmenodessa888
–ê–ù–¢–ò–†–ï–ô–î,https://uk.tgstat.com/channel/@antiraid,https://t.me/antiraid
–ö–£–†–° –í–ê–õ–Æ–¢ | UA üü¢,https://uk.tgstat.com/channel/@ask_me_ua,https://t.me/ask_me_ua
izibank_official,https://uk.tgstat.com/channel/@izibank_telegram,https://t.me/izibank_telegram
–ò—Å—Å–ª–µ–¥—É—è –æ–±—â–µ—Å—Ç–≤–æ,https://uk.tgstat.com/channel/@issleduya_obshchestvo,https://t.me/issleduya_obshchestvo
–ü–æ–¥–∞—Ç–∫–∏ –∑ –í—ñ–∫—Ç–æ—Ä—ñ—î—é –í–µ–ª–∏—á–∫–æ,https://uk.tgstat.com/channel/@buh_seminar,https://t.me/buh_seminar
üá∫üá¶–ì—Ä–∏–≥–æ—Ä'—î–≤ –∑ HUG`S,https://uk.tgstat.com/channel/@mhryhoriev,https://t.me/mhryhoriev
–ü–æ–¥–∞—Ç–∫–æ–≤–∞ –•–∞—Ä–∫—ñ–≤—â–∏–Ω–∏,https://uk.tgstat.com/channel/@tax_service_kharkiv,https://t.me/tax_service_kharkiv
Kyiv International Economic Forum,https://uk.tgstat.com/channel/@theKIEF,https://t.me/theKIEF
–ß–ï–°–ù–ê –ú–ò–¢–ù–ò–¶–Ø,https://uk.tgstat.com/channel/@Customs_ier_kiev,https://t.me/Customs_ier_kiev
–ü–ï–†–ï–í–û–î–´ RUB ‚ÜîÔ∏è UAH –û–¢–ó–´–í–´,https://uk.tgstat.com/channel/@perevody_grn_rub,https://t.me/perevody_grn_rub
–û–†–ï–ù–î–£–Ñ–ú–û –í–ê–®–£ –ö–ê–†–¢–£,https://uk.tgstat.com/channel/@LeMon_Orenda,https://t.me/LeMon_Orenda
–û–ø—Ç–æ–≤–∏–π –û–±–º—ñ–Ω –í–∞–ª—é—Ç Opt exchanger,https://uk.tgstat.com/channel/@Obmen_usd,https://t.me/Obmen_usd
–ó–µ—Ä–Ω–æ: machinery,https://uk.tgstat.com/channel/@zernomachinery,https://t.me/zernomachinery
Easy Trading Ukraine,https://uk.tgstat.com/channel/@EasyTrading_Ukraine,https://t.me/EasyTrading_Ukraine
–ë—É—Ö–≥–∞–ª—Ç–µ—Ä —ñ–¥–µ–∞–ª—å–Ω–æ–≥–æ –ø—ñ–¥–ø—Ä–∏—î–º—Ü—è,https://uk.tgstat.com/channel/@bip_net_ua,https://t.me/bip_net_ua
–î–ï–†–ñ–ê–í–ù–ê –î–û–ü–û–ú–û–ì–ê (—î–ü—ñ–¥—Ç—Ä–∏–º–∫–∞),https://uk.tgstat.com/channel/@ePiDtrrimka_6500_doopomogaUa,https://t.me/ePiDtrrimka_6500_doopomogaUa
Vitalik Adamchuk / investments üíµ,https://uk.tgstat.com/channel/@AdamchukVitalik,https://t.me/AdamchukVitalik
–û–ë–ú–Ü–ù –í–ê–õ–Æ–¢ –Ü–ó–ú–ê–á–õ JUKOVSKI,https://uk.tgstat.com/channel/@obmin_izmail_UBJ,https://t.me/obmin_izmail_UBJ
–í–∞–ª—é—Ç–Ω–∏–π –º–∞—Ä–∫–µ—Ç –õ. –£–∫—Ä–∞—ó–Ω–∫–∏ 14 –º.–î—Ä–æ–≥–æ–±–∏—á,https://uk.tgstat.com/channel/@obminkadro,https://t.me/obminkadro
–û–ë–ú–Ü–ù –í–ê–õ–Æ–¢,https://uk.tgstat.com/channel/@obmen_vn,https://t.me/obmen_vn
PROSTORE / —Ç–≤—ñ–π —ñ–Ω–≤–µ—Å—Ç–∏—Ü—ñ–π–Ω–∏–π –ø—Ä–æ—Å—Ç—ñ—Ä,https://uk.tgstat.com/channel/@bbtmpro,https://t.me/bbtmpro
50 - 150 –≥—Ä–Ω –∑–∞ —Ä–µ—î—Å—Ç—Ä–∞—Ü—ñ—é —É –¥–æ–¥–∞—Ç–∫–∞—Ö. –†–æ–±–æ—Ç–∞ –≤ –£–∫—Ä–∞—ó–Ω—ñ. –†–∞–±–æ—Ç–∞ –≤ –£–∫—Ä–∞–∏–Ω–µ. –û–±—å—è–≤–ª–µ–Ω–∏—è. –û–≥–æ–ª–æ—à–µ–Ω–Ω—è. –ó–∞—Ä–æ–±—ñ—Ç–æ–∫. –ì—Ä–æ—à—ñ. –ó–∞–≤–¥–∞–Ω–Ω—è,https://uk.tgstat.com/channel/@zarobitok_grn,https://t.me/zarobitok_grn
–°–ò–ì–ù–ê–õ–´ —Ñ–æ—Ä–µ–∫—Å (S3 + WW + –ì—Ä–∞—Ñ–∏—á–µ—Å–∫–∏–π –∞–Ω–∞–ª–∏–∑),https://uk.tgstat.com/channel/@strategy4you_signals,https://t.me/strategy4you_signals
FinTech Insider,https://uk.tgstat.com/channel/@ftinsider,https://t.me/ftinsider
Lucky Eagle - –ê—Ä–±—ñ—Ç—Ä–∞–∂ —Ç—Ä–∞—Ñ—ñ–∫–∞,https://uk.tgstat.com/channel/@luckyeagleteam,https://t.me/luckyeagleteam
–ö—Ä–µ–¥–∏—Ç–Ω–∞ —ñ—Å—Ç–æ—Ä—ñ—è,https://uk.tgstat.com/channel/@ubki_ua,https://t.me/ubki_ua
–í'—è—á–µ—Å–ª–∞–≤ –ö–æ—Å—Ç–µ–Ω–∫–æ,https://uk.tgstat.com/channel/@viacheslavkostenko,https://t.me/viacheslavkostenko
–ö—Ä–µ–º–µ–Ω—á—É–≥ –û–±–º–µ–Ω –≤–∞–ª—é—Ç Money24/7,https://uk.tgstat.com/channel/@money24kremenchug,https://t.me/money24kremenchug
–ß–µ—Ä–∫–∞—Å—Å—ã –æ–±–º–µ–Ω –≤–∞–ª—é—Ç Money-24,https://uk.tgstat.com/channel/@money24ck,https://t.me/money24ck
–û–ë–ú–Ü–ù –í–ê–õ–Æ–¢–ò (–ö–∏—ó–≤) / CURRENCY EXCHANGE (Kyiv),https://uk.tgstat.com/channel/@OBMEN840,https://t.me/OBMEN840
sellstreet,https://uk.tgstat.com/channel/@sellstreet,https://t.me/sellstreet
–ö–∞—Ä–§–∞–∫—Å ( CarFax ),https://uk.tgstat.com/channel/@carfaxua,https://t.me/carfaxua
–ë–ª–æ–≥ –µ–∫–æ–Ω–æ–º—ñ—Å—Ç–∞,https://uk.tgstat.com/channel/@economist_blog,https://t.me/economist_blog
üí∞Obmeniküá∫üá¶UAN‚û°Ô∏èRUBüá∑üá∫,https://uk.tgstat.com/channel/@obmen_uan_rub_tanya,https://t.me/obmen_uan_rub_tanya
–£–ï–ë - –ö–æ—Ä–æ—Ç–∫–æ—Å—Ç—Ä–æ–∫–æ–≤–∏–π —Ä–∏–Ω–æ–∫ –ø—Ä–∏—Ä–æ–¥–Ω–æ–≥–æ –≥–∞–∑—É,https://uk.tgstat.com/channel/@short_term_natural_gas_market,https://t.me/short_term_natural_gas_market
–û–ë–ú–Ü–ù –í–ê–õ–Æ–¢ BEST –Ü–≤–∞–Ω–æ-–§—Ä–∞–Ω–∫—ñ–≤—Å—å–∫,https://uk.tgstat.com/channel/@bestobmin,https://t.me/bestobmin
"–û–±–º–µ–Ω –≤–∞–ª—é—Ç –ö—Ä–∞–º–∞—Ç–æ—Ä—Å–∫, –ö–æ–Ω—Å—Ç–∞–Ω—Ç–∏–Ω–æ–≤–∫–∞, –î—Ä—É–∂–∫–æ–≤–∫–∞, –°–ª–∞–≤—è–Ω—Å–∫, –ü–æ–∫—Ä–æ–≤—Å–∫",https://uk.tgstat.com/channel/@obmen_dollar_evro,https://t.me/obmen_dollar_evro
Neonomics,https://uk.tgstat.com/channel/@neonomics,https://t.me/neonomics
–û–Ω–ª–∞–π–Ω (+ –∫–∞—Ä—Ç–∫–æ–≤–∏–π) –∫—É—Ä—Å –≤–∞–ª—é—Ç —É –±–∞–Ω–∫–∞—Ö –£–∫—Ä–∞—ó–Ω–∏,https://uk.tgstat.com/channel/@ukrrates_online,https://t.me/ukrrates_online
–Ü–Ω–≤–µ—Å—Ç–∏—Ü—ñ—ó –ö–ª–µ—â–∏–∫–∞,https://uk.tgstat.com/channel/@investpragmatist,https://t.me/investpragmatist
UkrFin. –ü—Ä–æ —É–∫—Ä–∞—ó–Ω—Å—å–∫—ñ —Ñ—ñ–Ω–∞–Ω—Å–∏ –≤—ñ–¥ –¢–∞—Ä–∞—Å–∞ –ö–æ—Ç–æ–≤–∏—á–∞,https://uk.tgstat.com/channel/@UkrFin,https://t.me/UkrFin
üè¶Yura_INVEST.teamüè¶,https://uk.tgstat.com/channel/@investmentym,https://t.me/investmentym
–ë–µ–∂–∞–Ω –ò–Ω–≤–µ—Å—Ç,https://uk.tgstat.com/channel/@bejaninv,https://t.me/bejaninv
–§–ü–ö News,https://uk.tgstat.com/channel/@fpknews,https://t.me/fpknews
–ï–∫–æ–Ω–æ–º—ñ–∫–∞ —Ç–∞ –∫–æ—Ä–æ–Ω–∞–≤—ñ—Ä—É—Å,https://uk.tgstat.com/channel/@covid19_economy,https://t.me/covid19_economy
–§—ñ–Ω–∞–Ω—Å–æ–≤–∏–π –∂—É—Ä–Ω–∞–ª,https://uk.tgstat.com/channel/@financialjournal,https://t.me/financialjournal
–ù–∞—É–º —Ç—É—Çüá∫üá¶,https://uk.tgstat.com/channel/@naum_tyt,https://t.me/naum_tyt
"–û–±–ºi–Ω –≤–∞–ª—é—Ç –õ—É—Ü—å–∫ ""Kit Group""",https://uk.tgstat.com/channel/@obmenka_lutsk,https://t.me/obmenka_lutsk
"–ú–µ–¥—ñ–∞, –ª—é–¥–∏–Ω–∞, –¥–µ—Ä–∂–∞–≤–∞",https://uk.tgstat.com/channel/@rachinsky,https://t.me/rachinsky
Ukraine Investors,https://uk.tgstat.com/channel/@ukraineinvestors,https://t.me/ukraineinvestors
Work Krakow,https://uk.tgstat.com/channel/@Krakow_work,https://t.me/Krakow_work
"""–û–∫—Ç—è–±—Ä—å 1992"" - –º.–î–Ω—ñ–ø—Ä–æ",https://uk.tgstat.com/channel/@oktoberdnepr,https://t.me/oktoberdnepr
–°–≤i—Ç–ª–æ –î–æ–±—Ä–∞,https://uk.tgstat.com/channel/@svitlodobra,https://t.me/svitlodobra
–ù–ë–£ | –¢–ê–õ–ê–ù - —Ü–µ–Ω—Ç—Ä —Ñ—ñ–Ω–∞–Ω—Å–æ–≤–∏—Ö –∑–Ω–∞–Ω—å,https://uk.tgstat.com/channel/@talan_nbu,https://t.me/talan_nbu
"–û–±–º—ñ–Ω –≤–∞–ª—é—Ç –û–¥–µ—Å–∞, 7 –∫–º ""Kit Group""",https://uk.tgstat.com/channel/@obmenka7km,https://t.me/obmenka7km
FINLY,https://uk.tgstat.com/channel/@finly_obmen,https://t.me/finly_obmen
–ó–∞–∫–æ–Ω —ñ –ë—ñ–∑–Ω–µ—Å. –ù–æ–≤–∏–Ω–∏ —Ç–∞ –∞–Ω–∞–ª—ñ—Ç–∏–∫–∞,https://uk.tgstat.com/channel/@zib_news,https://t.me/zib_news
–ò–ù–í–ï–°–¢–ú–ê–ù–ò–Ø üí∏,https://uk.tgstat.com/channel/Q1EIJpgBR_en-npl,https://t.me/joinchat/Q1EIJpgBR_en-npl
–§i–Ω–∞–Ω—Å–æ–≤–∞ –î–æ–ø–æ–º–æ–≥–∞,https://uk.tgstat.com/channel/@dopua24,https://t.me/dopua24
–£–ï–ë - –ù–µ–æ–±—Ä–æ–±–ª–µ–Ω–∞ –¥–µ—Ä–µ–≤–∏–Ω–∞,https://uk.tgstat.com/channel/@ueex_unprocessed_timber,https://t.me/ueex_unprocessed_timber
–ö—É—Ä—Å –í–∞–ª—é—Ç –î–æ–Ω–µ—Ü–∫,https://uk.tgstat.com/channel/@obmenvalut_donetsk,https://t.me/obmenvalut_donetsk
Statistics.UA,https://uk.tgstat.com/channel/@statisticsUA24,https://t.me/statisticsUA24
SVF BRAZZERHOOD,https://uk.tgstat.com/channel/@svf_brazzerhood,https://t.me/svf_brazzerhood
Fingram,https://uk.tgstat.com/channel/kFl1gMfQZG1iMWZi,https://t.me/joinchat/kFl1gMfQZG1iMWZi
–ì–µ–ª—å–≤–µ—Ç–∏–∫–∞ –Ω–∞—É–∫–æ–≤–∞. –ï–∫–æ–Ω–æ–º—ñ–∫–∞,https://uk.tgstat.com/channel/@helvetica_econom,https://t.me/helvetica_econom
–Ü–≤–∞–Ω—ñ–≤ –ù–∞–∑–∞—Ä—ñ–π,https://uk.tgstat.com/channel/@ivaniv_nazarij,https://t.me/ivaniv_nazarij
–§—ñ–Ω–∞–Ω—Å–∏ –£–∫—Ä–∞—ó–Ω–∞üá∫üá¶,https://uk.tgstat.com/channel/@profinance_u,https://t.me/profinance_u
"BITCOIN, LITECOIN, ETHERIUM, TETHER, QIWI - –≠–ª–µ–∫—Ç—Ä–æ–Ω–Ω—ã–µ –¥–µ–Ω—å–≥–∏ –≤ –£–∑–±–µ–∫–∏—Å—Ç–∞–Ω–µ",https://uk.tgstat.com/channel/@wmztash,https://t.me/wmztash
üí∞ SULTAN CAPITAL | –±–∏–∑–Ω–µ—Å | c—Ç–∞—Ä—Ç–∞–ø—ã,https://uk.tgstat.com/channel/@avalon2020,https://t.me/avalon2020
–û–±–º–µ–Ω –≤–∞–ª—é—Ç,https://uk.tgstat.com/channel/@ombenv,https://t.me/ombenv
–§—ñ–Ω–∞–Ω—Å–∏ –ø–æ –∂–∏—Ç—Ç—éüí°,https://uk.tgstat.com/channel/@finlight,https://t.me/finlight
–§–î–ú–£ —É –õ—å–≤—ñ–≤—Å—å–∫—ñ–π –æ–±–ª–∞—Å—Ç—ñ,https://uk.tgstat.com/channel/@lviv_spfu,https://t.me/lviv_spfu
Gerchik&Co inform,https://uk.tgstat.com/channel/@GerchikCoinform,https://t.me/GerchikCoinform
–†–û–ó–í–ò–¢–û–ö –Ü–ù–§–†–ê–°–¢–†–£–ö–¢–£–†–ò,https://uk.tgstat.com/channel/@idvlpmnt,https://t.me/idvlpmnt
RST –ú—ñ–Ω–µ–∫–æ–Ω–æ–º—ñ–∫–∏,https://uk.tgstat.com/channel/@rstmineconomy,https://t.me/rstmineconomy
ForeignSecurities.in.UA,https://uk.tgstat.com/channel/@ForeignSecurities,https://t.me/ForeignSecurities
Buy the Rumor Sell the News,https://uk.tgstat.com/channel/@usduah,https://t.me/usduah
JesterTrade,https://uk.tgstat.com/channel/@jestertrade,https://t.me/jestertrade
"–û–±–º—ñ–Ω –≤–∞–ª—é—Ç –ö—Ä–µ–º–µ–Ω—á—É–∫ ""Kit Group""",https://uk.tgstat.com/channel/@obmin_kremenchuk,https://t.me/obmin_kremenchuk
–Ü–Ω–≤–µ—Å—Ç–∏—Ü—ñ—ó | –ü–∞—Å–∏–≤–Ω–∏–π –¥–æ—Ö—ñ–¥,https://uk.tgstat.com/channel/@invest_diana,https://t.me/invest_diana
"–ö–†–ï–î–ò–¢–´, –ò–°–ü–û–õ–ù–ò–¢–ï–õ–¨–ù–û–ï –ü–†–û–ò–ó–í–û–î–°–¢–í–û‚ö°Ô∏è –ê–î–í–û–ö–ê–¢ –í–ê–°–ò–õ–¨–ï–í –ü–ê–í–ï–õ",https://uk.tgstat.com/channel/@creditvasilievpavel,https://t.me/creditvasilievpavel
–û–±–º–µ–Ω –≤–∞–ª—é—Ç –Ω–∞ –ì–∞–≥–∞—Ä–∏–Ω–∞,https://uk.tgstat.com/channel/@obmen_gagarina,https://t.me/obmen_gagarina
ViktorFX - –¢–æ—Ä–≥–æ–≤—ã–π –ñ—É—Ä–Ω–∞–ª –¢—Ä–µ–π–¥–µ—Ä–∞ | Forex Trading Signals,https://uk.tgstat.com/channel/AAAAAEhuExBIzQeupF6ATw,https://t.me/joinchat/AAAAAEhuExBIzQeupF6ATw
–§–î–ú–£ –≤ –û–¥–µ—Å—å–∫—ñ–π –æ–±–ª–∞—Å—Ç—ñ,https://uk.tgstat.com/channel/@odesa_spfu,https://t.me/odesa_spfu
MAKSYM ORYSHCHAK,https://uk.tgstat.com/channel/@SmartValueInvest,https://t.me/SmartValueInvest
MCA Info,https://uk.tgstat.com/channel/@khsmcainfo,https://t.me/khsmcainfo
–ö—É—Ä—Å –≤–∞–ª—é—Ç –ù–∏–∫–æ–ª–∞–µ–≤,https://uk.tgstat.com/channel/@kurs_nikolaev,https://t.me/kurs_nikolaev
–°–ª–µ–¥—Å—Ç–≤–∏–µ –≤–µ–ª–∏ üé≤üé≤üé≤,https://uk.tgstat.com/channel/@Sledctvie_veli_s_Andreem_Morguno,https://t.me/Sledctvie_veli_s_Andreem_Morguno
üß†–î—É–º–∞–π —Ç–∞ –±–∞–≥–∞—Ç—ñ–πüí∞,https://uk.tgstat.com/channel/@dumaytabagatiy,https://t.me/dumaytabagatiy
T—Ä–µ–π–¥–∏–Ω–≥ —Å 5dtrade.com,https://uk.tgstat.com/channel/@channel_5dtradecom,https://t.me/channel_5dtradecom
Adamant Capital,https://uk.tgstat.com/channel/@adamant_capital,https://t.me/adamant_capital
–ë–ê–ù–ö –û–î–Ø–ì–£ üë®‚Äçüë®‚Äçüë¶‚Äçüë¶–•–ï–†–°–û–ù,https://uk.tgstat.com/channel/@bankode,https://t.me/bankode
MONEYx24 –∫–∞–Ω–∞–ª,https://uk.tgstat.com/channel/@MONEYx24,https://t.me/MONEYx24
"–ê–≥—Ä–∞—Ä–Ω–∏–π —Ç–∏–∂–¥–µ–Ω—å. –£–∫—Ä–∞√Ø–Ω–∞: –±—ñ–∑–Ω–µ—Å, –Ω–æ–≤–∏–Ω–∏, —ñ–Ω–Ω–æ–≤–∞—Ü—ñ—ó",https://uk.tgstat.com/channel/@Agrocadabra,https://t.me/Agrocadabra
–û–±–º—ñ–Ω –≤–∞–ª—é—Ç –ö–∏—ó–≤,https://uk.tgstat.com/channel/@kiev_obmin,https://t.me/kiev_obmin
Investering,https://uk.tgstat.com/channel/@investering100,https://t.me/investering100
–§–î–ú–£ —É –º—ñ—Å—Ç—ñ –ö–∏—î–≤—ñ,https://uk.tgstat.com/channel/@kyiv_spfu,https://t.me/kyiv_spfu
–Ø - –ë—É—Ö–≥–∞–ª—Ç–µ—Ä,https://uk.tgstat.com/channel/@ibuh_info,https://t.me/ibuh_info
–ü–µ—Ä–≤—ã–π –ö–æ–º–º–µ—Ä—á–µ—Å–∫–∏–π –¶–µ–Ω—Ç—Ä,https://uk.tgstat.com/channel/@Pkc2018,https://t.me/Pkc2018
4xDev Company,https://uk.tgstat.com/channel/@Forexdev,https://t.me/Forexdev
üá∫üá¶–Ñ-–≤—ñ–¥–Ω–æ–≤–ª–µ–Ω–Ω—è,https://uk.tgstat.com/channel/@evidnovlennya,https://t.me/evidnovlennya
–ï–∫–æ–Ω–æ–º—ñ—á–Ω–∏–π –í—ñ—Å–Ω–∏–∫,https://uk.tgstat.com/channel/@trynewspaperua,https://t.me/trynewspaperua
Infinity Trade Club,https://uk.tgstat.com/channel/@infinitytradeclub,https://t.me/infinitytradeclub
INSURANCE & LAW,https://uk.tgstat.com/channel/@insulaw,https://t.me/insulaw
InvestHub - Channel,https://uk.tgstat.com/channel/@investhubchannel,https://t.me/investhubchannel
–ú—ñ–Ω—ñ—Å—Ç–µ—Ä—Å—Ç–≤–æ —Ñ—ñ–Ω–∞–Ω—Å—ñ–≤ –£–∫—Ä–∞—ó–Ω–∏ üá∫üá¶,https://uk.tgstat.com/channel/@mof_gov_ua,https://t.me/mof_gov_ua
–û–ë–ú–ï–ù –í–ê–õ–Æ–¢ –õ–£–ì–ê–ù–°–ö,https://uk.tgstat.com/channel/@exchange_lg,https://t.me/exchange_lg
üè† –§–î–ú–£ —É –ü–æ–ª—Ç–∞–≤—Å—å–∫i–π –æ–±–ª–∞—Å—Çi,https://uk.tgstat.com/channel/@poltava_spfu,https://t.me/poltava_spfu
–§–î–ú–£ —É –•–∞—Ä–∫—ñ–≤—Å—å–∫—ñ–π –æ–±–ª–∞—Å—Ç—ñ,https://uk.tgstat.com/channel/@Kharkiv_spfu,https://t.me/Kharkiv_spfu
–§–î–ú–£ —É –†—ñ–≤–Ω–µ–Ω—Å—å–∫—ñ–π –æ–±–ª–∞—Å—Ç—ñ,https://uk.tgstat.com/channel/@rivne_spfu,https://t.me/rivne_spfu
–ì—Ä—É–ø–∞ 41,https://uk.tgstat.com/channel/@grupa41_ukr,https://t.me/grupa41_ukr
–†–ë–ö –£–∫—Ä–∞—ó–Ω–∞ üá∫üá¶,https://uk.tgstat.com/channel/@ua_rbc,https://t.me/ua_rbc
–†–∞–±–æ—Ç–∞ –≤ —Ç–µ–º–µ –§–æ—Ä–µ–∫—Å@,https://uk.tgstat.com/channel/@leadteamxl,https://t.me/leadteamxl
FinQuiz,https://uk.tgstat.com/channel/@Financial_Quiz,https://t.me/Financial_Quiz
–ï–Ω–µ—Ä–≥–æ–±–ª–æ–∫ ‚öõÔ∏è,https://uk.tgstat.com/channel/@energoblok,https://t.me/energoblok
–ü–µ—Ä–µ–≤–æ–¥ –¥–µ–Ω–µ–≥ –ö–∏—Ç–∞–π/–ú–∏—Ä,https://uk.tgstat.com/channel/@transferchina,https://t.me/transferchina
"PS investor —ñ–Ω–≤–µ—Å—Ç–∏—Ü—ñ—ó —É–∫—Ä–∞—ó–Ω—Å—å–∫–æ—é. –ê–∫—Ü—ñ—ó, –æ–ø—Ü—ñ–æ–Ω–∏",https://uk.tgstat.com/channel/@psinvestor,https://t.me/psinvestor
–ö—É—Ä—Å –≤–∞–ª—é—Ç monobank | Universal Bank,https://uk.tgstat.com/channel/@monorates,https://t.me/monorates
FIBO Group Official RU,https://uk.tgstat.com/channel/@FiboGroupOfficialRu,https://t.me/FiboGroupOfficialRu
finance_ua,https://uk.tgstat.com/channel/@finance_ua,https://t.me/finance_ua
Pro Finance | PF,https://uk.tgstat.com/channel/@profinanceua,https://t.me/profinanceua
Economic Manuscripts,https://uk.tgstat.com/channel/@economanus,https://t.me/economanus
–ë–£–•–ì–ê–õ–¢–ï–†,https://uk.tgstat.com/channel/@AKBuhgalter,https://t.me/AKBuhgalter
–§–î–ú–£ —É –ß–µ—Ä–∫–∞—Å—å–∫—ñ–π –æ–±–ª–∞—Å—Ç—ñ,https://uk.tgstat.com/channel/@cherkasy_spfu,https://t.me/cherkasy_spfu
–§–î–ú–£ —É –•–º–µ–ª—å–Ω–∏—Ü—å–∫—ñ–π –æ–±–ª–∞—Å—Ç—ñ,https://uk.tgstat.com/channel/@khmelnytskyi_spfu,https://t.me/khmelnytskyi_spfu
–§–î–ú–£ —É –ñ–∏—Ç–æ–º–∏—Ä—Å—å–∫—ñ–π –æ–±–ª–∞—Å—Ç—ñ,https://uk.tgstat.com/channel/@zhytomyr_spfu,https://t.me/zhytomyr_spfu
–ö—Ä–µ–¥–∏—Ç–∫–∞,https://uk.tgstat.com/channel/@Kredytka,https://t.me/Kredytka
–û–¢–ó–´–í–´ | –¢—Ä–µ–π–¥–µ—Ä –∏–∑ –û–¥–µ—Å—Å—ã,https://uk.tgstat.com/channel/@tradeotz,https://t.me/tradeotz
–ù–ï–†–£–•–û–ú–Ü–°–¢–¨ –£–ö–†–ê–á–ù–ò (–ù–ï–î–í–ò–ñ–ò–ú–û–°–¢–¨ –£–ö–†–ê–ò–ù–´),https://uk.tgstat.com/channel/@real_estate_ukrane,https://t.me/real_estate_ukrane
"–û–±–ºi–Ω –≤–∞–ª—é—Ç –ó–≤—è–≥–µ–ª—å ""Kit Group""",https://uk.tgstat.com/channel/@obmenka_novograd,https://t.me/obmenka_novograd
–ú–∞–Ω—ñ–º–µ–π–∫–µ—Ä,https://uk.tgstat.com/channel/@money_ua_maker,https://t.me/money_ua_maker
–†–æ–∫-–Ω-—Ä–æ–ª —ñ–Ω–≤–µ—Å—Ç–∏—Ü—ñ—ó üí∞üá∫üá¶,https://uk.tgstat.com/channel/@rocknrollinvestua,https://t.me/rocknrollinvestua
–§—ñ–Ω–∞–Ω—Å–æ–≤–∞ –¥–æ–ø–æ–º–æ–≥–∞ –≤—ñ–¥ –û–û–ù,https://uk.tgstat.com/channel/@OONsupport_news,https://t.me/OONsupport_news
Smart moneys,https://uk.tgstat.com/channel/@smartmoneys1,https://t.me/smartmoneys1
GT Invest,https://uk.tgstat.com/channel/@GTIUA,https://t.me/GTIUA
–§–î–ú–£ —É –î–Ω—ñ–ø—Ä–æ–ø–µ—Ç—Ä–æ–≤—Å—å–∫—ñ–π –æ–±–ª–∞—Å—Ç—ñ,https://uk.tgstat.com/channel/@dnipro_spfu,https://t.me/dnipro_spfu
–§–î–ú–£ —É –í–æ–ª–∏–Ω—Å—å–∫—ñ–π –æ–±–ª–∞—Å—Ç—ñ,https://uk.tgstat.com/channel/@volyn_spfu,https://t.me/volyn_spfu
"LX - –æ–±–º–µ–Ω –≤–∞–ª—é—Ç, UAHRUB‚ôªÔ∏è",https://uk.tgstat.com/channel/@LXobmen,https://t.me/LXobmen
–§–î–ú–£ —É –í—ñ–Ω–Ω–∏—Ü—å–∫—ñ–π –æ–±–ª–∞—Å—Ç—ñ,https://uk.tgstat.com/channel/@vinnytsia_spfu,https://t.me/vinnytsia_spfu
–£–∫—Ä–∞–∏–Ω—Å–∫–∏–π –ù–∞—Ä–æ–¥–Ω—ã–π –ë–∞–Ω–∫,https://uk.tgstat.com/channel/@official_unb,https://t.me/official_unb
–§–î–ú–£ —É –¢–µ—Ä–Ω–æ–ø—ñ–ª—å—Å—å–∫—ñ–π –æ–±–ª–∞—Å—Ç—ñ,https://uk.tgstat.com/channel/@ternopil_spfu,https://t.me/ternopil_spfu
–ó–µ—Ä–Ω–æ: –ª–æ–≥—ñ—Å—Ç–∏–∫–∞,https://uk.tgstat.com/channel/@VyvozymoZerno,https://t.me/VyvozymoZerno
–ö–∞–Ω–∞–ª.–§–∏–ΩTex.–§–æ—Ä–µ–∫—Å.–†–∞–±–æ—Ç–∞.–õ–∏–¥—ã.–ü–ª–∞—Ç—Ñ–æ—Ä–º—ã.–ö–∏–µ–≤,https://uk.tgstat.com/channel/@FinTechKiev,https://t.me/FinTechKiev
–û–±–º–µ–Ω –±–µ–∂–µ–Ω—Ü–∞–º,https://uk.tgstat.com/channel/@bezhentsychange,https://t.me/bezhentsychange
–û–ë–ú–ï–ù –í–ê–õ–Æ–¢ –†—É–±–ª—å- –ì—Ä–∏–≤–Ω–∞ . –ü–µ—Ä–µ–≤–æ–¥—ã –∏–∑ –†—Ñ –≤ –£–∫—Ä–∞–∏–Ω—É,https://uk.tgstat.com/channel/@obmenru_1,https://t.me/obmenru_1
"–ó–µ—Ä–Ω–æ: –∫–æ—Ç–ª–∏, —Ç–µ–ø–ª–æ",https://uk.tgstat.com/channel/@kotlyteplo,https://t.me/kotlyteplo
Wide Pants,https://uk.tgstat.com/channel/@widepantscapital,https://t.me/widepantscapital
–§–î–ú–£ —É –°—É–º—Å—å–∫—ñ–π –æ–±–ª–∞—Å—Ç—ñ,https://uk.tgstat.com/channel/@sumy_spfu,https://t.me/sumy_spfu
–§–î–ú–£ —É –ß–µ—Ä–Ω—ñ–≤–µ—Ü—å–∫—ñ–π –æ–±–ª–∞—Å—Ç—ñ,https://uk.tgstat.com/channel/@chernivtsi_region_spfu,https://t.me/chernivtsi_region_spfu
–§–î–ú–£ —É –ó–∞–∫–∞—Ä–ø–∞—Ç—Å—å–∫—ñ–π –æ–±–ª–∞—Å—Ç—ñ,https://uk.tgstat.com/channel/@zak_spfu,https://t.me/zak_spfu
—î–í–∞–∫–∞–Ω—Å—ñ—ó –≤ –î—ñ–¥–∂–∏—Ç–∞–ª,https://uk.tgstat.com/channel/@yevacancy,https://t.me/yevacancy
–ù–æ–≤–∏–Ω–∏ –ë–∞–Ω–∫—ñ–≤ –£–∫—Ä–∞—ó–Ω–∏,https://uk.tgstat.com/channel/@uabanknews,https://t.me/uabanknews
–Ü–Ω–≤–µ—Å—Ç–∏—Ü—ñ—ó –∑ –µ–∫—Å–ø–µ—Ä—Ç–∞–º–∏,https://uk.tgstat.com/channel/@invest_with_experts,https://t.me/invest_with_experts
–§–î–ú–£ –≤ –Ü–≤–∞–Ω–æ-–§—Ä–∞–Ω–∫—ñ–≤—Å—å–∫—ñ–π –æ–±–ª–∞—Å—Ç—ñ,https://uk.tgstat.com/channel/@spfu_Ivano_Frankivsk,https://t.me/spfu_Ivano_Frankivsk
–ö–†–ï–î–ò–¢ –£–∫—Ä–∞–∏–Ω–∞,https://uk.tgstat.com/channel/@creditukrainegroup,https://t.me/creditukrainegroup
–§–î–ú–£ —É –ß–µ—Ä–Ω—ñ–≥—ñ–≤—Å—å–∫—ñ–π –æ–±–ª–∞—Å—Ç—ñ,https://uk.tgstat.com/channel/@Chernihiv_spfu,https://t.me/Chernihiv_spfu
Ne Rabotaet,https://uk.tgstat.com/channel/@NeRabotaet1477,https://t.me/NeRabotaet1477
"–°—Ç—Ä–∞—Ö–æ–≤–∞ –∫–æ–º–ø–∞–Ω—ñ—è ""–î–û–ë–†–û–ë–£–¢ –¢–ê –ó–ê–•–ò–°–¢""",https://uk.tgstat.com/channel/@dobrobuttazahist,https://t.me/dobrobuttazahist
Money!,https://uk.tgstat.com/channel/@zolotyyhype,https://t.me/zolotyyhype
–ü—Ç–∏—Ü–µ—Ñ–∞–±—Ä–∏–∫–∏ –£–∫—Ä–∞–∏–Ω—ã,https://uk.tgstat.com/channel/@ptichki_net,https://t.me/ptichki_net
–§–î–ú–£ —É –ú–∏–∫–æ–ª–∞—ó–≤—Å—å–∫—ñ–π –æ–±–ª–∞—Å—Ç—ñ,https://uk.tgstat.com/channel/@mykolaiv_spfu,https://t.me/mykolaiv_spfu
–≠–∫–æ–Ω–æ–º–∏–∫–∞| –ù–ê–ú–ï–î–ù–òüñã,https://uk.tgstat.com/channel/@economy_moment,https://t.me/economy_moment
–ì—Ä–æ—à—ñ –≤ –±–∞–Ω—Ü—ñ –ø–µ—Ä–µ—Ö–æ–¥–Ω–∏–∫,https://uk.tgstat.com/channel/@bankinvest1,https://t.me/bankinvest1
–¢–í–¢ insurance broker,https://uk.tgstat.com/channel/AAAAAEydf7thDr3Qhx_ACA,https://t.me/joinchat/AAAAAEydf7thDr3Qhx_ACA
–ö—É—Ä—Å –≤–∞–ª—é—Ç –û—â–∞–¥–±–∞–Ω–∫,https://uk.tgstat.com/channel/@oschadbankrates,https://t.me/oschadbankrates
–ê–≤—Ç–æ–º–∞—Ç–∏–∑–∞—Ü—ñ—è –±—ñ–∑–Ω–µ—Å—É —Ç–∞ –¥–æ–ø–æ–º–æ–≥–∞ –æ—Å–≤—ñ—Ç–Ω—å–æ–º—É –±—ñ–∑–Ω–µ—Å—É,https://uk.tgstat.com/channel/@systemadmin1,https://t.me/systemadmin1
–ú–ò–ö–†–û–ó–ê–ô–ú–´ –£–ö–†–ê–ò–ù–ê ‚≠ïÔ∏è%,https://uk.tgstat.com/channel/@bestcredit,https://t.me/bestcredit
–£–ù–Ü–ê–ù - –µ–∫–æ–Ω–æ–ºi—á–Ωi –Ω–æ–≤–∏–Ω–∏ –£–∫—Ä–∞—ó–Ω–∏ üá∫üá¶,https://uk.tgstat.com/channel/Kpba3h6LS1syMjdi,https://t.me/joinchat/Kpba3h6LS1syMjdi
CRYPTO IN NEWS | C.I.N.,https://uk.tgstat.com/channel/@crypto_in_news,https://t.me/crypto_in_news
–†–µ–∫–æ–Ω—Å—Ç—Ä—É–∫—Ü–∏—è UA,https://uk.tgstat.com/channel/@recua,https://t.me/recua
–§–î–ú–£ —É –ö—ñ—Ä–æ–≤–æ–≥—Ä–∞–¥—Å—å–∫—ñ–π –æ–±–ª–∞—Å—Ç—ñ,https://uk.tgstat.com/channel/@kropyvnytskyi_spfu,https://t.me/kropyvnytskyi_spfu
–¶–µ –Ü–Ω—à–µ | –£–∫—Ä–∞—ó–Ω–∞,https://uk.tgstat.com/channel/@ce_inshe,https://t.me/ce_inshe
–ú—ñ–∂–±–∞–Ω–∫ –£–∫—Ä–∞—ó–Ω–∞,https://uk.tgstat.com/channel/@ukrinterbank,https://t.me/ukrinterbank
–ö—É—Ä—Å –≤–∞–ª—é—Ç –£–∫—Ä—Å–∏–±–±–∞–Ω–∫,https://uk.tgstat.com/channel/@ukrsibbankrates,https://t.me/ukrsibbankrates
–ö—É–ø–∏—Ç—å –∫–≤–∞—Ä—Ç–∏—Ä—É –ö–∏–µ–≤,https://uk.tgstat.com/channel/@kypitkvsrtirykiev,https://t.me/kypitkvsrtirykiev
–ò–Ω–≤–µ—Å—Ç–∏—Ü–∏–∏ –£–∫—Ä–∞–∏–Ω—Ü–∞–º,https://uk.tgstat.com/channel/@UAInvestCLub,https://t.me/UAInvestCLub
Lazy Duck Invest,https://uk.tgstat.com/channel/@LazyDuckInvest,https://t.me/LazyDuckInvest
–ù–û–í–ò–ù–ò –ï–ö–û–ù–û–ú–Ü–ö–ò üá∫üá¶,https://uk.tgstat.com/channel/@economicuanews,https://t.me/economicuanews
Yasha –ù–æ–≤–æ—Å—Ç–∏,https://uk.tgstat.com/channel/@yasha_news_ru,https://t.me/yasha_news_ru
üíéS- Group –Ü–Ω–≤–µ—Å—Ç–∏—Ü—ñ—óüí∞–ü–∞—Å–∏–≤–Ω–∏–π –¥–æ—Ö—ñ–¥ üíº,https://uk.tgstat.com/channel/b8fgOE1Cb4E4MTky,https://t.me/joinchat/b8fgOE1Cb4E4MTky
–ü—Ä–∞–≤–∞ –ø–æ—Ç—Ä–µ–±–∏—Ç–µ–ª—è,https://uk.tgstat.com/channel/@consumptionworld,https://t.me/consumptionworld
Trading Squad Essence,https://uk.tgstat.com/channel/@TrSquadEssence,https://t.me/TrSquadEssence
Economy is Simple| –Ü–Ω—Ñ–ª—è—Ü—ñ—è | –ë—ñ–∑–Ω–µ—Å,https://uk.tgstat.com/channel/@simpleeconomyforus,https://t.me/simpleeconomyforus
–ú–∞–π–∂–µ –ï–∫–æ–Ω–æ–º—ñ—Å—Ç,https://uk.tgstat.com/channel/@almost_economist_ua,https://t.me/almost_economist_ua
–ú–æ–¥–µ–ª—å –µ–∫–æ–Ω–æ–º—ñ–∫–∏,https://uk.tgstat.com/channel/@economy_model,https://t.me/economy_model
