VERBAAA,https://uk.tgstat.com/channel/@verbaaa,https://t.me/verbaaa
Obdone Cosplay 18+,https://uk.tgstat.com/channel/AAAAAFScJE4QWWW6u4bRWg,https://t.me/joinchat/AAAAAFScJE4QWWW6u4bRWg
CĞ¾Ñ‡Ğ½Ğ¾ Ğ¸ Ñ‚Ğ¾Ñ‡ĞºĞ° 18+,https://uk.tgstat.com/channel/RGl1DIrsG1thNmQy,https://t.me/joinchat/RGl1DIrsG1thNmQy
Ğ¥ÑƒÑ‘Ğ²Ñ‹Ğ¹ Ğ”Ğ¾Ğ½ĞµÑ†Ğº,https://uk.tgstat.com/channel/@hdonetsk,https://t.me/hdonetsk
Ğ¢Ğ¸Ñ…Ğ¸Ğ¹ ĞĞ¼ÑƒÑ‚ 18+,https://uk.tgstat.com/channel/tWhFGHlMoSA0YzQ6,https://t.me/joinchat/tWhFGHlMoSA0YzQ6
ANIVIBE,https://uk.tgstat.com/channel/AAAAAFYM3oC-aserlSyvxA,https://t.me/joinchat/AAAAAFYM3oC-aserlSyvxA
Luxury Hub,https://uk.tgstat.com/channel/O5O9_3QbPfM4NmNi,https://t.me/joinchat/O5O9_3QbPfM4NmNi
popygai4ikkesha,https://uk.tgstat.com/channel/6naivawUzds2ZWEy,https://t.me/joinchat/6naivawUzds2ZWEy
"Ğ¡Ğ°Ğ´Ğ¸ÑÑŒ, Ğ¿Ñ€Ğ¾ĞºĞ°Ñ‡Ñƒ",https://uk.tgstat.com/channel/WQTd_CVgRiA5ZjE6,https://t.me/joinchat/WQTd_CVgRiA5ZjE6
ne40kk,https://uk.tgstat.com/channel/f3NH2RwZs3o1MmUy,https://t.me/joinchat/f3NH2RwZs3o1MmUy
Sissy Shemales_Ğ¢Ñ€Ğ°Ğ½Ñ,https://uk.tgstat.com/channel/B41QDcUE40ZmODVi,https://t.me/joinchat/B41QDcUE40ZmODVi
ğ†ğ¨ğ¨ğ ğ›ğ¨ğ²âœ,https://uk.tgstat.com/channel/AAAAAEqbtklo2uBJKxbBXg,https://t.me/joinchat/AAAAAEqbtklo2uBJKxbBXg
Ğ†Ğ½Ñ‚Ğ¸Ğ¼Ğ¾Ğ»Ğ¾Ğ³Ñ–Ñ 18+,https://uk.tgstat.com/channel/QuKktpwh13o4YWYy,https://t.me/joinchat/QuKktpwh13o4YWYy
VideoHub,https://uk.tgstat.com/channel/VTZ1X38cnDU0N2Zi,https://t.me/joinchat/VTZ1X38cnDU0N2Zi
Ñ‚Ğ°ĞºĞ°Ñ…ÑƒĞ»i,https://uk.tgstat.com/channel/cB-AgMmqjQI4NGEy,https://t.me/joinchat/cB-AgMmqjQI4NGEy
Telegram Porn,https://uk.tgstat.com/channel/t-iVmgh5wf0yNGUy,https://t.me/joinchat/t-iVmgh5wf0yNGUy
Stable Waifu | BLOG,https://uk.tgstat.com/channel/@StableWaifu,https://t.me/StableWaifu
â™¡ĞœĞ°Ğ½Ñ…Ğ²Ñ‹ ÑĞ¾Ğ¹â™¡,https://uk.tgstat.com/channel/PT4kvcantNA4OTFi,https://t.me/joinchat/PT4kvcantNA4OTFi
ASMR Yukelito â™¡,https://uk.tgstat.com/channel/@asmr_yukelito,https://t.me/asmr_yukelito
Amouranth Private ğŸ”,https://uk.tgstat.com/channel/AAAAAFRkdbuT0DBhVl6LTw,https://t.me/joinchat/AAAAAFRkdbuT0DBhVl6LTw
Ğ†Ğ½Ñ‚Ğ¸Ğ¼Ğ½Ğ¸Ğ¹ Ğ¶ÑƒÑ€Ğ½Ğ°Ğ»ğŸ“,https://uk.tgstat.com/channel/NwmCKJlXHHFkZTky,https://t.me/joinchat/NwmCKJlXHHFkZTky
Sexy Club ğŸ”¥,https://uk.tgstat.com/channel/P5lmJ2SQaGpjNzBi,https://t.me/joinchat/P5lmJ2SQaGpjNzBi
Masha_Roskazhi,https://uk.tgstat.com/channel/lgD-J40ZN4NlMzcy,https://t.me/joinchat/lgD-J40ZN4NlMzcy
BeautifulHub,https://uk.tgstat.com/channel/Swr2XQce03gg6RA2,https://t.me/joinchat/Swr2XQce03gg6RA2
HOT BOYS NSFWğŸ”¥,https://uk.tgstat.com/channel/@HOT_BOYSES,https://t.me/HOT_BOYSES
our pretty girlsâœ¨,https://uk.tgstat.com/channel/tKQ44Qfq6X83YWMy,https://t.me/joinchat/tKQ44Qfq6X83YWMy
Ğ‘Ğ¸Ğ¿Ğ¾Ğ»ÑÌÑ€Ğ½Ğ¾ĞµğŸ”Ñ€Ğ°ÑÑÑ‚Ñ€Ğ¾ÌĞ¹ÑÑ‚Ğ²Ğ¾,https://uk.tgstat.com/channel/@bipolar_world,https://t.me/bipolar_world
AssHub,https://uk.tgstat.com/channel/ULSbeXEl6EhlPVHh,https://t.me/joinchat/ULSbeXEl6EhlPVHh
Sissy Ero|Cute Shemale|ĞœĞ¸Ğ»Ñ‹Ğµ Ğ¢Ñ€Ğ°Ğ½ÑĞ¸ĞºĞ¸,https://uk.tgstat.com/channel/@sissy_er,https://t.me/sissy_er
Ğ†Ğ½Ñ‚Ğ¸Ğ¼Ğ¾Ğ»Ğ¾Ğ³Ñ–Ñ / Intimology / Ğ¡ĞµĞºÑĞ¾Ğ»Ğ¾Ğ³Ñ–Ñ,https://uk.tgstat.com/channel/FZPv9bW0HBxiNjky,https://t.me/joinchat/FZPv9bW0HBxiNjky
Leggings | Latex | Leather,https://uk.tgstat.com/channel/@leggings_tg,https://t.me/leggings_tg
VeĞ¶Ğ | Ğ’Ñ–Ğ½Ğ½Ğ¸Ñ†Ñ | ĞĞ¾Ğ²Ğ¸Ğ½Ğ¸,https://uk.tgstat.com/channel/@vezhavn,https://t.me/vezhavn
Ğ”ĞµĞ²ÑƒÑˆĞºĞ¸ Ñ‚Ğ¸ĞºÑ‚Ğ¾Ğº - xxxtik,https://uk.tgstat.com/channel/@tiktokhotgirll,https://t.me/tiktokhotgirll
Alcoholy âœ¨,https://uk.tgstat.com/channel/@alcoholy_official,https://t.me/alcoholy_official
Schoolgirl Feet,https://uk.tgstat.com/channel/@sexfeetowl,https://t.me/sexfeetowl
Ğ ĞµĞ°Ğ»ÑŒĞ½Ñ‹Ğ¹ ĞºĞ°Ğ½Ğ°Ğ» Ğ¨ĞĞ Ğ˜Ğ¯,https://uk.tgstat.com/channel/@real_sharij,https://t.me/real_sharij
Ğ§Ğ‘ĞĞ®,https://uk.tgstat.com/channel/WIyZfJlC4ARhM2Ey,https://t.me/joinchat/WIyZfJlC4ARhM2Ey
á´ÉªÊŸá´‹ğŸ¥›Êœá´ÊŸá´‡s,https://uk.tgstat.com/channel/bVnsRQELUetkMDIy,https://t.me/joinchat/bVnsRQELUetkMDIy
ğŸ”Issue | Hentaiâ˜€ï¸,https://uk.tgstat.com/channel/ekxLlyARfJA4NTgy,https://t.me/joinchat/ekxLlyARfJA4NTgy
Ğ¡ĞµĞºÑ Ğ’Ğ¸Ñ€Ñ‚ Omegle Ğ§Ğ°Ñ‚ Ğ”Ñ€ÑƒĞ³ Ğ²Ğ¾ĞºÑ€ÑƒĞ³ ĞœĞ°Ğ¼Ğ±Ğ°,https://uk.tgstat.com/channel/@sekspraim,https://t.me/sekspraim
Sweet Bâ“â“BS ğŸ”,https://uk.tgstat.com/channel/SR0M754mhLpZOZ9R,https://t.me/joinchat/SR0M754mhLpZOZ9R
Ğ’ĞµĞ»Ğ¸ĞºÑ– Ğ”ÑƒĞ¿ĞºĞ¸,https://uk.tgstat.com/channel/nNqLek-lHGQ2ZjAy,https://t.me/joinchat/nNqLek-lHGQ2ZjAy
69-Ğ¹ ĞĞ¾Ğ¼ĞµÑ€ ğŸ’‹,https://uk.tgstat.com/channel/bEDfuA2iVXcyZWZi,https://t.me/joinchat/bEDfuA2iVXcyZWZi
Ğ¡Ğ¼Ğ°Ñ‡Ğ½Ğ° Ğ¿Ğ¾Ğ¿ĞºĞ°,https://uk.tgstat.com/channel/eyjvG47-PbA1OTMy,https://t.me/joinchat/eyjvG47-PbA1OTMy
Bandage 18+,https://uk.tgstat.com/channel/1BY_Z3daVatkMjYy,https://t.me/joinchat/1BY_Z3daVatkMjYy
Night Porn,https://uk.tgstat.com/channel/@NightPornj,https://t.me/NightPornj
AliExpress 18+,https://uk.tgstat.com/channel/@prnstuff,https://t.me/prnstuff
CallMeFuckingDaddy,https://uk.tgstat.com/channel/XV9PYEk1Xg02ZDdi,https://t.me/joinchat/XV9PYEk1Xg02ZDdi
Ğ¢Ğ²Ğ¾Ñ Ğ¿Ñ€Ğ°Ğ²Ğ° Ñ€ÑƒĞºĞ° âœŒğŸ»,https://uk.tgstat.com/channel/@insideurbancommunity,https://t.me/insideurbancommunity
DarkSoul 18+,https://uk.tgstat.com/channel/TMRUk3yvcLQzZTUy,https://t.me/joinchat/TMRUk3yvcLQzZTUy
ĞœĞ£Ğ–Ğ¡ĞšĞĞ™â€¢Ğ–Ğ£Ğ ĞĞĞ›,https://uk.tgstat.com/channel/@Manstyleforyou,https://t.me/Manstyleforyou
Ğ¦Ñ– Ğ±Ğ»ÑĞ´ÑÑŒĞºÑ– Ñ–ÑÑ‚Ğ¾Ñ€Ñ–Ñ—,https://uk.tgstat.com/channel/@these_fucking_stories,https://t.me/these_fucking_stories
ĞºĞ¾Ğ½Ğ´Ğ¸Ñ‚ĞµÑ€ÑĞºĞ°Ñ,https://uk.tgstat.com/channel/@candyditerskaya,https://t.me/candyditerskaya
Toxic girlsğŸ‡ºğŸ‡¦,https://uk.tgstat.com/channel/@girls_toxic,https://t.me/girls_toxic
bemyfilm,https://uk.tgstat.com/channel/@bemyfilm,https://t.me/bemyfilm
moonğŸŒ™,https://uk.tgstat.com/channel/@bloooodmoon,https://t.me/bloooodmoon
Leya Gornaya || Ğ›ĞµÑ Ğ“Ğ¾Ñ€Ğ½Ğ°Ñ ÑĞ»Ğ¸Ğ² whoisellie Mylitlerain Ellie berger,https://uk.tgstat.com/channel/@LeyaGornayahot,https://t.me/LeyaGornayahot
ÑĞ¿Ğ¾Ğ½ÑÑŒĞºĞ° ÑÑ–Ñ‚Ñ–Ğ¿Ğ¾Ğ¿Ğ°ğŸ‡ºğŸ‡¦,https://uk.tgstat.com/channel/@japanesecitypopa,https://t.me/japanesecitypopa
Sharisha Ğ¡Ğ»Ğ¸Ğ² Ğ¡Ñ‚Ñ€Ğ¸Ğ¼ĞµÑ€ÑˆĞ° ĞšĞ°Ñ€Ğ¸Ğ½Ğ° Ğ¡Ğ»Ğ¸Ğ² OnlyFans Sharishanya Sharishaxd,https://uk.tgstat.com/channel/@sharishakarina,https://t.me/sharishakarina
Hot Instagram ğŸ”¥,https://uk.tgstat.com/channel/@hotinstaru,https://t.me/hotinstaru
PANTYHOSE vids ğŸ¥,https://uk.tgstat.com/channel/ZzYMQBjCISswNmQy,https://t.me/joinchat/ZzYMQBjCISswNmQy
âœ˜,https://uk.tgstat.com/channel/@xisanidea,https://t.me/xisanidea
Ğ¥Ñ‚Ğ¸Ğ²Ğ¾Ğ»ÑĞ½Ğ´Ñ–Ñ ğŸ‡ºğŸ‡¦,https://uk.tgstat.com/channel/@khtyvolyandia,https://t.me/khtyvolyandia
"ğŸ”¥18+ğŸ”¥Periscope, Omegle, TikTok/TrillerğŸ”¥",https://uk.tgstat.com/channel/@PeriOmegle,https://t.me/PeriOmegle
ğŸ¤Ğ”ĞµĞ²Ğ¾4ĞºĞ¸-ĞšÑ€ĞµĞ²ĞµÑ‚Ğ¾4ĞºĞ¸ğŸ¤,https://uk.tgstat.com/channel/AAAAAECTN09GLwF10ZD84w,https://t.me/joinchat/AAAAAECTN09GLwF10ZD84w
Goddess Tatix,https://uk.tgstat.com/channel/@queen_tatix,https://t.me/queen_tatix
Ğ¡Ğ¸ÑÑŒĞºĞ¸,https://uk.tgstat.com/channel/qsYxAoLy2rIzYzcy,https://t.me/joinchat/qsYxAoLy2rIzYzcy
ï¸Feetï¸,https://uk.tgstat.com/channel/@Feett,https://t.me/Feett
AlkonawtğŸ’¦ğŸ’,https://uk.tgstat.com/channel/hCaUZdymbP01ZDQy,https://t.me/joinchat/hCaUZdymbP01ZDQy
ğŸ‰Ğ¿Ñ–ĞºÑ‡Ğ¾Ñ€ÑğŸ‡ºğŸ‡¦,https://uk.tgstat.com/channel/@picchors,https://t.me/picchors
Ğ”Ñ–Ğ²Ñ‡Ğ°Ñ‚Ğ° UAğŸ‡ºğŸ‡¦,https://uk.tgstat.com/channel/L1YLwFTFwSE2N2Uy,https://t.me/joinchat/L1YLwFTFwSE2N2Uy
ĞšĞ­Ğ¢ Ğ’Ğ•Ğ©ĞĞ•Ğ¢,https://uk.tgstat.com/channel/@ktsbych,https://t.me/ktsbych
Ğ’Ã¸Ã¸Ñ‡Ğ¸ÑğŸ’,https://uk.tgstat.com/channel/7d_NngdhEVwyZTRi,https://t.me/joinchat/7d_NngdhEVwyZTRi
ğŸ’Ğ¢Ğ° ÑĞ°Ğ¼Ğ°Ñ Ğ•Ğ²Ğ°ğŸ’,https://uk.tgstat.com/channel/OJ5qXArdGmhlOTVi,https://t.me/joinchat/OJ5qXArdGmhlOTVi
Iryna Klekit,https://uk.tgstat.com/channel/@iryna_klekit,https://t.me/iryna_klekit
âœï¸Hentai Religionâœï¸,https://uk.tgstat.com/channel/O5mCNtVb8NBkMDVi,https://t.me/joinchat/O5mCNtVb8NBkMDVi
Wild_Play 18+,https://uk.tgstat.com/channel/@Wild_Malvina,https://t.me/Wild_Malvina
Ani,https://uk.tgstat.com/channel/xcKeth0Wx-I3OWJi,https://t.me/joinchat/xcKeth0Wx-I3OWJi
ĞĞ»Ñ‚Ğ°Ñ€ÑŒ 18+,https://uk.tgstat.com/channel/@altar18plus,https://t.me/altar18plus
Slivyi Shlyuh,https://uk.tgstat.com/channel/@slivyishlyuh,https://t.me/slivyishlyuh
âœ¨Ğ¥Ñ‚Ğ¸Ğ²ĞºĞ°âœ¨,https://uk.tgstat.com/channel/H1oVEEaN341lZTNi,https://t.me/joinchat/H1oVEEaN341lZTNi
Ğ¡Ğ»Ğ¾Ğ²Ğ°Ğ¼Ğ¸ Ñ‡ĞµÑ€ĞµĞ· Ñ€Ğ¾Ñ‚,https://uk.tgstat.com/channel/@tindermemoirs,https://t.me/tindermemoirs
naked floret,https://uk.tgstat.com/channel/sMvDf6lLzj8yOGFi,https://t.me/joinchat/sMvDf6lLzj8yOGFi
Ğ”Ñ–Ğ¼ Ğ¼Ğ¸ÑÑ‚ĞµÑ†ÑŒĞºĞ¾Ñ— Ñ€Ğ¾Ğ·Ğ¿ÑƒÑÑ‚Ğ¸,https://uk.tgstat.com/channel/@rospysta_v_mustectvi,https://t.me/rospysta_v_mustectvi
ĞĞ¼Ğ±Ğ°ÑĞ°Ğ´Ğ¾Ñ€ Ğ Ğ¾Ğ·Ğ¿ÑƒÑÑ‚Ğ¸â¤ï¸â€ğŸ”¥,https://uk.tgstat.com/channel/x0yLqRxlkKgyMjky,https://t.me/joinchat/x0yLqRxlkKgyMjky
Ğ¡Ñ…Ğ¾Ğ²Ğ¸Ñ‰Ğµ Ğ‘Ğ°Ğ½Ğ´ĞµÑ€Ğ¸ğŸ‡ºğŸ‡¦,https://uk.tgstat.com/channel/@white_pics,https://t.me/white_pics
"ĞĞµ Ğ»ĞµĞ·ÑŒ, Ğ·Ğ´ĞµÑÑŒ Ñ‚Ñ‹ ĞºĞ¾Ğ½Ñ‡Ğ¸ÑˆÑŒğŸ™Š",https://uk.tgstat.com/channel/wVsW9sjwrRIwMGFi,https://t.me/joinchat/wVsW9sjwrRIwMGFi
By Laserbik,https://uk.tgstat.com/channel/WmbsD0i7dxxmMDQy,https://t.me/joinchat/WmbsD0i7dxxmMDQy
Ğ Ğ¾Ğ·Ğ¾Ğ²Ñ‹Ğ¹ Ğ¿ĞµÑ€ÑĞ¸Ğº ğŸ‘,https://uk.tgstat.com/channel/@PinkPeach_official,https://t.me/PinkPeach_official
â‹†âº Ë–Ë– ğŸ€ sugarita ğŸ€Ë–Ë– â‹†âº Ğ°Ñ€Ñ…Ğ¸Ğ²,https://uk.tgstat.com/channel/73rCHvCXde00YjQy,https://t.me/joinchat/73rCHvCXde00YjQy
Ğ¡Ğ²Ğ¾Ğ±Ğ¾Ğ´Ğ½Ñ‹Ğµ Ğ´ĞµĞ²ÑƒÑˆĞºĞ¸,https://uk.tgstat.com/channel/siM7RsloKw4yZDQ6,https://t.me/joinchat/siM7RsloKw4yZDQ6
ğŸŒ±anapple 18+ /Ğ°Ñ€Ñ‚-Ñ‰Ğ¾Ğ´ĞµĞ½Ğ½Ğ¸ĞºğŸ“ğŸ‡ºğŸ‡¦,https://uk.tgstat.com/channel/@anapple_18,https://t.me/anapple_18
chuxx ğŸ’¸,https://uk.tgstat.com/channel/@bitchheesssss,https://t.me/bitchheesssss
"OSINT ""Ğ¤ĞµĞ½Ğ¸ĞºÑ""",https://uk.tgstat.com/channel/@ostorojnovirusSvobody,https://t.me/ostorojnovirusSvobody
Ğ¡ĞµĞºÑ Ğ¨Ğ¾Ğ¿ Ğ”Ñ€Ğ¾Ğ¿ÑˆĞ¸Ğ¿Ñ–Ğ½Ğ³,https://uk.tgstat.com/channel/@sexShop_strawberry,https://t.me/sexShop_strawberry
Ñ…Ñ‚Ğ¸Ğ²Ğ½Ñ ğŸ”,https://uk.tgstat.com/channel/@khtyvniaUA,https://t.me/khtyvniaUA
BUNKER,https://uk.tgstat.com/channel/@bunker_top,https://t.me/bunker_top
Ğ§Ğ¾Ğ»Ğ¾Ğ²Ñ–Ñ‡Ğ¸Ğ¹ ĞšĞ»ÑƒĞ± 18+,https://uk.tgstat.com/channel/iqnSTWWciCtjNjdi,https://t.me/joinchat/iqnSTWWciCtjNjdi
TittyDrop,https://uk.tgstat.com/channel/@droptit,https://t.me/droptit
Ğ“ÑƒĞ¼Ğ°Ğ½Ñ–Ñ‚Ğ°Ñ€Ñ–Ğ¹ğŸ‡ºğŸ‡¦,https://uk.tgstat.com/channel/@gumanitariy,https://t.me/gumanitariy
ğŸ”Hell_Lewdâš§,https://uk.tgstat.com/channel/@helllewds,https://t.me/helllewds
Ñ…Ñ‚Ğ¸Ğ²Ñ–ÑÑ‚ÑŒ Ñ—Ñ— Ñ‚Ñ–Ğ»Ğ°,https://uk.tgstat.com/channel/@htyvistila,https://t.me/htyvistila
Ğ’ĞµÑ‡ĞµÑ€Ğ½Ğ¸Ğ¹ Ğ”Ğ¾Ğ½ĞµÑ†Ğº ğŸ‡·ğŸ‡º,https://uk.tgstat.com/channel/@vecherniy_donetsk,https://t.me/vecherniy_donetsk
Ğ¿Ğ¾Ğ»Ñ–Ñ†Ñ–Ñ Ğ¿Ğ¾Ğ»ÑÑ†Ñ–Ğ¹,https://uk.tgstat.com/channel/@morryrromys,https://t.me/morryrromys
This is Ğ¡ĞŸĞĞ Ğ–Ğ,https://uk.tgstat.com/channel/@this_is_sparzha,https://t.me/this_is_sparzha
kittynya â™¡ â˜ï¸ à¿ Ëš.,https://uk.tgstat.com/channel/fVCJX_kggAhjMDY6,https://t.me/joinchat/fVCJX_kggAhjMDY6
Android of Spades,https://uk.tgstat.com/channel/@android_of_spades,https://t.me/android_of_spades
ĞšĞ²Ñ–Ñ‚ÑƒÑ‡Ñ– Ñ‚Ğ° ÑĞ¾ĞºĞ¾Ğ²Ğ¸Ñ‚Ñ– ğŸ‘,https://uk.tgstat.com/channel/geAKMCg1oANlOWUy,https://t.me/joinchat/geAKMCg1oANlOWUy
ĞšĞ°Ğ½Ğ°Ğ» ROPE SPACE Ğ£ĞºÑ€Ğ°Ñ—Ğ½Ğ°,https://uk.tgstat.com/channel/@rope_space,https://t.me/rope_space
PinkySunset,https://uk.tgstat.com/channel/@pinkysunlite,https://t.me/pinkysunlite
"Ğ›ÑŒĞ²Ñ–Ğ² ""Ğ¢erritory of Sensuality""& Lion Kink",https://uk.tgstat.com/channel/@ts_lviv,https://t.me/ts_lviv
ĞšĞ¸ĞµĞ²ĞšÑ€Ğ°ÑĞ½Ñ‹Ğ¹||Ğ”Ğ•Ğ’Ğ£Ğ¨ĞšĞ˜ ĞšĞ˜Ğ•Ğ’||Kyiv GIRLS,https://uk.tgstat.com/channel/@kyivred,https://t.me/kyivred
ĞĞ¾Ñ‚Ğ°Ñ‚ĞºĞ¸ Ğ¥Ñ‚Ğ¸Ğ²Ğ¾Ñ— ĞŸĞ°Ñ€Ğ¸ â¤ï¸â€ğŸ”¥ #Ğ£ĞºÑ€Ğ¢Ò‘ğŸ‡ºğŸ‡¦,https://uk.tgstat.com/channel/@htyvi,https://t.me/htyvi
HUGO HENTAI,https://uk.tgstat.com/channel/BBY_H4m804E4YmNh,https://t.me/joinchat/BBY_H4m804E4YmNh
Ğ’ĞµÑĞµĞ»Ğ° ĞµÑ€Ğ¾Ñ‚Ğ¸ĞºĞ°,https://uk.tgstat.com/channel/@funnyerotica,https://t.me/funnyerotica
Kseniyka moodğŸ’—,https://uk.tgstat.com/channel/@kseniyyamood,https://t.me/kseniyyamood
Ğ Ğ¾Ğ·ĞºÑ–ÑˆĞ½Ğ¸Ñ†Ñ ğŸ’¦,https://uk.tgstat.com/channel/T68mh0MjXq5lNmYy,https://t.me/joinchat/T68mh0MjXq5lNmYy
Hot girlsâ¤ï¸,https://uk.tgstat.com/channel/@hotgirlscis,https://t.me/hotgirlscis
AnyaKissğŸ’–,https://uk.tgstat.com/channel/IMEKxK591cIzNTVi,https://t.me/joinchat/IMEKxK591cIzNTVi
ğŸ”¥ğŸ”Brawl Porn | HentaiğŸ”ğŸ”¥,https://uk.tgstat.com/channel/Yp1GVPY5TrU5MjUy,https://t.me/joinchat/Yp1GVPY5TrU5MjUy
LaSirena69 - Official Videos ğŸ”,https://uk.tgstat.com/channel/@la_sirena2,https://t.me/la_sirena2
ĞÑ‚ĞºÑ€Ñ‹Ñ‚ĞºĞ¸ Ğ´Ğ»Ñ Ğ½Ğ°ÑˆĞ¸Ñ… ĞºĞ¾Ñ‚ÑÑ‚,https://uk.tgstat.com/channel/@dlya_kotika,https://t.me/dlya_kotika
Ğ¡ĞµĞºÑĞ¾Ğ»Ğ¾Ğ³Ñ–Ñ Ğ´ĞµÑ€Ğ¶Ğ°Ğ²Ğ½Ğ¾Ñ,https://uk.tgstat.com/channel/@channelfacta18,https://t.me/channelfacta18
Ğ²ÑÑĞºĞ¸Ğµ Ñ…Ğ¾Ñ€Ğ½Ğ¸ ÑˆÑ‚ÑƒĞºĞ¸,https://uk.tgstat.com/channel/27jRUQXIklkyNWU6,https://t.me/joinchat/27jRUQXIklkyNWU6
Ecchi,https://uk.tgstat.com/channel/@channel_ecchi,https://t.me/channel_ecchi
Kenzie Reeves - Official Videos ğŸ”,https://uk.tgstat.com/channel/@kenzie_reeves01,https://t.me/kenzie_reeves01
Ğ’ÑÑ–Ğ»ÑĞºÑ– Ñ…Ñ‚Ğ¸Ğ²Ğ¾ÑÑ‚Ñ– Ğ½ĞµĞ¿Ñ€Ğ¸ÑÑ‚Ğ¾Ğ¹Ğ½Ñ–,https://uk.tgstat.com/channel/@Khtyvosty,https://t.me/Khtyvosty
searchfull,https://uk.tgstat.com/channel/PxiCneFmL_c0MGEy,https://t.me/joinchat/PxiCneFmL_c0MGEy
Ğ¥Ñ‚Ğ¸Ğ²Ñ– Ğ´ÑƒĞ¼ĞºĞ¸ Ğ¿Ğ¾ĞºÑ–Ñ€Ğ½Ğ¾Ğ³Ğ¾ Ñ‡Ğ¾Ğ»Ğ¾Ğ²Ñ–ĞºĞ° ğŸ§ğŸ»â€â™‚ï¸Ğ£ĞºÑ€Ğ¢Ò‘,https://uk.tgstat.com/channel/@straponua,https://t.me/straponua
ĞœĞ°Ñ”Ñˆ ÑˆĞ¾ÑÑŒ?,https://uk.tgstat.com/channel/AAAAAEYmXbdLHymdzzj9iw,https://t.me/joinchat/AAAAAEYmXbdLHymdzzj9iw
ĞšÑ€Ğ°ÑĞ¸Ğ²Ğ° ĞµÑ€Ğ¾Ñ‚Ğ¸ĞºĞ°,https://uk.tgstat.com/channel/@krasyva_erotyka,https://t.me/krasyva_erotyka
Violet Myers - Official Videos ğŸ”,https://uk.tgstat.com/channel/@Violet_Myers_video,https://t.me/Violet_Myers_video
XXXVideosğŸ”ğŸ”¥,https://uk.tgstat.com/channel/hhgTLMm98rNhMmMy,https://t.me/joinchat/hhgTLMm98rNhMmMy
ğŸ‡ºğŸ‡¦ğŸ‡ºğŸ‡¦ MUZIKA UA ğŸ‡ºğŸ‡¦ğŸ‡ºğŸ‡¦,https://uk.tgstat.com/channel/@moosikals,https://t.me/moosikals
MENâ€™S ZONE,https://uk.tgstat.com/channel/mptHLO_Xnz5lMjJi,https://t.me/joinchat/mptHLO_Xnz5lMjJi
Ğ”Ğ¾ Ğ•Ñ„ĞµÑÑĞ½ 5:3,https://uk.tgstat.com/channel/@Ephesians53,https://t.me/Ephesians53
Ğ˜ÑÑ‡Ğ°Ğ´ÑŒĞµ ĞĞ´Ğ° ğŸ¥µ,https://uk.tgstat.com/channel/6CjFGlxwcgQ4OWYy,https://t.me/joinchat/6CjFGlxwcgQ4OWYy
Dee Williams - Official Videos ğŸ”,https://uk.tgstat.com/channel/@Dee_Williams2,https://t.me/Dee_Williams2
Nizhky i ne tilki,https://uk.tgstat.com/channel/@nizhky,https://t.me/nizhky
Ğ§ÑƒĞ»ĞºĞ¸ğŸŒ¶ĞĞ¾Ğ¶ĞºĞ¸,https://uk.tgstat.com/channel/@legfeet,https://t.me/legfeet
Ğ“Ğ¾Ğ»Ğ°Ñ ĞĞ²Ğ´ĞµĞµĞ²ĞºĞ°,https://uk.tgstat.com/channel/@avdeevkaGol,https://t.me/avdeevkaGol
ĞŸÑ€Ğ¸Ğ²Ğ°Ñ‚ Ğ”ĞµĞ²Ğ¾Ñ‡ĞºĞ¸ Ñ ĞºÑ€Ğ°ÑĞ¸Ğ²Ğ¾Ğ¹ ÑƒĞ»Ñ‹Ğ±ĞºĞ¾Ğ¹ ğŸ‘,https://uk.tgstat.com/channel/@krasotks6544,https://t.me/krasotks6544
Slivyi TikTok 18+,https://uk.tgstat.com/channel/0udVmHYIH_M0NTdi,https://t.me/joinchat/0udVmHYIH_M0NTdi
Sweet Chroniclesâ™¡,https://uk.tgstat.com/channel/jFCesaUQ8Jk0MDQ6,https://t.me/joinchat/jFCesaUQ8Jk0MDQ6
Lexi Luna - Official Videos ğŸ”,https://uk.tgstat.com/channel/@lexi_luna_full,https://t.me/lexi_luna_full
Ğ˜Ğ½Ñ„Ğ° Ğ”Ğ½ĞµĞ¿Ñ€ ğŸ§šâ€â™€ï¸ğŸ’¦,https://uk.tgstat.com/channel/CDzEqx6qyPo1MmMy,https://t.me/joinchat/CDzEqx6qyPo1MmMy
â¬›ï¸Ğ¤Ğ°Ğ¿ĞÑ‡ğŸŸ§,https://uk.tgstat.com/channel/@fapdroch,https://t.me/fapdroch
Ğ”Ğ•Ğ’Ğ£Ğ¨ĞšĞĞœ Ğ’Ğ¥ĞĞ” Ğ—ĞĞŸĞ Ğ•Ğ©ĞĞğŸ‘,https://uk.tgstat.com/channel/wzLmfEOyYAtlYmUy,https://t.me/joinchat/wzLmfEOyYAtlYmUy
Lena Pau - Official Videos ğŸ”,https://uk.tgstat.com/channel/@lenapaul_ful,https://t.me/lenapaul_ful
ğŸ‘ Twerk ğŸ‘ Nation ğŸ‘,https://uk.tgstat.com/channel/@twerknations,https://t.me/twerknations
Ğ”ÑĞºĞ¾Ğ²Ğµ Ğ·Ğ²Ğ°Ğ»Ğ¸Ñ‰Ğµ Ñ€Ğ¾Ğ±Ğ¾ Ñ– Ğ½ĞµĞºĞ¾ Ñ‚ÑĞ½Ğ¾Ñ‡Ğ¾Ğº,https://uk.tgstat.com/channel/@mort_garbage,https://t.me/mort_garbage
Ñ…ĞµĞ½Ñ‚4 /âš ï¸ hent \ Ä¥Ä¥,https://uk.tgstat.com/channel/@henta44,https://t.me/henta44
Ğ•Ñ€Ğ¾Ñ‚Ğ¸Ñ‡Ğ½Ñ– Ñ„Ğ°Ğ½Ñ‚Ğ°Ğ·Ñ–Ñ— ğŸ˜ˆğŸ”,https://uk.tgstat.com/channel/@erotic_fantasy_sex,https://t.me/erotic_fantasy_sex
Ğ¡Ğ»Ğ¸Ğ²Ñ‡Ğ¸Ğº OnlyFans,https://uk.tgstat.com/channel/dbdIZjF6BYIwNjMy,https://t.me/joinchat/dbdIZjF6BYIwNjMy
SP | SEXY ĞŸPĞĞğŸ”,https://uk.tgstat.com/channel/_Nb1rS889Zo1YTBi,https://t.me/joinchat/_Nb1rS889Zo1YTBi
"Latex wearing girlsğŸ–¤ shiny kinky sexy catsuits, gloves, stockings, masks (pictures, gifs, captions)",https://uk.tgstat.com/channel/@latex_wearing_girls,https://t.me/latex_wearing_girls
Unversall ehi kanali,https://uk.tgstat.com/channel/@BK_Bloger,https://t.me/BK_Bloger
Sheena Ryder - Official Videos ğŸ”,https://uk.tgstat.com/channel/@Sheena_Ryder1,https://t.me/Sheena_Ryder1
A stranger I remain,https://uk.tgstat.com/channel/lPWtIiAe0oxiY2Ri,https://t.me/joinchat/lPWtIiAe0oxiY2Ri
Ivy Lebelle - Official Videos ğŸ”,https://uk.tgstat.com/channel/@Ivy_Lebelle1,https://t.me/Ivy_Lebelle1
ğŸ”¥ğŸŒ¶ HotPeppersğŸ”,https://uk.tgstat.com/channel/@hotpeppers18,https://t.me/hotpeppers18
Ğ­Ñ‚Ğ¾ Ğ¿Ğ¾ Ğ»ÑĞ±Ğ²Ğ¸,https://uk.tgstat.com/channel/@ustinova4u,https://t.me/ustinova4u
Infernal Wankering,https://uk.tgstat.com/channel/@adsk_drochl,https://t.me/adsk_drochl
"ğŸ‘ğŸ’¦Ğ§ÑƒĞ»Ğ°Ğ½Ñ‡Ğ¸Ğº Ğ¿Ğ¾ÑˆĞ»Ğ¾ÑÑ‚ĞµĞ¹, Ñ‚ÑĞ½Ğ¾Ñ‡ĞµĞº Ğ¸ Ğ¿Ñ€Ğ¾Ñ‡ĞµĞ¹ Ğ³Ğ¾Ğ´Ğ½Ğ¾Ñ‚Ñ‹.ğŸ”ğŸ”¥",https://uk.tgstat.com/channel/mhUheugZnExiMWIy,https://t.me/joinchat/mhUheugZnExiMWIy
ĞÑ€Ñ‚Ğ¸ Ğ´Ğ»Ñ Ğ½Ğ°Ğ¹Ğ¼ĞµĞ½ÑˆĞµĞ½ÑŒĞºĞ¸Ñ…,https://uk.tgstat.com/channel/@dytarty,https://t.me/dytarty
Ğ¯ Ñ‚Ğ²Ğ¾Ñ Ğ¡Ğ°ÑˆĞ°ğŸ’,https://uk.tgstat.com/channel/@iamyoursasha,https://t.me/iamyoursasha
Ğ¡Ğ»Ğ¸Ñ‚Ñ‹Ğµ Ñ„Ğ¾Ñ‚ĞºĞ¸ Ğ´ĞµĞ²ÑƒÑˆĞµĞº,https://uk.tgstat.com/channel/@devstennitsa_open,https://t.me/devstennitsa_open
MyBadReputation - Official Videos ğŸ”,https://uk.tgstat.com/channel/@MyBadReputation1,https://t.me/MyBadReputation1
ğŸ“ | Genshin Impact,https://uk.tgstat.com/channel/jQdbuvph9illZTE6,https://t.me/joinchat/jQdbuvph9illZTE6
Gay porn / Ğ³ĞµĞ¹ Ğ¿Ğ¾Ñ€Ğ½Ğ¾,https://uk.tgstat.com/channel/@blueberry_gay,https://t.me/blueberry_gay
FanAsstastic,https://uk.tgstat.com/channel/@FanAsstastic,https://t.me/FanAsstastic
Vale Nappi - Official Videos ğŸ”,https://uk.tgstat.com/channel/@ValeNappi1,https://t.me/ValeNappi1
Ğ¥Ñ‚Ğ¸Ğ²ĞºĞ¸ ğŸ’,https://uk.tgstat.com/channel/@khtyvky,https://t.me/khtyvky
SF Nude Art ğŸ“·,https://uk.tgstat.com/channel/@sergey_fediv_art,https://t.me/sergey_fediv_art
Ğ¡Ğ²Ñ–Ñ‚ ÑĞ¾Ñ Ñ‚Ğ° ÑÑ€Ñ–ğŸŒˆğŸ³â€ğŸŒˆ,https://uk.tgstat.com/channel/@sexyboyandgirlove,https://t.me/sexyboyandgirlove
Homeporn,https://uk.tgstat.com/channel/@homeporns,https://t.me/homeporns
ĞŸĞ ĞĞ ĞĞšĞª,https://uk.tgstat.com/channel/@dmitryvitebsky,https://t.me/dmitryvitebsky
kiskinet,https://uk.tgstat.com/channel/@kiskinet,https://t.me/kiskinet
ğŸ¥¥Shako place ğŸ¦ŠğŸ ,https://uk.tgstat.com/channel/@satklif,https://t.me/satklif
Ğ’Ñ–ÑÑ–Ğ¼Ğ½Ğ°Ğ´Ñ†ÑÑ‚Ğµ Ğ›Ñ–Ñ‚Ğ¾ | ĞĞµÑĞºÑ–Ğ½Ñ‡ĞµĞ½Ğ½Ğµ Ğ»Ñ–Ñ‚Ğ¾ Ñ…ĞµĞ½Ñ‚Ğ°Ğ¹,https://uk.tgstat.com/channel/@Everlasting18ts,https://t.me/Everlasting18ts
Ğ Ğ°Ğ¹ÑĞºĞ¾Ğµ Ğ¼ĞµÑÑ‚Ğ¾ ğŸ˜‡,https://uk.tgstat.com/channel/@onlyRayskaya,https://t.me/onlyRayskaya
ONLY SLIVS | 18+ â¤ï¸â€ğŸ”¥,https://uk.tgstat.com/channel/@only_slivss,https://t.me/only_slivss
11-Ğ,https://uk.tgstat.com/channel/@podcast11a,https://t.me/podcast11a
Magic City ğŸ‡ºğŸ‡¦,https://uk.tgstat.com/channel/AAAAAFay8Eu0cIsMqau1jw,https://t.me/joinchat/AAAAAFay8Eu0cIsMqau1jw
Ğ¡Ğ¿Ñ€Ğ¸Ğ½Ñ‚ĞµÑ€ Ğ¡Ğ¿Ğ»Ğ¸Ğ½Ñ‚ĞµÑ€,https://uk.tgstat.com/channel/@krisyanora3,https://t.me/krisyanora3
sexualisationforme,https://uk.tgstat.com/channel/@sexualisation,https://t.me/sexualisation
Ğ“Ğ°Ğ»ĞµÑ€ĞµÑ Ğ°Ğ½Ğ¸Ğ¼ĞµÑˆĞ½Ğ¸ĞºĞ°,https://uk.tgstat.com/channel/@Animushnya,https://t.me/Animushnya
Best sex content +18ğŸŒ,https://uk.tgstat.com/channel/@bestpornocontents,https://t.me/bestpornocontents
BESTğŸ”HENT,https://uk.tgstat.com/channel/KMYz-atBgeE5Njc6,https://t.me/joinchat/KMYz-atBgeE5Njc6
Ğ“Ğ°Ñ€Ğ½ÑÑˆĞºĞ¸,https://uk.tgstat.com/channel/@tuttygirl,https://t.me/tuttygirl
sport_prognoz.bet,https://uk.tgstat.com/channel/5q70w0bef9g0MDVi,https://t.me/joinchat/5q70w0bef9g0MDVi
Ğ§ĞµÑ€ĞµÑˆĞ½Ñ ğŸ’,https://uk.tgstat.com/channel/@cherry_o_o0,https://t.me/cherry_o_o0
Tg,https://uk.tgstat.com/channel/@lp_qp_qp_ql,https://t.me/lp_qp_qp_ql
Ğ›Ğ¸Ñ‡Ğ½Ñ‹Ğµ Ğ¸ÑÑ‚Ğ¾Ñ€Ğ¸Ğ¸,https://uk.tgstat.com/channel/@mysecretstories,https://t.me/mysecretstories
ĞšĞ¾Ñ‚Ğ¸ĞºĞ¸ Ğ„Ğ½Ğ¾Ñ‚Ğ¸ĞºĞ¸,https://uk.tgstat.com/channel/_1-_ckVwlSJmMmNi,https://t.me/joinchat/_1-_ckVwlSJmMmNi
ĞĞ±Ğ¼ĞµĞ½ Ğ¸Ğ½Ñ‚Ğ¸Ğ¼ Ñ„Ğ¾Ñ‚Ğ¾ Ğ²Ğ°ÑˆĞ¸Ñ… [Ğ–Ñ‘Ğ½/Ğ”ĞµĞ²ÑƒÑˆĞµĞº],https://uk.tgstat.com/channel/@obmenay_photo,https://t.me/obmenay_photo
Ğ¢Ğ¾Ğ¿Ğ¾Ñ€Ğ”Ğ¾Ñ€Ñ„ | ĞĞ¢Ğ—Ğ«Ğ’Ğ« | ToporDorf | Ğ¢Ğ¾Ğ¿Ğ¾Ñ€Ñ‹ Ğ½Ğ° Ğ·Ğ°ĞºĞ°Ğ·,https://uk.tgstat.com/channel/@topordorf_otzyv,https://t.me/topordorf_otzyv
Ukrainian Queens,https://uk.tgstat.com/channel/@uqueens,https://t.me/uqueens
Ğ—Ğ°Ñ…Ğ¾Ğ¿Ğ»Ğ¸Ğ²Ğ¾ Ğ¿Ñ€Ğ¾ Ñ†Ğµ,https://uk.tgstat.com/channel/@intimate_fakt,https://t.me/intimate_fakt
ğŸ•Š Lilu & Daniel ğŸ’¦ Censored,https://uk.tgstat.com/channel/@lilu_daniell,https://t.me/lilu_daniell
UKRAINE 69 ğŸ”,https://uk.tgstat.com/channel/@ukraine_69,https://t.me/ukraine_69
ğŸ˜ˆ Bitchy teasing denial mistress,https://uk.tgstat.com/channel/@bitchy_mistress,https://t.me/bitchy_mistress
Nicolette Shea - Official Videos ğŸ”,https://uk.tgstat.com/channel/@Nicolette_Shea_full,https://t.me/Nicolette_Shea_full
Ğ†Ğ½Ñ‚Ğ¸Ğ¼Ğ½Ñ– Ñ–ÑÑ‚Ğ¾Ñ€Ñ–Ñ— ğŸ’‹,https://uk.tgstat.com/channel/smIgcabYYiQ5MTAy,https://t.me/joinchat/smIgcabYYiQ5MTAy
Team Skeet - Official Videos ğŸ”,https://uk.tgstat.com/channel/@Team_Skeet1,https://t.me/Team_Skeet1
Ğ¡Ğ»Ğ¸WatchğŸ§¡ğŸ–¤,https://uk.tgstat.com/channel/@sliwatch,https://t.me/sliwatch
Ecchi,https://uk.tgstat.com/channel/@CoolEcchi,https://t.me/CoolEcchi
ĞšĞ¸Ñ—Ğ² - Ğ¼Ğ¾Ñ” ÑƒĞ»ÑĞ±Ğ»ĞµĞ½Ğµ Ğ¼Ñ–ÑÑ‚Ğ¾,https://uk.tgstat.com/channel/@thecitykievua,https://t.me/thecitykievua
Family Swap - Official Videos ğŸ”,https://uk.tgstat.com/channel/@Family_Swap1,https://t.me/Family_Swap1
Best VIP channels,https://uk.tgstat.com/channel/hYtVsM5Vzq0zYWI8,https://t.me/joinchat/hYtVsM5Vzq0zYWI8
ĞŸĞ°Ğ¿Ğ¾Ñ‡ĞºĞ°,https://uk.tgstat.com/channel/@slivpussss,https://t.me/slivpussss
Ğ¤Ğ½Ğ°Ñ„ 18+,https://uk.tgstat.com/channel/@fnaf9_18plus,https://t.me/fnaf9_18plus
LEAFğŸŒ¿,https://uk.tgstat.com/channel/@leafpix,https://t.me/leafpix
Porn club,https://uk.tgstat.com/channel/@sexgifart,https://t.me/sexgifart
Brazzershub,https://uk.tgstat.com/channel/VaxwHS8VTkowYTky,https://t.me/joinchat/VaxwHS8VTkowYTky
Kendra Lust - Official Videos ğŸ”,https://uk.tgstat.com/channel/@Kendra_Lust_full,https://t.me/Kendra_Lust_full
ğŸ˜ˆDark_Epic_18+,https://uk.tgstat.com/channel/ACJDoBySOB4wYjUy,https://t.me/joinchat/ACJDoBySOB4wYjUy
Â«Ğ—Ğ¾Ğ½Ğ° Ğ¥ĞµĞ½Ñ‚Ğ°ÑÂ»,https://uk.tgstat.com/channel/@hentai_zone_1,https://t.me/hentai_zone_1
ReTeen,https://uk.tgstat.com/channel/@ReTeenPub,https://t.me/ReTeenPub
Strawberry,https://uk.tgstat.com/channel/@porn_anall,https://t.me/porn_anall
Alinka ğŸ˜ˆ,https://uk.tgstat.com/channel/AAAAAFdvciTK26vQF69iFg,https://t.me/joinchat/AAAAAFdvciTK26vQF69iFg
Ğ§Ğ¸ÑÑ‚Ğ¾ Ğ´Ğ»Ñ ÑĞµĞ±Ñ,https://uk.tgstat.com/channel/@chistodsb,https://t.me/chistodsb
ĞŸĞ¸ÑĞµÑ‡ĞºĞ¸ ĞŸÑ€Ğ¸Ğ½Ñ†ĞµÑÑ,https://uk.tgstat.com/channel/@pussyprincess,https://t.me/pussyprincess
Friday13,https://uk.tgstat.com/channel/@friday13_7,https://t.me/friday13_7
wow,https://uk.tgstat.com/channel/@prnsxgrls,https://t.me/prnsxgrls
Alexis Fawx - Official Videos ğŸ”,https://uk.tgstat.com/channel/@Alexis_Fawx01,https://t.me/Alexis_Fawx01
Ğ¤Ğ¸Ñ‚Ğ¾Ğ½ÑÑˆĞºĞ¸-ĞœĞ¾Ñ‚Ğ¸Ğ²Ğ°ÑˆĞºĞ¸,https://uk.tgstat.com/channel/@fitnessmotivations,https://t.me/fitnessmotivations
Ğ“Ğ°Ğ»Ğ°ĞºÑ‚Ğ¸Ñ‡ĞµÑĞºĞ°Ñ Ğ˜Ğ¼Ğ¿ĞµÑ€Ğ¸Ñ Ğ¥ĞµĞ½Ñ‚Ğ°Ñ,https://uk.tgstat.com/channel/@join_the_dark,https://t.me/join_the_dark
â¤ï¸chernashova.sofiaâ¤ï¸,https://uk.tgstat.com/channel/@ssoniachrn,https://t.me/ssoniachrn
dream selector,https://uk.tgstat.com/channel/@secretw3b,https://t.me/secretw3b
Night comics,https://uk.tgstat.com/channel/EakjYo1IqJQxMGIy,https://t.me/joinchat/EakjYo1IqJQxMGIy
Hentai_Fanartai,https://uk.tgstat.com/channel/@fanartai,https://t.me/fanartai
Ğ—Ğ½Ğ°ĞºĞ¾Ğ¼ÑÑ‚Ğ²Ğ° Ğ§ĞµÑ€Ğ½Ğ¾Ğ²Ñ†Ñ‹ - Ğ—Ğ½Ğ°Ğ¹Ğ¾Ğ¼ÑÑ‚Ğ²Ğ° Ğ§ĞµÑ€Ğ½Ñ–Ğ²Ñ†Ñ–,https://uk.tgstat.com/channel/@znakomstvachernivtsi,https://t.me/znakomstvachernivtsi
"ĞšĞ¾Ñ…Ğ°Ğ¹Ñ‚ĞµÑÑ, Ñ‡Ğ¾Ñ€Ğ½Ğ¾Ğ±Ñ€Ğ¸Ğ²Ñ–, Ñ‚Ğ° Ğ½Ğµ Ğ· Ğ¼Ğ¾ÑĞºĞ°Ğ»ÑĞ¼Ğ¸... ğŸ‡ºğŸ‡¦",https://uk.tgstat.com/channel/@blackeyebrows,https://t.me/blackeyebrows
ĞŸĞ¾Ğ´Ğ²Ğ°Ğ» Ğ˜Ğ·Ğ±ÑƒÑˆĞºĞ¸,https://uk.tgstat.com/channel/@basementoo,https://t.me/basementoo
Best Erotic Videos,https://uk.tgstat.com/channel/@bevideos,https://t.me/bevideos
Perv Mom - Official Videos ğŸ”,https://uk.tgstat.com/channel/@Perv_Mom1,https://t.me/Perv_Mom1
AbellaDanger - Official Videos ğŸ”,https://uk.tgstat.com/channel/@AbellaDanger_full,https://t.me/AbellaDanger_full
Crypto Rift,https://uk.tgstat.com/channel/@Cryptorift,https://t.me/Cryptorift
ĞŸÑ€Ğ¸Ğ¿Ğ¾Ğ´Ğ½ÑÑ‚Ğ¾Ğµ Ğ½Ğ°ÑÑ‚Ñ€Ğ¾ĞµĞ½Ğ¸Ğµ,https://uk.tgstat.com/channel/@podniatoenastroenie,https://t.me/podniatoenastroenie
RELAX HOLIDAY,https://uk.tgstat.com/channel/@Relax_Holy,https://t.me/Relax_Holy
My Pervy Family - Official Videos ğŸ”,https://uk.tgstat.com/channel/@My_Pervy_Family1,https://t.me/My_Pervy_Family1
Hentai | Horny,https://uk.tgstat.com/channel/@welkomtohentai,https://t.me/welkomtohentai
Josephine JacksonğŸ”,https://uk.tgstat.com/channel/@Josephine_123,https://t.me/Josephine_123
Ğ”ÑƒĞ¿ĞºĞ° ĞšĞ¾Ğ½Ğ¸ĞºĞ°,https://uk.tgstat.com/channel/@butt_tsz,https://t.me/butt_tsz
Ğ’Ğ¸Ğ²Ğ¾Ñ€Ñ–Ñ‚. Ğ’Ğ»Ğ°ÑÑ‚Ğ¸Ğ²Ğ¾ÑÑ‚Ñ– Ñ‚Ñ–Ğ».,https://uk.tgstat.com/channel/@Svoystva_tel,https://t.me/Svoystva_tel
Mr. Merlin ğŸ˜ˆ,https://uk.tgstat.com/channel/RnDk3qXR6942ODdi,https://t.me/joinchat/RnDk3qXR6942ODdi
Hi,https://uk.tgstat.com/channel/@Rav10522,https://t.me/Rav10522
ĞŸÑ€Ğ¾ÑÑ‚Ğ¸Ñ‚ÑƒÑ‚ĞºĞ¸ Ğ§ĞµÑ€Ğ½Ğ¾Ğ²Ñ†Ñ‹ - Ğ¿Ğ¾Ğ²Ñ–Ñ— Ğ§ĞµÑ€Ğ½Ñ–Ğ²Ñ†Ñ–,https://uk.tgstat.com/channel/@prostitutki_chernivtsi,https://t.me/prostitutki_chernivtsi
ĞŸĞ¾Ğ·Ğ½Ğ°ĞµĞ¼ Hentai Ğ²Ğ¼ĞµÑÑ‚Ğµ,https://uk.tgstat.com/channel/@hentaiandsvone,https://t.me/hentaiandsvone
ĞœÑƒĞ¶ÑĞºĞ°Ñ Ğ˜Ğ¼Ğ¿ĞµÑ€Ğ¸Ñ,https://uk.tgstat.com/channel/@x_imperia,https://t.me/x_imperia
HentaiTension ğŸ‡ºğŸ‡¦,https://uk.tgstat.com/channel/@chapter4_tensionn,https://t.me/chapter4_tensionn
ĞŸÑ€Ğ¸ÑÑ‚Ğ°Ğ½Ğ¾Ğº ĞĞºÑÑ–Ğ¾Ğ¼Ğ¸ ĞŸĞ¾Ñ…Ğ¾Ñ‚Ğ»Ğ¸Ğ²Ğ¸Ñ… Ğ±Ğ°Ğ¶Ğ°Ğ½ÑŒ,https://uk.tgstat.com/channel/@PAxiomPB,https://t.me/PAxiomPB
_Jimmieâ™¥ï¸Hentai_,https://uk.tgstat.com/channel/@Hentai_J,https://t.me/Hentai_J
HentÂªi,https://uk.tgstat.com/channel/@h3nt_r34,https://t.me/h3nt_r34
Ğ“Ğ¾Ğ»Ñ‹Ğµ Ğ´ĞµĞ²ÑƒÑˆĞºĞ¸ 18+ I Naked girls 18+,https://uk.tgstat.com/channel/@girls334,https://t.me/girls334
2D Ğ¢ÑĞ½ĞºĞ¸ 18+,https://uk.tgstat.com/channel/@godness2d,https://t.me/godness2d
ğŸ’¦FUCK PUSSYğŸ¥µ,https://uk.tgstat.com/channel/@fukmeyou,https://t.me/fukmeyou
BROWSERğŸŒ,https://uk.tgstat.com/channel/@browserofficialtg,https://t.me/browserofficialtg
alexis crystalğŸ”,https://uk.tgstat.com/channel/@alexis_crystal12,https://t.me/alexis_crystal12
Ğ’Ğ¾Ğ·Ğ¼Ğ¾Ğ¶Ğ½Ğ¾ Ñ‚ÑƒÑ‚ ÑĞ»Ğ¸Ñ‚Ğ° Ñ‚Ğ²Ğ¾Ñ babyğŸ˜œ,https://uk.tgstat.com/channel/@tvoyababytyt,https://t.me/tvoyababytyt
DickforlilyğŸ”,https://uk.tgstat.com/channel/@dickforlily12,https://t.me/dickforlily12
Hot babyğŸ‘PORN GIFğŸ“ğŸŒ¶ï¸,https://uk.tgstat.com/channel/@GIFpornBABY,https://t.me/GIFpornBABY
adriana chechikğŸ”,https://uk.tgstat.com/channel/@chechik12,https://t.me/chechik12
ĞŸÑ€Ğ¸Ñ‚ÑĞ¶ĞµĞ½Ğ¸Ğµ,https://uk.tgstat.com/channel/@pritya_jenie,https://t.me/pritya_jenie
Ğ“Ğ Ğ£Ğ”Ğ¬ Ğ¢ĞĞŸ,https://uk.tgstat.com/channel/@grudkaTOP,https://t.me/grudkaTOP
Erotic,https://uk.tgstat.com/channel/@eroticfavorites,https://t.me/eroticfavorites
.,https://uk.tgstat.com/channel/@PinnacleOfArt,https://t.me/PinnacleOfArt
