ĞÑÑ‚Ñ€Ğ¾ĞĞ±ĞµÑ€ĞµĞ³,https://uk.tgstat.com/channel/@astroobereg,https://t.me/astroobereg
astrost1ftka.,https://uk.tgstat.com/channel/@astrost1ftka,https://t.me/astrost1ftka
ĞĞ»ÑŒĞ³Ğ° Ğ‘ĞµÑ€Ğ»Ñ–Ğ½ÑÑŒĞºĞ° ĞĞ»ÑŒĞ³Ğ° Ğ‘ĞµÑ€Ğ»Ğ¸Ğ½ÑĞºĞ°Ñ Ğ’Ğ¾Ğ»Ñ…Ğ²Ğ° Ğ£ĞºÑ€Ğ°Ñ—Ğ½Ğ¸ ğŸ™ğŸ™ğŸ™,https://uk.tgstat.com/channel/@VolxvaUkrain,https://t.me/VolxvaUkrain
ĞÑ€Ğ¸Ğ½Ğ° ĞÑ€Ñ‚ÑƒÑ€Ğ¾Ğ²Ğ½Ğ°,https://uk.tgstat.com/channel/@arina_arturovna_official,https://t.me/arina_arturovna_official
ĞĞ½Ğ½Ğ° Ğ•Ñ„Ñ€ĞµĞ¼Ğ¾Ğ²Ğ° | ÑĞºÑÑ‚Ñ€Ğ°ÑĞµĞ½Ñ,https://uk.tgstat.com/channel/@EfremovaAnna,https://t.me/EfremovaAnna
Ğ­Ğ·Ğ¾Ñ‚ĞµÑ€Ğ¸ĞºĞ° Ğ¸ ĞŸÑĞ¸Ñ…Ğ¾Ğ»Ğ¾Ğ³Ğ¸Ñ,https://uk.tgstat.com/channel/UQDf5lYRX6txwEsF,https://t.me/joinchat/UQDf5lYRX6txwEsF
Ğ“Ğ¾Ñ€Ğ¾ÑĞºĞ¾Ğ¿ Ñ‚Ğ° Ğ¼Ğ¾Ñ‚Ğ¸Ğ²Ğ°Ñ†Ñ–Ñ,https://uk.tgstat.com/channel/@goroskoptamotuvatsiya,https://t.me/goroskoptamotuvatsiya
Ğ“Ğ¾Ñ€Ğ¾ÑĞºĞ¾Ğ¿ Ğ½Ğ° ĞºĞ¾Ğ¶ĞµĞ½ Ğ´ĞµĞ½ÑŒ | Ğ¢Ğ°Ñ€Ğ¾ ğŸŒ˜,https://uk.tgstat.com/channel/nOWt-jnrOJI0YmYy,https://t.me/joinchat/nOWt-jnrOJI0YmYy
Ğ“Ğ¾Ñ€Ğ¾ÑĞºĞ¾Ğ¿ Ğ½Ğ° ĞºĞ¾Ğ¶ĞµĞ½ Ğ´ĞµĞ½ÑŒ,https://uk.tgstat.com/channel/18BUlyQqzAE3ZDcy,https://t.me/joinchat/18BUlyQqzAE3ZDcy
Ğ¢Ğ²Ñ–Ğ¹ Ğ“Ğ¾Ñ€Ğ¾ÑĞºĞ¾Ğ¿,https://uk.tgstat.com/channel/@your_horoskop,https://t.me/your_horoskop
Ğ­VA,https://uk.tgstat.com/channel/@eva_atmalogiya,https://t.me/eva_atmalogiya
Ğ’Ñ–Ğ´ÑŒĞ¼Ğ°-Ğ²Ñ–Ğ´Ğ»ÑĞ´Ğ½Ğ¸Ñ†Ñ ĞĞ»ÑŒĞ³Ğ° Ğ¯ĞĞšĞĞ’Ğ¡Ğ¬ĞšĞ,https://uk.tgstat.com/channel/@olga_yankovskaya_witch,https://t.me/olga_yankovskaya_witch
ĞÑĞ¾Ğ±Ğ¸ÑÑ‚Ğ¸Ğ¹ Ğ“Ğ¾Ñ€Ğ¾ÑĞºĞ¾Ğ¿,https://uk.tgstat.com/channel/4r2-jZsuL-hlMTRi,https://t.me/joinchat/4r2-jZsuL-hlMTRi
Ğ©Ğ¾Ğ´ĞµĞ½Ğ½Ğ¸Ğ¹ Ğ³Ğ¾Ñ€Ğ¾ÑĞºĞ¾Ğ¿,https://uk.tgstat.com/channel/bppKuVJfnk1lNTli,https://t.me/joinchat/bppKuVJfnk1lNTli
Ğ’Ğ¾Ğ»Ñ…Ğ²Ğ° Ğ£ĞºÑ€Ğ°Ñ—Ğ½Ğ¸ ĞĞ»ÑŒĞ³Ğ° Ğ‘ĞµÑ€Ğ»Ñ–Ğ½ÑÑŒĞºĞ° ĞĞ»ÑŒĞ³Ğ° Ğ‘ĞµÑ€Ğ»Ğ¸Ğ½ÑĞºĞ°Ñ Ğ’Ğ¾Ğ»Ñ…Ğ²Ğ° Ğ£ĞºÑ€Ğ°Ñ—Ğ½Ğ¸ ğŸ’¥ğŸ’¥ğŸ’¥ğŸ’¥ UA06 305299 00000 260000 3503 5623 ğŸ’¥ğŸ’¥ğŸ’¥ğŸ’¥,https://uk.tgstat.com/channel/@VOLXVAUKR,https://t.me/VOLXVAUKR
MOLFAR FAMILY,https://uk.tgstat.com/channel/@molfar_family,https://t.me/molfar_family
Ğ“Ğ¾Ñ€Ğ¾ÑĞºĞ¾Ğ¿âœ¨ Ñ‰Ğ¾Ğ´Ğ½Ñ,https://uk.tgstat.com/channel/AkRAR2Meo-IxODJi,https://t.me/joinchat/AkRAR2Meo-IxODJi
Ğ˜Ğ½Ğ½Ğ° Ğ”Ñ€Ğ°Ğ±Ğ¸Ğº Ğ–Ğ¸Ğ·Ğ½ÑŒ Ğ² ĞŸĞ¾Ñ‚Ğ¾ĞºĞµğŸ’œ,https://uk.tgstat.com/channel/@innadrabik,https://t.me/innadrabik
gggivindğŸª¬,https://uk.tgstat.com/channel/@gggivind,https://t.me/gggivind
ĞĞ»ÑŒĞ³Ğ° Ğ‘ĞµÑ€Ğ»Ñ–Ğ½ÑÑŒĞºĞ° Ğ’ĞĞ›Ğ¥Ğ’Ğ,https://uk.tgstat.com/channel/@VolxvaOlgaBerlinska,https://t.me/VolxvaOlgaBerlinska
ĞœĞ°Ğ³Ñ–Ñ ĞĞ°ÑˆĞ¾Ğ³Ğ¾ Ğ–Ğ¸Ñ‚Ñ‚Ñ,https://uk.tgstat.com/channel/Rtp7kgc3g7VjODVi,https://t.me/joinchat/Rtp7kgc3g7VjODVi
magic.taro.matrix,https://uk.tgstat.com/channel/@magic_taro_matrix1,https://t.me/magic_taro_matrix1
ĞÑÑ‚Ñ€Ğ¾Ğ»Ğ¾Ğ³Ñ–Ñ | Ğ“Ğ¾Ñ€Ğ¾ÑĞºĞ¾Ğ¿,https://uk.tgstat.com/channel/@astrolog_ual,https://t.me/astrolog_ual
ğŸŒ™WITCH CHANNEL,https://uk.tgstat.com/channel/STNC9PN-R_85IyMQ,https://t.me/joinchat/STNC9PN-R_85IyMQ
ĞœĞ°Ñ€Ğ¸Ñ ĞœĞ°Ñ€ÑŒÑ,https://uk.tgstat.com/channel/@mariyamarya,https://t.me/mariyamarya
Ğ—Ñ€ĞµĞ½Ğ¸Ğµ Ğ¸ Ğ³Ğ»Ğ°Ğ·Ğ° - Ğ°ÑƒĞ´Ğ¸Ğ¾Ñ‚ĞµÑ€Ğ°Ğ¿Ğ¸Ñ ĞŸĞ›Ğ•Ğ™Ğ›Ğ˜Ğ¡Ğ¢,https://uk.tgstat.com/channel/@zrenie_fabula,https://t.me/zrenie_fabula
ĞœĞ°ÑÑÑ‚Ñ€Ğ¾ ĞœĞ°Ğ¶Ğ¾Ñ€,https://uk.tgstat.com/channel/@Maestro_Major,https://t.me/Maestro_Major
Elena_astropsyholog,https://uk.tgstat.com/channel/@elena_astropsyholog,https://t.me/elena_astropsyholog
Ğ“ĞĞ”ĞĞĞ˜Ğ• Ğ¢ĞĞ Ğ ĞĞĞ›ĞĞ™Ğ,https://uk.tgstat.com/channel/@gadanietarovik,https://t.me/gadanietarovik
Sisters magic,https://uk.tgstat.com/channel/@sistersmagic,https://t.me/sistersmagic
Spica Astrology by Anna Karpieieva,https://uk.tgstat.com/channel/@Anna_Karpieieva_Astrology,https://t.me/Anna_Karpieieva_Astrology
Ğ”Ğ½ĞµĞ²Ğ½Ğ¸Ğº ÑĞ·Ğ¾Ñ‚ĞµÑ€Ğ¸ĞºĞ°,https://uk.tgstat.com/channel/@notes_esoteric,https://t.me/notes_esoteric
ĞŸÑĞ¸Ñ…Ğ¾Ğ´ĞµĞ»Ğ¸ĞºĞ°,https://uk.tgstat.com/channel/@psychonautts,https://t.me/psychonautts
Truebazi,https://uk.tgstat.com/channel/@truebazi,https://t.me/truebazi
Ğ“Ğ¾Ñ€Ğ¾ÑĞºĞ¾Ğ¿ UA,https://uk.tgstat.com/channel/@horoscop_ua,https://t.me/horoscop_ua
ĞœĞµĞ´Ğ¸Ñ‚Ğ°Ñ†Ñ–Ñ— Ğ´Ğ»Ñ Ğ´Ñ–Ñ‚ĞµĞ¹ğŸ‡ºğŸ‡¦,https://uk.tgstat.com/channel/@ScM4b1dg0s80ZGRi,https://t.me/ScM4b1dg0s80ZGRi
Veselka,https://uk.tgstat.com/channel/@veselka_moya,https://t.me/veselka_moya
Ğ Ğ¾Ğ´Ğ¾Ğ²Ñ– Ğ²Ñ–Ğ´ÑŒĞ¼Ğ¸ Ğ‘Ğ°Ğ½Ğ´ĞµÑ€Ğ¸,https://uk.tgstat.com/channel/@ezoterikaukraina,https://t.me/ezoterikaukraina
ĞŸĞ ĞĞ“ĞĞĞ—,https://uk.tgstat.com/channel/@PROGNOZ_youtube,https://t.me/PROGNOZ_youtube
ĞºĞµĞ¹Ğ»Ñ– Ñ€ĞµĞ¹ â™¡,https://uk.tgstat.com/channel/@tarothe,https://t.me/tarothe
ĞŸÑŒĞ¾Ñ€Ñ„ĞµĞºÑ‚-Ğ³Ğ¾Ñ€Ğ¾ÑĞºĞ¾Ğ¿,https://uk.tgstat.com/channel/@perfectgoroskop,https://t.me/perfectgoroskop
ĞÑƒĞ¼ĞµÑ€Ğ¾Ğ»Ğ¾Ğ³Ñ–Ñ Â«ĞšĞ¾Ğ¼Ğ¿Ğ°ÑÂ»,https://uk.tgstat.com/channel/F3QIyvig1zAzZWEy,https://t.me/joinchat/F3QIyvig1zAzZWEy
ğŸ•¯ï¸Occult GrimoireğŸŒ”,https://uk.tgstat.com/channel/@occult_grimoire,https://t.me/occult_grimoire
ĞĞµĞ±Ğ¾ Ğ¡ÑŒĞ¾Ğ³Ğ¾Ğ´Ğ½Ñ– | ĞÑÑ‚Ñ€Ğ¾Ğ½Ğ¾Ğ¼Ñ–Ñ,https://uk.tgstat.com/channel/@nebotoday,https://t.me/nebotoday
"ĞœĞ˜Ğ _Ğ„Ğ”ĞĞĞĞĞ¯_ĞŸĞ ĞĞ‘Ğ£Ğ”Ğ–Ğ•ĞĞĞ¯ Ğ²Ñ–Ğ´ ""ĞŸÑ€Ğ¾ÑÑ‚Ñ–Ñ€ ĞŸÑ€Ğ¾Ğ±ÑƒĞ´Ğ¶ĞµĞ½Ğ½Ñ""",https://uk.tgstat.com/channel/@VMP_marafon,https://t.me/VMP_marafon
ĞœĞ°ÑÑ‚ĞµÑ€ ĞĞ»ÑŒĞ³Ğ° Ğ“Ğ¾Ğ¼Ğ¾Ğ½,https://uk.tgstat.com/channel/@nisajakiev,https://t.me/nisajakiev
ĞÑÑ‚Ñ€Ğ¾Ğ»Ğ¾Ğ³Ñ–Ñ ğŸŒ,https://uk.tgstat.com/channel/@astrology_com_ua,https://t.me/astrology_com_ua
Ğ¢ÑƒĞ· ĞŸĞµĞ½Ñ‚Ğ°ĞºĞ»Ñ–Ğ²,https://uk.tgstat.com/channel/@aceofpentaclesua,https://t.me/aceofpentaclesua
Ivacat & MarlborĞ¾ğŸŒ’ğŸŒ•ğŸŒ˜,https://uk.tgstat.com/channel/@ivacat_marlboro,https://t.me/ivacat_marlboro
Ğ¤Ğ¾Ñ€Ñ‚ĞµÑ†Ñ Ğ´Ğ»Ñ ÑĞµÑ€Ñ†Ñ,https://uk.tgstat.com/channel/@fortressforheart,https://t.me/fortressforheart
Your future is nowâœ¨,https://uk.tgstat.com/channel/@yourfutureisnowbylika,https://t.me/yourfutureisnowbylika
Ğ“Ğ°Ñ€Ğ¼Ğ¾Ğ½Ğ¸Ñ Ğ² Ñ‚ĞµĞ±Ğµï¼,https://uk.tgstat.com/channel/@harmony_in_you,https://t.me/harmony_in_you
ĞŸĞ¾Ñ‚Ğ°Ñ”Ğ¼Ğ¸Ğ½Ğ¸ğŸ‘,https://uk.tgstat.com/channel/@potaiemyny,https://t.me/potaiemyny
Good vibes only,https://uk.tgstat.com/channel/@good_vibes_only_ua,https://t.me/good_vibes_only_ua
lavender bouquet,https://uk.tgstat.com/channel/@lavenderbouquet,https://t.me/lavenderbouquet
ĞÑƒĞ¼ĞµÑ€Ğ¾Ğ»Ğ¾Ğ³Ğ¸Ñâœ¨Ğ ÑƒĞ½Ñ‹,https://uk.tgstat.com/channel/@numerologiya_runs,https://t.me/numerologiya_runs
HealSelf club by E.S,https://uk.tgstat.com/channel/@healselfclub,https://t.me/healselfclub
Ğ¿Ñ€Ğ¾ Ñ‚Ğ°Ñ€Ğ¾ ÑƒĞºÑ€Ğ°Ñ—Ğ½ÑÑŒĞºĞ¾Ñ!!ğŸ’Œ,https://uk.tgstat.com/channel/@tar0ukraine,https://t.me/tar0ukraine
ĞŸĞĞ¢ĞĞš,https://uk.tgstat.com/channel/@flowpotok,https://t.me/flowpotok
Shamanic ChannelğŸª˜,https://uk.tgstat.com/channel/@shamanic_channel,https://t.me/shamanic_channel
Ğ—Ğ°Ñ…Ğ¾Ğ¿Ğ»ÑÑÑ‡Ğ° ĞÑÑ‚Ñ€Ğ¾Ğ»Ğ¾Ğ³Ñ–Ñ ğŸ”­ ĞÑÑ‚Ñ€Ğ¾Ğ¿ÑĞ¸Ñ…Ğ¾Ğ»Ğ¾Ğ³Ñ–Ñ,https://uk.tgstat.com/channel/Y4lI6UYRCy9mMWNi,https://t.me/joinchat/Y4lI6UYRCy9mMWNi
Ğ“Ğ¾Ñ€Ğ¾ÑĞºĞ¾Ğ¿ Ğ£ĞºÑ€Ğ°Ñ—Ğ½ÑÑŒĞºĞ¾Ñâ¤ï¸â€ğŸ”¥ğŸ’‹ĞĞ•,https://uk.tgstat.com/channel/DgaF0NLB_qw5NGI6,https://t.me/joinchat/DgaF0NLB_qw5NGI6
â˜€ï¸Ğ•Ğ·Ğ¾Ñ‚ĞµÑ€Ğ¸ĞºĞ° Ğ±ĞµĞ· ÑˆĞ¸Ğ·Ğ¾Ñ‚ĞµÑ€Ğ¸ĞºĞ¸ ğŸŒ™,https://uk.tgstat.com/channel/@magiciantaro,https://t.me/magiciantaro
Ğ¢ĞĞ ĞĞ›ĞĞ“ | Ğ‘Ğ•Ğ›ĞĞ¯ ĞœĞĞ“Ğ˜Ğ¯,https://uk.tgstat.com/channel/@gadanievik,https://t.me/gadanievik
ğŸ”®ĞœĞ°ÑÑ‚ĞµÑ€ÑĞºĞ°Ñ Ğ¢Ğ°Ñ€Ğ¾ Ğ¸ ĞœĞ°Ğ³Ğ¸Ğ¸ ğŸ”®,https://uk.tgstat.com/channel/@tarot_mariamedova,https://t.me/tarot_mariamedova
"Ğ§Ğ°Ñ€Ñ–Ğ²Ğ½Ğ¸Ñ†Ñ. ĞšĞ¾ÑƒÑ‡Ğ¸Ğ½Ğ³, Ğ°Ñ„Ñ–Ñ€Ğ¼Ğ°Ñ†Ñ–Ñ—",https://uk.tgstat.com/channel/@volshebnitsa,https://t.me/volshebnitsa
ĞœĞĞ“Ğ†Ğ¯ Ğ’Ğ¡Ğ•Ğ¡Ğ’Ğ†Ğ¢Ğ£,https://uk.tgstat.com/channel/@magia_vselenoy,https://t.me/magia_vselenoy
tarocult,https://uk.tgstat.com/channel/@tarocult,https://t.me/tarocult
ĞĞ›Ğ¬Ğ“Ğ Ğ‘Ğ•Ğ Ğ›Ğ†ĞĞ¡Ğ¬ĞšĞ Ğ’ĞĞ›Ğ¥Ğ’Ğ ĞŸĞ•Ğ Ğ•Ğ”Ğ‘ĞĞ§Ğ•ĞĞĞ¯,https://uk.tgstat.com/channel/@VOLSXVA,https://t.me/VOLSXVA
UNIVERSE SACRAL ENERGY,https://uk.tgstat.com/channel/@universe_sacral_energy,https://t.me/universe_sacral_energy
Ars Stellae | ĞÑÑ‚Ñ€Ğ¾Ğ»Ğ¾Ğ³Ñ–Ñ,https://uk.tgstat.com/channel/@arsstellae,https://t.me/arsstellae
Osoblyva,https://uk.tgstat.com/channel/@osoblyva,https://t.me/osoblyva
Ñ‚Ğ¸ - Ñ‡Ğ°ÑÑ‚Ğ¸Ğ½Ğ° Ğ²ÑĞµÑĞ²Ñ–Ñ‚Ñƒ ğŸŒ,https://uk.tgstat.com/channel/@soulpathal,https://t.me/soulpathal
Ğ¡ÑƒÑ‡Ğ°ÑĞ½Ğ° Ğ£ĞºÑ€Ğ°Ñ—Ğ½ÑÑŒĞºĞ° ĞœĞ°Ğ³Ñ–Ñ (ĞŸĞ°Ğ²Ğ»Ğ¾ ĞšÑ€ÑƒĞº),https://uk.tgstat.com/channel/@pavlo_kruk,https://t.me/pavlo_kruk
clara via | saara & witchcraft,https://uk.tgstat.com/channel/@claravia,https://t.me/claravia
"Ğ¢ÑƒĞ· ĞŸĞµĞ½Ñ‚Ğ°ĞºĞ»ĞµĞ¹: Ğ¤Ğ¸Ğ½Ğ°Ğ½ÑĞ¾Ğ²Ğ°Ñ ĞÑÑ‚Ñ€Ğ¾Ğ»Ğ¾Ğ³Ğ¸Ñ, ĞœĞ°Ğ½Ğ¸Ñ„ĞµÑÑ‚Ğ°Ñ†Ğ¸Ñ, Ğ Ğ°ÑĞºĞ»Ğ°Ğ´Ñ‹ Ğ¢Ğ°Ñ€Ğ¾ Ğ´Ğ»Ñ Ğ‘Ğ¸Ğ·Ğ½ĞµÑĞ°",https://uk.tgstat.com/channel/@aceofpentaclesru,https://t.me/aceofpentaclesru
â„­ğ”©ğ”ğ”¦ğ”¯ ğ”¡ğ”¢ ğ”©ğ” ğ”ğ”²ğ”«ğ”¢ ğŸŒ™,https://uk.tgstat.com/channel/@moonlightandgreeneyes,https://t.me/moonlightandgreeneyes
Ğ°ÑÑ‚Ñ€Ğ¾Ñ€Ñ–Ğ½Ğ° ğŸª Ğ°ÑÑ‚Ñ€Ğ¾Ğ½Ğ¾Ğ¼Ñ–Ñ Ñ‚Ğ° Ğ°ÑÑ‚Ñ€Ğ¾Ñ„Ñ–Ğ·Ğ¸ĞºĞ°,https://uk.tgstat.com/channel/@darinastro,https://t.me/darinastro
Ğ–Ğ˜Ğ¢Ğ¢Ğ¯ Ğ§Ğ£Ğ”Ğ•Ğ¡ ğŸ§¿,https://uk.tgstat.com/channel/@sana_lifeofdream,https://t.me/sana_lifeofdream
ĞÑƒĞ¼ĞµÑ€Ğ¾Ğ»Ğ¾Ğ³Ñ–Ñ. Ğ”Ñ–Ğ·Ğ½Ğ°Ğ¹ÑÑ Ğ¿Ñ€Ğ¾ ÑĞµĞ±Ğµ Ğ²ÑĞµ,https://uk.tgstat.com/channel/@cool_numerilogia,https://t.me/cool_numerilogia
ĞœĞ¾Ğ»ÑŒÑ„Ğ°Ñ€ĞºĞ° Ğ¸Ğ· Ğ£ĞºÑ€Ğ°Ğ¸Ğ½Ñ‹. ĞĞ»ĞµĞ½Ğ° Ğ¡Ñ‚ĞµÑ†ĞµĞ½ĞºĞ¾,https://uk.tgstat.com/channel/@molfarka_olena,https://t.me/molfarka_olena
Ì€ Ì—â™¡ Ì– Ì Ìµ Ğ ĞµĞ½Ğ° Ğ±ĞµĞ· Ñ€ĞµĞ½Ñ–Ñ‚Ğ° | Ğ¢Ğ°Ñ€Ğ¾ | #Ğ£ĞºÑ€Ğ¢Ò‘ ğŸ‰,https://uk.tgstat.com/channel/@renanotrenit,https://t.me/renanotrenit
Ñ…Ñ€Ğ¾Ğ½Ñ–ĞºĞ¸ Ñ‚Ğ°Ñ€Ğ¾ ğŸŒ™,https://uk.tgstat.com/channel/@sovistt,https://t.me/sovistt
ĞšĞĞ Ğ¢Ğ Ğ”ĞĞ¯ Ğ¢ĞĞ Ğâ™¥ï¸,https://uk.tgstat.com/channel/@tarogoroskopdnia,https://t.me/tarogoroskopdnia
â˜€ï¸Ğ—Ğ’Ğ•Ğ—Ğ”ĞĞ§ĞĞ¢â˜€ï¸,https://uk.tgstat.com/channel/@ZvezdochetPavel,https://t.me/ZvezdochetPavel
â˜½ ğ–™ğ–—ğ–ğ–ˆğ–ğ–˜ğ–™ğ–Šğ–— ğ–’ğ–†ğ–Œğ–ğ–ˆ â˜¾,https://uk.tgstat.com/channel/@ThicksterMagic,https://t.me/ThicksterMagic
Ğ“Ğ¾Ñ€Ğ¾ÑĞºĞ¾Ğ¿ Ğ½Ğ° ĞºĞ¾Ğ¶ĞµĞ½ Ğ´ĞµĞ½ÑŒ,https://uk.tgstat.com/channel/@goroskophochu,https://t.me/goroskophochu
ĞšĞ¸Ñ‚Ğ°Ğ¹ÑÑŒĞºĞ¸Ğ¹ Ğ»Ñ–Ñ…Ñ‚Ğ°Ñ€Ğ¸Ğº,https://uk.tgstat.com/channel/@bazilantern,https://t.me/bazilantern
Ğ­ĞĞ•Ğ Ğ“Ğ˜Ğ˜ Ğ–Ğ˜Ğ—ĞĞ˜ Ñ Ğ•Ğ»ĞµĞ½Ğ¾Ğ¹ Ğ’ĞµÑĞ½Ğ¾Ğ¹,https://uk.tgstat.com/channel/@energii_zhizni,https://t.me/energii_zhizni
ukresoteric,https://uk.tgstat.com/channel/@ukrtarot,https://t.me/ukrtarot
ğ“ğğ¦ğ©ğ¥ğ ğ¨ğŸ ğ­ğ¡ğ ğ‘ğ¢ğ¬ğ¢ğ§ğ  ğ’ğ­ğšğ« | ğ¨ğœğœğ®ğ¥ğ­,https://uk.tgstat.com/channel/@moon_saturn_occ,https://t.me/moon_saturn_occ
Ğ¨ĞºĞ¾Ğ»Ğ° Ğ¢Ğ°Ñ€Ğ¾ | ĞĞ°Ñ‚Ğ°Ğ»Ğ¸Ğ¸ Ğ›Ğ¾Ğ·Ğ¾Ğ²Ğ¾Ğ¹,https://uk.tgstat.com/channel/@natalee_loz,https://t.me/natalee_loz
Ğ¢ĞĞ„ĞœĞĞ ĞšĞ†ĞœĞĞĞ¢Ğ,https://uk.tgstat.com/channel/@inside_numerology,https://t.me/inside_numerology
ĞŸÑ€ĞµĞ´Ğ·Ğ°Ğ¿Ğ¸ÑÑŒ Ğ¢-Ğ¢Ñ€ĞµĞ½Ğ¸Ğ½Ğ³ Â«30/10Â»,https://uk.tgstat.com/channel/@ttrening3010,https://t.me/ttrening3010
Ğ“ĞĞ ĞĞ” Ğ’Ğ•Ğ”Ğ¬ĞœğŸ”¥,https://uk.tgstat.com/channel/@gorodvedm7,https://t.me/gorodvedm7
Ğ¯ÑĞ½Ğ¸Ğ¹ Ğ¥Ğ°Ğ¾Ñ,https://uk.tgstat.com/channel/@attrahar,https://t.me/attrahar
Ğ¢Ğ²Ğ¾Ğ¹ ĞšĞ¾Ğ»Ğ¾Ğ´ĞµÑ† Ğ—Ğ½Ğ°Ğ½Ğ¸Ğ¹: ĞœĞ°Ğ³Ğ¸Ñ Ğ ÑƒĞ½Ñ‹ Ğ¢Ğ°Ñ€Ğ¾,https://uk.tgstat.com/channel/@Tvoj_kolodec_znanij,https://t.me/Tvoj_kolodec_znanij
Â«Ğ’Ñ–Ğ»ÑŒĞ½Ğ°Â» Ñƒ Ğ¨Ğ¾ÑÑ‚Ñ†Ñ–,https://uk.tgstat.com/channel/@VilnaShostka,https://t.me/VilnaShostka
Ğ•Ğ»ĞµĞ½Ğ° ĞĞµĞ¶Ğ¸Ğ½ÑĞºĞ°Ñ ğŸ•‰ĞÑÑ‚Ñ€Ğ¾Ğ»Ğ¾Ğ³. ĞšĞ¾ÑƒÑ‡,https://uk.tgstat.com/channel/@astrologyvibes,https://t.me/astrologyvibes
ĞÑÑ‚Ñ€Ğ¾Ğ»Ğ¾Ğ³ ĞĞ½Ğ°ÑÑ‚Ğ°ÑĞ¸Ñ ĞšĞ¾Ñ€Ñ‹Ñ‚Ñ†ĞµĞ²Ğ°,https://uk.tgstat.com/channel/@neboznanie,https://t.me/neboznanie
Hug og ord,https://uk.tgstat.com/channel/@hugogord,https://t.me/hugogord
Ğ¢Ğ°Ñ€Ğ¾ ÑƒĞºÑ€Ğ°Ñ—Ğ½ÑÑŒĞºĞ¾Ñ,https://uk.tgstat.com/channel/@taro_info_ukr,https://t.me/taro_info_ukr
Human Design ğŸŒ¿ Ğ”Ğ¸Ğ·Ğ°Ğ¹Ğ½ Ğ»ÑĞ´Ğ¸Ğ½Ğ¸,https://uk.tgstat.com/channel/@humandesign24,https://t.me/humandesign24
â¤ï¸ white notes â¤ï¸,https://uk.tgstat.com/channel/@white_notes112,https://t.me/white_notes112
Meditation steps | ĞšĞ¸Ñ—Ğ²,https://uk.tgstat.com/channel/@urokimeditacii_kyiv,https://t.me/urokimeditacii_kyiv
ĞĞ¾Ğ²Ğ¸Ğ¹ â€“ ÑÑ‚Ğ°Ñ€Ğ¸Ğ¹ Ğ²Ñ–Ñ‚Ñ‡ĞºÑ€Ğ°Ñ„Ñ‚,https://uk.tgstat.com/channel/@pro_ezoteriky_ua,https://t.me/pro_ezoteriky_ua
Vidâ€™mochkağŸ‡ºğŸ‡¦ğŸ•¯ğŸ‘,https://uk.tgstat.com/channel/@Vidmochka_dobra,https://t.me/Vidmochka_dobra
Ñ‚Ğ°Ñ€Ğ¾ Ğ²Ñ–Ğ´ Ğ½Ğ°ÑÑ‚ÑƒĞ½Ñ– ğŸ¹,https://uk.tgstat.com/channel/@taro_nkk,https://t.me/taro_nkk
Ğ”Ğ°Ğ¾ÑÑĞºĞ°Ñ Ğ‘Ğ¸Ğ±Ğ»Ğ¸Ğ¾Ñ‚ĞµĞºĞ°,https://uk.tgstat.com/channel/@Daode10,https://t.me/Daode10
ĞÑÑ‚Ñ€Ğ¾Ğ»Ğ¾Ğ³ ĞĞ½Ğ½Ğ° Ğ›Ğ¸Ñ…Ğ°Ñ‡ĞµĞ²Ğ°,https://uk.tgstat.com/channel/@astrolog_anna_lihacheva,https://t.me/astrolog_anna_lihacheva
âœ¨ĞĞĞ¨ Ğ“ĞĞ ĞĞ¡ĞšĞĞŸğŸ‡ºğŸ‡¦ Ğ“Ğ¾Ñ€Ğ¾ÑĞºĞ¾Ğ¿ Ğ½Ğ° ĞºĞ¾Ğ¶Ğ½Ğ¸Ğ¹ Ğ´ĞµĞ½ÑŒ,https://uk.tgstat.com/channel/@ukr_goroskop,https://t.me/ukr_goroskop
Liminal MYSPACE ğŸ”®,https://uk.tgstat.com/channel/@liminal2004,https://t.me/liminal2004
Ğ¡Ñ‚ÑƒĞ´ĞµĞ½Ñ‚ Ğ”Ğ°Ğ¾,https://uk.tgstat.com/channel/@studentdao,https://t.me/studentdao
universoğŸŒ,https://uk.tgstat.com/channel/@universodelesoterica,https://t.me/universodelesoterica
Nilara. ĞœĞµÑ€Ñ†Ğ°Ğ½Ğ¸Ğµ Ğ¢ĞµĞ½Ğ¸ âœ¨ Ğ¢Ğ°Ñ€Ğ¾Ğ»Ğ¾Ğ³,https://uk.tgstat.com/channel/@mertsanie_teni,https://t.me/mertsanie_teni
ĞÑÑ‚Ñ€Ğ¾Ğ¿ÑĞ¸Ñ…Ğ¾Ğ»Ğ¾Ğ³Ñ–Ñ | Ğ¤Ğ¾Ñ€Ğ¼ÑƒĞ»Ğ° Ğ´ÑƒÑˆÑ–,https://uk.tgstat.com/channel/@astro_my_soul,https://t.me/astro_my_soul
Ğ‘ÑƒĞ´ÑƒÑ”Ğ¼Ğ¾ Ñ‰Ğ°ÑĞ»Ğ¸Ğ²Ñƒ Ğ´Ğ¾Ğ»Ñ,https://uk.tgstat.com/channel/@correction_fortune,https://t.me/correction_fortune
ĞœÑ–ÑÑ‚ĞµÑ€Ñ– Ğ ÑƒĞ¼,https://uk.tgstat.com/channel/@mysteryroomua,https://t.me/mysteryroomua
astrohoustonâœ¨ | Ğ°ÑÑ‚Ñ€Ğ¾Ğ»Ğ¾Ğ³Ğ¸Ñ,https://uk.tgstat.com/channel/@astrohouston,https://t.me/astrohouston
ĞĞ£ĞœĞ•Ğ Ğ Ğ¿Ñ€Ğ¾Ğ²Ñ–Ğ´Ğ½Ğ¸ĞºĞ° ğŸš,https://uk.tgstat.com/channel/@business_numerology,https://t.me/business_numerology
ĞœÑƒĞ´Ñ€Ñ‹Ğµ Ñ€ÑƒĞ½Ñ‹ Ğ›Ğ¾Ñ€Ñ‹ | Ğ Ğ°ÑĞºĞ»Ğ°Ğ´Ñ‹ | ĞŸÑ€Ğ¾Ğ³Ğ½Ğ¾Ğ·Ñ‹ | Ğ¡Ğ¾Ğ²ĞµÑ‚Ñ‹,https://uk.tgstat.com/channel/@loraprediction,https://t.me/loraprediction
ğŸŒˆĞœĞ°Ñ‚ĞµÑ€Ğ¸Ğ°Ğ»Ğ¸Ğ·Ğ°Ñ†Ğ¸Ñ Ğ–ĞµĞ»Ğ°Ğ½Ğ¸Ğ¹âœ¨,https://uk.tgstat.com/channel/mXlsnZmnP_xkODMy,https://t.me/joinchat/mXlsnZmnP_xkODMy
á› Ñ€Ğ°Ğ²Ğ½Ğ¸Ñ‡ĞµÑÑ‚Ğ²Ğ¾ğŸŒ¿ğŸ•¯ï¸ğŸŒ¾ğŸŒ±ğŸŒ¼,https://uk.tgstat.com/channel/@kumiho_tian,https://t.me/kumiho_tian
Vedalife Ğ² Ğ’Ğ¸Ğ½Ğ½Ğ¸Ñ†Ğµ,https://uk.tgstat.com/channel/@Vedalife_vinn,https://t.me/Vedalife_vinn
Ğ”ÑƒÑ…Ğ¾Ğ²Ğ½Ğ¸Ğ¹ Ğ¿Ñ€Ğ¾Ğ³Ñ€ĞµÑ,https://uk.tgstat.com/channel/@duhovniyprogres,https://t.me/duhovniyprogres
Ğ’Ñ–Ğ´ÑŒĞ¼Ğ° Ğ· Ğ½Ñ–Ñ‡Ğ½Ğ¸Ñ… ĞºĞ¾ÑˆĞ¼Ğ°Ñ€Ñ–Ğ² ğŸŒ’,https://uk.tgstat.com/channel/@n_witch,https://t.me/n_witch
Ğ”Ğ¾Ğ²Ñ–Ğ´Ğ½Ğ¸Ğº Ğ· Ğ¢Ğ°Ñ€Ğ¾,https://uk.tgstat.com/channel/@tarovidnyk,https://t.me/tarovidnyk
Yasno_v_mir,https://uk.tgstat.com/channel/@yasno_v_mir,https://t.me/yasno_v_mir
Ğ”Ğ¸Ğ·Ğ°Ğ¹Ğ½ Ğ›ÑĞ´Ğ¸Ğ½Ğ¸ ğŸ’ ĞšĞ»ÑƒĞ± Ğ»ÑĞ±Ğ¸Ñ‚ĞµĞ»Ñ–Ğ² Ğ”Ğ›,https://uk.tgstat.com/channel/@hd_love_club_ua,https://t.me/hd_love_club_ua
ĞšĞ°Ñ€Ğ¼Ğ° | ĞœĞ°Ñ‚Ñ€Ğ¸Ñ†Ğ° | ĞŸĞ¾Ğ´ÑĞ¾Ğ·Ğ½Ğ°Ğ½Ğ¸Ğµ,https://uk.tgstat.com/channel/@innaselfcoach,https://t.me/innaselfcoach
Astro prognoz channel,https://uk.tgstat.com/channel/@astro_prognozy_channel,https://t.me/astro_prognozy_channel
"Ğ“Ğ°Ğ´Ğ°Ğ½Ğ¸Ğµ Ğ¢Ğ°Ñ€Ğ¾, ÑĞ½ĞµÑ€Ğ³ĞµÑ‚Ğ¸Ñ‡ĞµÑĞºĞ¸Ğµ Ñ‡Ğ¸ÑÑ‚ĞºĞ¸, Ğ—Ğ»Ğ°Ñ‚Ğ° Ğ•Ğ²Ğ»Ğ°Ğ½Ñ‚ÑŒĞµĞ²Ğ°",https://uk.tgstat.com/channel/@gadaniyetarozlata,https://t.me/gadaniyetarozlata
sextantora,https://uk.tgstat.com/channel/@sextantora_tarot,https://t.me/sextantora_tarot
ğŸŒ¹Ğ“Ğ°Ñ€Ğ¼Ğ¾Ğ½Ñ–Ñ Ğ² Ñ‚Ğ¾Ğ±Ñ–!,https://uk.tgstat.com/channel/@harmony_in_your_soul,https://t.me/harmony_in_your_soul
âœ¨ Ğ¢Ğ¾Ñ‡Ğ½Ğ¸Ğ¹ Ğ“ĞĞ ĞĞ¡ĞšĞĞŸ âœ¨,https://uk.tgstat.com/channel/@horo_skop,https://t.me/horo_skop
ĞšĞĞ›Ğ•ĞĞ”ĞĞ  online,https://uk.tgstat.com/channel/urbCWvo-zrFiZmE6,https://t.me/joinchat/urbCWvo-zrFiZmE6
Ğ•Ğ²Ğ¾Ğ»ÑÑ†Ñ–Ñ Ğ¡Ğ²Ñ–Ğ´Ğ¾Ğ¼Ğ¾ÑÑ‚Ñ–,https://uk.tgstat.com/channel/@evolyutsiya_svidomosti,https://t.me/evolyutsiya_svidomosti
Zoreslava_Rokelia,https://uk.tgstat.com/channel/@zoreslavarokelia,https://t.me/zoreslavarokelia
ĞĞ¾Ğ²Ğ¾Ğµ ĞœĞ¸Ñ€Ğ¾Ğ²Ğ¾Ğ·Ğ·Ñ€ĞµĞ½Ğ¸Ğµ,https://uk.tgstat.com/channel/@NewWorldview6,https://t.me/NewWorldview6
ğŸ§¿ĞšĞ¾Ñ‚ĞµĞ»Ğ¾Ñ‡ĞµĞºğŸ§¿,https://uk.tgstat.com/channel/@kotel_witch,https://t.me/kotel_witch
Ğ“Ğ¾Ñ€Ğ¾ÑĞºĞ¾Ğ¿ Ğ½Ğ° ÑÑŒĞ¾Ğ³Ğ¾Ğ´Ğ½Ñ–,https://uk.tgstat.com/channel/oqLsEee2y0EzMjg6,https://t.me/joinchat/oqLsEee2y0EzMjg6
ĞŸĞ»Ğ°Ñ‚Ñ„Ğ¾Ñ€Ğ¼Ğ° Betaline,https://uk.tgstat.com/channel/@betalinechannel,https://t.me/betalinechannel
Ğ’ĞµĞ´Ğ¸Ñ‡ĞµÑĞºĞ¸Ğ¹ Ğ°ÑÑ‚Ñ€Ğ¾Ğ»Ğ¾Ğ³ Ğ®Ğ»Ğ¸Ñ Ğ”Ğ¾Ğ½Ñ‡ĞµĞ²Ğ°,https://uk.tgstat.com/channel/@julia_doncheva,https://t.me/julia_doncheva
"Ğ¯ÑĞ½Ğ¾Ğ²Ğ¸Ğ´ĞµĞ½Ğ¸Ğµ ,Ğ³Ğ°Ğ´Ğ°Ğ½Ğ¸Ğµ Ğ¾Ñ‚ Ğ’Ğ¸ĞºÑ‚Ğ¾Ñ€Ğ¸Ğ¸ Ğ”Ğ¸Ğ²Ğ°Ğ½ÑĞºĞ¸ğŸŒ™ğŸŒğŸ”®ğŸ”®ğŸ”®ğŸ”®",https://uk.tgstat.com/channel/@tarologonline2,https://t.me/tarologonline2
ĞœĞ°Ğ³Ğ°Ğ·Ğ¸Ğ½ ĞĞœ ĞµÑ‚Ğ½Ğ¾ Ñ‚Ğ¾Ğ²Ğ°Ñ€Ğ¸ Ğ›ÑŒĞ²Ñ–Ğ²,https://uk.tgstat.com/channel/@omlviv,https://t.me/omlviv
FANğŸŒ—Ğ’ÑĞµĞ»ĞµĞ½Ğ½Ğ°Ñ,https://uk.tgstat.com/channel/@mir_velik5,https://t.me/mir_velik5
HiroINF,https://uk.tgstat.com/channel/@hiroinf,https://t.me/hiroinf
ĞœĞ¸Ñ€ ÑĞ·Ğ¾Ñ‚ĞµÑ€Ğ¸ĞºĞ¸,https://uk.tgstat.com/channel/@esoteric_awareness,https://t.me/esoteric_awareness
âœ¨ ĞœÑ‹ÑĞ»Ğ¸ Ğ²ÑĞ»ÑƒÑ… âœ¨,https://uk.tgstat.com/channel/@enk097,https://t.me/enk097
TANTRIC INSIGHTS,https://uk.tgstat.com/channel/@tantra_ins,https://t.me/tantra_ins
ĞœĞ¾Ğ¶Ğ»Ğ¸Ğ²Ğ¾ Ğ½Ğµ Ğ’ĞĞ–Ğ›Ğ˜Ğ’Ğ•,https://uk.tgstat.com/channel/@vaglive,https://t.me/vaglive
