–°–º–∞—á–Ω–∞ —Ö–∞—Ç–∞,https://uk.tgstat.com/channel/@smachno2021,https://t.me/smachno2021
–ú–∞–º–∏–Ω—ñ –†–µ—Ü–µ–ø—Ç–∏,https://uk.tgstat.com/channel/j-jy4nvTgOM2YzY6,https://t.me/joinchat/j-jy4nvTgOM2YzY6
–í–∞—à –ö—É–ª—ñ–Ω–∞—Ä üë®‚Äçüç≥ –°–º–∞—á–Ω—ñ —Ä–µ—Ü–µ–ø—Ç–∏,https://uk.tgstat.com/channel/0TTcKV5IVOdkOTcy,https://t.me/joinchat/0TTcKV5IVOdkOTcy
–ö—É–ª—ñ–Ω–∞—Ä–Ω—ñ —Ä–µ—Ü–µ–ø—Ç–∏,https://uk.tgstat.com/channel/@kulinarni_reseptu,https://t.me/kulinarni_reseptu
–§—ñ—Ç–Ω–µ—Å –º–µ–Ω—é,https://uk.tgstat.com/channel/v34hk43zTdAxODEy,https://t.me/joinchat/v34hk43zTdAxODEy
–ü—Ä–æ—Å—Ç–æ —Ç–∞ –°–º–∞—á–Ω–æ,https://uk.tgstat.com/channel/m6WZqo4CdxMyMDJi,https://t.me/joinchat/m6WZqo4CdxMyMDJi
–°–º–∞—á–Ω–æ —Ç–∞ –π –≥–æ–¥—ñüçî,https://uk.tgstat.com/channel/_-YLu-2kVok2ZTZi,https://t.me/joinchat/_-YLu-2kVok2ZTZi
–§–ò–¢–ù–ï–° | –ü–ü –†–ï–¶–ï–ü–¢–´ üçè,https://uk.tgstat.com/channel/tev1G9-DkANjZjEy,https://t.me/joinchat/tev1G9-DkANjZjEy
–î–µ—Å–µ—Ä—Ç–æ–º–∞–Ω—ñ—è,https://uk.tgstat.com/channel/xdUJBQLAxXdlYmEy,https://t.me/joinchat/xdUJBQLAxXdlYmEy
–ü—Ä–æ—Å—Ç—ñ –†–µ—Ü–µ–ø—Ç–∏,https://uk.tgstat.com/channel/upB6pFZq2fU5ODMy,https://t.me/joinchat/upB6pFZq2fU5ODMy
–ö–Ω–∏–≥–∞ –†–µ—Ü–µ–ø—Ç—ñ–≤üë®üèº‚Äçüç≥,https://uk.tgstat.com/channel/xSx-WkdR27hkYWQy,https://t.me/joinchat/xSx-WkdR27hkYWQy
–ö—É–ª—ñ–Ω–∞—Ä—ñ—è üë®‚Äçüç≥ –°–º–∞—á–Ω—ñ —Ä–µ—Ü–µ–ø—Ç–∏,https://uk.tgstat.com/channel/A_eb0OrJ-yJkNDRk,https://t.me/joinchat/A_eb0OrJ-yJkNDRk
–°–º–∞—á–Ω—ñ —Ä–µ—Ü–µ–ø—Ç–∏ –∑ —Ü—ñ–Ω–∞–º–∏,https://uk.tgstat.com/channel/nwgNsvEflcNlYTQ6,https://t.me/joinchat/nwgNsvEflcNlYTQ6
–°–º–∞—á–Ω–æ —Ç–∞ –ü—Ä–æ—Å—Ç–æ,https://uk.tgstat.com/channel/nLTlK9lszxBlNjMy,https://t.me/joinchat/nLTlK9lszxBlNjMy
–ó–¥–æ—Ä–æ–≤–µ –º–µ–Ω—é,https://uk.tgstat.com/channel/N8vGaXbKABljMGUy,https://t.me/joinchat/N8vGaXbKABljMGUy
–ö—É–ª—ñ–Ω–∞—Ä–Ω–∞ –ö–Ω–∏–≥–∞,https://uk.tgstat.com/channel/eyNRfbQZezEzNTM6,https://t.me/joinchat/eyNRfbQZezEzNTM6
–°–∞–ª–∞—Ç–∏ —Ç–∞ –∑–∞–∫—É—Å–∫–∏,https://uk.tgstat.com/channel/tVqLf4jkuo00ZWMy,https://t.me/joinchat/tVqLf4jkuo00ZWMy
–ì–∞—Å—Ç—Ä–æ–≤—Å–µ—Å–≤—ñ—Ç –ö–ª–æ–ø–æ—Ç–µ–Ω–∫–∞,https://uk.tgstat.com/channel/@klopotenkofood,https://t.me/klopotenkofood
–ö—É–ª—ñ–Ω–∞—Ä–Ω—ñ —Ä–µ—Ü–µ–ø—Ç–∏,https://uk.tgstat.com/channel/@retsepty,https://t.me/retsepty
–ò–∑ –û–¥–µ—Å—Å—ã —Å –º–æ—Ä–∫–æ–≤—å—é,https://uk.tgstat.com/channel/@OdessaCarrot,https://t.me/OdessaCarrot
–°–ú–ê–ß–ù–ûü•©,https://uk.tgstat.com/channel/i5hIbvHy5U42ZmEy,https://t.me/joinchat/i5hIbvHy5U42ZmEy
–°–º–∞–∫–æ–ª–∏–∫–∏ ü•û –ö—É–ª—ñ–Ω–∞—Ä–Ω—ñ –≤—ñ–¥–µ–æ —Ä–µ—Ü–µ–ø—Ç–∏,https://uk.tgstat.com/channel/TPr2tYe-GVUwODg6,https://t.me/joinchat/TPr2tYe-GVUwODg6
–ù—è–º-–º üá∫üá¶,https://uk.tgstat.com/channel/0kg5XAqc9jFlOTYy,https://t.me/joinchat/0kg5XAqc9jFlOTYy
"–¢–ê–ú, –î–ï –°–ú–ê–ß–ù–û! –ö—É–ª—ñ–Ω–∞—Ä–Ω—ñ –≤—ñ–¥–µ–æ —Ä–µ—Ü–µ–ø—Ç–∏",https://uk.tgstat.com/channel/fBBuhmvk5JJmYjAy,https://t.me/joinchat/fBBuhmvk5JJmYjAy
–£–∫—Ä–∞—ó–Ω—Å—å–∫–∞ –∫—É—Ö–Ω—è,https://uk.tgstat.com/channel/1yWWWt22FmYyZmZi,https://t.me/joinchat/1yWWWt22FmYyZmZi
–ö—É–ª—ñ–Ω–∞—Ä–Ω—ñ—è ‚ùò –ü—Ä–∞–≤–∏–ª—å–Ω–µ —Ö–∞—Ä—á—É–≤–∞–Ω–Ω—è,https://uk.tgstat.com/channel/2t-jcBSnvsY0YTky,https://t.me/joinchat/2t-jcBSnvsY0YTky
–ö—É–ª—ñ–Ω–∞—Ä–Ω–∏–π –µ–∫—Å–ø–µ—Ä—Ç‚ö°Ô∏è –ï–∫—Å–∫–ª—é–∑–∏–≤ —Å–≤—ñ—Ç–æ–≤–æ—ó –∫—É–ª—ñ–Ω–∞—Ä—ñ—ó,https://uk.tgstat.com/channel/@culinary_expert_kulichko,https://t.me/culinary_expert_kulichko
–õ–∏–ª–∏—è –ö–æ–∑–æ—Ä–µ–∑,https://uk.tgstat.com/channel/@liliakozorez,https://t.me/liliakozorez
–¢–≤–æ—î —Ö–∞—Ä—á—É–≤–∞–Ω–Ω—è,https://uk.tgstat.com/channel/iRlB2pfYYrwwMmFi,https://t.me/joinchat/iRlB2pfYYrwwMmFi
–°–º–∞—á–Ω–æ —Ç–∞ –∫–æ—Ä–∏—Å–Ω–æ,https://uk.tgstat.com/channel/qX0x-350zh80NzVi,https://t.me/joinchat/qX0x-350zh80NzVi
–†–µ—Ü–µ–ø—Ç–∏ | –ü—Ä–∞–≤–∏–ª—å–Ω–µ —Ö–∞—Ä—á—É–≤–∞–Ω–Ω—è,https://uk.tgstat.com/channel/Tsf9_xcefpI3ZWNi,https://t.me/joinchat/Tsf9_xcefpI3ZWNi
–§–∞–π–Ω–∞ –ö—É—Ö–Ω—è,https://uk.tgstat.com/channel/u1MPnVBzWQJlY2My,https://t.me/joinchat/u1MPnVBzWQJlY2My
–ö—É–ª—ñ–Ω–∞—Ä–Ω–∞ –ú–∞–π—Å—Ç–µ—Ä–Ω—è,https://uk.tgstat.com/channel/wW5yXPQcKoE4OWM6,https://t.me/joinchat/wW5yXPQcKoE4OWM6
–°—ñ–º–µ–π–Ω—ñ —Å—Ç—Ä–∞–≤–∏ üë©‚Äçüç≥ –î–µ—Å–µ—Ä—Ç–∏,https://uk.tgstat.com/channel/@simeyni_stravy,https://t.me/simeyni_stravy
–§—ñ—Ç–Ω–µ—Å | –•–∞—Ä—á—É–≤–∞–Ω–Ω—è,https://uk.tgstat.com/channel/hYtJRDS_pHZjODk0,https://t.me/joinchat/hYtJRDS_pHZjODk0
–Ü–¥–µ—ó –¥–ª—è —Å–Ω—ñ–¥–∞–Ω–∫—É —Ç–∞ –≤–µ—á–µ—Ä—ñ,https://uk.tgstat.com/channel/OcdKk6VrNaBhOTQy,https://t.me/joinchat/OcdKk6VrNaBhOTQy
–ü—Ä–∞–≤–∏–ª—å–Ω–µ –•–∞—Ä—á—É–≤–∞–Ω–Ω—è üëå,https://uk.tgstat.com/channel/o6iFsASPitY2NDg6,https://t.me/joinchat/o6iFsASPitY2NDg6
–°–º–∞—á–Ω–∞ –ü–∞—Ç–µ–ª—å–Ω—è!,https://uk.tgstat.com/channel/uzNonUDZwwgwYTYy,https://t.me/joinchat/uzNonUDZwwgwYTYy
–†–µ—Ü–µ–ø—Ç–∏ –≤—ñ–¥ –®–µ—Ñ–∞üë®üèª‚Äçüç≥,https://uk.tgstat.com/channel/L573oWRaJYBmMGZi,https://t.me/joinchat/L573oWRaJYBmMGZi
–ë–∞–±—É—Å–∏–Ω—ñ —Ä–µ—Ü–µ–ø—Ç–∏,https://uk.tgstat.com/channel/@sho_poistu,https://t.me/sho_poistu
ü•ò –©–æ –ø—Ä–∏–≥–æ—Ç—É–≤–∞—Ç–∏? –†–µ—Ü–µ–ø—Ç–∏,https://uk.tgstat.com/channel/AAAAAEwdH2VpUQrWN3XAuw,https://t.me/joinchat/AAAAAEwdH2VpUQrWN3XAuw
Eat in Kyiv - –∑–∞–∫–ª–∞–¥–∏ –ö–∏—î–≤–∞,https://uk.tgstat.com/channel/AAAAAEch1UrGCq4iT9OlPQ,https://t.me/joinchat/AAAAAEch1UrGCq4iT9OlPQ
–°–º–∞—á–Ω–æ–≥–æ! | –†–µ—Ü–µ–ø—Ç–∏ ü•ë,https://uk.tgstat.com/channel/IhRtEqik2J81Y2Uy,https://t.me/joinchat/IhRtEqik2J81Y2Uy
–ù–∞–π–∫—Ä–∞—â—ñ —Ä–µ—Ü–µ–ø—Ç–∏ | –ö—É–ª—ñ–Ω–∞—Ä—ñ—è | –ü–•,https://uk.tgstat.com/channel/@naikrashi_receptu,https://t.me/naikrashi_receptu
–í–¥–æ–º–∞ —Å–º–∞—á–Ω—ñ—à–µüòã,https://uk.tgstat.com/channel/x3g5Nxc0vhpiODJi,https://t.me/joinchat/x3g5Nxc0vhpiODJi
–ü–û–í–ê–†–Å–®–ö–êüçΩ,https://uk.tgstat.com/channel/@povareshkka,https://t.me/povareshkka
–¢—É—Ç —Å–º–∞—á–Ω–æ,https://uk.tgstat.com/channel/zvOgJDfoEiIzMzc6,https://t.me/joinchat/zvOgJDfoEiIzMzc6
–ö—É–ª—ñ–Ω–∞—Ä–Ω—ñ —Ö–∏—Ç—Ä–æ—â—ñüë®‚Äçüç≥,https://uk.tgstat.com/channel/z975Gcr17Y5lZGIy,https://t.me/joinchat/z975Gcr17Y5lZGIy
–í–ø—Ä–∞–≤–Ω–∞ –≥–æ—Å–ø–æ–¥–∏–Ω—è üßë‚Äçüç≥,https://uk.tgstat.com/channel/_Qgym2tRzMViYTEy,https://t.me/joinchat/_Qgym2tRzMViYTEy
–ë–∞–Ω–∫—Ä–æ—Ç—Å—Ç–≤–æ –ó–∞–∫–æ–Ω–Ω–æ–µ,https://uk.tgstat.com/channel/@fizicheskikh_yuridicheskikh_lits,https://t.me/fizicheskikh_yuridicheskikh_lits
–õ—ñ–ª—ñ—è –¶–≤—ñ—Ç,https://uk.tgstat.com/channel/@lilija_tsvit,https://t.me/lilija_tsvit
–ú–∞—Ä–∫–µ—Ç–æ–ø—Ç üîÜ –†–æ–∑–ª–∏–≤–Ω–µ –ü–∏–≤–æ,https://uk.tgstat.com/channel/@rozlyvne,https://t.me/rozlyvne
–°–º–∞—á–Ω–∞ –∫–Ω–∏–≥–∞ üòã,https://uk.tgstat.com/channel/jdyCjfdIbnlkYWFi,https://t.me/joinchat/jdyCjfdIbnlkYWFi
–ú—ñ—à–∞ –ö–∞—Ü—É—Ä—ñ–Ω,https://uk.tgstat.com/channel/@mishakatsurin,https://t.me/mishakatsurin
PORTER BEER,https://uk.tgstat.com/channel/@porter_beer,https://t.me/porter_beer
Bolt Food üçî –ö–∏—ó–≤,https://uk.tgstat.com/channel/@boltfood_kyiv,https://t.me/boltfood_kyiv
–í–µ–≥–µ—Ç–∞—Ä—ñ–∞–Ω—Å—å–∫—ñ —Ä–µ—Ü–µ–ø—Ç–∏ ü•¶,https://uk.tgstat.com/channel/@vegetarian_recepies,https://t.me/vegetarian_recepies
Luxe96.6üíß,https://uk.tgstat.com/channel/@spirtluxe,https://t.me/spirtluxe
–°–º–∞—á–Ω–∞ –ö—É—Ö–Ω—è,https://uk.tgstat.com/channel/D6ckxUFR7OgwNTcy,https://t.me/joinchat/D6ckxUFR7OgwNTcy
–ö—Ä–∞—ó–Ω–∞ –†–µ—Ü–µ–ø—Ç—ñ–≤ üçù,https://uk.tgstat.com/channel/@krayina_retseptiv,https://t.me/krayina_retseptiv
–¢–≤–æ—î –§—ñ—Ç–Ω–µ—Å –ú–µ–Ω—é,https://uk.tgstat.com/channel/a_1CDter6Zk2MmRi,https://t.me/joinchat/a_1CDter6Zk2MmRi
–£–∫—Ä–∞—ó–Ω—Å—å–∫–∏–π –∫—É–ª—ñ–Ω–∞—Ä | –†–µ—Ü–µ–ø—Ç–∏,https://uk.tgstat.com/channel/@ukr_culinar,https://t.me/ukr_culinar
–°—ñ–ª—å–ø–æ,https://uk.tgstat.com/channel/@silposilpo,https://t.me/silposilpo
–ì–æ—Ç—É—î–º–æ –≤–¥–æ–º–∞ üç≥,https://uk.tgstat.com/channel/q2f1KHu_bsk2MWMy,https://t.me/joinchat/q2f1KHu_bsk2MWMy
–ö—É–ª—ñ–Ω–∞—Ä–Ω–∞ –•–∞—Ç–∏–Ω–∫–∞ üë©‚Äçüç≥,https://uk.tgstat.com/channel/OdYFd84K1h85MjFi,https://t.me/joinchat/OdYFd84K1h85MjFi
"–ó—É—Å—Ç—Ä—ñ—á–∞–π, –õ—å–≤—ñ–≤!",https://uk.tgstat.com/channel/@meetLviv,https://t.me/meetLviv
–§–û–†–ê,https://uk.tgstat.com/channel/@foraINFO,https://t.me/foraINFO
–ì–æ—Ç—É—î–º–æ —Ä–∞–∑–æ–º,https://uk.tgstat.com/channel/McmuhRnrC50wZTZi,https://t.me/joinchat/McmuhRnrC50wZTZi
–î–æ—Å—Ç–∞–≤–∫–∞ —Ö–∞–º–æ–Ω—É –≤ –£–∫—Ä–∞—ó–Ω—É —Ç–∞ –∫—Ä–∞—ó–Ω–∏ –Ñ–°.,https://uk.tgstat.com/channel/@mir_jamona,https://t.me/mir_jamona
DORA SCHOOL üå±,https://uk.tgstat.com/channel/@vegan_dora_cake_school,https://t.me/vegan_dora_cake_school
–ê–ª–∫–æ–ì—ñ–¥,https://uk.tgstat.com/channel/zFo4z5OFeqE1ZGMy,https://t.me/joinchat/zFo4z5OFeqE1ZGMy
–ì–æ—Ç—É–π üçî –°–º–∞–∫—É–π üç∞ –ñ–∏–≤–∏ üî•,https://uk.tgstat.com/channel/KiV5K_sLwsAzZjli,https://t.me/joinchat/KiV5K_sLwsAzZjli
–î–æ —Å—Ç–æ–ª—É!,https://uk.tgstat.com/channel/Q2IaS_vYyVpkNTYy,https://t.me/joinchat/Q2IaS_vYyVpkNTYy
Food Blog - –†–µ—Ü–µ–ø—Ç–∏ —Ç–∞ –ü–æ—Ä–∞–¥–∏,https://uk.tgstat.com/channel/x5C54fV-xgxlMjg6,https://t.me/joinchat/x5C54fV-xgxlMjg6
–ù–µ–∫–∏—Å–ª–æ,https://uk.tgstat.com/channel/@Nekislo,https://t.me/Nekislo
–©–û–°–¨ –°–º–∞—á–Ω–µ–Ω—å–∫–µ,https://uk.tgstat.com/channel/@smachnenke_ua,https://t.me/smachnenke_ua
–î–æ–±—Ä–µ –ø–∏–≤–æ,https://uk.tgstat.com/channel/@dobre_piwo,https://t.me/dobre_piwo
Ivank–∞.family,https://uk.tgstat.com/channel/@ivankarecepty,https://t.me/ivankarecepty
–ú º–Ø–°–û,https://uk.tgstat.com/channel/vR5m78OqEvtjMjg6,https://t.me/joinchat/vR5m78OqEvtjMjg6
–©–æ –Ω–∞ –≤–µ—á–µ—Ä—é?,https://uk.tgstat.com/channel/@boopUno,https://t.me/boopUno
–¢–∞–∫ —Å–º–∞—á–Ω–æ | –í—ñ–¥–µ–æ—Ä–µ—Ü–µ–ø—Ç–∏,https://uk.tgstat.com/channel/erAh7wyU41Q5ZGIy,https://t.me/joinchat/erAh7wyU41Q5ZGIy
‡ºÑ–ì–û–¢–£–Ñ–ú–û –†–ê–ó–û–ú‡ºÑ,https://uk.tgstat.com/channel/@gotyemo_razom,https://t.me/gotyemo_razom
–ú–∞—Å—Ç–µ—Ä –°—É—à–∏ –ú–∞—Ä–∏—É–ø–æ–ª—å,https://uk.tgstat.com/channel/@master_sushi_mrpl22,https://t.me/master_sushi_mrpl22
üçß–ö—É–ª—ñ–Ω–∞—Ä—ñ—è üç∞–ê–ø–µ—Ç–∏—Ç–Ω—ñ —Ä–µ—Ü–µ–ø—Ç–∏ üë®üèº‚Äçüç≥,https://uk.tgstat.com/channel/@retsepty_uamy,https://t.me/retsepty_uamy
–î–∏—Ç—è—á—ñ –†–µ—Ü–µ–ø—Ç–∏,https://uk.tgstat.com/channel/nzmPGIXsdXI0ZGYy,https://t.me/joinchat/nzmPGIXsdXI0ZGYy
–°–º–∞–∫—É–π –∂–∏—Ç—Ç—è | –ö—É–ª—ñ–Ω–∞—Ä—ñ—èüåø,https://uk.tgstat.com/channel/Vwvc3WkxBQthMTcy,https://t.me/joinchat/Vwvc3WkxBQthMTcy
–°–∞–º —Å–æ–±—ñ —à–µ—Ñ-–∫—É—Ö–∞—Ä üçï,https://uk.tgstat.com/channel/@reseptyk,https://t.me/reseptyk
–ü—Ä–∏–≥–æ—Ç—É–π –º–µ–Ω–µ,https://uk.tgstat.com/channel/@prepare_me,https://t.me/prepare_me
Borysov,https://uk.tgstat.com/channel/@gastrofamily,https://t.me/gastrofamily
–î–æ–º–∞—à–Ω—ñ–π –ö—É–ª—ñ–Ω–∞—Ä,https://uk.tgstat.com/channel/uFhuNEWwEbkxYjMy,https://t.me/joinchat/uFhuNEWwEbkxYjMy
–ì–æ—Ç—É–π –∑ –û–ª–µ—é –ú–∞—Ä—Ç–∏–Ω–æ–≤—Å—å–∫–æ—é,https://uk.tgstat.com/channel/@olga_martynovska,https://t.me/olga_martynovska
La-TortaüßÅ–í—Å–µ –¥–ª—è –∫–æ–Ω–¥–∏—Ç–µ—Ä—ñ–≤,https://uk.tgstat.com/channel/@LaTortapastry,https://t.me/LaTortapastry
–©–æ –ø—Ä–∏–≥–æ—Ç—É–≤–∞—Ç–∏?üë©‚Äçüç≥,https://uk.tgstat.com/channel/@gotyuonline,https://t.me/gotyuonline
WEBSPOON –®–∫–≤–∞—Ä–∏—Ç—å | –í—ñ–¥–µ–æ —Ä–µ—Ü–µ–ø—Ç–∏,https://uk.tgstat.com/channel/@webspoonua,https://t.me/webspoonua
–ì–æ—Ç—É—î–º–æ –∑ –õ—é–±–æ–≤‚Äò—éüíõüçΩ,https://uk.tgstat.com/channel/GM8arz8Z4yIzMTUy,https://t.me/joinchat/GM8arz8Z4yIzMTUy
–üüçÖ–º—ñ–¥–æ—Ä–∫–∞,https://uk.tgstat.com/channel/@uapomidorka,https://t.me/uapomidorka
–ì—Ä–∏–ª—å–∫–æ–≤,https://uk.tgstat.com/channel/@grilkoff,https://t.me/grilkoff
–°–º–∞—á–Ω–∞ –∫—É—Ö–Ω—è | UAüá∫üá¶,https://uk.tgstat.com/channel/@smachnakuhna,https://t.me/smachnakuhna
–°–º–∞—á–Ω—ñ —ñ–¥–µ—ó,https://uk.tgstat.com/channel/wmTsWsEotWdmYzI6,https://t.me/joinchat/wmTsWsEotWdmYzI6
1001 —Å–º–∞–∫–æ–ª–∏–∫ (—Ä–µ—Ü–µ–ø—Ç–∏),https://uk.tgstat.com/channel/@smakolyk1001,https://t.me/smakolyk1001
–ß–£–®,https://uk.tgstat.com/channel/@StepaChush,https://t.me/StepaChush
VARUS,https://uk.tgstat.com/channel/@varus_ua,https://t.me/varus_ua
SHUBA FOOD ‚Ä¢ –®–£–ë–ê –§–£–î,https://uk.tgstat.com/channel/@shubafood,https://t.me/shubafood
–ë–∞—Ä—á–∏–∫ üçª –ö—Ä–µ–º–µ–Ω—á—É–∫,https://uk.tgstat.com/channel/@barchik_krmn,https://t.me/barchik_krmn
–ü—Ä–æ—Å—Ç–æ –ø—Ä–æ –≤–∏–Ω–æ - UWINES,https://uk.tgstat.com/channel/@uwines,https://t.me/uwines
–ü–æ–ª—ñ—â—É–∫ —Ä–µ–∫–æ–º–µ–Ω–¥—É—î,https://uk.tgstat.com/channel/@PolishchukRecoomends,https://t.me/PolishchukRecoomends
AgroGloryTime,https://uk.tgstat.com/channel/@AgroGloryTime,https://t.me/AgroGloryTime
Tomato.ua ‚Äî —Ä–µ—Å—Ç–æ—Ä–∞–Ω–∏üá∫üá¶–£–∫—Ä–∞—ó–Ω–∏,https://uk.tgstat.com/channel/@tomato_ua,https://t.me/tomato_ua
—ñ —Ü–µ –ø—Ä–µ–∫—Ä–∞—Å–Ω–æ,https://uk.tgstat.com/channel/@prekrasnorecipes,https://t.me/prekrasnorecipes
–î–µ–Ωi—Å –ú–µ–ª—å–Ωi–∫ üá∫üá¶,https://uk.tgstat.com/channel/_Bgs-f3EAbw0NjIy,https://t.me/joinchat/_Bgs-f3EAbw0NjIy
–ê—Ä–º—ñ–π—Å—å–∫–∞ –∫—É—Ö–Ω—èüçñü™ñ,https://uk.tgstat.com/channel/@bod3i7aa,https://t.me/bod3i7aa
–ß–ê–° –ù–ê –ö–ê–í–£,https://uk.tgstat.com/channel/@vse_pro_kavu,https://t.me/vse_pro_kavu
OSHI SUSHI,https://uk.tgstat.com/channel/@oshisushi,https://t.me/oshisushi
–ì–û–¢–£–Ñ–ú–û –í–î–û–ú–ê üë©‚Äçüç≥,https://uk.tgstat.com/channel/UM3P8V-4uO83MmRi,https://t.me/joinchat/UM3P8V-4uO83MmRi
üá∫üá¶ –áZHAKULTURA.–ø—É–ª—å—Å,https://uk.tgstat.com/channel/@yizhakultura,https://t.me/yizhakultura
üçì–ì–æ—Ç–æ–≤–∏–º —Å —É–¥–æ–≤–æ–ª—å—Å—Ç–≤–∏–µ–ºüçì,https://uk.tgstat.com/channel/@gotovim_shedevri,https://t.me/gotovim_shedevri
Posad,https://uk.tgstat.com/channel/@posad_kh,https://t.me/posad_kh
SUSHI MASTER UA,https://uk.tgstat.com/channel/@sushimasterua,https://t.me/sushimasterua
–Ø–∫ –≥–æ—Ç—É–≤–∞—Ç–∏ - –ß–æ–º—É —è —Ü—å–æ–≥–æ –Ω–µ –∑–Ω–∞–ª–∞?,https://uk.tgstat.com/channel/@prepare_ua,https://t.me/prepare_ua
–†–ï–¶–ï–ü–¢–´ –í–°–ï–ì–û –ú–ò–†–ê‚ù§Ô∏è,https://uk.tgstat.com/channel/r5TMpu0ZBc8wZmIy,https://t.me/joinchat/r5TMpu0ZBc8wZmIy
–ë–µ—Ç–æ–Ω–Ω–∞ –≥–∞–ª—É—à–∫–∞,https://uk.tgstat.com/channel/@concrete_dumpling,https://t.me/concrete_dumpling
–ü–ü —Ä–µ—Ü–µ–ø—Ç—ã üá∫üá¶,https://uk.tgstat.com/channel/@rezepty_pp,https://t.me/rezepty_pp
¬´–ë—É–¥–∏–Ω–æ–∫ –ö—ñ–Ω–æ¬ª + –ö–∞—Ñ–µ/–ë–ê–†/–†–µ—Å—Ç–æ—Ä–∞–Ω,https://uk.tgstat.com/channel/@domkinokyiv,https://t.me/domkinokyiv
–ü–ö | –ü—Ä–æ –ö–∞–≤—É‚òïÔ∏è,https://uk.tgstat.com/channel/oxo1QG_9bC00ODky,https://t.me/joinchat/oxo1QG_9bC00ODky
–ö–£–•–ù–Ø–ß–ï,https://uk.tgstat.com/channel/@SecretKitchen,https://t.me/SecretKitchen
–°–º–∞—á–Ω–µ –∂–∏—Ç—Ç—è üçΩ,https://uk.tgstat.com/channel/yMoDl1ykLlAxYjBi,https://t.me/joinchat/yMoDl1ykLlAxYjBi
–ù–∞—Ä–æ–¥–Ω—ñ –ó–Ω–∏–∂–∫–∏ - –ü—Ä–æ–¥—É–∫—Ç–∏,https://uk.tgstat.com/channel/@narodni_znuzhku,https://t.me/narodni_znuzhku
–ó–±—ñ—Ä–Ω–∏–∫ —Ä–µ—Ü–µ–ø—Ç—ñ–≤,https://uk.tgstat.com/channel/@zbirnik_receptiv,https://t.me/zbirnik_receptiv
"–¢–æ—Ä—Ç—ã ""–ö—Ä–æ—à–∫–∞ –ï–Ω–æ—Ç""",https://uk.tgstat.com/channel/@KroshkaEnotDonetsk,https://t.me/KroshkaEnotDonetsk
–°–º–∞—á–Ω—ñ –°–µ–∫—Ä–µ—Ç–∏!,https://uk.tgstat.com/channel/0p1p1mV4IxQyN2Zi,https://t.me/joinchat/0p1p1mV4IxQyN2Zi
–£–∫—Ä–∞—ó–Ω—Å—å–∫—ñ —Ç–∞ –∑–∞–º–æ—Ä—Å—å–∫—ñ –º'—è—Å–Ω—ñ —Å–º–∞–∫–æ–ª–∏–∫–∏üíôüíõ,https://uk.tgstat.com/channel/@UkraineKolbasi,https://t.me/UkraineKolbasi
Gurmander Kyiv,https://uk.tgstat.com/channel/@Gurmander,https://t.me/Gurmander
–°–ú–ê–ö–û–õ–ò–ö–òüíôüíõ–°–º–∞—á–Ω—ñ —Å—Ç—Ä–∞–≤–∏,https://uk.tgstat.com/channel/@smakolukyy,https://t.me/smakolukyy
–ê–ø–µ—Ç–∏—Ç–Ω—ñ —Ä–µ—Ü–µ–ø—Ç–∏ üë®üèº‚Äçüç≥,https://uk.tgstat.com/channel/pNWXSWeBcu45Yzky,https://t.me/joinchat/pNWXSWeBcu45Yzky
–ö—É–ª—ñ–Ω–∞—Ä–Ω–∏–π —Å–≤—ñ—Ç,https://uk.tgstat.com/channel/@cooking_by_elena,https://t.me/cooking_by_elena
–ö–∞—Ñ–µ Fandom,https://uk.tgstat.com/channel/@fandomcoffeebar,https://t.me/fandomcoffeebar
–¢—É—Ç –°–º–∞—á–Ω–æ!,https://uk.tgstat.com/channel/Sb38m3b_SoJiMDNi,https://t.me/joinchat/Sb38m3b_SoJiMDNi
SID CITY,https://uk.tgstat.com/channel/@sid_city,https://t.me/sid_city
üá∫üá¶–í‚Äò—è–ª–µ–Ω–∞ —Ä–∏–±–∞,https://uk.tgstat.com/channel/@vyalenaryba,https://t.me/vyalenaryba
ùòΩùôñùôßùô©ùôöùô£ùôôùôöùôß ùôêùô†ùôßùôñùôûùô£ùôö,https://uk.tgstat.com/channel/@Bartender_Ukraine,https://t.me/Bartender_Ukraine
–ü—Ä–æ—Å—Ç—ñ —Ä–µ—Ü–µ–ø—Ç–∏,https://uk.tgstat.com/channel/@prostireceptycom,https://t.me/prostireceptycom
–ö—Ä–∏–º—Å—å–∫–∏–π –ú—ñ—Å—Ç,https://uk.tgstat.com/channel/@krymskimist,https://t.me/krymskimist
SMILEFOOD,https://uk.tgstat.com/channel/@smilefood,https://t.me/smilefood
GastrüçΩ–ª–∏,https://uk.tgstat.com/channel/@gastrolly,https://t.me/gastrolly
–ù–æ–≤–∏–Ω–∏ –ë–µ—Å—Å–∞—Ä–∞–±–∫–∏,https://uk.tgstat.com/channel/@besarabkanews,https://t.me/besarabkanews
mari_de_vino,https://uk.tgstat.com/channel/@mari_de_vino,https://t.me/mari_de_vino
–†–µ—Ü–µ–ø—Ç–∏ | –ö—É–ª—ñ–Ω–∞—Ä—ñ—è,https://uk.tgstat.com/channel/@recipesbyvika,https://t.me/recipesbyvika
–°–ü√â–õ–¨–¢–ê,https://uk.tgstat.com/channel/@spelta_store,https://t.me/spelta_store
ü•ò–°–¢–†–ê–í–ê UA: –∫—É–ª—ñ–Ω–∞—Ä–Ω—ñ —Ä–µ—Ü–µ–ø—Ç–∏,https://uk.tgstat.com/channel/@UAstrava,https://t.me/UAstrava
TASTYHUB,https://uk.tgstat.com/channel/@tasty_hub,https://t.me/tasty_hub
–ë–∞–±—É—Å–∏–Ω—ñ —Ä–µ—Ü–µ–ø—Ç–∏üëµüèº,https://uk.tgstat.com/channel/@babusyni_retsepty,https://t.me/babusyni_retsepty
–á–∂–∞ –Ω–∞ –≤–∂–µ,https://uk.tgstat.com/channel/@food_already,https://t.me/food_already
–°–æ–ª–æ–¥–∫–∞ –±—É–ª–æ—á–∫–∞ | –ö—É–ª—ñ–Ω–∞—Ä—ñ—è | –†–µ—Ü–µ–ø—Ç–∏,https://uk.tgstat.com/channel/aLcx8wd7K6hhZmFi,https://t.me/joinchat/aLcx8wd7K6hhZmFi
Lazy Crazy ‚Ñ¢ by –õ–µ–Ω–∏–≤—ã–µ —Å—É—à–∏ ‚Ñ¢,https://uk.tgstat.com/channel/@lazycrazyodessa,https://t.me/lazycrazyodessa
BULKA,https://uk.tgstat.com/channel/@Bulka_Market,https://t.me/Bulka_Market
–î–∏—Ç—è—á–µ –º–µ–Ω—é,https://uk.tgstat.com/channel/@childrensmenu,https://t.me/childrensmenu
HEALTHY KITCHEN RULES,https://uk.tgstat.com/channel/@OrganicIs_YBT,https://t.me/OrganicIs_YBT
–î–æ–º–∞—à–Ω—ñ —Å—Ç—Ä–∞–≤–∏,https://uk.tgstat.com/channel/@receptotsv,https://t.me/receptotsv
–§–∞–π–Ω–∞ –ì–æ—Å–ø–æ–¥–∏–Ω—å–∫–∞üçí,https://uk.tgstat.com/channel/@faynahospodinka,https://t.me/faynahospodinka
–ö–æ—Ä–æ–ª–µ–≤–∞ –ö—É—Ö–Ω—ñ üëë (–ö—É–ª—ñ–Ω–∞—Ä—ñ—è —Ç–∞ —Ä–µ—Ü–µ–ø—Ç–∏),https://uk.tgstat.com/channel/@korolevakuchni,https://t.me/korolevakuchni
–ö–æ—Å–º—ñ—á–Ω–∏–π –ë–æ—Ä—â,https://uk.tgstat.com/channel/@Kosmicheskiy_Borshch,https://t.me/Kosmicheskiy_Borshch
–ö—É–ª—ñ–Ω–∞—Ä–Ω–∏–π –®–µ—Ñüë®‚Äçüç≥,https://uk.tgstat.com/channel/r_ssGf9SAHQzMGVi,https://t.me/joinchat/r_ssGf9SAHQzMGVi
–ë—é–¥–∂–µ—Ç–Ω–∏–π –°–æ–º–µ–ª—å—î,https://uk.tgstat.com/channel/@winolub,https://t.me/winolub
–§–†–ê–ô–î–ï–ô.–†–§ | –î–æ–Ω–µ—Ü–∫–∞,https://uk.tgstat.com/channel/@frayday_dn,https://t.me/frayday_dn
–á–∂–∞ –ê—Ä—Ç–µ–º–∞ –§–æ—Ç–æ—Ä–∞,https://uk.tgstat.com/channel/@eatkharkov,https://t.me/eatkharkov
Dizyngoff,https://uk.tgstat.com/channel/@dizyngoffathome,https://t.me/dizyngoffathome
evrasia.in.ua,https://uk.tgstat.com/channel/@EvrasiaUkraine,https://t.me/EvrasiaUkraine
“ê–ê–ó–î–ò–ù–Ø ü•ß,https://uk.tgstat.com/channel/WSWOhvhPh11iZmEy,https://t.me/joinchat/WSWOhvhPh11iZmEy
–ü–∏—â–∞ –ñ–∏–∑–Ω–∏ –î–æ–Ω–µ—Ü–∫,https://uk.tgstat.com/channel/@foodforlifedonetsk,https://t.me/foodforlifedonetsk
–°–æ–ª–æ–¥–∫–∞ –∫—É—Ö–Ω—è,https://uk.tgstat.com/channel/79i2isJz3o85NWNi,https://t.me/joinchat/79i2isJz3o85NWNi
–°–º–∞—á–Ω—ñ —Ä–µ—Ü–µ–ø—Ç–∏ üë©üèª‚Äçüç≥,https://uk.tgstat.com/channel/@Smachni_retsepty,https://t.me/Smachni_retsepty
–õ—å–≤—ñ–≤—Å—å–∫–∞ –í–µ–≥–∞–Ω—Å—å–∫–∞ –ö—É—Ö–Ω—è / Lviv Vegan Kitchen,https://uk.tgstat.com/channel/@lvivvegankitchen,https://t.me/lvivvegankitchen
–°–º–∞—á–Ω–∞ —Ç—Ä–∞–ø–µ–∑–∞,https://uk.tgstat.com/channel/Cwv1xE4TBmlkZDUy,https://t.me/joinchat/Cwv1xE4TBmlkZDUy
Sladostory | –¢–æ—Ä—Ç—ã –Ω–∞ –∑–∞–∫–∞–∑ –ú–∞—Ä–∏—É–ø–æ–ª—åüßÅ,https://uk.tgstat.com/channel/@sladostory_mrpl,https://t.me/sladostory_mrpl
PostEat.ua,https://uk.tgstat.com/channel/@posteat,https://t.me/posteat
üü°üîµ–í—Å–µ—Å–≤—ñ—Ç —Ä–µ—Ü–µ–ø—Ç—ñ–≤,https://uk.tgstat.com/channel/@recipes777,https://t.me/recipes777
–¢–≤–æ—è –ì—Ä—ñ–Ω–∫–∞‚ù§Ô∏è,https://uk.tgstat.com/channel/@tvoya_grinka,https://t.me/tvoya_grinka
–ê–≥—Ä–æ—Å–≤—ñ—Ç üëç,https://uk.tgstat.com/channel/@agrosvitDP,https://t.me/agrosvitDP
–ö—É–ª—ñ–Ω–∞—Ä–Ω—ñ —Ä–µ—Ü–µ–ø—Ç–∏üá∫üá¶,https://uk.tgstat.com/channel/@kulinarnirecepry,https://t.me/kulinarnirecepry
Yes we trade!,https://uk.tgstat.com/channel/@crypto_theme100,https://t.me/crypto_theme100
–§—ñ—Ç–Ω–µ—Å —Å–æ–ª–æ–¥–æ—â—ñ,https://uk.tgstat.com/channel/@FitnessSweets,https://t.me/FitnessSweets
–á–∂–∞ –ñ–∏—Ç—Ç—è –ö–∏—ó–≤ üá∫üá¶,https://uk.tgstat.com/channel/@food_for_life_Kyiv,https://t.me/food_for_life_Kyiv
vood.puer_tea_ | –ö–∏—Ç–∞–π—Å–∫–∏–π —á–∞–π,https://uk.tgstat.com/channel/@voodtea,https://t.me/voodtea
–í–∏–ø—ñ—á–∫–∞,https://uk.tgstat.com/channel/@vypichka2,https://t.me/vypichka2
Banana Cake / –ë–æ—Ä–æ—à–Ω–æ —Ç–∞ –†–∏—Å,https://uk.tgstat.com/channel/@BANANA_UA,https://t.me/BANANA_UA
üçü–Æ–§—É–¥ - –ú–µ—Ä–µ–∂–∞ –§–∞—Å—Ç–§—É–¥—É,https://uk.tgstat.com/channel/@yu_food,https://t.me/yu_food
üå±–ë–∞–∑–∏–ª—ñ–∫–æ–≤–∏–π –°–æ—Ä–±–µ—Çüå±,https://uk.tgstat.com/channel/@basilsorbet,https://t.me/basilsorbet
Blindage lounge,https://uk.tgstat.com/channel/@BlindageLounge,https://t.me/BlindageLounge
–§—ñ—Ç–æ–Ω—É—Ç—Ä–∏—Ü—ñ–æ–ª–æ–≥ –û–ª—å–≥–∞ –°—Ç—Ä–∞—à–∫–æ,https://uk.tgstat.com/channel/@szh_kh,https://t.me/szh_kh
–†–µ—Ü–µ–ø—Ç–∏.–°–º–∞—á–Ω–æüçïüçóüç∞üçß,https://uk.tgstat.com/channel/@recepty_smachno,https://t.me/recepty_smachno
–ü–µ—Ä–µ–∫—É—Å –•–º–µ–ª—å–Ω–∏—Ü—å–∫–∏–π,https://uk.tgstat.com/channel/@perekus_khm,https://t.me/perekus_khm
–ù–µ–π–º–æ–≤—ñ—Ä–Ω–∞ –á–∂–∞ü•ë –ö—É–ª—ñ–Ω–∞—Ä–Ω—ñ —Ä–µ—Ü–µ–ø—Ç–∏,https://uk.tgstat.com/channel/@waufood,https://t.me/waufood
Pizzburg –ú–µ—Ä–µ–∂–∞ –ø—ñ—Ü–µ—Ä—ñ–π,https://uk.tgstat.com/channel/@pizzburg_delivery,https://t.me/pizzburg_delivery
–®–∫–æ–ª–∞ –ö–∞–≤—ñ—Å—Ç—ñ–≤ Rozetka,https://uk.tgstat.com/channel/VSpFCI92hHpD7ewY,https://t.me/joinchat/VSpFCI92hHpD7ewY
–á–ñ–ê –ñ–ò–¢–¢–Ø –•–∞—Ä–∫—ñ–≤ üôè,https://uk.tgstat.com/channel/@foodForLifeKh,https://t.me/foodForLifeKh
ùëªùíâùíÜ ùëÆùíçùíÇùíîùíî ùëªùíÇùíçùíÜùíî ùíêùíá ùëªùíäùíçùíçùíäùíìùíäùíèùíÜùíç'.,https://uk.tgstat.com/channel/@The_Glass_Tales_of_Tillirinel,https://t.me/The_Glass_Tales_of_Tillirinel
–†–µ—Ü–µ–ø—Ç–∏ –ø–æ –∫–∏—à–µ–Ω—ñ,https://uk.tgstat.com/channel/@ukrkuk,https://t.me/ukrkuk
–ú–æ–ª–æ—á–Ω–∏–π –®–ª—è—Ö,https://uk.tgstat.com/channel/@milkchis,https://t.me/milkchis
–°–º–∞—á–Ω–∞ –¶–ê–¶–ê,https://uk.tgstat.com/channel/Rizi9TisDgIxMjNi,https://t.me/joinchat/Rizi9TisDgIxMjNi
CMG,https://uk.tgstat.com/channel/@coffeemaxgreen,https://t.me/coffeemaxgreen
–†–ï–¶–ï–ü–¢–ò,https://uk.tgstat.com/channel/@recept_u,https://t.me/recept_u
"LOW CARB ZONE - —Ä–µ—Ü–µ–ø—Ç—ã –±–µ–∑ —Å–∞—Ö–∞—Ä–∞, –±–µ–∑ –≥–ª—é—Ç–µ–Ω–∞, –Ω–∏–∑–∫–æ—É–≥–ª–µ–≤–æ–¥–Ω–∞—è –¥–∏–µ—Ç–∞",https://uk.tgstat.com/channel/@low_carb_zone,https://t.me/low_carb_zone
PANNA. Mixed with love‚ù£Ô∏è –†–µ—Ü–µ–ø—Ç–∏ –∑ –ª—é–±–æ–≤'—é,https://uk.tgstat.com/channel/@PANNA_cuisine,https://t.me/PANNA_cuisine
–í–∫—É—Å–Ω–µ–ª–∏–∫,https://uk.tgstat.com/channel/3vBZs14RQRFjOWM0,https://t.me/joinchat/3vBZs14RQRFjOWM0
"–ì–û–¢–£–Ñ–ú–û –°–ú–ê–ß–ù–û, –†–ï–¶–ï–ü–¢–òüòã",https://uk.tgstat.com/channel/@gotovimvkysnosvitik,https://t.me/gotovimvkysnosvitik
"Horeca –æ–±–ª–∞–¥–Ω–∞–Ω–Ω—è, –û–¥–µ—Å–∞ —Ç–∞ –£–∫—Ä–∞—ó–Ω–∞",https://uk.tgstat.com/channel/@horeca_odessa,https://t.me/horeca_odessa
–ì–∞—Å—Ç—Ä–æ–Ω–æ–º—ñ—è –ø–æ—Ä–æ–∂–Ω—ñ—Ö —Ñ—Ä–∞–∑,https://uk.tgstat.com/channel/@gastroliterature,https://t.me/gastroliterature
–ö—Ä–∏–ø—Ç–æ–≤–∞–ª—é—Ç–∞ | –¢—Ä–µ–π–¥–∏–Ω–≥,https://uk.tgstat.com/channel/PylAeNRQqAwxMzli,https://t.me/joinchat/PylAeNRQqAwxMzli
–ì—É—Ä–º–∞–Ω UA,https://uk.tgstat.com/channel/96zkgcmSI485ZGEy,https://t.me/joinchat/96zkgcmSI485ZGEy
–°—ñ–º–µ–π–Ω—ñ —Ä–µ—Ü–µ–ø—Ç–∏ üìù,https://uk.tgstat.com/channel/@receptu7i,https://t.me/receptu7i
–ê–ª–∫–æ–≥–æ–ª—å–Ω–∏–π –∫—É—Ç–æ—á–æ–∫,https://uk.tgstat.com/channel/@alkoholnyy_kutochok,https://t.me/alkoholnyy_kutochok
–Ø—Ä–æ–∫‚ùóÔ∏è,https://uk.tgstat.com/channel/@yarok001,https://t.me/yarok001
–°–ú–ê–ß–ù–û –¢–£–¢ ü§´,https://uk.tgstat.com/channel/dvgaZfkmuJQxNWJi,https://t.me/joinchat/dvgaZfkmuJQxNWJi
–°–ú–ê–ß–ù–û –ñ–ò–¢–ò‚ù§Ô∏è,https://uk.tgstat.com/channel/@vkusno_live1,https://t.me/vkusno_live1
–í–ø—Ä–∞–≤–Ω–∞ –≥–æ—Å–ø–æ–¥–∏–Ω—è,https://uk.tgstat.com/channel/@vpravnagospodunya,https://t.me/vpravnagospodunya
BANOCHKAüîã,https://uk.tgstat.com/channel/@banochka_space,https://t.me/banochka_space
bookshelf4cook,https://uk.tgstat.com/channel/@bookshelf4cook,https://t.me/bookshelf4cook
¬´–á–∂–û–ø—Ç ‚Äì –ë–£–¢–Ü–ö¬ª –û–ü–¢ —Ç–∞ –†–æ–∑–¥—Ä—ñ–± (–ø—Ä–æ–¥—É–∫—Ç–∏) –ø—Ä–æ–¥—É–∫—Ç—ã –ø–∏—Ç–∞–Ω–∏—è –£–∫—Ä–∞–∏–Ω–∞üá∫üá¶,https://uk.tgstat.com/channel/@eatOpt,https://t.me/eatOpt
–¢—Ä–∏–∫–æ–ª–∞–¥ - Tricolad,https://uk.tgstat.com/channel/@tricolad_ua,https://t.me/tricolad_ua
üîÜ–°–∫—Ä–∏–Ω—å–∫–∞ –ø—Ä–æ—Å—Ç–∏—Ö —ñ –∫–æ—Ä–∏—Å–Ω–∏—Ö —Ä–µ—Ü–µ–ø—Ç—ñ–≤ üîÜ,https://uk.tgstat.com/channel/@RecipesJustForYou,https://t.me/RecipesJustForYou
COFFEE CAPITAL,https://uk.tgstat.com/channel/@coffee_capital,https://t.me/coffee_capital
OZZY fast food,https://uk.tgstat.com/channel/@ozzy_fast_food,https://t.me/ozzy_fast_food
–•–∞—Ä–∫—ñ–≤ —Å—É–ø–µ—Ä–º–∞—Ä–∫–µ—Ç (¬´–í–æ—Å—Ç–æ—Ä–≥¬ª),https://uk.tgstat.com/channel/@Kharkiv_Supermarket,https://t.me/Kharkiv_Supermarket
FirstCulinaryUkraine,https://uk.tgstat.com/channel/@fculinary,https://t.me/fculinary
–ë–∞–∫–ª–∞–∂–∞–Ω—á–∏–∫,https://uk.tgstat.com/channel/@baklazhanchyk,https://t.me/baklazhanchyk
¬´–°–¢–ê–†–ê–Ø –ö–†–ï–ü–û–°–¢–¨¬ª / ¬´–ù–ê–õ–ò-–í–ê–õ–ò¬ª / ¬´–ë–£–•–ê–†–ï–°–¢¬ª,https://uk.tgstat.com/channel/@starayakrepostdn,https://t.me/starayakrepostdn
Cibo | –ó–∞–∫–ª–∞–¥–∏ –õ—å–≤–æ–≤–∞,https://uk.tgstat.com/channel/@cibo_club,https://t.me/cibo_club
–ö—É–ª–∏–Ω–∞—Ä–Ω—ã–π –ú–ò–ö–°üç≥üå≠,https://uk.tgstat.com/channel/@kulinarniy_mix5,https://t.me/kulinarniy_mix5
–¢—É—Ç –¥—É–∂–µ —Å–º–∞—á–Ω–æ!,https://uk.tgstat.com/channel/3yKe_DHiXhY3OWVi,https://t.me/joinchat/3yKe_DHiXhY3OWVi
–ú–∞—Å—Ç–µ—Ä—Å–∫–∞—è –ß–µ–±—É—Ä–µ–∫–æ–≤,https://uk.tgstat.com/channel/@masterskaiacheburekov,https://t.me/masterskaiacheburekov
–ö—É–ª–∏–Ω–∞—Ä–Ω—ã–µ –∑–∞–º–µ—Ç–∫–∏,https://uk.tgstat.com/channel/@moidnevnik_o,https://t.me/moidnevnik_o
–ö—É—Ö–æ–≤–∞—Ä–æ—á–∫–∞,https://uk.tgstat.com/channel/RpHx0Aw1AHphMTRi,https://t.me/joinchat/RpHx0Aw1AHphMTRi
–ü—Ä–æ—Å—Ç—ã–µ —Ä–µ—Ü–µ–ø—Ç—ã,https://uk.tgstat.com/channel/@Recebtu454,https://t.me/Recebtu454
ü•£–î–æ–º–∞—à–Ω—ñ —Å–º–∞–∫–æ–ª–∏–∫–∏üçóü•òü•û,https://uk.tgstat.com/channel/3rGOYv1txEczZDBi,https://t.me/joinchat/3rGOYv1txEczZDBi
üç≥–†–µ—Ü–µ–ø–¢–æ—Äüç≥,https://uk.tgstat.com/channel/@recepTor_ua,https://t.me/recepTor_ua
–ö—É—Ö–æ–Ω–Ω—ã–µ –õ–∞–π—Ñ—Ö–∞–∫–∏ | –í–∫—É—Å–Ω–æ-–ü—Ä–æ—Å—Ç–æ,https://uk.tgstat.com/channel/@vkusnoprostoo,https://t.me/vkusnoprostoo
üåÆ–ü—Ä–æ—Å—Ç—ã–µ —Ä–µ—Ü–µ–ø—Ç—ã ü•ô,https://uk.tgstat.com/channel/@prigotovte,https://t.me/prigotovte
–ë—É–¥—å–º–æ –ó–¥–æ—Ä–æ–≤—ñ!,https://uk.tgstat.com/channel/@letsbehelthy,https://t.me/letsbehelthy
–•–ª—ñ–± –£–∫—Ä–∞—ó–Ω—Ü—è–º,https://uk.tgstat.com/channel/@hlibua,https://t.me/hlibua
üÖ∞Ô∏è–ù–∞—à–∏ —Ä—É–∫–∏ –Ω–µ –¥–ª—è —Å–∫—É–∫–∏üòâ,https://uk.tgstat.com/channel/pUMJ9tcjTycwNjM6,https://t.me/joinchat/pUMJ9tcjTycwNjM6
–î–∏—Ç—è—á—ñ —Ä–µ—Ü–µ–ø—Ç–∏ üë¶üèºü•ó,https://uk.tgstat.com/channel/@childrens_food,https://t.me/childrens_food
–ö—É–ª–∏–Ω–∞—Ä–∏—è –¥–ª—è –î–æ–º–∞,https://uk.tgstat.com/channel/@pitanieUA,https://t.me/pitanieUA
–ê—Ä—Ç-–∫–∞—Ñ–µ Dreamhub,https://uk.tgstat.com/channel/@dreamhub_dp_official,https://t.me/dreamhub_dp_official
–ú–∏—Å—Ç–µ—Ä Bread,https://uk.tgstat.com/channel/@mrbread1,https://t.me/mrbread1
Bierland,https://uk.tgstat.com/channel/@bierland,https://t.me/bierland
–Æ–ª—ñ—è –ö–æ–≤–∞–ª—å—á—É–∫ | –ö–∞–Ω–∞–ª –í–û! –ü—Ä–æ—Å—Ç—ñ –†–µ—Ü–µ–ø—Ç–∏,https://uk.tgstat.com/channel/@channelvo,https://t.me/channelvo
–û—Ç–±–æ—Ä–Ω–æ–µ –º–µ–Ω—é,https://uk.tgstat.com/channel/@otbornoemenu,https://t.me/otbornoemenu
–ú–∞–º–∞ UAüá∫üá¶,https://uk.tgstat.com/channel/@mamka_ua,https://t.me/mamka_ua
–°–ï–ö–†–ï–¢–ò –®–ï–§–ê,https://uk.tgstat.com/channel/0v6CDd9rywhlMTUy,https://t.me/joinchat/0v6CDd9rywhlMTUy
–°–æ–≤–µ—Ç—ã –¥–ª—è –∫—É—Ö–Ω–∏,https://uk.tgstat.com/channel/@Restorando,https://t.me/Restorando
ü•£–¶–µ –ø—Ä–æ—Å—Ç–æ | –ö—É–ª—ñ–Ω–∞—Ä–Ω—ñ —Ä–µ—Ü–µ–ø—Ç–∏,https://uk.tgstat.com/channel/@cook_foodd_rezerv,https://t.me/cook_foodd_rezerv
–ö—É–ª—ñ–Ω–∞—Ä–Ω–∏–π —â–æ–¥–µ–Ω–Ω–∏–∫,https://uk.tgstat.com/channel/@lilu_cooking,https://t.me/lilu_cooking
–•–µ–ª—Å—ñü•¶,https://uk.tgstat.com/channel/RKioahstzXwyYmIy,https://t.me/joinchat/RKioahstzXwyYmIy
–ø—Ä–æ—à–º–∞–Ω–¥–æ–≤–∫–∏ —é—Ç—É–±–∞,https://uk.tgstat.com/channel/@youtubetut,https://t.me/youtubetut
–ö—É–ª—ñ–Ω–∞—Ä–Ω—ñ –†–µ—Ü–µ–ø—Ç–∏| KOOLINARINFOüë®‚Äçüç≥,https://uk.tgstat.com/channel/@koolinarinfo,https://t.me/koolinarinfo
–ö—É–ª—ñ–Ω–∞—Ä–Ω—ñ —Ä–µ—Ü–µ–ø—Ç–∏,https://uk.tgstat.com/channel/@zhinochiprymhy,https://t.me/zhinochiprymhy
ü•£–¶–µ –ø—Ä–æ—Å—Ç–æ | –ö—É–ª—ñ–Ω–∞—Ä–Ω—ñ —Ä–µ—Ü–µ–ø—Ç–∏,https://uk.tgstat.com/channel/@cook_foodd,https://t.me/cook_foodd
üë®‚Äçüç≥–°–µ–∫—Ä–µ—Ç–∏ —à–µ—Ñ–∞üî™,https://uk.tgstat.com/channel/@sekreti_kylinarii,https://t.me/sekreti_kylinarii
Flliingtrainer.com,https://uk.tgstat.com/channel/@Flliingtrainer,https://t.me/Flliingtrainer
–ó–∞–≤–∞–ª—è–ª–æ—Å—å –≤ —Ö–æ–ª–æ–¥–æ—Å—ñ,https://uk.tgstat.com/channel/@zavalvxolodose,https://t.me/zavalvxolodose
–ì–æ—Ç–æ–≤–∏–º —Å–º–µ—è—Å—å!üòÅüç∞üá∫üá¶,https://uk.tgstat.com/channel/@recipes_and_humor,https://t.me/recipes_and_humor
‚Ñ¢Ô∏èTurcoffee| –ö–ª—É–± –∫–∞–≤–æ–º–∞–Ω—ñ–≤‚òïÔ∏è,https://uk.tgstat.com/channel/@turcoffee_of_ua,https://t.me/turcoffee_of_ua
–ü–æ–∑–±–∞–≤–ª–µ–Ω–Ω—è –∑–∞–π–≤–æ—ó –≤–∞–≥–∏üå±–¢–≤—ñ–π –Ω—É—Ç—Ä–∏—Ü—ñ–æ–ª–æ–≥,https://uk.tgstat.com/channel/@astakhova_olena,https://t.me/astakhova_olena
–ü–†–Ø–ù–∏–ö,https://uk.tgstat.com/channel/@pryanikukraine,https://t.me/pryanikukraine
–ö–£–õ–ò–¢üç¥–ö—É–ª–∏–Ω–∞—Ä–∏—è –ª–∏—Ç–µ—Ä–∞—Ç—É—Ä–∞,https://uk.tgstat.com/channel/@Ku_Lit,https://t.me/Ku_Lit
Shnapi Soupüçú,https://uk.tgstat.com/channel/@shnapi_soup,https://t.me/shnapi_soup
–ö–ª–∞—Å–Ω—ñ –†–µ—Ü–µ–ø—Ç–∏,https://uk.tgstat.com/channel/@top_ressept,https://t.me/top_ressept
BookMermaid & life üßúüèº‚Äç‚ôÄüìöüåø,https://uk.tgstat.com/channel/@bookmermaide,https://t.me/bookmermaide
HoReCa-Ukraine_News,https://uk.tgstat.com/channel/@horeca_ukraine_news,https://t.me/horeca_ukraine_news
Tire meal project ¬´–Ω–æ—Ç–∞—Ç–∫–∏ –∫—É—Ö–∞—Ä—è¬ª,https://uk.tgstat.com/channel/@TireMeal,https://t.me/TireMeal
–á–º,https://uk.tgstat.com/channel/@foodnerd,https://t.me/foodnerd
–°offepedia - –±–ª–æ–≥ –æ –∫–æ—Ñ–µ,https://uk.tgstat.com/channel/@coffeepedia_com,https://t.me/coffeepedia_com
–°–æ–º–µ–ª—å—î,https://uk.tgstat.com/channel/@someliecom,https://t.me/someliecom
ü•¨ –ó–µ–ª–µ–Ω–∞ –ú–æ—Ä–∫–≤–∞ü•ï,https://uk.tgstat.com/channel/TuXkj7Y7L1UzNzUy,https://t.me/joinchat/TuXkj7Y7L1UzNzUy
üáÆüáπDonVitoüáÆüáπ,https://uk.tgstat.com/channel/@donvitopizza,https://t.me/donvitopizza
–°–º–∞—á–Ω–∞ –á–∂–∞ | –†–µ—Ü–µ–ø—Ç–∏,https://uk.tgstat.com/channel/_PWAXH3-5EY1ZmUy,https://t.me/joinchat/_PWAXH3-5EY1ZmUy
–°–º–∞–∫–æ—Ç–∞ –ø–æ-—É–∫—Ä–∞—ó–Ω—Å—å–∫–∏ üá∫üá¶,https://uk.tgstat.com/channel/@prostodliavas,https://t.me/prostodliavas
–©–æ–¥–µ–Ω–Ω–∏–∫ –ö—É–ª—ñ–Ω–∞—Ä–Ω–æ–≥–æ –ï–Ω—Ç—É–∑—ñ–∞—Å—Ç–∞,https://uk.tgstat.com/channel/@foodies_diary,https://t.me/foodies_diary
Bene Gusto üßë‚Äçüç≥,https://uk.tgstat.com/channel/@BeneGustoChef,https://t.me/BeneGustoChef
David Food Blog,https://uk.tgstat.com/channel/@davidfoodblog,https://t.me/davidfoodblog
"–ö—É–ª—ñ–Ω–∞—Ä–Ω—ñ —ñ–¥–µ—ó, –≥–æ—Ç—É—î–º–æ —Å–º–∞—á–Ω–æ",https://uk.tgstat.com/channel/@HesOxy,https://t.me/HesOxy
–ü–ï–ö–ï–õ–¨–ù–ê –ö–£–•–ù–Ø | –ö—É–ª—ñ–Ω–∞—Ä—ñ—è,https://uk.tgstat.com/channel/@time_kitchen,https://t.me/time_kitchen
–ö—É—Ö–Ω—è-–ö—É–ª–∏–Ω–∞—Ä–Ω—ã–µ —Ä–µ—Ü–µ–ø—Ç—ã.,https://uk.tgstat.com/channel/@kyxnja,https://t.me/kyxnja
üå±VEGANüå±,https://uk.tgstat.com/channel/@healthyfoodeveryday,https://t.me/healthyfoodeveryday
–ú–∞–º–∞ –î–æ–º–∞,https://uk.tgstat.com/channel/@mamadomatop,https://t.me/mamadomatop
"–ú—è—Å–æ, —Å–∞–ª–æ, –∫—É—Ä–æ—á–∫–∞ - –≤–∫—É—Å–Ω—è—à–∫–∏",https://uk.tgstat.com/channel/@HotSmokedMeat,https://t.me/HotSmokedMeat
–î–æ—Å—Ç–∞–≤–∫–∞ –æ–±—ñ–¥—ñ–≤ –õ—å–≤—ñ–≤ - –ö–æ–ª–æ–±–æ–∫ –û–±—ñ–¥,https://uk.tgstat.com/channel/@kolobokobid,https://t.me/kolobokobid
–ö—É—à–∞—Ç—å –ü–æ–¥–∞–Ω–æ!,https://uk.tgstat.com/channel/@kushpo,https://t.me/kushpo
–õ–∞–ø—à–∏—á–Ω–∞—è –∂—Ä—ã—Å–∞,https://uk.tgstat.com/channel/@lapshestan,https://t.me/lapshestan
–î–æ—Å—Ç–∞–≤–∫–∞ —ó–∂—ñ –õ—å–≤—ñ–≤ | QFS,https://uk.tgstat.com/channel/@qfs_food,https://t.me/qfs_food
–ê–ª–∫–æ–≥–æ–ª—å: –∏—Å–∫—É—Å—Å—Ç–≤–æ –≤—ã–ø–∏–≤–∞—Ç—å,https://uk.tgstat.com/channel/@alco_art,https://t.me/alco_art
–†–µ—Ü–µ–ø—Ç–∏ |üíôüá∫üá¶üíõ,https://uk.tgstat.com/channel/@rezeptok,https://t.me/rezeptok
Gardenmark,https://uk.tgstat.com/channel/@gardenmark02,https://t.me/gardenmark02
–ö—É–ª—ñ–Ω–∞—Ä–Ω—ñ –†–µ—Ü–µ–ø—Ç–∏ - –ü–†–û –°–º–∞–∫–æ–ª–∏–∫–∏ üòã,https://uk.tgstat.com/channel/@Smachni_Retcepty,https://t.me/Smachni_Retcepty
–ó–Ω–∞—Ç–Ω—ã–π –±–∞—Ä–º–µ–Ω üçπ,https://uk.tgstat.com/channel/@znatnyy_barmen,https://t.me/znatnyy_barmen
–†–µ—Ü–µ–ø—Ç—ã –¥–ª—è –ª–µ–Ω–∏–≤—ã—Ö,https://uk.tgstat.com/channel/@receptEZ,https://t.me/receptEZ
–ß–∞—Å –ì–æ—Ç—É–≤–∞—Ç–∏ –°–º–∞—á–Ω–æ,https://uk.tgstat.com/channel/@chasgotyvatusmachno,https://t.me/chasgotyvatusmachno
–°–ú–ê–ß–ù–ò–ô –†–ï–¶–ï–ü–¢,https://uk.tgstat.com/channel/@smacnij_recept,https://t.me/smacnij_recept
–ú–æ–ª—å—Ñ–∞—Ä–∫–∏ –¶—É–∫–µ—Ä–∫–∏,https://uk.tgstat.com/channel/@molfarki_Kyiv,https://t.me/molfarki_Kyiv
