Ğ”Ğ½ĞµĞ²Ğ½Ğ¸Ğº Ğ¡Ğ¸Ğ¼Ğ¿Ğ»Ğ°,https://uk.tgstat.com/channel/@s1mplegod123,https://t.me/s1mplegod123
Ğ‘Ğ¸Ğ±Ğ»Ğ¸Ğ¾Ñ‚ĞµĞºĞ° Ğ›Ğ¸Ğ·Ñ‹ ğŸ“šĞ¡Ğ»Ğ¸Ğ²Ñ‹ Genshin Impact,https://uk.tgstat.com/channel/@slivu_genshin_impact,https://t.me/slivu_genshin_impact
Ğ¡ĞºĞ°Ñ‡Ğ°Ñ‚ÑŒ Ğ¼Ğ¾Ğ´ Ñ‚Ğ¾ĞºĞ° Ğ±Ğ¾ĞºĞ° 1.66,https://uk.tgstat.com/channel/@tocabocainfa,https://t.me/tocabocainfa
Ğ£Ñ‚ĞµÑ‡ĞºĞ¸ Ğ¾Ñ‚ ĞŸĞ°Ğ¹Ğ¼Ğ¾Ğ½!,https://uk.tgstat.com/channel/@paimon_leaks,https://t.me/paimon_leaks
BFG | Dev,https://uk.tgstat.com/channel/@bforgame_dev,https://t.me/bforgame_dev
alter,https://uk.tgstat.com/channel/@freealter,https://t.me/freealter
ĞšĞ¾Ğ¼Ğ¿Ğ°Ğ½ÑŒĞ¾Ğ½ ĞŸĞ°Ğ¹Ğ¼Ğ¾Ğ½!,https://uk.tgstat.com/channel/@paimon_impact,https://t.me/paimon_impact
"Ğ’Ğ·Ğ»Ğ¾Ğ¼ Ğ¢Ğ¾ĞºĞ° Ğ‘Ğ¾ĞºĞ° 1,66",https://uk.tgstat.com/channel/@friendstoca,https://t.me/friendstoca
ODIUM,https://uk.tgstat.com/channel/@ODIUM_Gaming,https://t.me/ODIUM_Gaming
ğ—§ğ—¿ğ—²ğ˜†ğ˜‡ğ—¶_ğ—¦ğ—¼ğŸ® ğŸ’¹,https://uk.tgstat.com/channel/@treyzitg2,https://t.me/treyzitg2
LWHikarik official channel,https://uk.tgstat.com/channel/@LWHikarik,https://t.me/LWHikarik
NAVI Inside,https://uk.tgstat.com/channel/@insidenavi,https://t.me/insidenavi
Honkai: Star Rail | ĞœĞ¸Ñ€Ñ,https://uk.tgstat.com/channel/@honkai_star_rail_leaks,https://t.me/honkai_star_rail_leaks
naBLOKE STOREğŸ‡ºğŸ‡¦,https://uk.tgstat.com/channel/@nablokestore,https://t.me/nablokestore
ceh9ğŸ˜œ,https://uk.tgstat.com/channel/@ceh99999,https://t.me/ceh99999
ğŸ‡ºğŸ‡¦ĞĞ° Ñ…Ğ°Ñ‚Ñ– Ñƒ Ğ’Ñ–Ğ»Ğ°Ñ‚Ğ°,https://uk.tgstat.com/channel/@v1lat,https://t.me/v1lat
UKRAINE GTA | Ğ“Ğ¢Ğ Ğ£ĞšĞ ĞĞ‡ĞĞ,https://uk.tgstat.com/channel/@ukraine_gta,https://t.me/ukraine_gta
Kokomimainee news,https://uk.tgstat.com/channel/@kokomimainee,https://t.me/kokomimainee
â€¢ Genshin Impact One | ĞŸĞ°Ğ¹Ğ¼Ğ¾Ğ½ â€¢,https://uk.tgstat.com/channel/@genshin_one,https://t.me/genshin_one
TheRudyGames,https://uk.tgstat.com/channel/@therudygroup,https://t.me/therudygroup
XGTV ğŸ‡ºğŸ‡¦,https://uk.tgstat.com/channel/@XGTV1,https://t.me/XGTV1
OLDboi âœ™ ğŸ‡ºğŸ‡¦,https://uk.tgstat.com/channel/@oldboi_ua,https://t.me/oldboi_ua
Leb1ga Twitch,https://uk.tgstat.com/channel/@leb1gaa,https://t.me/leb1gaa
Ğ’Ñ–ÑĞ½Ğ¸Ğº ĞŸĞ°Ğ¹Ğ¼Ğ¾Ğ½ | Genshin Impact ÑƒĞºÑ€Ğ°Ñ—Ğ½ÑÑŒĞºĞ¾Ñ,https://uk.tgstat.com/channel/@visnukpaimon,https://t.me/visnukpaimon
Little Game,https://uk.tgstat.com/channel/@Little_Game,https://t.me/Little_Game
Ğ‘Ñ–Ğ±Ğ»Ñ–Ğ¾Ñ‚ĞµĞºĞ° Ğ›Ñ–Ğ·Ğ¸ | Ğ’Ğ¸Ñ‚Ğ¾ĞºĞ¸ Genshin Impact,https://uk.tgstat.com/channel/@bibliotekalizu_ua,https://t.me/bibliotekalizu_ua
ZEUS CS:GO | ĞĞ°Ñ‡Ğ¸Ğ½Ğ°ĞµĞ¼ Ğ½Ğ¾Ğ²Ñ‹Ğ¹ Ğ¿ÑƒÑ‚ÑŒ,https://uk.tgstat.com/channel/@Zeusblog,https://t.me/Zeusblog
BEAST [WoT Blitz] ğŸŒ±,https://uk.tgstat.com/channel/@BEAST_WB,https://t.me/BEAST_WB
fear ğŸ¥€ ĞœÑ‹ÑĞ»Ğ¸ Ğ²ÑĞ»ÑƒÑ…ğŸ¤«,https://uk.tgstat.com/channel/@fearcsgo,https://t.me/fearcsgo
League of Legends Community,https://uk.tgstat.com/channel/@lol_community,https://t.me/lol_community
Ğ Ğ°ĞºĞºÑƒĞ½ Ğ¡Ğ¸Ñ‚Ğ¸,https://uk.tgstat.com/channel/@theloudplace,https://t.me/theloudplace
Ğ—Ğ¾ÑˆĞ¸Ñ‚ ĞŸĞµÑ‚Ñ€Ğ¸ĞºĞ°,https://uk.tgstat.com/channel/@petr1ktv,https://t.me/petr1ktv
AndroHot ĞŸÑ€Ğ¸Ğ»Ğ¾Ğ¶ĞµĞ½Ğ¸Ñ,https://uk.tgstat.com/channel/@androHot,https://t.me/androHot
DOTA 2,https://uk.tgstat.com/channel/@dota_2,https://t.me/dota_2
ĞœĞµĞ¹Ğ½ĞºĞ°ÑÑ‚ĞµÑ€ÑÑŒĞºĞ°,https://uk.tgstat.com/channel/@maincasterska,https://t.me/maincasterska
Olsior: Ğ•Ñ‚ĞµÑ€Ğ¸ Ñ‚Ğ° ĞºÑ–Ğ±ĞµÑ€ÑĞ¿Ğ¾Ñ€Ñ‚ ğŸ‡ºğŸ‡¦,https://uk.tgstat.com/channel/@olsior,https://t.me/olsior
Warzone Mobile | ĞĞ¾Ğ²Ğ¾ÑÑ‚Ğ¸,https://uk.tgstat.com/channel/@Zone4Leaks,https://t.me/Zone4Leaks
IGOREK,https://uk.tgstat.com/channel/@igorek_yt,https://t.me/igorek_yt
FR Legends ğŸ”¥ĞšĞ¾Ğ´Ñ‹ Ğ½Ğ° Ğ’Ğ¸Ğ½Ğ¸Ğ»Ñ‹ | Livery,https://uk.tgstat.com/channel/@frlcode,https://t.me/frlcode
DÎ›RIYÎ› RÎ›IN,https://uk.tgstat.com/channel/@dariya_rain,https://t.me/dariya_rain
STORM | Ğ¢ÑƒĞ¼Ğ°Ğ½Ğ½Ğ°Ñ Ğ°Ğ½Ğ°Ğ»Ğ¸Ñ‚Ğ¸ĞºĞ°,https://uk.tgstat.com/channel/@old_STORM,https://t.me/old_STORM
Ğ¡Ğ¸Ğ½Ğ´Ñ€Ğ¾Ğ¼ Ğ“Ñ€Ğ°Ğ²Ñ†Ñ | PlayStationğŸ‡ºğŸ‡¦,https://uk.tgstat.com/channel/@player_syndrome,https://t.me/player_syndrome
Moon Chai Story: Ğ’Ñ–Ğ·ÑƒĞ°Ğ»ÑŒĞ½Ñ– Ğ½Ğ¾Ğ²ĞµĞ»Ğ¸,https://uk.tgstat.com/channel/@moonchaistory_ua,https://t.me/moonchaistory_ua
ĞšĞ°Ñ†Ğ°Ğ¿ÑÑŒĞºĞµ Ñ–Ğ½Ñ„ĞµÑ€Ğ½Ğ¾ â€” CS:GO Ğ½Ğ¾Ğ²Ğ¸Ğ½Ğ¸ ÑƒĞºÑ€Ğ°Ñ—Ğ½ÑÑŒĞºĞ¾Ñ,https://uk.tgstat.com/channel/@ukrainecsgo,https://t.me/ukrainecsgo
Minecraft Designs,https://uk.tgstat.com/channel/@minecraftdesigns,https://t.me/minecraftdesigns
Ğ’ĞµĞ»Ğ¸ĞºĞ¸Ğ¹ Ğ¡ÑƒĞ»Ñ‚Ğ°Ğ½ Gidvelikiy. Ğ¤Ğ°Ğ½ ĞšĞ°Ğ½Ğ°Ğ» Ğ¿Ğ¾ Ğ¸Ğ³Ñ€ĞµğŸ’,https://uk.tgstat.com/channel/@gidvelikiy,https://t.me/gidvelikiy
RAID NEWS ğŸ”” (Ğ”Ğ¯Ğ”Ğ¯ Ğ),https://uk.tgstat.com/channel/@RAIDNEWSDO,https://t.me/RAIDNEWSDO
ğ“ğˆğ‚ğ‡ğ„ğğŠğ ğ’ğ‡ğğ,https://uk.tgstat.com/channel/@TICHENKO_SHOP,https://t.me/TICHENKO_SHOP
naBLOKE,https://uk.tgstat.com/channel/@nablokepm,https://t.me/nablokepm
ğŸĞšĞĞĞĞ› Ğ¦ĞĞŸĞğŸ,https://uk.tgstat.com/channel/@tsaperdo,https://t.me/tsaperdo
Honkai: Star Rail ÑƒĞºÑ€Ğ°Ñ—Ğ½ÑÑŒĞºĞ¾Ñ,https://uk.tgstat.com/channel/@honkaistarrailua,https://t.me/honkaistarrailua
PlayStation Ğ£ĞºÑ€Ğ°Ñ—Ğ½Ğ° ğŸ‡ºğŸ‡¦,https://uk.tgstat.com/channel/@playstation_in_ua,https://t.me/playstation_in_ua
S.T.A.L.K.E.R. NEWS UA,https://uk.tgstat.com/channel/@stalker_news_ua,https://t.me/stalker_news_ua
Tankolog,https://uk.tgstat.com/channel/@tankolog,https://t.me/tankolog
Ğ¥ĞĞ›Ğ¯Ğ’ĞĞ«Ğ• Ğ˜Ğ“Ğ Ğ«,https://uk.tgstat.com/channel/@playnotpay,https://t.me/playnotpay
Ğ›Ğ¾Ğ³Ğ¾Ğ²Ğ¾ Ğ—Ğ°Ğ´Ñ€Ğ¾Ñ‚Ğ° ğŸ®,https://uk.tgstat.com/channel/@logovo_zadrota,https://t.me/logovo_zadrota
GameStreetUA,https://uk.tgstat.com/channel/@gamestreetua,https://t.me/gamestreetua
Ğ©Ğ¾Ğ´ĞµĞ½Ğ½Ğ¸Ğº Ğ¢ĞµĞ¹Ğ²Ğ°Ñ‚Ñƒ | Genshin news,https://uk.tgstat.com/channel/@ShodenukTeywaty,https://t.me/ShodenukTeywaty
ĞŸĞ°Ğ½Ğ³Ğ¾ Ğ· Ğ”Ğ¶Ğ°Ğ²ĞµĞ»Ñ–Ğ½Ğ¾Ğ¼ - Ğ½Ğ¾Ğ²Ğ¸Ğ½Ğ¸ Dota 2 ÑƒĞºÑ€Ğ°Ñ—Ğ½ÑÑŒĞºĞ¾ÑğŸ‰,https://uk.tgstat.com/channel/@dota2ua,https://t.me/dota2ua
FS 20/23 ĞœĞĞ”Ğ«,https://uk.tgstat.com/channel/@fs20modkarasyatko,https://t.me/fs20modkarasyatko
ğŸ‘¾PlayStation Ğ£ĞºÑ€Ğ°Ñ—Ğ½Ğ°,https://uk.tgstat.com/channel/VePynRmjtUFkNTMy,https://t.me/joinchat/VePynRmjtUFkNTMy
Ğ‘Ğ°Ğ¹ĞºĞ¸ Ğ¢ĞµĞ¹Ğ²Ğ°Ñ‚Ğ° | Genshin Impact,https://uk.tgstat.com/channel/@teyvatbayki,https://t.me/teyvatbayki
Tequila Family,https://uk.tgstat.com/channel/@tequilapubg,https://t.me/tequilapubg
EZZY Game /ĞĞ¾Ğ²Ğ¸Ğ½Ğ¸/,https://uk.tgstat.com/channel/@ezzy_game_official_news_ua,https://t.me/ezzy_game_official_news_ua
Ğ£ĞºÑ€Ğ°Ñ—Ğ½ÑÑŒĞºĞ¸Ğ¹ CS:GO ğŸ‡ºğŸ‡¦ | ĞĞ¾Ğ²Ğ¸Ğ½Ğ¸ ĞºÑ–Ğ±ĞµÑ€ÑĞ¿Ğ¾Ñ€Ñ‚Ñƒ ğŸ–¤ğŸ’›,https://uk.tgstat.com/channel/1PWmKLQE2SliZmUy,https://t.me/joinchat/1PWmKLQE2SliZmUy
NAVI NEWSğŸ‡ºğŸ‡¦,https://uk.tgstat.com/channel/v9ve2OPoxE0xZDRi,https://t.me/joinchat/v9ve2OPoxE0xZDRi
BOSS PROMO | CSFAIL / ĞšĞ¡Ğ¤Ğ•Ğ™Ğ›,https://uk.tgstat.com/channel/@bospromo,https://t.me/bospromo
ĞŸĞ°Ğ½ÑÑŒĞºĞ¸Ğ¹ ĞºÑƒÑ‚ Ğ¢ĞµĞ¾Ğ¾,https://uk.tgstat.com/channel/@teooua,https://t.me/teooua
BAZUKA INFO,https://uk.tgstat.com/channel/@bazukainfo,https://t.me/bazukainfo
ğƒğ®ğ¦ğ¦ğ²ğ§ğšğ­ğ¢ğ¨ğ§_ğ”ğ€,https://uk.tgstat.com/channel/@UKdummynation,https://t.me/UKdummynation
Ğ’Ğ»Ğ°Ğ´,https://uk.tgstat.com/channel/@rinlarbog,https://t.me/rinlarbog
Ğ¡Ñ‚Ğ°Ğ½Ñ†Ñ–Ñ Ğ“ĞµÑ€Ñ‚Ğ° | ÑƒĞºÑ€Ğ°Ñ—Ğ½ÑÑŒĞºĞ¾Ğ¼Ğ¾Ğ²Ğ½Ğ¸Ğ¹ Honkai: Star Rail,https://uk.tgstat.com/channel/@HertaStationUA,https://t.me/HertaStationUA
Ğ‘ÑƒÑ‚ĞµÑ€Ñ‹ Ğ¾Ñ‚ Ğ‘ÑƒĞ¶Ğ¸ # Ğ“Ğ’Ğ˜ĞĞ¢ # GWENT ğŸ‡ºğŸ‡¦,https://uk.tgstat.com/channel/@gwentnews,https://t.me/gwentnews
ODINN SHOP UC,https://uk.tgstat.com/channel/@odinnshopuc,https://t.me/odinnshopuc
CYBERNATION.TEAM ğŸ‰,https://uk.tgstat.com/channel/@cybernation_team,https://t.me/cybernation_team
Big Bro Bamb1niğŸ—¿ğŸ‡ºğŸ‡¦,https://uk.tgstat.com/channel/@BigBroBamb1ni,https://t.me/BigBroBamb1ni
Minecraft server Palianytsia OnlineğŸ‡ºğŸ‡¦,https://uk.tgstat.com/channel/@Palianytsia_online,https://t.me/Palianytsia_online
Wild Rift | Ğ¡Ğ±Ğ¾Ñ€ĞºĞ¸ | VS,https://uk.tgstat.com/channel/@BuildWildRift,https://t.me/BuildWildRift
Pet Simulator X|ĞŸĞµÑ‚ Ğ¡Ğ¸Ğ¼ÑƒĞ»ÑÑ‚Ğ¾Ñ€ Ğ¥,https://uk.tgstat.com/channel/@petsimxi,https://t.me/petsimxi
ĞŸĞ°Ğ´Ğ¾Ğ½ ğŸ®,https://uk.tgstat.com/channel/@pad0n,https://t.me/pad0n
GAME BOX - Ğ˜Ğ³Ñ€Ñ‹ Ğ´Ğ»Ñ PS4 & PS5,https://uk.tgstat.com/channel/@gamebox_ps4,https://t.me/gamebox_ps4
LaboranT Shop,https://uk.tgstat.com/channel/@LaborantShop,https://t.me/LaborantShop
ĞĞ“Ğ•ĞĞ¢ Ğ“ĞĞ‘Ğ•ĞĞ,https://uk.tgstat.com/channel/@gabenua,https://t.me/gabenua
Ğ£ĞĞ†ĞĞ Ğ†Ğ³Ñ€Ğ¸,https://uk.tgstat.com/channel/@uniangames,https://t.me/uniangames
Ukrainian Geek Argentina Family,https://uk.tgstat.com/channel/@UkrainianGeekFamily,https://t.me/UkrainianGeekFamily
ĞšĞĞĞ¤Ğ Ğ’Ğ¸Ñ€Ñ‚ĞµĞºÑĞ°,https://uk.tgstat.com/channel/@wirtexxgod,https://t.me/wirtexxgod
Ukraine State / Ğ£ĞºÑ€Ğ°Ñ—Ğ½Ğ° Ğ² ĞœĞ°Ğ¹Ğ½ĞºÑ€Ğ°Ñ„Ñ‚,https://uk.tgstat.com/channel/@ukr_state,https://t.me/ukr_state
HEX/CHEATS STANDOFF 2,https://uk.tgstat.com/channel/@hex1309,https://t.me/hex1309
CrashInYou,https://uk.tgstat.com/channel/@crashinyou1,https://t.me/crashinyou1
Ğ’ÑƒÑĞ° ÑƒÑ…Ğ¾ğŸ‘‚ğŸ»,https://uk.tgstat.com/channel/@yxab7,https://t.me/yxab7
Ğ”Ñ€ÑƒĞ¶Ğµ ShokerğŸ‡ºğŸ‡¦,https://uk.tgstat.com/channel/@shokerisback,https://t.me/shokerisback
Vineshok ,https://uk.tgstat.com/channel/@freelauz,https://t.me/freelauz
ĞŸĞµÑ Ğ»ÑĞ±Ğ¸Ñ‚ÑŒ PS,https://uk.tgstat.com/channel/@gamesdog,https://t.me/gamesdog
Geekach Group,https://uk.tgstat.com/channel/@geekach,https://t.me/geekach
STORE | LEON,https://uk.tgstat.com/channel/@storeleonov,https://t.me/storeleonov
Game On! - Ğ½Ğ¾Ğ²Ğ¸Ğ½Ğ¸ Ğ²Ñ–Ğ´ĞµĞ¾Ñ–Ğ³Ğ¾Ñ€,https://uk.tgstat.com/channel/@gametacticspro,https://t.me/gametacticspro
Ğ¦Ğ¸Ñ‚Ğ°Ğ´ĞµĞ»ÑŒ Ğ²Ñ–Ñ‡Ğ½Ğ¾ÑÑ‚Ñ– | Genshin impact,https://uk.tgstat.com/channel/@CitadelOfEtenity,https://t.me/CitadelOfEtenity
ĞœĞ°Ğ¹ÑÑ‚ĞµÑ€Ğ½Ñ Ñ€Ğ¾Ğ·Ñ€Ğ¾Ğ±Ğ½Ğ¸ĞºÑ–Ğ² | UKRAINE GTA,https://uk.tgstat.com/channel/@devnews_ukrainegta,https://t.me/devnews_ukrainegta
Mod Melon Playground,https://uk.tgstat.com/channel/@modmelonplayground,https://t.me/modmelonplayground
Ğ´Ğ¾ ÑĞ»Ñ–Ğ·,https://uk.tgstat.com/channel/@doslliz,https://t.me/doslliz
PS4AM2B Ğ¸Ğ³Ñ€Ñ‹ PS4 & PS5 ğŸ®,https://uk.tgstat.com/channel/@PS4AM2B,https://t.me/PS4AM2B
ĞŸÑ€Ğ¾Ğ´Ğ°Ğ¶Ğ° Ğ°ĞºĞºĞ°ÑƒĞ½Ñ‚Ğ¾Ğ² ĞĞ›Ğ¥ / ĞšÑƒĞ¿Ğ¸Ñ‚ÑŒ Ğ°ĞºĞºĞ°ÑƒĞ½Ñ‚ OLX / ĞšÑƒĞ¿Ğ¸Ñ‚Ğ¸ Ğ°ĞºĞ°ÑƒĞ½Ñ‚ / ĞŸÑ€Ğ¾Ğ´Ğ°Ğ¶ / ĞŸÑ€Ğ¾Ğ´Ğ°Ğ¶Ğ° / ĞĞºĞºĞ°ÑƒĞ½Ñ‚Ñ‹,https://uk.tgstat.com/channel/@olx_acc_sale,https://t.me/olx_acc_sale
ExLoader,https://uk.tgstat.com/channel/@exloader,https://t.me/exloader
Ğ£Ğ»Ğ°Ğ¼ĞºĞ¸ Ğ¡ĞµĞ»ĞµÑÑ‚Ñ–Ñ— | ÒĞµĞ½ÑˆÑ–Ğ½ Ğ†Ğ¼Ğ¿Ğ°ĞºÑ‚,https://uk.tgstat.com/channel/@genshinukraineleaks,https://t.me/genshinukraineleaks
Ğ†Ğ³Ñ€Ğ¸ Ğ´Ğ»Ñ PS3 | Games for PlayStation 3 | Ğ¸Ğ³Ñ€Ñ‹ Ğ½Ğ° PS3,https://uk.tgstat.com/channel/@Psiholica,https://t.me/Psiholica
MinePlanet (Minecraft: Bedrock Edition),https://uk.tgstat.com/channel/@mineplanet_pe,https://t.me/mineplanet_pe
PlayUA Official,https://uk.tgstat.com/channel/@playua,https://t.me/playua
ğŸ‡ºğŸ‡¦Fr_LegendağŸ‡¯ğŸ‡µ,https://uk.tgstat.com/channel/@Frlegendas,https://t.me/Frlegendas
Ğ Ğ¸Ñ‚ÑƒĞ°Ğ»ÑŒĞ½Ğµ Ğ±ÑÑ€Ğ¾ Â«Ğ’Ğ°Ğ½ÑˆĞµĞ½Â»,https://uk.tgstat.com/channel/@WanshenServices,https://t.me/WanshenServices
Ğ¢Ğ°Ğ¹Ğ»ĞµÑ€ÑƒÑ‚Ğ¾ Ğ· Ğ—Ğ°Ğ¿Ğ¾Ñ€Ñ–Ğ¶Ñ–Ñ—ğŸ‰,https://uk.tgstat.com/channel/@Tyleruto,https://t.me/Tyleruto
ForlanFS,https://uk.tgstat.com/channel/@forlanfsofficial,https://t.me/forlanfsofficial
Ğ“Ğ°Ñ€Ğ¼Ğ¾Ğ½Ğ¸Ñ Ğ¢ĞµĞ¹Ğ²Ğ°Ñ‚Ğ° | Genshin Impact,https://uk.tgstat.com/channel/@harmony_of_teyvat,https://t.me/harmony_of_teyvat
ğŸ‡ºğŸ‡¦ĞŸÑ€Ğ¾Ğ´Ğ°Ğ¼ ĞĞºĞºĞ°ÑƒĞ½Ñ‚Ñ‹ Ğ˜Ğ½ÑÑ‚Ğ°Ğ³Ñ€Ğ°Ğ¼ - [Izi Shop],https://uk.tgstat.com/channel/@izi_shops,https://t.me/izi_shops
Ğ¨Ğ¿Ğ¸Ğ³ÑƒĞ½Ğ¸ ĞšĞ»ÑƒĞ±Ñƒ Ñ€Ğ¾Ğ¼Ğ°Ğ½Ñ‚Ğ¸ĞºĞ¸,https://uk.tgstat.com/channel/@spyromance,https://t.me/spyromance
ĞšÑƒĞ±Ñ–Ñ‡Ğ½Ğ¸Ğ¹ Ğ’ÑĞµÑĞ²Ñ–Ñ‚ | ĞœĞ°Ğ¹Ğ½ĞºÑ€Ğ°Ñ„Ñ‚ ÑƒĞºÑ€Ğ°Ñ—Ğ½ÑÑŒĞºĞ¾Ñ #Ğ£ĞºÑ€Ğ¢Ğ³ | ğŸ˜ˆ,https://uk.tgstat.com/channel/@cubeuniverseua,https://t.me/cubeuniverseua
Standoff 2 Ñ‡Ğ¸Ñ‚Ñ‹,https://uk.tgstat.com/channel/@standoff_soft,https://t.me/standoff_soft
Cyberaine | CS:GO ğŸ‡ºğŸ‡¦,https://uk.tgstat.com/channel/@cyberaine,https://t.me/cyberaine
Ğ’Ğ†Ğ”Ğ“Ğ£ĞšĞ˜,https://uk.tgstat.com/channel/@vidguky_mvp,https://t.me/vidguky_mvp
ĞšĞ°Ğ½Ğ°Ğ» ğ‘‚ğ‘†ğ¼ğ‘…ğ¼ğ‘† ğŸ‘‘,https://uk.tgstat.com/channel/@osiris_pm,https://t.me/osiris_pm
PUBGIS - Ğ‘ÑƒĞ´ÑŒ Ğ¼Ğ¾Ğ±Ğ¸Ğ»ÑŒĞ½Ñ‹Ğ¼!,https://uk.tgstat.com/channel/@pubgisnews,https://t.me/pubgisnews
L1nKoLTy | Standoff 2,https://uk.tgstat.com/channel/@bombastandoff2,https://t.me/bombastandoff2
ğŸ® Ğ†Ğ³Ñ€Ğ¾Ğ²Ñ‰Ğ¸Ğ½Ğ° ğŸ—,https://uk.tgstat.com/channel/@Igrovshina,https://t.me/Igrovshina
Alex Game Pass ğŸ‡ºğŸ‡¦ XBOX â¤ï¸ Ğ¡Ğ»Ğ°Ğ²Ğ° Ğ£ĞºÑ€Ğ°Ñ—Ğ½Ñ–!,https://uk.tgstat.com/channel/@alex_gamepass,https://t.me/alex_gamepass
Warzone Mobile | Ğ¡ĞĞ“,https://uk.tgstat.com/channel/@warzoneprojectalpha,https://t.me/warzoneprojectalpha
â›©ï¸Â°[ ğƒğ¨ğ§ğšğ­ğ ğ›ğ² ğ˜ğšğ ğŒğ¢ğ¤ğ¨ ]Â°â›©ï¸,https://uk.tgstat.com/channel/@donatsgenshin,https://t.me/donatsgenshin
Ğ“ĞµÑ‚ÑŒĞ¼Ğ°Ğ½ Ğ†Ğ¼Ğ¿Ğ°ĞºÑ‚,https://uk.tgstat.com/channel/@getman_impact,https://t.me/getman_impact
Ğ“Ğ ĞĞ™ â€” Ğ½Ğ¾Ğ²Ğ¸Ğ½Ğ¸ Ğ²Ñ–Ğ´ĞµĞ¾Ñ–Ğ³Ğ¾Ñ€,https://uk.tgstat.com/channel/@grainovini,https://t.me/grainovini
League of Legends: Wild Rift,https://uk.tgstat.com/channel/@wildrift_lol,https://t.me/wildrift_lol
GIFEST Metro Shopâœˆï¸,https://uk.tgstat.com/channel/@gifestmetro,https://t.me/gifestmetro
"Gamerzzz | Ğ†Ğ³Ñ€Ğ¸, Ğ½Ğ¾Ğ²Ğ¸Ğ½Ğ¸ Ğ³ĞµĞ¹Ğ¼Ğ´ĞµĞ²Ñƒ",https://uk.tgstat.com/channel/@UITGamerzzz,https://t.me/UITGamerzzz
WWE Looks | Ğ ĞµÑĞ»Ñ–Ğ½Ğ³ | Wrestling | Ğ¡Ğ°Ğ¼Ñ†Ñ–-ÑÑĞ°Ğ²Ñ†Ñ–,https://uk.tgstat.com/channel/@TheWWELooks,https://t.me/TheWWELooks
Ğ¦ĞµĞ±ÑƒĞ»ĞµĞ²Ğ¸Ğ¹ ĞœĞ°Ğ¹Ğ½ĞºÑ€Ğ°Ñ„Ñ‚ 1.19.2+ #Ğ£ĞºÑ€Ğ¢Ğ³ âœ™,https://uk.tgstat.com/channel/@borukva_minecraft,https://t.me/borukva_minecraft
Bild Brawl,https://uk.tgstat.com/channel/@bildbruher,https://t.me/bildbruher
KURAMAxBAZUKA UC SHOP,https://uk.tgstat.com/channel/@ninetiledgg,https://t.me/ninetiledgg
âœ™Ğ¢Ğ†ĞŸĞ¾Ğ²Ğ° Ñ…Ğ¾Ğ¹ĞºĞ°|#Ğ£ĞºÑ€Ğ¢Ğ³,https://uk.tgstat.com/channel/@hearts_0f_iron_4,https://t.me/hearts_0f_iron_4
BUROV,https://uk.tgstat.com/channel/@zaddroty,https://t.me/zaddroty
Ğ¡Ğ¾Ğ½ÑÑˆĞ½Ğ¸ĞºĞ¾Ğ²Ğ° ĞœÑ–ĞºÑƒ! â˜€ï¸ Project SEKAI COLORFUL STAGE! feat. Hatsune Miku,https://uk.tgstat.com/channel/@projectsekai_ua,https://t.me/projectsekai_ua
Eazy apk,https://uk.tgstat.com/channel/@eazyapk,https://t.me/eazyapk
Warzone Ğ£ĞºÑ€Ğ°Ñ—Ğ½ÑÑŒĞºĞ¾Ñ | DMZ | Modern Warfare II | Call of Duty,https://uk.tgstat.com/channel/@warzoneinukrainian,https://t.me/warzoneinukrainian
Ğ›Ğ£Ğ§Ğ¨Ğ˜Ğ• ĞĞĞ¡Ğ¢Ğ ĞĞ™ĞšĞ˜ ĞĞ¢ ARTIKA/UAğŸ‡ºğŸ‡¦,https://uk.tgstat.com/channel/@artisalee,https://t.me/artisalee
Ğ°Ğ½ÑÑ‚ĞºĞ°,https://uk.tgstat.com/channel/@anutkaazz,https://t.me/anutkaazz
Ğ‘Ñ€Ğ°Ğ¼Ğ° Ğ’Ñ–Ğ·ÑƒĞ°Ğ»ÑŒĞ½Ğ¸Ñ… ĞĞ¾Ğ²ĞµĞ» ğŸ‡ºğŸ‡¦,https://uk.tgstat.com/channel/@bramaVN,https://t.me/bramaVN
Stellar Squad ğŸ‡ºğŸ‡¦,https://uk.tgstat.com/channel/@stellarsquad,https://t.me/stellarsquad
Wild Rift | ĞĞ¾Ğ²Ğ¾ÑÑ‚Ğ¸ | VS,https://uk.tgstat.com/channel/@lolwildr,https://t.me/lolwildr
Ğ†Ğ³Ñ€Ğ¾Ğ²Ğ¸Ğ½Ğ¸ | CS:GO | Ğ†Ğ³Ñ€Ğ¸,https://uk.tgstat.com/channel/kNaUDXJaqdVkMDZi,https://t.me/joinchat/kNaUDXJaqdVkMDZi
ĞœĞ¾Ğ±Ğ°Ğ¹Ğ» Ğ›ĞµĞ³ĞµĞ½Ğ´Ñ: Ğ¢ÑƒÑ€Ğ½Ğ¸Ñ€Ñ‹ | Ğ Ğ¾Ğ·Ñ‹Ğ³Ñ€Ñ‹ÑˆĞ¸,https://uk.tgstat.com/channel/@mlbb_tournament,https://t.me/mlbb_tournament
IKLA,https://uk.tgstat.com/channel/@iklagg,https://t.me/iklagg
Mr. Jimmer,https://uk.tgstat.com/channel/@mr_jimmer,https://t.me/mr_jimmer
PETRUSH.afaik,https://uk.tgstat.com/channel/@petrush_afaik,https://t.me/petrush_afaik
Pokemon GO Ğ½Ğ¾Ğ²Ğ¸Ğ½Ğ¸ ÑƒĞºÑ€Ğ°Ñ—Ğ½ÑÑŒĞºĞ¾Ñ | UAğŸ‡ºğŸ‡¦ news #Ğ£ĞºÑ€Ğ¢Ò‘,https://uk.tgstat.com/channel/@PokemonGOnewsUKR,https://t.me/PokemonGOnewsUKR
Yakasami | Hex,https://uk.tgstat.com/channel/@yakasami_hex,https://t.me/yakasami_hex
ABRAMOV CAST,https://uk.tgstat.com/channel/@abramov_pubg,https://t.me/abramov_pubg
ĞšĞµĞ¶ÑƒĞ»Ğ°Ğ¼ Ğ²Ñ…Ñ–Ğ´ Ğ·Ğ°Ğ±Ğ¾Ñ€Ğ¾Ğ½ĞµĞ½Ğ¾,https://uk.tgstat.com/channel/@nocasuls,https://t.me/nocasuls
XameR,https://uk.tgstat.com/channel/@xamer_hd,https://t.me/xamer_hd
GummerCraft | Ğ£ĞºÑ€Ğ°Ñ—Ğ½ÑÑŒĞºĞ¸Ğ¹ Ğ¼Ğ°Ğ¹Ğ½ĞºÑ€Ğ°Ñ„Ñ‚ ÑĞµÑ€Ğ²ĞµÑ€,https://uk.tgstat.com/channel/@gummercraft,https://t.me/gummercraft
Ğ ĞµÑÑƒÑ€ÑĞ¿Ğ°ĞºĞ¸ Ñ Ñ‚Ğ¾Ñ‚ĞµĞ¼Ğ°Ğ¼Ğ¸,https://uk.tgstat.com/channel/@idkwhoiamtotems,https://t.me/idkwhoiamtotems
Mortal Kombat Mobile Life,https://uk.tgstat.com/channel/@mkmobilelife,https://t.me/mkmobilelife
Ğ¥Ğ°Ğ±Ğ¾Ğ½,https://uk.tgstat.com/channel/@habon_ua,https://t.me/habon_ua
Greshok,https://uk.tgstat.com/channel/@lazy_killer_streem,https://t.me/lazy_killer_streem
Ğ¥Ğ¾Ğ½ĞºĞ°Ğ¹ÑÑŒĞºĞ¸Ğ¹ ĞĞ°ÑÑ‚ÑƒĞ¿ ğŸ‰ | Ğ¥Ğ¾Ğ½ĞºĞ°Ğ¹ Ğ†Ğ¼Ğ¿Ğ°ĞºÑ‚ 3rD ua,https://uk.tgstat.com/channel/@honkaiimpactua,https://t.me/honkaiimpactua
airsoft.ua,https://uk.tgstat.com/channel/@airsoftua,https://t.me/airsoftua
Ğ¢Ğ°Ñ”Ğ¼Ğ½Ğ¸Ñ†Ñ– Ğ¢ĞµĞ¹Ğ²Ğ°Ñ‚Ñƒ|Genshin Impact Lore|Ukraine,https://uk.tgstat.com/channel/@genshinloreua,https://t.me/genshinloreua
ĞšĞ»ÑƒĞ±-Ğ¼Ğ°Ğ³Ğ°Ğ·Ğ¸Ğ½ ĞŸĞ»Ğ°Ğ½ĞµÑ‚Ğ° Ğ†Ğ³Ğ¾Ñ€ Ğ£ĞºÑ€Ğ°Ñ—Ğ½Ğ° ğŸ²,https://uk.tgstat.com/channel/@planeta_igr,https://t.me/planeta_igr
ğŸ‰ Alex_D20 ğŸ‡ºğŸ‡¦ Ğ†Ğ³Ñ€Ğ¸ ÑƒĞºÑ€Ğ°Ñ—Ğ½ÑÑŒĞºĞ¾Ñ,https://uk.tgstat.com/channel/@alexd20,https://t.me/alexd20
ğŸ“Script | MK,https://uk.tgstat.com/channel/@hackerYBA,https://t.me/hackerYBA
ĞšÑƒÑ‚Ğ¾Ğº ğŸ‡ºğŸ‡¦,https://uk.tgstat.com/channel/@kutokio,https://t.me/kutokio
Na chasi / Games âœ™,https://uk.tgstat.com/channel/@nachasi_games,https://t.me/nachasi_games
ğŸŒĞšĞµĞ½Ñ‚Ğ°Ñ„ÑƒÑ€Ğ¸ĞºĞ¸ğŸŒš,https://uk.tgstat.com/channel/@forgetwowww,https://t.me/forgetwowww
â† Grighammer â†’,https://uk.tgstat.com/channel/@grighammer,https://t.me/grighammer
GameWiz UA,https://uk.tgstat.com/channel/@gamewizua,https://t.me/gamewizua
VBET Esports Ukraine,https://uk.tgstat.com/channel/@vbet_cybersport,https://t.me/vbet_cybersport
ÑˆĞ¾ÑƒĞ¼ĞµĞ½ happyj,https://uk.tgstat.com/channel/@happyjhaha,https://t.me/happyjhaha
Big Ben Mafia Club,https://uk.tgstat.com/channel/@bbmafiaclub,https://t.me/bbmafiaclub
ĞšĞ»ÑƒĞ± Kick the Pu,https://uk.tgstat.com/channel/@KickThePu,https://t.me/KickThePu
Ğ—Ğ°Ğ¿Ğ¸ÑĞ½Ğ¸Ğº ĞĞ°Ñ…Ñ–Ğ´Ğ¸ Ğ† ÒĞµĞ½ÑˆĞ¸Ğ½ Ğ†Ğ¼Ğ¿Ğ°ĞºÑ‚,https://uk.tgstat.com/channel/@NahidaRozpovidaje,https://t.me/NahidaRozpovidaje
Sweet Romantic ClubğŸ’– (Ğ£ĞºÑ€Ğ°Ñ—Ğ½ÑÑŒĞºĞ° ÑĞ¿Ñ–Ğ»ÑŒĞ½Ğ¾Ñ‚Ğ° Ğ²Ñ–Ğ·ÑƒĞ°Ğ»ÑŒĞ½Ğ¸Ñ… Ğ½Ğ¾Ğ²ĞµĞ»ğŸ‡ºğŸ‡¦â¤ï¸),https://uk.tgstat.com/channel/@src_ua,https://t.me/src_ua
Beast [Wot Blitz] UA,https://uk.tgstat.com/channel/@BEAST_WB_UA,https://t.me/BEAST_WB_UA
ã€67ã€Avenue Ğ¢ÑƒÑ€Ğ½Ğ¸Ñ€Ñ‹,https://uk.tgstat.com/channel/@avenue_67,https://t.me/avenue_67
Intro to Gamedev,https://uk.tgstat.com/channel/@gamedevkpi,https://t.me/gamedevkpi
ps4game_ua ğŸ®,https://uk.tgstat.com/channel/@ps4game_ua,https://t.me/ps4game_ua
B8,https://uk.tgstat.com/channel/@B8esportsGG,https://t.me/B8esportsGG
HUMAN WASD live ğŸ‡ºğŸ‡¦,https://uk.tgstat.com/channel/@human_wasd,https://t.me/human_wasd
Xbox | Nintendo Switch,https://uk.tgstat.com/channel/@Little_Game_Xbox_Nintendo,https://t.me/Little_Game_Xbox_Nintendo
âš“ï¸ĞĞ»ÑŒĞºĞ¾Ñ€âš“ï¸| ÒĞµĞ½ÑˆĞ¸Ğ½ Ğ†Ğ¼Ğ¿Ğ°ĞºÑ‚,https://uk.tgstat.com/channel/@beidousalkor,https://t.me/beidousalkor
Fortnite UA - Ğ½Ğ¾Ğ²Ğ¸Ğ½Ğ¸ ÑƒĞºÑ€Ğ°Ñ—Ğ½ÑÑŒĞºĞ¾Ñ,https://uk.tgstat.com/channel/@InfoFortniteUA,https://t.me/InfoFortniteUA
Ğ¥Ğ¾Ğ½ĞºĞ°Ğ¹ÑÑŒĞºĞ° Ğ‘Ğ°Ğ²Ğ¾Ğ²Ğ½Ğ° | #Ğ£ĞºÑ€Ğ¢Ò‘,https://uk.tgstat.com/channel/@hi3rdua,https://t.me/hi3rdua
PUBG MOBILE / FORSE,https://uk.tgstat.com/channel/@pubgforse,https://t.me/pubgforse
In the Gamer's Hearth / ĞŸÑ€Ğ¾ ĞºÑ–Ğ±ĞµÑ€ÑĞ¿Ğ¾Ñ€Ñ‚ Ñ‚Ğ° Ñ–Ğ³Ñ€Ğ¸ğŸ•¹ ğŸ®,https://uk.tgstat.com/channel/@inthegam,https://t.me/inthegam
Games Collection,https://uk.tgstat.com/channel/@Gamescollectionua,https://t.me/Gamescollectionua
ğ˜¿ğ™€ğ™ˆğ™Šğ™‰_ğ˜¿ğ™€ğ™ğ™„ğ™‚ğ™‰ğŸ’¥ğŸ¤©,https://uk.tgstat.com/channel/@demon_pubgm_avatarki1,https://t.me/demon_pubgm_avatarki1
Ğ§Ğ°Ñ‚ ÑĞ¿Ñ–Ğ»ĞºÑƒĞ²Ğ°Ğ½Ğ½Ñ ğŸ‡ºğŸ‡¦,https://uk.tgstat.com/channel/@chatspilkuvannya,https://t.me/chatspilkuvannya
SBT Localization/Ğ¨Ğ»ÑĞºĞ±Ğ¸Ñ‚Ñ€Ğ°Ñ„ | #Ğ£ĞºÑ€Ğ¢Ò‘,https://uk.tgstat.com/channel/@sbtlocalization,https://t.me/sbtlocalization
NEVSKAYAâ¤ï¸,https://uk.tgstat.com/channel/@nevskaya15k,https://t.me/nevskaya15k
ğŸ”¥RESPECTğŸ”¥Ğ¥Ğ°Ğ»ÑĞ²Ğ°ğŸ¥·ğŸ°,https://uk.tgstat.com/channel/@RESPECT_halyawa_UA,https://t.me/RESPECT_halyawa_UA
Ğ†Ğ³Ñ€Ğ¾Ğ¼Ğ°Ğ½ Steam Ñ‚Ğ° PS,https://uk.tgstat.com/channel/@igromanDog,https://t.me/igromanDog
PrivetPrivet,https://uk.tgstat.com/channel/@clipessstg,https://t.me/clipessstg
STREAM INFA | #Ğ£ĞºÑ€Ğ¢Ò‘,https://uk.tgstat.com/channel/@streaminfa,https://t.me/streaminfa
Project Sekai JP | ĞĞ¾Ğ²Ğ¸Ğ½Ğ¸,https://uk.tgstat.com/channel/@projectsekaijpua,https://t.me/projectsekaijpua
PokÃ©mon UNITE :: ĞĞ¾Ğ²Ğ¾ÑÑ‚Ğ¸,https://uk.tgstat.com/channel/@pokemon_unite_news,https://t.me/pokemon_unite_news
Genshin Impact Gallery ğŸ‡ºğŸ‡¦,https://uk.tgstat.com/channel/@genshin_impact_gallery,https://t.me/genshin_impact_gallery
KPI CyberSport ğŸ‡ºğŸ‡¦,https://uk.tgstat.com/channel/@KPI_CyberSport,https://t.me/KPI_CyberSport
True UA Resistance News,https://uk.tgstat.com/channel/@Your_TURN,https://t.me/Your_TURN
M87* Games,https://uk.tgstat.com/channel/@m87games,https://t.me/m87games
About everything with Moony ğŸ‡ºğŸ‡¦ğŸ—£,https://uk.tgstat.com/channel/@aewmoony,https://t.me/aewmoony
"ğŸ·Ğ’Ğ¸Ğ½Ğ¾ĞºÑƒÑ€Ğ½Ñ ""Ğ Ğ°ÑÑĞ²ĞµÑ‚""ğŸ·",https://uk.tgstat.com/channel/@vinokyrnya_sunrise,https://t.me/vinokyrnya_sunrise
The GAME Play,https://uk.tgstat.com/channel/@thegameplayua,https://t.me/thegameplayua
FERICH CHANNEL,https://uk.tgstat.com/channel/@vulgarFiRECH,https://t.me/vulgarFiRECH
ukrgame.com.ua ĞœĞ°Ğ³Ğ°Ğ·Ğ¸Ğ½ ĞºĞ¾Ğ½ÑĞ¾Ğ»ĞµĞ¹,https://uk.tgstat.com/channel/@UkrGameChanell,https://t.me/UkrGameChanell
(*à¸…Ì Ë˜à¸…Ì€*)â™¡,https://uk.tgstat.com/channel/@shwwettee,https://t.me/shwwettee
ğ™ğ‹ğğ˜ ğ’ğ€ğŒğ”ğ‘ğ€ğˆ,https://uk.tgstat.com/channel/@PubgCheatSamurai,https://t.me/PubgCheatSamurai
Shopâ€¢Viktora,https://uk.tgstat.com/channel/@pubgalll,https://t.me/pubgalll
Ğ†Ğ½Ñ‚ĞµĞ¹Ğ²Ğ°Ñ‚ â€¢ Genshin Impact,https://uk.tgstat.com/channel/@ua_genshin,https://t.me/ua_genshin
ğŸ³ï¸â€ğŸŒˆ ĞŸĞ¾ÑˆÑƒĞº Ñ€Ğ¾Ğ»ÑŒĞ¾Ğ²Ğ¸Ñ…/ÑĞ¿Ñ–Ğ²Ñ€Ğ¾Ğ»Ñ–Ğ² UA Ğ Ğ¾Ğ»ÑŒĞ¾Ğ²Ğ° ğŸ³ï¸â€ğŸŒˆ,https://uk.tgstat.com/channel/@poshuk_ukrroleplay,https://t.me/poshuk_ukrroleplay
WanPix team,https://uk.tgstat.com/channel/@wanpix_team,https://t.me/wanpix_team
Ğ£ĞºÑ€Ğ°Ñ—Ğ½ÑÑŒĞºĞ¸Ğ¹ Ğ“Ñ–Ğº - Ğ¿Ñ€Ğ¾ Ñ–Ğ³Ñ€Ğ¸ Ñ‚Ğ° ĞºÑ–Ğ½Ğ¾ ÑƒĞºÑ€Ğ°Ñ—Ğ½ÑÑŒĞºĞ¾Ñ,https://uk.tgstat.com/channel/@UkrGeekGames,https://t.me/UkrGeekGames
ĞšÑ–Ğ±ĞµÑ€ĞšĞ°Ñ€Ğ°ÑÑŒ,https://uk.tgstat.com/channel/@kiber_karas,https://t.me/kiber_karas
ĞÑ–Ğ½ĞµĞ½ÑŒĞºĞ° - Nintendo ÑĞ¿Ñ–Ğ»ÑŒĞ½Ğ¾Ñ‚Ğ° Ğ£ĞºÑ€Ğ°Ñ—Ğ½Ğ°,https://uk.tgstat.com/channel/@ninenka,https://t.me/ninenka
JGN | Ğ˜Ğ³Ñ€Ğ¾Ğ²Ñ‹Ğµ Ğ½Ğ¾Ğ²Ğ¾ÑÑ‚Ğ¸,https://uk.tgstat.com/channel/@jungamenews,https://t.me/jungamenews
ğ“²Ö¼ Ö¶Ö¸â¬© ğŒ€ê¤™Î³Õ½ğ‘€±Ó„ê¤Œê¤•ê¤ˆê¤ˆâ€™á¥‰ Ïê¤…ê¤€ê¤€àª•á¥‰â‹†ê’±ê’±ËËŠË—Â ,https://uk.tgstat.com/channel/@annyytproofs,https://t.me/annyytproofs
ğŸ‡ DARK PROJECT Â» Scripts for the game Standoff 2!,https://uk.tgstat.com/channel/@dqrkproject,https://t.me/dqrkproject
PlayStation Ğ£ĞºÑ€Ğ°Ñ—Ğ½Ğ° ğŸ‡ºğŸ‡¦,https://uk.tgstat.com/channel/@playstationua,https://t.me/playstationua
Ğ¢Ğ°Ñ”Ğ¼Ğ½Ğ¸Ñ†Ñ– ĞšĞ°ĞµĞ½Ñ€Ñ–'Ğ°Ñ… | ÒĞµĞ½ÑˆĞ¸Ğ½ Ğ†Ğ¼Ğ¿Ğ°ĞºÑ‚,https://uk.tgstat.com/channel/@genshinimpactinua,https://t.me/genshinimpactinua
Ğ’Ğ¡Ğ• Ğ”Ğ›Ğ¯ ĞĞ’ | âš¡ï¸ARFLASHâš¡ï¸,https://uk.tgstat.com/channel/@desingarflash,https://t.me/desingarflash
â˜›á¶»Ë¡áµ’áµˆâ±Ê¸_á¶œá´´á´¬á´ºá´ºá´±á´¸â˜š,https://uk.tgstat.com/channel/@zlodiy_n1,https://t.me/zlodiy_n1
GCN,https://uk.tgstat.com/channel/@gcnchannel,https://t.me/gcnchannel
Ğ‘Ğ¾Ğ½ÑƒÑĞšĞ¾Ğ´: ĞšĞ°Ğ½Ğ°Ğ»,https://uk.tgstat.com/channel/@bonuscode_of,https://t.me/bonuscode_of
"Ğ†ĞĞ Ğ†Ğ£ĞœğŸ‡ºğŸ‡¦ | DND, RPG, HPI",https://uk.tgstat.com/channel/@inrium,https://t.me/inrium
ĞÑ–Ñ‚Ğ¾Ğ½,https://uk.tgstat.com/channel/@nitonUA,https://t.me/nitonUA
JustDevil Gaming. ğŸ‡ºğŸ‡¦,https://uk.tgstat.com/channel/@L2JUSTDVL,https://t.me/L2JUSTDVL
ğŸ‡ºğŸ‡¦Metro Royale Market 2ğŸ‡ºğŸ‡¦,https://uk.tgstat.com/channel/@Fairwendmetro2,https://t.me/Fairwendmetro2
Ğ”ÑƒĞ¼ĞºĞ¸ TixonağŸ¦ˆ,https://uk.tgstat.com/channel/@tix0n,https://t.me/tix0n
Ğ—ĞµĞ¼Ğ»Ñ– Ğ¡Ğ²Ñ–Ñ‚Ğ°Ğ½ĞºÑƒ | MLBB ÑƒĞºÑ€Ğ°Ñ—Ğ½ÑÑŒĞºĞ¾Ñ,https://uk.tgstat.com/channel/@mlbb_ukraine,https://t.me/mlbb_ukraine
"Johnta's hub - Ğ¿Ñ€Ğ¾ VALORANT, ĞºÑ–Ğ±ĞµÑ€ÑĞ¿Ğ¾Ñ€Ñ‚, Ğ¶Ğ¸Ñ‚Ñ‚Ñ.",https://uk.tgstat.com/channel/@VALORANTxJohnta,https://t.me/VALORANTxJohnta
ğŸ‡ºğŸ‡¦Cookie Run Kingdom UA,https://uk.tgstat.com/channel/@crkukraine,https://t.me/crkukraine
Honkai: Star Rail | Ğ¥Ğ¾Ğ½ĞºĞ°Ğ¹: Ğ¡Ñ‚Ğ°Ñ€ Ğ ÑĞ¹Ğ»,https://uk.tgstat.com/channel/@hstarrail,https://t.me/hstarrail
SunflowerGames,https://uk.tgstat.com/channel/@SunflowerGames,https://t.me/SunflowerGames
bb,https://uk.tgstat.com/channel/@pubg_store_sney,https://t.me/pubg_store_sney
Knowledge Book for Minecraft ğŸ“–,https://uk.tgstat.com/channel/@book_fmc,https://t.me/book_fmc
Ğ—Ğ°Ğ¼ĞºĞ½ĞµĞ½Ñ– | Ğ’Ğ·Ğ°Ğ¿ĞµÑ€Ñ‚Ğ¸,https://uk.tgstat.com/channel/@vzapertiua,https://t.me/vzapertiua
P2P | á´„Ê€Êá´˜á´›á´ á´›ÉªÉ¢á´‡Ê€ ğŸŒšğŸ‡ºğŸ‡¦,https://uk.tgstat.com/channel/@P2PFCVYD0EMvUA2OGVi,https://t.me/P2PFCVYD0EMvUA2OGVi
XboxOne Account Dimonik's Shop,https://uk.tgstat.com/channel/@x1a_dimonik_shop,https://t.me/x1a_dimonik_shop
Ğ‘Ğ°Ñ€Ğ°Ñ…Ğ¾Ğ»ĞºĞ° - (Warhammer Ğ£ĞºÑ€Ğ°Ñ—Ğ½Ğ°),https://uk.tgstat.com/channel/@jolly_roger_minimarket,https://t.me/jolly_roger_minimarket
`â€¢ğŒğšğ§ğ ğšğ¬ğ¡ğ¢ğ§ ğ®ğšâ€¢â€˜ Genshin impact Ã— Star Rail,https://uk.tgstat.com/channel/@mangashin_ua,https://t.me/mangashin_ua
A27 NEWS | Ğ†Ğ³Ñ€Ğ¾Ğ²Ñ– Ğ½Ğ¾Ğ²Ğ¸Ğ½Ğ¸,https://uk.tgstat.com/channel/@a27NEWS,https://t.me/a27NEWS
0rchey | Standoff 2,https://uk.tgstat.com/channel/@O0rchey,https://t.me/O0rchey
popert | CS:GO,https://uk.tgstat.com/channel/@popert_team,https://t.me/popert_team
STRUM SQUAD,https://uk.tgstat.com/channel/@strumsquad,https://t.me/strumsquad
Êá´€x1rÊ™lx,https://uk.tgstat.com/channel/@max1rblx,https://t.me/max1rblx
ÑĞ¼Ğ¸Ñ‚Ñ‚Ğ¸Ñ‚Ğ¸,https://uk.tgstat.com/channel/@Cmittit,https://t.me/Cmittit
á´ á´€É´Êá´€.Ê€Ê™ÊŸx,https://uk.tgstat.com/channel/@vanyarblxtg,https://t.me/vanyarblxtg
Call of duty Mobile Ğ¢ÑƒÑ€Ğ½Ñ–Ñ€Ğ¸ğŸ‡ºğŸ‡¦,https://uk.tgstat.com/channel/@Callofdytumobile2023,https://t.me/Callofdytumobile2023
Game Designer Notes,https://uk.tgstat.com/channel/@GameDesigner_Notes,https://t.me/GameDesigner_Notes
Ğ¢ĞĞšĞ Ğ‘ĞĞšĞ | 1.64,https://uk.tgstat.com/channel/@tokabokadit,https://t.me/tokabokadit
FrostMax HUB,https://uk.tgstat.com/channel/@frostmaxhub,https://t.me/frostmaxhub
ProGameUAğŸ‡ºğŸ‡¦,https://uk.tgstat.com/channel/@ProGameUa,https://t.me/ProGameUa
Players ğŸ®,https://uk.tgstat.com/channel/@playersua,https://t.me/playersua
shopka freezy,https://uk.tgstat.com/channel/@shopkafreezymetro,https://t.me/shopkafreezymetro
Ivonyak ÑÑ‚Ñ€Ñ–Ğ¼Ğ¸,https://uk.tgstat.com/channel/@ivonyak,https://t.me/ivonyak
Ğ¯ Gamer! (Born To Game),https://uk.tgstat.com/channel/@Born2Game,https://t.me/Born2Game
"ĞĞ´Ğ½Ğ¾Ñ€Ğ°Ğ·ĞºĞ¸, Ğ¿Ğ¾Ğ´Ğ¸ Ğ†Ğ²Ğ°Ğ½Ğ¾-Ğ¤Ñ€Ğ°Ğ½ĞºÑ–Ğ²ÑÑŒĞº Ğ½ĞµĞ¿Ğ¾Ğ²Ğ½Ğ¾Ğ»Ñ–Ñ‚Ğ½Ñ–Ğ¼ ÑˆĞºĞ¾Ğ»ÑÑ€Ğ°Ğ¼",https://uk.tgstat.com/channel/@odnorazki_ifua,https://t.me/odnorazki_ifua
XBOX - Ğ£ĞºÑ€Ğ°Ñ—Ğ½Ğ° | ĞĞ¾Ğ²Ğ¸Ğ½Ğ¸,https://uk.tgstat.com/channel/@Xbox_U_A,https://t.me/Xbox_U_A
ğŸ™ Idle City blog RU-UA ğŸŒ†,https://uk.tgstat.com/channel/@idle_city,https://t.me/idle_city
KT SHOP ğŸ° | Ğ›ÑƒÑ‡ÑˆĞ¸Ğ¹ Ğ¼ĞµÑ‚Ñ€Ğ¾ ÑˆĞ¾Ğ¿ğŸ’¸,https://uk.tgstat.com/channel/@KTshopp,https://t.me/KTshopp
KrabgeekğŸ‡ºğŸ‡¦,https://uk.tgstat.com/channel/@Krabbgeek,https://t.me/Krabbgeek
Ğ¢Ñ€ĞµĞ¹Ğ´ĞµÑ€ ĞŸĞ°Ğ²ĞµĞ» ğŸš€ VIP SIGNAL,https://uk.tgstat.com/channel/@PavelVipSignal,https://t.me/PavelVipSignal
STEAM | READY TO PLAY,https://uk.tgstat.com/channel/@steamrtp,https://t.me/steamrtp
Piwkoo666,https://uk.tgstat.com/channel/id1157729030,https://t.me/joinchat/id1157729030
Ğ Ñ€Ğ°Ğ·Ñ€Ğ°Ğ±Ğ¾Ñ‚ĞºĞµ,https://uk.tgstat.com/channel/@about_develop,https://t.me/about_develop
EBS Brawl,https://uk.tgstat.com/channel/@prostoebs,https://t.me/prostoebs
TheDRZJ - Ğ¿Ğ°Ğ±Ğ»Ğ¸Ğº,https://uk.tgstat.com/channel/@thedrzaj,https://t.me/thedrzaj
Ğ¥ĞĞ›Ğ¯Ğ’ĞĞ† Ğ†Ğ“Ğ Ğ˜ ğŸ‡ºğŸ‡¦,https://uk.tgstat.com/channel/@playnotpayua,https://t.me/playnotpayua
Ğ’ĞµÑ€Ğ±ĞµĞ½Ğ°,https://uk.tgstat.com/channel/@verbenasims,https://t.me/verbenasims
ProFessoR FM,https://uk.tgstat.com/channel/@ProFessoR_FM,https://t.me/ProFessoR_FM
BrainHub,https://uk.tgstat.com/channel/@BrainHubUA,https://t.me/BrainHubUA
European Pro League,https://uk.tgstat.com/channel/@euproleague,https://t.me/euproleague
UAGamersHub || WOT || #Ğ£ĞºÑ€Ğ¢Ò‘,https://uk.tgstat.com/channel/@wotpublic_ua,https://t.me/wotpublic_ua
GAME CASTLE SHOP ğŸ®ğŸ‡ºğŸ‡¦,https://uk.tgstat.com/channel/@game_castle_shop,https://t.me/game_castle_shop
â€¢ĞŸĞ¾ÑÑ‚Ñ€Ğ¾Ğ¹ĞºĞ¸ ĞœĞ°Ğ¹Ğ½ĞºÑ€Ğ°Ñ„Ñ‚â€¢ |Ğ°Ñ€Ñ‚Ñ‹/Ğ¾Ğ±Ğ¾Ğ¸,https://uk.tgstat.com/channel/@MinecraftBuildingss,https://t.me/MinecraftBuildingss
DonStepan Ğ¸ ĞºÑ€Ñ‹ÑˆĞµÑ‡ĞºĞ° Ğ¾Ñ‚ ÑĞ¸Ñ‚Ñ€Ğ¾,https://uk.tgstat.com/channel/@donstepaninho,https://t.me/donstepaninho
Ğ†Ğ³Ñ€Ğ¾Ğ²Ğ° ĞœĞ°Ğ¹ÑÑ‚ĞµÑ€Ğ½Ñ,https://uk.tgstat.com/channel/@ihrovamaysternya,https://t.me/ihrovamaysternya
Ğ£ĞºÑ€Ğ°Ñ—Ğ½ÑÑŒĞºĞ¸Ğ¹ Ğ³ĞµĞ¹Ğ¼ĞµÑ€,https://uk.tgstat.com/channel/@ukrainiangamermemes,https://t.me/ukrainiangamermemes
Ğ”Ğ¶Ğ°Ò‘ĞµÑ€Ğ½Ğ°ÑƒÑ‚ Ğ² ÑˆĞ°Ñ€Ğ¾Ğ²Ğ°Ñ€Ğ°Ñ…,https://uk.tgstat.com/channel/@juggua,https://t.me/juggua
Festâ™¡Ukraine,https://uk.tgstat.com/channel/@fest1578,https://t.me/fest1578
Ğ²ĞµĞ½Ñ‚Ğ¸ ,https://uk.tgstat.com/channel/@ventiboyfriend,https://t.me/ventiboyfriend
ĞŸÑ€Ğ¾Ğ´Ğ°Ğ¶Ğ° Ğ°ĞºĞºĞ°ÑƒĞ½Ñ‚Ğ¾Ğ² Ğ¾Ñ‚ bakirov,https://uk.tgstat.com/channel/@Prodaja_account_karl,https://t.me/Prodaja_account_karl
Nerd Campfire,https://uk.tgstat.com/channel/@NerdCampfire,https://t.me/NerdCampfire
Ğ”Ğ¾Ñ‚Ğ°Ğ¼Ğ°Ğ½Ñ–Ñ,https://uk.tgstat.com/channel/@d2mania,https://t.me/d2mania
CODM Ukraine,https://uk.tgstat.com/channel/@UkraineOnDuty,https://t.me/UkraineOnDuty
Warhammer | ĞœĞ¸Ğ½Ğ¸Ğ°Ñ‚ÑÑ€Ñ‹ (Sunhome),https://uk.tgstat.com/channel/@warhammershop,https://t.me/warhammershop
Game Development Decompiled Art Gamedev,https://uk.tgstat.com/channel/@decompiled_art,https://t.me/decompiled_art
"Ğ¼Ğ°Ğ³Ğ°Ğ·Ğ¸Ğ½ ""Ğ”Ğ²Ğ¾Ñ€Ñ„""",https://uk.tgstat.com/channel/@Dwarf_Shop,https://t.me/Dwarf_Shop
Steam Ukraine,https://uk.tgstat.com/channel/7gbK9yhEv7pjZTJi,https://t.me/joinchat/7gbK9yhEv7pjZTJi
ğŸ’¥ Ğ“ĞĞ£ Ğ“Ğ ĞĞ¢Ğ˜ | ĞŸÑ€Ğ¾ Ñ–Ğ³Ñ€Ğ¸ ÑƒĞºÑ€Ğ°Ñ—Ğ½ÑÑŒĞºĞ¾Ñ,https://uk.tgstat.com/channel/@goplayua,https://t.me/goplayua
ğŸ‰ğŸ‡ºğŸ‡¦ĞŸĞ°Ğ»ÑĞ½Ğ¸Ñ†Ñ Ğ²Ñ–Ğ´ Ğ‘ÑƒĞ¶Ñ– | ÒĞ’Ğ†ĞĞ¢ |GWENT,https://uk.tgstat.com/channel/@gwentnews_ua,https://t.me/gwentnews_ua
âœ™ Game LAB | #Ğ£ĞºÑ€Ğ¢Ò‘,https://uk.tgstat.com/channel/@GLAB_ua,https://t.me/GLAB_ua
Ğ’Ñ–ÑÑ‚Ñ– CS:GO,https://uk.tgstat.com/channel/@apieceofcsgo,https://t.me/apieceofcsgo
ğŸ‘‘AST|ASTRA|UAğŸ‘‘,https://uk.tgstat.com/channel/@ASTRA228PON,https://t.me/ASTRA228PON
Ğ¡Ğ²Ñ–Ñ‚ Ğ¢Ğ°Ğ½ĞºÑ–Ğ² | World of Tanks ï¸,https://uk.tgstat.com/channel/RcESvCJ5eUxiZTJi,https://t.me/joinchat/RcESvCJ5eUxiZTJi
Petrovich_castğŸ‰ğŸ‰ğŸ‰,https://uk.tgstat.com/channel/@petrovich_cast,https://t.me/petrovich_cast
Sims 3 - Ğ”Ğ¸Ğ½Ğ°ÑÑ‚Ğ¸Ñ Ğ Ğ¸Ğ²Ğ·,https://uk.tgstat.com/channel/@rivzsims3,https://t.me/rivzsims3
Gaming Shop,https://uk.tgstat.com/channel/@Nintendo_amiibo_kyiv,https://t.me/Nintendo_amiibo_kyiv
Ğ¢Ğ¾Ñ€Ğ±Ğ¸Ğ½ĞºĞ° Ğ´Ğ¸Ğ²Ğ½Ğ¾Ğ³Ğ¾ Ğ³Ñ–Ğ»Ñ–Ñ‡ÑƒÑ€Ğ»Ğ° | UA ÒĞµĞ½ÑˆĞ¸Ğ½ ÑĞ¿Ñ–Ğ»ÑŒĞ½Ğ¾Ñ‚Ğ°,https://uk.tgstat.com/channel/@genshinuatovarustvo,https://t.me/genshinuatovarustvo
XBOX,https://uk.tgstat.com/channel/@xbox_news_ukr,https://t.me/xbox_news_ukr
ĞŸĞ¾Ğ³Ñ€Ğ°Ğ¹ Ñƒ Ñ†Ñ Ñ–Ğ½Ğ´Ñ–,https://uk.tgstat.com/channel/@playthisindie,https://t.me/playthisindie
PC-LAB,https://uk.tgstat.com/channel/Ql5etzHjJ04wMzUy,https://t.me/joinchat/Ql5etzHjJ04wMzUy
Five nights at Freddy's,https://uk.tgstat.com/channel/@fivenightsatfreddy_life,https://t.me/fivenightsatfreddy_life
Immortal Story|Ğ Ğ¾Ğ»ÑŒĞ¾Ğ²Ğ° Ğ“Ñ€Ğ°,https://uk.tgstat.com/channel/@immortalstory,https://t.me/immortalstory
ĞŸĞ ĞĞ”ĞĞ–Ğ Ğ“ĞĞ›Ğ”Ğ«/Ğ ĞĞ—Ğ«Ğ“Ğ Ğ«Ğ¨Ğ˜ Ğ¾Ñ‚ Korshh,https://uk.tgstat.com/channel/@korshhebetso2,https://t.me/korshhebetso2
ĞœĞ¾Ğ´Ñ‹ Ğ½Ğ° Melon Playground,https://uk.tgstat.com/channel/@melontery,https://t.me/melontery
FPL Ukraine,https://uk.tgstat.com/channel/@FPLUkraine,https://t.me/FPLUkraine
ĞšĞ¾Ğ½ÑĞ¿ĞµĞºÑ‚ Ğ³ĞµĞ¹Ğ¼Ğ´Ğ¸Ğ·Ğ°Ğ¹Ğ½ĞµÑ€Ğ° [GD compendium],https://uk.tgstat.com/channel/@gamedesignercompendium,https://t.me/gamedesignercompendium
ĞšĞ°Ğ½Ğ°Ğ» Airsoft Alliance (Ğ¡Ñ‚Ñ€Ğ°Ğ¹ĞºĞ±Ğ¾Ğ» ĞĞ´ĞµÑĞ°),https://uk.tgstat.com/channel/@Odessa_Airsoft,https://t.me/Odessa_Airsoft
ğŸªWini Modulesâœ¨,https://uk.tgstat.com/channel/@modwini,https://t.me/modwini
ğŸ˜á–´á—·á‘• STá—©á‘á—ªOá–´á–´ 2ğŸ˜,https://uk.tgstat.com/channel/@FbCxso3,https://t.me/FbCxso3
Ğ¢Ğ“. Ğ¡Ñ‚Ñ€Ñ–Ñ‡ĞºĞ° Ğ½Ğ¾Ğ²Ğ¸Ğ½,https://uk.tgstat.com/channel/@teoriyagry,https://t.me/teoriyagry
Êœá´sá´› á´›Éªá´á´‡,https://uk.tgstat.com/channel/@host_iik,https://t.me/host_iik
CS 1.6 Android Â«Xash3DÂ» ğŸ‡ºğŸ‡¦,https://uk.tgstat.com/channel/@CS16_Android,https://t.me/CS16_Android
Super Komentatorska,https://uk.tgstat.com/channel/@Super_Komentatorska,https://t.me/Super_Komentatorska
KYIV MAFIA CLUB ğŸ•µâ€â™‚,https://uk.tgstat.com/channel/@kyiv_mafia_club,https://t.me/kyiv_mafia_club
Ğ§Ğ°Ñ€Ğ¾Ñ‡ĞºĞ° Ğ²Ğ¸Ğ½Ğ°,https://uk.tgstat.com/channel/@charochkavinazkulbab,https://t.me/charochkavinazkulbab
Ğ“Ñ–Ğ»ÑŒĞ´Ñ–Ñ Ğ³ĞµĞ¹Ğ¼ĞµÑ€Ñ–Ğ² Ğ£ĞºÑ€Ğ°Ñ—Ğ½Ğ¸ (UGG) ğŸ‡ºğŸ‡¦,https://uk.tgstat.com/channel/@xxsupersaraxxgames,https://t.me/xxsupersaraxxgames
League of LegendsğŸ‡ºğŸ‡¦ê‘­,https://uk.tgstat.com/channel/@OfficialJustAL,https://t.me/OfficialJustAL
-Ğ¿Ñ€ÑƒÑ„Ñ‹ ğŸ¦‡ÛŸ Ë› ê”«aÍŸÍŸdÍŸÍŸoÍŸÍŸpÍŸÍŸtÍŸÍŸ mÍŸÍŸeÍŸÍŸ/mÍŸÍŸmÍŸÍŸ2ğŸ”ª,https://uk.tgstat.com/channel/@adoptmemm2810,https://t.me/adoptmemm2810
ĞÑ€Ñ…Ñ–Ğ² Ğ”Ğ°Ğ½ÑŒ Ğ¥Ğµ | Honkai Star Rail,https://uk.tgstat.com/channel/@archiveDangHeng,https://t.me/archiveDangHeng
ï¼°ï½…ï½”ï½™ ï½šï½ ï½‚ï½ï½‹ï½“ï½™ / ï½‹ï½ï½ï½‹ï½•ï½’ï½“ï½™,https://uk.tgstat.com/channel/@petaukcon,https://t.me/petaukcon
Kyiv IngressFS,https://uk.tgstat.com/channel/@KyivIFS,https://t.me/KyivIFS
ĞœĞ°Ğ³Ğ°Ğ·Ğ¸Ğ½ Ğ¼Ğ¼2 Ğ·Ğ° Ğ³Ñ€Ğ½//ğ”ªğ”ª2 ğ”°ğ”¥ğ”¬ğ”­,https://uk.tgstat.com/channel/@paulix_proofs,https://t.me/paulix_proofs
XERO SHOP,https://uk.tgstat.com/channel/@xeroshop,https://t.me/xeroshop
RELAX Design,https://uk.tgstat.com/channel/@relax_konfa,https://t.me/relax_konfa
Ğ“Ğ°Ğ»Ğ¸Ñ†ÑŒĞºĞ¸Ğ¹ ĞšÑƒĞ± ğŸ‰ :: ĞœĞ°Ğ¹Ğ½ĞºÑ€Ğ°Ñ„Ñ‚ ÑĞµÑ€Ğ²ĞµÑ€,https://uk.tgstat.com/channel/@GalicianCube,https://t.me/GalicianCube
ĞŸĞ ĞĞœĞĞšĞĞ”Ğ« Standoff 2 - Ğ¡Ñ‚ĞµĞ½Ğ´Ğ¾Ñ„Ñ„ 2,https://uk.tgstat.com/channel/@promostandoof,https://t.me/promostandoof
IKLA,https://uk.tgstat.com/channel/@esportsclubkyiv,https://t.me/esportsclubkyiv
GoshanchIlk,https://uk.tgstat.com/channel/@mamonthouses,https://t.me/mamonthouses
ĞšÑƒĞ·Ğ½Ñ Ğ’Ñ–Ğ¹Ğ½Ğ¸ğŸ‡ºğŸ‡¦,https://uk.tgstat.com/channel/@warforgeua,https://t.me/warforgeua
FopsikğŸ”…,https://uk.tgstat.com/channel/@uafopsik,https://t.me/uafopsik
Jeremy Young | Ğ¥ĞĞ›Ğ¯Ğ’Ğ ğŸ‡ºğŸ‡¦,https://uk.tgstat.com/channel/@jeremy_young,https://t.me/jeremy_young
Elecode,https://uk.tgstat.com/channel/@elecode_tv,https://t.me/elecode_tv
Ğ£ĞšĞ ĞĞ‡ĞĞ | ĞĞĞ’Ğ˜ĞĞ˜ PLAYSTATION,https://uk.tgstat.com/channel/@ua_psn,https://t.me/ua_psn
ĞœĞ¾Ğ´Ñ‹ Ğ´Ğ»Ñ ĞœĞ°Ğ¹Ğ½ĞºÑ€Ğ°Ñ„Ñ‚Ğ° - BlockMine Minecraft,https://uk.tgstat.com/channel/@MinecraftnaAndroid,https://t.me/MinecraftnaAndroid
Kakp projects | OMSI 2,https://uk.tgstat.com/channel/@KakKakps,https://t.me/KakKakps
Trade Market | Standoff 2 ĞŸÑ€Ğ¾Ğ´Ğ°Ğ¶Ğ° ÑĞºĞ¸Ğ½Ğ¾Ğ²,https://uk.tgstat.com/channel/@Trade_Market_Standoff2,https://t.me/Trade_Market_Standoff2
PODVAL KISEL4IKAğŸ‡ºğŸ‡¦ğŸ‡ºğŸ‡¦,https://uk.tgstat.com/channel/@kiselator1,https://t.me/kiselator1
ĞœĞ¸Ñ Ğ’Ñ–Ñ€Ğ¸ğŸ•Š | Genshin,https://uk.tgstat.com/channel/@genshin_uaa,https://t.me/genshin_uaa
"Ğ‘ĞµÑĞºĞ¾Ğ½ĞµÑ‡Ğ½Ğ¾Ğµ Ğ»ĞµÑ‚Ğ¾ || Ğ›ÑĞ±Ğ¾Ğ²ÑŒ, Ğ´ĞµĞ½ÑŒĞ³Ğ¸, Ñ€Ğ¾Ğº-Ğ½-Ñ€Ğ¾Ğ»Ğ»",https://uk.tgstat.com/channel/@EverlastingLoveMoneyRocknroll,https://t.me/EverlastingLoveMoneyRocknroll
Melon npc and saves(MNS),https://uk.tgstat.com/channel/@melonpcGermany,https://t.me/melonpcGermany
Ğ¢ĞµÑÑ‚Ñ‹ Ğ¾Ñ‚ Ğ”ÑĞ´Ğ¸ ĞÑ‚ÑÑƒĞ¼ÑƒğŸ¥ƒ,https://uk.tgstat.com/channel/@testAtsu,https://t.me/testAtsu
Gamer PUBğŸ»,https://uk.tgstat.com/channel/H1-cjuxxJAo5NTli,https://t.me/joinchat/H1-cjuxxJAo5NTli
ĞœĞ°Ğ½Ñ–Ñ„ĞµÑÑ‚.Ğ†Ğ³Ñ€Ğ¸,https://uk.tgstat.com/channel/@manifestgames,https://t.me/manifestgames
Ğ†Ğ³Ñ€Ğ¸ Ğ´Ğ»Ñ PSP | Games for PlayStation Portable | Ğ¸Ğ³Ñ€Ñ‹ Ğ½Ğ° PSP,https://uk.tgstat.com/channel/@psp_games1,https://t.me/psp_games1
~KOKOS~,https://uk.tgstat.com/channel/@KOKOSIKPUBG,https://t.me/KOKOSIKPUBG
Collective mind,https://uk.tgstat.com/channel/@remontunitazov,https://t.me/remontunitazov
HEX from Yakasami & ÑĞ°ÑˆĞºĞ¾ & Guard1aN & DertPolar & Ruptes & Bazawew & BonePolk & Korshh,https://uk.tgstat.com/channel/@hexstandoff2,https://t.me/hexstandoff2
Ğ†Ğ“Ğ ĞĞ¤ĞĞĞ˜ ğŸ—¿,https://uk.tgstat.com/channel/@SanTv666,https://t.me/SanTv666
Proton Server - [Minecraft],https://uk.tgstat.com/channel/@proton_server_com,https://t.me/proton_server_com
ÒĞµĞ¹Ğ¼ĞµÑ€,https://uk.tgstat.com/channel/@gamer_ua,https://t.me/gamer_ua
Boost SO2,https://uk.tgstat.com/channel/@terspremiumb,https://t.me/terspremiumb
Ğ¡Ğ²Ñ–Ñ‚ Ñ–Ğ³Ñ€Ğ°ÑˆĞ¾Ğº | ĞœĞ¸Ñ€ Ğ¸Ğ³Ñ€ÑƒÑˆĞµĞº,https://uk.tgstat.com/channel/@svit_igrashok,https://t.me/svit_igrashok
Infinite loop stories ğŸ‡ºğŸ‡¦,https://uk.tgstat.com/channel/@InfiniteLoopStories,https://t.me/InfiniteLoopStories
APK FILES (Android & IOS),https://uk.tgstat.com/channel/@apkfilesandroidios,https://t.me/apkfilesandroidios
Ğ‘Ñ–Ğ¿Ğ¾Ğ»ÑÑ€Ğ½Ğ¸Ğ¹ Ğ½Ñ–Ñ‰ĞµĞ±Ñ€Ğ¾Ğ´,https://uk.tgstat.com/channel/@ohuingress,https://t.me/ohuingress
á´œá´ÉªÉ´á´‡ - Ğ£ĞºÑ€Ğ°Ñ—Ğ½ÑÑŒĞºĞ¸Ğ¹ ÑĞµÑ€Ğ²ĞµÑ€,https://uk.tgstat.com/channel/@uMines,https://t.me/uMines
Ğ”Ñ–Ğ°Ğ¼Ğ°Ğ½Ñ‚Ğ¾Ğ²Ñ– Ğ–Ğ°Ğ±Ğ¸ ğŸ‡ºğŸ‡¦ #1984,https://uk.tgstat.com/channel/@mgmeme,https://t.me/mgmeme
â€¢â€¢â€¢KRISTY.TOCA.Ğ’ĞĞ¡Ğâ€¢â€¢â€¢,https://uk.tgstat.com/channel/@kristy_toca_boca,https://t.me/kristy_toca_boca
Ğ´ĞµĞºĞ¾Ğ¹39,https://uk.tgstat.com/channel/@decoy39tg,https://t.me/decoy39tg
ğŸ°ĞºÑ€Ğ¾Ğ»ÑÑ‡Ğ° Ğ½Ğ¾Ñ€Ğ°,https://uk.tgstat.com/channel/@mintowu,https://t.me/mintowu
...,https://uk.tgstat.com/channel/@sellchanne,https://t.me/sellchanne
Ğ¡Ñ‚Ğ°Ğ½Ñ†Ñ–Ñ ÒĞµĞ¹Ğ¼ĞµÑ€Ñ–Ğ²,https://uk.tgstat.com/channel/@Stantsiya_Geymeriv,https://t.me/Stantsiya_Geymeriv
Pistolet Savdosi,https://uk.tgstat.com/channel/@Pistolet_Oruja_Ganster,https://t.me/Pistolet_Oruja_Ganster
ğ™‚ğ™–ğ™¢ğ™šğ™§ ğ™“ - Ğ’Ğ·Ğ»Ğ¾Ğ¼Ğ°Ğ½Ğ½Ñ‹Ğµ Ğ¸Ğ³Ñ€Ñ‹ ğŸ®,https://uk.tgstat.com/channel/@GAMES_igru,https://t.me/GAMES_igru
AmogusAPK,https://uk.tgstat.com/channel/9QWU6vLaBlhkNGYy,https://t.me/joinchat/9QWU6vLaBlhkNGYy
Ğ›Ğ¸Ñ†Ğ°Ñ€Ñ– Ğ¤Ğ°Ğ²Ğ¾Ğ½Ñ–Ñ âš”ï¸ Ğ“ĞµĞ½ÑˆĞ¸Ğ½ Ğ†Ğ¼Ğ¿Ğ°ĞºÑ‚,https://uk.tgstat.com/channel/@TheKnightsofFavonius,https://t.me/TheKnightsofFavonius
GAME LAB | CYBERSPORT | #Ğ£ĞºÑ€Ğ¢Ò‘,https://uk.tgstat.com/channel/@GAMELAB_cs,https://t.me/GAMELAB_cs
TextileeHub Ğ²ÑĞµ Ğ¿Ñ€Ğ¾ ÑĞºĞ°Ğ¼-Ğ¶Ğ¸Ğ·Ğ½ÑŒ,https://uk.tgstat.com/channel/cB5JUW1GJpdmZDMy,https://t.me/joinchat/cB5JUW1GJpdmZDMy
Ğ¢Ğ²Ñ–Ğ¹ Ñ…Ñ–Ğ´,https://uk.tgstat.com/channel/@yourturnua,https://t.me/yourturnua
Ğ†Ğ³Ñ€Ğ¸ Ğ´Ğ»Ñ Nintendo Switch | Games for Nintendo Switch | Ğ¸Ğ³Ñ€Ñ‹ Ğ½Ğ° Nintendo Switch,https://uk.tgstat.com/channel/@Nintendo_Switch_game_1,https://t.me/Nintendo_Switch_game_1
TEROBORONA SHOP,https://uk.tgstat.com/channel/@teroborona_shop,https://t.me/teroborona_shop
KNUCA CyberSport,https://uk.tgstat.com/channel/@KNUCA_CybSpo,https://t.me/KNUCA_CybSpo
Ğ“Ğ ĞĞ¤Ğ˜Ğ Ğ¡ ĞšĞĞœĞŸĞĞ¢ĞĞœ,https://uk.tgstat.com/channel/@Grafin_Kompota_yopta,https://t.me/Grafin_Kompota_yopta
Ğ“Ğ°Ğ¹Ğ´Ğ¸ Genshin Impact Ñ‚Ğ° Honkai: Star Rail,https://uk.tgstat.com/channel/@genshinhsrguides,https://t.me/genshinhsrguides
Ğ§ÑƒÑ… - Ñ‡ÑƒÑ… â€¢ Channel,https://uk.tgstat.com/channel/id1664090962,https://t.me/joinchat/id1664090962
ĞĞµÑĞºÑ–Ğ½Ñ‡ĞµĞ½Ğ½Ğµ Ğ»Ñ–Ñ‚Ğ¾ ğŸ‡ºğŸ‡¦ğŸ”°,https://uk.tgstat.com/channel/@Everlasting_Summerfan,https://t.me/Everlasting_Summerfan
Ë™ËšÊš â„ï¸Ğ Ğ¾ÑĞ» Ğ¥Ğ°Ğ¹ğŸ¤axiwxeâ›¸ÉËšË™,https://uk.tgstat.com/channel/@axiwxeroyalehigh,https://t.me/axiwxeroyalehigh
baba.marinağŸ’‹,https://uk.tgstat.com/channel/@itzbabamarina,https://t.me/itzbabamarina
ğŸŒ± Ğ¥Ğ¸Ğ¶Ğ¸Ğ½Ğ° Ğ¢Ğ¸Ğ³Ğ½Ğ°Ñ€Ğ¸ | Ğ£Ñ‚ĞµÑ‡ĞºĞ¸ Genshin Impact,https://uk.tgstat.com/channel/@hizhinatighnarigenshin,https://t.me/hizhinatighnarigenshin
Ğ’Ğ°Ñ€Ñ…Ğ°Ğ¼Ğ¼ĞµÑ€ ÑĞ»ÑŒÑ„Ñ‹ | Warhammer elves,https://uk.tgstat.com/channel/@warhammer_elves,https://t.me/warhammer_elves
Ğ¡ĞšĞĞ¡ sKas,https://uk.tgstat.com/channel/@gamerskas,https://t.me/gamerskas
WoT Blitz Ukraine,https://uk.tgstat.com/channel/@wotbua,https://t.me/wotbua
Ê€á´‡á´ Éªá´‡á´¡s - @É¢á´‡á´á´Ê€Éªsá´›,https://uk.tgstat.com/channel/@CountermenRewiwes,https://t.me/CountermenRewiwes
NURECRAFT | Minecraft ÑĞµÑ€Ğ²ĞµÑ€ Ğ¥ĞĞ£Ğ Ğ•,https://uk.tgstat.com/channel/@nure_minecraft,https://t.me/nure_minecraft
Ğ‘Ğ¾Ñ‡ĞºĞ° Ğ“Ñ€Ğ°Ğ³Ğ°ÑĞ° | League of Legends | Ğ›Ğ¸Ğ³Ğ° Ğ›ĞµĞ³ĞµĞ½Ğ´,https://uk.tgstat.com/channel/@lolgragas,https://t.me/lolgragas
INDIVID,https://uk.tgstat.com/channel/@individ_ua,https://t.me/individ_ua
Ğ£ĞºÑ€Ğ°Ñ—Ğ½ÑÑŒĞºĞ° Ğ°ÑĞ¾Ñ†Ñ–Ğ°Ñ†Ñ–Ñ ĞµĞ»ĞµĞºÑ‚Ñ€Ğ¾Ğ½Ğ½Ğ¾Ğ³Ğ¾ Ñ„ÑƒÑ‚Ğ±Ğ¾Ğ»Ñƒ,https://uk.tgstat.com/channel/@ua_efootball,https://t.me/ua_efootball
Ğ–Ğ•ĞšĞ â„¢ ASPHALT 9,https://uk.tgstat.com/channel/@zheka_A9,https://t.me/zheka_A9
LOL UA COMMUNITY,https://uk.tgstat.com/channel/@UAlegend,https://t.me/UAlegend
ğŸ”¥GreatemağŸ”¥,https://uk.tgstat.com/channel/@greatemabs,https://t.me/greatemabs
Ğ¡Ğ¼Ğ°Ñ‡Ğ½Ğ¸ ĞŸÑ€ÑĞĞ¸ĞºğŸƒğŸ„ | Genshin Impact,https://uk.tgstat.com/channel/@smacnipryanikz,https://t.me/smacnipryanikz
Gamers Union,https://uk.tgstat.com/channel/@GamersUnionZP,https://t.me/GamersUnionZP
Titanium Cheats - Ğ¾Ğ±Ğ·Ğ¾Ñ€Ñ‹ Ğ½Ğ° Ñ‡Ğ¸Ñ‚Ñ‹,https://uk.tgstat.com/channel/@argentium_cheats,https://t.me/argentium_cheats
FishingGame / MKASGaming,https://uk.tgstat.com/channel/@fishing_planet,https://t.me/fishing_planet
ğŸŒµGRAXUD'S STUDIOğŸŒµ,https://uk.tgstat.com/channel/@Fr_avatar,https://t.me/Fr_avatar
IceStream Dota 2,https://uk.tgstat.com/channel/@IceStream_tv,https://t.me/IceStream_tv
SUTE | cybersport,https://uk.tgstat.com/channel/@SUTEcybersport,https://t.me/SUTEcybersport
Warcraft Arclight Rumble (WAR),https://uk.tgstat.com/channel/@arclightwarcraft,https://t.me/arclightwarcraft
Girls X Battle 2 RU,https://uk.tgstat.com/channel/@GirlsXBattle2_ru,https://t.me/GirlsXBattle2_ru
Arickâ€™s MetaModern,https://uk.tgstat.com/channel/@artmayagames,https://t.me/artmayagames
MPWORLD - Ğ¿Ñ€Ğ¾Ğ¼Ğ¾ĞºĞ¾Ğ´Ñ‹ ĞĞ Ğ’Ğ¡Ğ ĞŸĞĞ”Ğ Ğ¯Ğ”,https://uk.tgstat.com/channel/@mpinsidez,https://t.me/mpinsidez
Ğ†Ğ“Ğ ĞĞ’Ğ˜ĞĞ˜ UA | ĞŸÑ€Ğ¾ Ñ–Ğ³Ñ€Ğ¸ Ğ½Ğ° ÑƒĞºÑ€Ğ°Ñ—Ğ½ÑÑŒĞºÑ–Ğ¹ Ğ¼Ğ¾Ğ²Ñ–,https://uk.tgstat.com/channel/@IGROVINI,https://t.me/IGROVINI
Trade FIFA 23 | Elecode,https://uk.tgstat.com/channel/@elecode_trade,https://t.me/elecode_trade
ğŸ’¯VIPâ€¢B|@c|{â€¢FÂ¤x1k | BSğŸ’¯,https://uk.tgstat.com/channel/@VIPBlAcKfoXcLuB,https://t.me/VIPBlAcKfoXcLuB
Ğ’ĞµĞº Ğ”Ñ€Ğ°ĞºĞ¾Ğ½Ğ° | Dragon Age,https://uk.tgstat.com/channel/@DragonAgeChannel,https://t.me/DragonAgeChannel
ĞšĞ¾Ğ½Ñ„Ğ° suparika,https://uk.tgstat.com/channel/@spstorepubg,https://t.me/spstorepubg
Fandom Games,https://uk.tgstat.com/channel/@fandomgames_offical,https://t.me/fandomgames_offical
SSMTap ğŸ“ˆ,https://uk.tgstat.com/channel/@SSMTap,https://t.me/SSMTap
Ğ¡Ğ¿Ñ–Ğ»ĞºĞ° Ñ€Ğ¾Ğ·Ñ€Ğ¾Ğ±Ğ½Ğ¸ĞºÑ–Ğ² Ñ–Ğ³Ğ¾Ñ€,https://uk.tgstat.com/channel/@ua_game_developers,https://t.me/ua_game_developers
DOCTOR | ĞšÑ–Ğ±ĞµÑ€ÑĞ¿Ğ¾Ñ€Ñ‚ Ğ¿Ğ¾ Ğ²ĞµĞ½Ğ°Ğ¼ğŸ‡ºğŸ‡¦,https://uk.tgstat.com/channel/@doctorpubgm,https://t.me/doctorpubgm
ĞšÑ–Ğ±ĞµÑ€ĞºĞ¾Ñ‚Ğ»ĞµÑ‚Ğ°UA â€“ Ğ±Ğ°Ğ·Ğ° ÑƒĞºÑ€Ğ°Ñ—Ğ½ÑÑŒĞºĞ¾Ğ³Ğ¾ ĞºÑ–Ğ±ĞµÑ€ÑĞ¿Ğ¾Ñ€Ñ‚ÑƒğŸ‡ºğŸ‡¦,https://uk.tgstat.com/channel/@cyberkotletaUA,https://t.me/cyberkotletaUA
WishPlay,https://uk.tgstat.com/channel/@wishplay_me,https://t.me/wishplay_me
Xbox Ğ£ĞºÑ€Ğ°Ñ—Ğ½Ğ° ğŸ‡ºğŸ‡¦,https://uk.tgstat.com/channel/@ukraine_xbox,https://t.me/ukraine_xbox
Ğ’ĞĞšĞĞĞ¡Ğ†Ğ‡ | Ğ”Ğ–ĞĞ‘ UA,https://uk.tgstat.com/channel/@job_search_ua,https://t.me/job_search_ua
Tired Nerds | Ganover,https://uk.tgstat.com/channel/@tirednerds,https://t.me/tirednerds
ĞÑ€Ñ…Ğ¸Ğ² Ğ­Ğ»ÑŒÑ„Ğ¸Ñ‡ĞºĞ¸ | Genshin Leaks | Ğ¡Ğ»Ğ¸Ğ²Ñ‹ Ğ“ĞµĞ½ÑˆĞ¸Ğ½,https://uk.tgstat.com/channel/@evilelfichka,https://t.me/evilelfichka
"Ğ—Ğ¾Ğ»Ğ¾Ñ‚Ğ¾Ğ¹ ĞšĞ»Ğ¾Ğ½, Ğ­Ğ¿Ğ¾Ñ…Ğ° ĞšĞ»Ğ¾Ğ½Ğ¾Ğ² - Age Of Clones, World of Clone, Clones World, Golden Clone",https://uk.tgstat.com/channel/@zbepo6oy,https://t.me/zbepo6oy
ğ—¦ğ—›ğ—˜ğ—©ğ—œğ— Ã— ğ—–ğ—¥ğŸ­ğ—¦ğ—§ğ—”ğ—Ÿ,https://uk.tgstat.com/channel/@shevikxcr1stal,https://t.me/shevikxcr1stal
Mitorch,https://uk.tgstat.com/channel/@Mitorch,https://t.me/Mitorch
Star Citizen #Ğ£ĞºÑ€Ğ¢Ğ³,https://uk.tgstat.com/channel/@starcitizen_news,https://t.me/starcitizen_news
SHARA 100 APK,https://uk.tgstat.com/channel/@shara100apk,https://t.me/shara100apk
Ğ”Ğ¸Ñ‡ Ñ€Ğ¾ÑÑ‚Ğ°,https://uk.tgstat.com/channel/@leakenergy,https://t.me/leakenergy
DR. Dok,https://uk.tgstat.com/channel/@ttserega_klip,https://t.me/ttserega_klip
Dark Paimon | ĞĞ¾Ğ²Ğ¾ÑÑ‚Ğ¸ Genshin Impact,https://uk.tgstat.com/channel/@Dark_Paimon,https://t.me/Dark_Paimon
Ğ§Ğ¸Ğ¿woğŸ‡ºğŸ‡¦,https://uk.tgstat.com/channel/@cheapwo,https://t.me/cheapwo
Grach (Ğ’Ñ–Ğ´ĞµĞ¾Ñ–Ğ³Ñ€Ğ¸),https://uk.tgstat.com/channel/@grach_ua,https://t.me/grach_ua
HONG PROMO,https://uk.tgstat.com/channel/@hongpromo,https://t.me/hongpromo
Ğ­Ñ‚Ğ¾ @arven93,https://uk.tgstat.com/channel/@arven93,https://t.me/arven93
"Ğ‘ĞµĞ·ĞºĞ¾ÑˆÑ‚Ğ¾Ğ²Ğ½Ñ–, Ğ´ĞµĞ¼Ğ¾ Ñ–Ğ³Ñ€Ğ¸",https://uk.tgstat.com/channel/@freedemogames,https://t.me/freedemogames
Channeluza,https://uk.tgstat.com/channel/@channeluza,https://t.me/channeluza
ToĞ½Ğ¸ â€¢ Fortnite,https://uk.tgstat.com/channel/@fortnite_tony,https://t.me/fortnite_tony
RAYBEL DIARY,https://uk.tgstat.com/channel/@raybelgames,https://t.me/raybelgames
Lacoste MusicğŸŠ,https://uk.tgstat.com/channel/@Lacoste_mus,https://t.me/Lacoste_mus
Amentessa's Diary,https://uk.tgstat.com/channel/@amentessadiary,https://t.me/amentessadiary
ĞŸÑƒÑ‚ĞµĞ²Ğ¾Ğ´Ğ¸Ñ‚ĞµĞ»ÑŒ Ğ¿Ğ¾ ĞœĞ¸Ñ€Ğ°Ğ¼,https://uk.tgstat.com/channel/@worlds_guide,https://t.me/worlds_guide
Ğ¥ĞĞ›Ğ¯Ğ’ĞšĞ,https://uk.tgstat.com/channel/@truehalyavka,https://t.me/truehalyavka
Â¤â–ªï¸Â¤ğŸš€,https://uk.tgstat.com/channel/@tankschannelhere,https://t.me/tankschannelhere
SORARE â€¢ Ukrainian Hub,https://uk.tgstat.com/channel/@Sorare_UH,https://t.me/Sorare_UH
"Ğ’ÑĞµÑĞ²Ñ–Ñ‚ Ğ’Ñ–Ğ´ÑŒĞ¼Ğ°ĞºĞ° (ĞĞ Ğ†, Ğ»Ğ¾Ñ€ Ñ‚Ğ° Ğ½Ğ¾Ğ²Ğ¸Ğ½Ğ¸)",https://uk.tgstat.com/channel/@TheWitcherUA,https://t.me/TheWitcherUA
ĞœĞ¾ÑĞ½Ò‘ Ğ£ĞºÑ€Ğ°Ñ—Ğ½Ğ° | Minecraft ĞĞ¾Ğ²Ğ¸Ğ½Ğ¸ | #Ğ£ĞºÑ€Ğ¢Ò‘,https://uk.tgstat.com/channel/@MojangUA,https://t.me/MojangUA
HELLO NEIGHBOR ğŸ“° TIMES,https://uk.tgstat.com/channel/@hn_times,https://t.me/hn_times
BUBLICK,https://uk.tgstat.com/channel/@bublickgav,https://t.me/bublickgav
Quiz cheese/Ğ†Ğ³Ñ€Ğ¾Ğ²Ğ¸Ğ¹ Ñ‡Ğ°Ñ‚,https://uk.tgstat.com/channel/_vmgAVv721wwNTEy,https://t.me/joinchat/_vmgAVv721wwNTEy
yes / no - cs:go,https://uk.tgstat.com/channel/@yesnocsgo,https://t.me/yesnocsgo
ĞœĞ¸Ğ³Ğ°Ğ»ÑŒ Ğ±Ğ°Ğ²Ğ¸Ñ‚,https://uk.tgstat.com/channel/@myhalbavyt,https://t.me/myhalbavyt
Astralis CSGO|ĞÑÑ‚Ñ€Ğ°Ğ»Ğ¸Ñ ĞšĞ¡Ğ“Ğ,https://uk.tgstat.com/channel/@astraliscsgos,https://t.me/astraliscsgos
âœ™I'm going to ULTRAKILL YOU,https://uk.tgstat.com/channel/@ULTRAKILLukr,https://t.me/ULTRAKILLukr
Ğ†Ğ³Ñ€Ğ¾Ğ²Ñ– Ğ½Ğ¾Ğ²Ğ¸Ğ½Ğ¸/Game Island,https://uk.tgstat.com/channel/@GameIslandq,https://t.me/GameIslandq
Ğ’ĞĞ›ĞĞ ĞĞĞ¢ â€” Ğ½Ğ¾Ğ²Ğ¸Ğ½Ğ¸ VALORANT ÑƒĞºÑ€Ğ°Ñ—Ğ½ÑÑŒĞºĞ¾Ñ UA,https://uk.tgstat.com/channel/@ValorantUKR,https://t.me/ValorantUKR
Honkai: Star Rail UA | ĞĞ¾Ğ²Ğ¸Ğ½Ğ¸,https://uk.tgstat.com/channel/@honkaistarrailukraine,https://t.me/honkaistarrailukraine
Evolution Game Club - Ğ¢ÑƒÑ€Ğ½Ñ–Ñ€Ğ½Ğ¸Ğ¹ Ğ¾Ğ¿ĞµÑ€Ğ°Ñ‚Ğ¾Ñ€,https://uk.tgstat.com/channel/@evolution_game_club,https://t.me/evolution_game_club
MSP (ĞœĞ¡ĞŸ),https://uk.tgstat.com/channel/@msp_zp,https://t.me/msp_zp
GN UA - ÒÑ–Ğº ÑÑ–Ğ¼'Ñ,https://uk.tgstat.com/channel/@gn_ua,https://t.me/gn_ua
Ğ¥Ğ°Ğ»ÑĞ²Ğ° Ğ¾Ñ‚ Rouse,https://uk.tgstat.com/channel/@Kingxalyava,https://t.me/Kingxalyava
Gamemes - Ğ“Ğ°Ğ¼ĞµĞ¼ĞµÑ,https://uk.tgstat.com/channel/@gamemememes,https://t.me/gamemememes
Brawl Stars1x,https://uk.tgstat.com/channel/@aton1x,https://t.me/aton1x
HYDRAÂ¹Â¹,https://uk.tgstat.com/channel/@elevenhydra,https://t.me/elevenhydra
ĞŸĞµĞºĞ°Ñ€Ğ½Ñ ğŸ‡ºğŸ‡¦,https://uk.tgstat.com/channel/@pecarnya_ua,https://t.me/pecarnya_ua
No cringe,https://uk.tgstat.com/channel/@Antiderevo369,https://t.me/Antiderevo369
Ren'Py Games,https://uk.tgstat.com/channel/@RenPy_Games,https://t.me/RenPy_Games
Ğ˜Ğ³Ñ€Ğ¾Ğ²Ğ¾Ğ¹ Jumnats_Zone ğŸ®,https://uk.tgstat.com/channel/@Jumnats_zone,https://t.me/Jumnats_zone
"""ĞœĞ°Ñ„Ğ¸Ñ Ğ² Ğ˜Ğ·Ğ¼Ğ°Ğ¸Ğ»Ğµ"" (ĞºĞ°Ğ½Ğ°Ğ»)",https://uk.tgstat.com/channel/@izmailmafia,https://t.me/izmailmafia
ğ—–ğ˜‚ğ—¯ğ—¶ğ˜… ğ—šğ—¿ğ—¼ğ˜‚ğ—½,https://uk.tgstat.com/channel/@cubixdesign,https://t.me/cubixdesign
Flatout MOD2iNG ğŸ¤ >700 Ğ¼Ğ¾Ğ´Ğ¾Ğ²,https://uk.tgstat.com/channel/@fo2_mod2ing,https://t.me/fo2_mod2ing
ğŸ’å…€ç‰™äº‡ç‰‡é—© äº‡é—©ç‰‡ë‚˜ğŸ˜,https://uk.tgstat.com/channel/@pyatkataki,https://t.me/pyatkataki
Ğ£Ğ³Ğ¾Ğ»Ğ¾Ğº ĞœĞ¸Ğ·ÑƒĞºĞ¸ğŸ€| ProSeka cards;icons;stickers;etc;,https://uk.tgstat.com/channel/@mizukiscorner,https://t.me/mizukiscorner
GrandMods | Ğ“Ñ€ÑƒĞ·Ğ¾Ğ²Ğ¸ĞºĞ¸ Ğ¸ ÑĞ¸Ğ¼ÑƒĞ»ÑÑ‚Ğ¾Ñ€Ñ‹,https://uk.tgstat.com/channel/@grandmodss,https://t.me/grandmodss
Wild Rift l ĞŸĞ¾Ğ¸ÑĞº ĞĞ°Ğ¿Ğ°Ñ€Ğ½Ğ¸ĞºĞ¾Ğ² l VS,https://uk.tgstat.com/channel/@WildRiftSearch,https://t.me/WildRiftSearch
Ğ‘ÑƒÑ‚Ñ”Ñ€Ğ¸ Ğ²Ñ–Ğ´ Ğ‘Ñ€Ğ¾ÑƒĞ´Ğ° / Marvel Snap,https://uk.tgstat.com/channel/@MarvelSnapUA,https://t.me/MarvelSnapUA
ğŸ–¤Dimon4ick_2ğŸ–¤,https://uk.tgstat.com/channel/@Dimon4ick_2,https://t.me/Dimon4ick_2
Ğ¡Ñ‚Ğ¾Ñ€Ğ¾Ğ¶ĞµĞ²Ğ°Ñ Ğ±Ğ°ÑˆĞ½Ñ,https://uk.tgstat.com/channel/@my_watch_tower,https://t.me/my_watch_tower
Ğ£ĞºÑ€Ğ°Ñ—Ğ½ÑÑŒĞºĞ¾Ñ Ğ¿Ğ¾-Ğ½Ğ°ÑÑ‚Ñ–Ğ»ÑŒĞ½Ğ¾Ğ¼ÑƒğŸ‡ºğŸ‡¦,https://uk.tgstat.com/channel/@boardWorldUkrainian,https://t.me/boardWorldUkrainian
Ğ¡Ğ²Ñ–Ñ‚ Playstation Ñ‚Ğ° Genshin Impact,https://uk.tgstat.com/channel/@playstation_genshinimpact_ukr,https://t.me/playstation_genshinimpact_ukr
SPACE OF CS:GO | VALORANT,https://uk.tgstat.com/channel/@csgoworld7,https://t.me/csgoworld7
VOLKISA | DESIGNER,https://uk.tgstat.com/channel/@Volkis_NEWS,https://t.me/Volkis_NEWS
Fr legends | ĞšÑ€ÑƒÑ‚Ğ¸Ğµ ĞºĞ¾Ğ´Ñ‹,https://uk.tgstat.com/channel/@hbnrnr,https://t.me/hbnrnr
ĞšĞ°ÑÑ‚Ğ¾Ğ¼ĞºĞ¸ Ğ¸ Ğ¿Ñ€Ğ°ĞºĞ¸ Ğ¾Ñ‚ Last ã‚¡ Vallhala,https://uk.tgstat.com/channel/@sapphir_pubg,https://t.me/sapphir_pubg
Profesioonal,https://uk.tgstat.com/channel/@squadt,https://t.me/squadt
ĞŸÑ€Ğ¾Ğ´Ğ°Ğ¶Ğ° Ğ¢Ñ€Ğ¾Ñ„ĞµĞµĞ² Ğ½Ğ° Playstation ğŸ†ğŸ†ğŸ†,https://uk.tgstat.com/channel/@PlaystationTrophiesStore,https://t.me/PlaystationTrophiesStore
Arizona HELLğŸŒ´NEWS,https://uk.tgstat.com/channel/@ArizonaHellNews,https://t.me/ArizonaHellNews
Goodpromo,https://uk.tgstat.com/channel/@goodpromofail,https://t.me/goodpromofail
Markes FIFA ğŸ‡ºğŸ‡¦âš½ï¸,https://uk.tgstat.com/channel/@markes_fifa,https://t.me/markes_fifa
ğ—Ÿğ—œğ—•ğ—¥ğ—”ğ— ,https://uk.tgstat.com/channel/@librame_fam,https://t.me/librame_fam
Epic Sale,https://uk.tgstat.com/channel/@epicsalegame,https://t.me/epicsalegame
Zarileo So2,https://uk.tgstat.com/channel/@zarileostandoff,https://t.me/zarileostandoff
Ğ“Ğ•Ğ™Ğ¼ĞµÑ€ ğŸ®ğŸ‡ºğŸ‡¦,https://uk.tgstat.com/channel/@pozhyloygamer,https://t.me/pozhyloygamer
Fruin Games,https://uk.tgstat.com/channel/@fruin_games,https://t.me/fruin_games
ÑƒĞ·ÑĞ»Ğ° Ğ¹ Ğ½Ğµ Ğ²ĞºÑ€Ğ°Ğ»Ğ°,https://uk.tgstat.com/channel/@do_not_stolen_ua,https://t.me/do_not_stolen_ua
"COUNTERSHOW | ĞĞ¾Ğ²Ğ¾ÑÑ‚Ğ¸ Ğ¸Ğ³Ñ€, ÑĞ»Ğ¸Ğ²Ñ‹, Ğ¾Ğ±Ğ·Ğ¾Ñ€Ñ‹",https://uk.tgstat.com/channel/@countershownews,https://t.me/countershownews
Ğ°Ğ¼ĞµĞ½Ñ‚Ñ„Ğ¾Ñ€ĞµĞ· / mcs & shs,https://uk.tgstat.com/channel/@ament4z,https://t.me/ament4z
NAZAR PRO,https://uk.tgstat.com/channel/@nazarproyt,https://t.me/nazarproyt
ĞšĞ°Ğ±Ğ°Ñ‡Ğ¾Ğº,https://uk.tgstat.com/channel/@newskristal,https://t.me/newskristal
Suhar3r,https://uk.tgstat.com/channel/@suhar3r,https://t.me/suhar3r
Mafia Time | InfoğŸ¤µğŸ»â€â™‚ï¸,https://uk.tgstat.com/channel/@MafiaTimeInfo,https://t.me/MafiaTimeInfo
Stars Csgo,https://uk.tgstat.com/channel/@starscsgo,https://t.me/starscsgo
Ğ“Ñ€Ğ°Ğ»ÑŒĞ½Ñ Ğ¥Ñ–Ğ¾,https://uk.tgstat.com/channel/@hiotsu,https://t.me/hiotsu
DemoReality,https://uk.tgstat.com/channel/@DemoReality,https://t.me/DemoReality
paid free | Ğ¿Ğ»Ğ°Ñ‚Ğ½Ğ¾Ğµ Ğ±ĞµÑĞ¿Ğ»Ğ°Ñ‚Ğ½Ğ¾Ğµ,https://uk.tgstat.com/channel/@paid_free_and_mod,https://t.me/paid_free_and_mod
psdealsua,https://uk.tgstat.com/channel/@psdealsua,https://t.me/psdealsua
ğŸŒ á€á—©á‘•á•¼á—© á‘­áá—©á‘á—´á¢ ğŸŒ,https://uk.tgstat.com/channel/@gacha_planet_channel,https://t.me/gacha_planet_channel
Clash Masters,https://uk.tgstat.com/channel/@ClashRoyaleMasters,https://t.me/ClashRoyaleMasters
Ğ¶Ğ¸Ğ·Ğ½ÑŒ Ğ¿ÑƒĞ¿ÑĞ¸ Ğ½ĞµÑ…ÑƒÑĞ°,https://uk.tgstat.com/channel/@nexus_officiall,https://t.me/nexus_officiall
Ğ¡Ğ°Ğ¼Ğ¿ Ğ¿Ğ¸Ğ°Ñ€ ĞºÑ€Ğ¼Ğ¿,https://uk.tgstat.com/channel/9Ilo1vwsInc4Zjgy,https://t.me/joinchat/9Ilo1vwsInc4Zjgy
Aviator Games Spribe online Ğ¸Ğ³Ñ€Ğ°Ñ‚ÑŒ https://www.aviator-games.top,https://uk.tgstat.com/channel/@Aviator_Games_Spribe_online,https://t.me/Aviator_Games_Spribe_online
Th1rd-Player,https://uk.tgstat.com/channel/@T_Player,https://t.me/T_Player
DownTown,https://uk.tgstat.com/channel/@hydrasdowntown,https://t.me/hydrasdowntown
Homeworld,https://uk.tgstat.com/channel/@HomeworldGame,https://t.me/HomeworldGame
Skoter GroupğŸ‰,https://uk.tgstat.com/channel/@designbraw,https://t.me/designbraw
XennUx,https://uk.tgstat.com/channel/@xennux,https://t.me/xennux
âœ™CS:GO ESPORĞ¢S ğŸ‡ºğŸ‡¦,https://uk.tgstat.com/channel/@uacsgoesports,https://t.me/uacsgoesports
Pinsâ€¢AniDan'AğŸ¥‹ Ğ¿Ğ¸Ğ½Ñ‹,https://uk.tgstat.com/channel/@PinsByAnidan,https://t.me/PinsByAnidan
hvostatik blitz ğŸ‡ºğŸ‡¦,https://uk.tgstat.com/channel/@wotblitzhvost_ua,https://t.me/wotblitzhvost_ua
Nigga Brawl,https://uk.tgstat.com/channel/@nigga_brawl,https://t.me/nigga_brawl
69SQUAD,https://uk.tgstat.com/channel/@etrfswer,https://t.me/etrfswer
Ilya Martyanov (c0pgames),https://uk.tgstat.com/channel/@c0pgames,https://t.me/c0pgames
{Â¶ĞĞ¾Ğ²Ğ¾ÑÑ‚Ğ¸#Ñ„Ğ¾Ñ€Ñ‚Ğ½Ğ°Ğ¹Ñ‚Â¶},https://uk.tgstat.com/channel/@TP_XYS2023,https://t.me/TP_XYS2023
Ğ¥Ğ°Ğ Ğ´ĞšĞ¾Ğ ğŸ¥µ,https://uk.tgstat.com/channel/@hardcoreruukr,https://t.me/hardcoreruukr
Stellar Evolution News,https://uk.tgstat.com/channel/@StellarEvolutionNews,https://t.me/StellarEvolutionNews
á¯“ â‹† à£ªğ™˜ğ™¡ğ™¤ğ™ªğ™™ğ™® ğ™¨ğ™šğ™– ã‚œ,https://uk.tgstat.com/channel/@summerday1w,https://t.me/summerday1w
ĞŸĞ ĞĞ”ĞĞ–Ğ ĞĞšĞĞ£ĞĞ¢Ğ†Ğ’ |UAğŸ‡ºğŸ‡¦ğŸ‡ºğŸ‡¦,https://uk.tgstat.com/channel/@akautiizigor,https://t.me/akautiizigor
ğŸ®Moki ProductionğŸ®,https://uk.tgstat.com/channel/@MokiProduc,https://t.me/MokiProduc
Poker st.919,https://uk.tgstat.com/channel/@POKERst919,https://t.me/POKERst919
FrostMax HUB (ENG),https://uk.tgstat.com/channel/@frostmaxhub_eng,https://t.me/frostmaxhub_eng
Bloodborne Ukraine,https://uk.tgstat.com/channel/@BloodborneUkraine,https://t.me/BloodborneUkraine
ĞĞĞ’ĞĞ¡Ğ¢Ğ˜ Ğ’ĞĞ›Ğ¬Ğ¢Ğ,https://uk.tgstat.com/channel/@NovostyVolta,https://t.me/NovostyVolta
"""Sandstone"" - Ñ†Ğµ Ğ£ĞºÑ€Ğ°Ñ—Ğ½Ğ°"" ĞĞ¾Ğ²Ğ¸Ğ½Ğ¸ Standoff 2",https://uk.tgstat.com/channel/l5DeQ8TjEDlkODA6,https://t.me/joinchat/l5DeQ8TjEDlkODA6
"CS:GO LudomanğŸ€ ĞŸÑ€Ğ¾Ğ³Ğ½Ğ¾Ğ·Ñ‹, ÑÑ‚Ğ°Ğ²ĞºĞ¸ Ğ½Ğ° CS:GO",https://uk.tgstat.com/channel/id1382292647,https://t.me/joinchat/id1382292647
OleksandrPts,https://uk.tgstat.com/channel/@oleksandrpts,https://t.me/oleksandrpts
Ğ¶Ğ¸Ğ·Ğ½ÑŒ Ğ² Ğ¸Ğ³Ñ€Ğ°Ñ…,https://uk.tgstat.com/channel/@screen_jpg,https://t.me/screen_jpg
UPmoney | Ğ·Ğ°Ñ€Ğ¾Ğ±Ñ–Ñ‚Ğ¾ĞºğŸ¤‘,https://uk.tgstat.com/channel/@UPmoneyok,https://t.me/UPmoneyok
... And justice for all,https://uk.tgstat.com/channel/@prigovor_karaet,https://t.me/prigovor_karaet
Kamodos,https://uk.tgstat.com/channel/@kamodos,https://t.me/kamodos
"ĞšÑƒĞ¿Ğ¸/Ğ¿Ñ€Ğ¾Ğ´Ğ°Ğ¹ Ñ‚ĞµÑ…Ğ½Ğ¸ĞºÑƒ , Ğ·Ğ°Ğ¿Ñ‡Ğ°ÑÑ‚Ğ¸ Ğ£ĞºÑ€Ğ°Ğ¸Ğ½Ğ° (ĞšĞ¸ĞµĞ²) Ğ¾Ğ±Ğ». Vertex Buy",https://uk.tgstat.com/channel/@buy_kyiv,https://t.me/buy_kyiv
Cs:go Ukrainian,https://uk.tgstat.com/channel/@csgoukraineciber,https://t.me/csgoukraineciber
Xbox,https://uk.tgstat.com/channel/@xboxRobyIvanov62,https://t.me/xboxRobyIvanov62
Game News | ĞĞ¾Ğ²Ğ¸Ğ½Ğ¸ Ğ¿Ñ€Ğ¾ Ñ–Ğ³Ñ€Ğ¸ ğŸ®,https://uk.tgstat.com/channel/@gamenewsukr,https://t.me/gamenewsukr
Black Side Shop | ğŸ‡ºğŸ‡¦ |,https://uk.tgstat.com/channel/@blacksideshopua,https://t.me/blacksideshopua
[TOPOR777] NEWS,https://uk.tgstat.com/channel/@TOPOR777CHANEL,https://t.me/TOPOR777CHANEL
Ğ¡ĞµĞºÑÑƒĞ°Ğ»ÑŒĞ½Ñ‹Ğ¹ CS:GO,https://uk.tgstat.com/channel/HvZZhIGRdAhkZGVi,https://t.me/joinchat/HvZZhIGRdAhkZGVi
Ğ†Ğ“Ğ ĞĞ’Ğ† ĞĞĞ’Ğ˜ĞĞ˜,https://uk.tgstat.com/channel/Gmjdh8cSCIZiNWYy,https://t.me/joinchat/Gmjdh8cSCIZiNWYy
GameSpalah,https://uk.tgstat.com/channel/@gamespalah,https://t.me/gamespalah
â“‚ï¸etro Shop LolTop ğŸ‡ºğŸ‡¦,https://uk.tgstat.com/channel/@MetroShopLolTop,https://t.me/MetroShopLolTop
Ğ ĞĞ‘Ğ£ĞšĞ¡Ğ« Ğ”Ğ•Ğ¨Ğ•Ğ’Ğ›Ğ• Ğ“Ğ Ğ˜Ğ‘ĞĞ’!,https://uk.tgstat.com/channel/@rbxlowprice,https://t.me/rbxlowprice
UaPlay,https://uk.tgstat.com/channel/@uaplayteam,https://t.me/uaplayteam
Ğ˜Ğ³Ñ€Ğ¾Ğ²Ğ¾Ğ¹ Ğ´Ğ½ĞµĞ²Ğ½Ğ¸Ğº,https://uk.tgstat.com/channel/@game_diary,https://t.me/game_diary
Pet Simulator X ğŸ‘‘,https://uk.tgstat.com/channel/@psxsim,https://t.me/psxsim
MTG decks,https://uk.tgstat.com/channel/@mtg_decks,https://t.me/mtg_decks
DaNHIC,https://uk.tgstat.com/channel/@DaNHIC1,https://t.me/DaNHIC1
Ğ”Ğ¾ Ñ€ĞµÑ‡Ñ– | Podcast,https://uk.tgstat.com/channel/@bythewayua,https://t.me/bythewayua
Neverland | The Witcher,https://uk.tgstat.com/channel/@thenewwitcher,https://t.me/thenewwitcher
Ğ˜Ğ³Ñ€Ñ‹ ĞŸÑ€Ğ¾ÑÑ‚Ğ¾ Ğ¢Ğ°Ğº,https://uk.tgstat.com/channel/@games4gratis2,https://t.me/games4gratis2
