–¢–≤–æ—Ä—á–∞ –º–∞–π—Å—Ç–µ—Ä–Ω—è | –†—É–∫–æ–¥—ñ–ª–ª—è,https://uk.tgstat.com/channel/HQLqPNl89skxNmEy,https://t.me/joinchat/HQLqPNl89skxNmEy
"–Ü–¥–µ—ó –¥–ª—è —Ä—É–∫–æ–¥—ñ–ª–ª—è, –≤'—è–∑–∞–Ω–Ω—è",https://uk.tgstat.com/channel/@vyazannyarukodillya,https://t.me/vyazannyarukodillya
–ú–æ–¥–Ω–µ –í'—è–∑–∞–Ω–Ω—èüß∂,https://uk.tgstat.com/channel/@m_vyazannya,https://t.me/m_vyazannya
–ú—ñ—Å—Ç–æ –º–∞–π—Å—Ç—Ä—ñ–≤ | –õ–ê–ô–§–•–ê–ö–ò,https://uk.tgstat.com/channel/UG1h_Ml5vqI2ZTUy,https://t.me/joinchat/UG1h_Ml5vqI2ZTUy
–î–∞–≤–∞–π –∑—Ä–æ–±–∏–º–æ —Ü–µ üé®,https://uk.tgstat.com/channel/pgvK0m1peDszNmIy,https://t.me/joinchat/pgvK0m1peDszNmIy
–ê–ú–Ü–ì–£–†–£–ú–Ü üê•ü¶ãüêø,https://uk.tgstat.com/channel/@amihurumi,https://t.me/amihurumi
—Å—Ö–µ–º–∏ –∞–º—ñ–≥—É—Ä—É–º—ñ –∑ –±—ñ—Å–µ—Ä—É,https://uk.tgstat.com/channel/@amigurymishemki,https://t.me/amigurymishemki
ùìªùì™ùì´ùì´ùì≤ùìΩ ùìπùì™ùîÄ |—Å—Ö–µ–º–∏ –¥–ª—è –±—ñ—Å–µ—Ä–æ–ø–ª–µ—Ç—ñ–Ω–Ω—è|beads,https://uk.tgstat.com/channel/@rabbittpaw,https://t.me/rabbittpaw
–ë—ñ—Å–µ—Äüìø–ë—ñ—Å–µ—Ä–æ–ø–ª–µ—Ç—ñ–Ω–Ω—è,https://uk.tgstat.com/channel/@uabiserua,https://t.me/uabiserua
VitaGul,https://uk.tgstat.com/channel/@vitagul,https://t.me/vitagul
–õ—è–ª—å–∫–∏. –°–ª–∞–≤–∞ –£–∫—Ä–∞—ó–Ω—ñ!,https://uk.tgstat.com/channel/IojdG-lr8OtmMGUy,https://t.me/joinchat/IojdG-lr8OtmMGUy
–†—ñ–∑–¥–≤–æ üéÑ,https://uk.tgstat.com/channel/0N_uMt0AFH81NzQy,https://t.me/joinchat/0N_uMt0AFH81NzQy
"–¶—ñ–∫–∞–≤–µ –≤'—è–∑–∞–Ω–Ω—è, –∞–º—ñ–≥—É—Ä—É–º—ñ, —Å—Ö–µ–º–∏ —Ç–∞ –≤—ñ–∑–µ—Ä—É–Ω–∫–∏",https://uk.tgstat.com/channel/@panibalu_zp,https://t.me/panibalu_zp
–ë–µ–∑–∫–æ—à—Ç–æ–≤–Ω—ñ –ú–ö –∞–º—ñ–≥—É—Ä—É–º—ñüß∂,https://uk.tgstat.com/channel/@mkamigurumi_ukraine,https://t.me/mkamigurumi_ukraine
Leathercraft Patterns –≤—ã–∫—Ä–æ–π–∫–∏,https://uk.tgstat.com/channel/@leathercraftpatterns,https://t.me/leathercraftpatterns
–í'—è–∑–∞–Ω–Ω—è –≥–∞—á–∫–æ–º üß∂–°—Ö–µ–º–∏,https://uk.tgstat.com/channel/@handmade_marjana,https://t.me/handmade_marjana
"üî•–í—ã–∫—Ä–æ–π–∫–∏, —à–∏—Ç—å–µ | –ë–ª–æ–≥ –ù–∞—Ç–∞–ª—å–∏ –ê–±—Ä–∞–º—è–∫",https://uk.tgstat.com/channel/@patternabramyak,https://t.me/patternabramyak
knitforsweet,https://uk.tgstat.com/channel/@knitforsweet_news,https://t.me/knitforsweet_news
–ê–º—ñ–≥—É—Ä—É–º—ñ –ú–ö —ñ–≥—Ä–∞—à–æ–∫ –≥–∞—á–∫–æ–º,https://uk.tgstat.com/channel/@EILSv2xNSDc4NGYy,https://t.me/EILSv2xNSDc4NGYy
–°–∫—Ä–∏–Ω—å–∫–∞ —Å—Ö–µ–º Dimensions,https://uk.tgstat.com/channel/@Skrynka_skhem_Dimensions,https://t.me/Skrynka_skhem_Dimensions
–°—Ö–µ–º–∏ –≤–∏—à–∏–≤–∞–Ω–æ–∫ –±–µ–∑–∫–æ—à—Ç–æ–≤–Ω–æ - –ù–∞–π–±—ñ–ª—å—à–∞ –≥—Ä—É–ø–∞ —É –§–µ–π—Å–±—É—Ü—ñ –ø—Ä–æ –≤–∏—à–∏–≤–∞–Ω–∫–∏ —Ç–∞ –≤–∏—à–∏–≤–∫—É,https://uk.tgstat.com/channel/@shemyvyshivanok,https://t.me/shemyvyshivanok
"HandMade - —Ä—É–∫–æ–¥—ñ–ª–ª—è, –≤'—è–∑–∞–Ω–Ω—è, –ª–∞–π—Ñ—Ö–∞–∫–∏",https://uk.tgstat.com/channel/@rukodillya1,https://t.me/rukodillya1
–ü–∞–ª—è–Ω–∏—Ü—è,https://uk.tgstat.com/channel/@cultureukrainian,https://t.me/cultureukrainian
–¢–∞—Ç–æ –®–≤–µ–π,https://uk.tgstat.com/channel/@tatoshvey,https://t.me/tatoshvey
"–ö–õ–£–ë ""–í–°–ï –î–õ–Ø –®–ò–¢–¢–Ø""",https://uk.tgstat.com/channel/@vukriyka_free,https://t.me/vukriyka_free
CrossStitchPictorial - –∞–≤—Ç–æ—Ä—Å—å–∫—ñ —Å—Ö–µ–º–∏ –¥–ª—è –≤–∏—à–∏–≤–∫–∏ —Ö—Ä–µ—Å—Ç–∏–∫–æ–º –ü–∞—Ö–æ–º–æ–≤–æ—ñ –í—ñ–∫—Ç–æ—Ä—ñ—ó,https://uk.tgstat.com/channel/@crossstitch_pictorial,https://t.me/crossstitch_pictorial
–®–∞—Ñ–∞ –∑ –∂—É—Ä–Ω–∞–ª–∞–º–∏ - –í–∏—à–∏–≤–∫–∞. Cross Stitch,https://uk.tgstat.com/channel/@Shafa_z_zhurnalamy_CrossStitch,https://t.me/Shafa_z_zhurnalamy_CrossStitch
ü•Ä–í—è–∑–∞–Ω–∏–µ –∏ —Ä—É–∫–æ–¥–µ–ª–∏–µ,https://uk.tgstat.com/channel/@rukodellie,https://t.me/rukodellie
–†—É–∫–æ–¥—ñ–ª–ª—è –≤—ñ–¥ –ê –¥–æ –Ø,https://uk.tgstat.com/channel/zh53BVHBmY05ZjZi,https://t.me/joinchat/zh53BVHBmY05ZjZi
–Ü–¥–µ—ó –¥–ª—è —Ä—É–∫–æ–¥—ñ–ª–ª—è Handmade üß∂ü™¢/ –ò–¥–µ–∏ –¥–ª—è —Ä—É–∫–æ–¥–µ–ª–∏—è,https://uk.tgstat.com/channel/@handmade5ideas,https://t.me/handmade5ideas
—à–ø–∏–Ω–∞—Ç–∏–∫!!üåæ,https://uk.tgstat.com/channel/@shpinatikuwu,https://t.me/shpinatikuwu
–°–ï–†–í–ï–¢–ö–ò+–°–•–ï–ú–ò –í'—è–∑–∞–Ω–Ω—è –≥–∞—á–∫–æ–ºüïä,https://uk.tgstat.com/channel/@feya_salfetok,https://t.me/feya_salfetok
–ú—ñ—Å—Ç–æ –ú–∞–π—Å—Ç—Ä—ñ–≤ | –†—É–∫–æ–¥—ñ–ª–ª—è | –õ–∞–π—Ñ—Ö–∞–∫–∏ —Ç–∞ —Ö–∏—Ç—Ä–æ—â—ñ,https://uk.tgstat.com/channel/@mmruk_ua,https://t.me/mmruk_ua
"–ö–æ–≤–∞–ª—å—Å—å–∫–∞ –º–∞–π—Å—Ç–µ—Ä–Ω—è ""–î–∞—Ä—Ö–∞–Ω""",https://uk.tgstat.com/channel/@Darchan2021,https://t.me/Darchan2021
üß∂–í'—è–∑–∞–Ω–Ω—è üß∂Knitt_Inna,https://uk.tgstat.com/channel/@knitt_inna,https://t.me/knitt_inna
–†—É–∫–æ–¥–µ–ª–∏–µ/–¢–≤–æ—ë –•–æ–±–±–∏,https://uk.tgstat.com/channel/@vjazanie48,https://t.me/vjazanie48
Happy Soap| –ú–∏–ª–æ —Ä—É—á–Ω–æ—ó —Ä–æ–±–æ—Ç–∏| Hand Made,https://uk.tgstat.com/channel/@happy_soap_ua,https://t.me/happy_soap_ua
–ü–ª–µ—Ç–∏–≤–æ,https://uk.tgstat.com/channel/@pletyvo_m,https://t.me/pletyvo_m
–í‚Äù—è–∑–∞–Ω–Ω—è,https://uk.tgstat.com/channel/@vyazannya,https://t.me/vyazannya
–°–≤—ñ—Ç –û—Ä–∏–≥–∞–º—ñ,https://uk.tgstat.com/channel/@svit_origami,https://t.me/svit_origami
–ó–µ—Ñ—ñ—Ä–∫–∞. –°—Ö–µ–º–∏ –≤–∏—à–∏–≤–∫–∏/Embroidery schemes,https://uk.tgstat.com/channel/@crossstitch3efirka,https://t.me/crossstitch3efirka
–ú–ö –≤—ñ–¥ i_crochet.kh üß∂,https://uk.tgstat.com/channel/@i_crochetkh,https://t.me/i_crochetkh
_wool_italy,https://uk.tgstat.com/channel/@wool_italy,https://t.me/wool_italy
[–ø—å –∫–æ] —Å–∏–Ω–¥–∏–∫–∞—Ç,https://uk.tgstat.com/channel/@pko_sndct,https://t.me/pko_sndct
–í–∏—Ä–æ–±–∏ –∑ –¥–µ—Ä–µ–≤–∞ üå≥ MyWood,https://uk.tgstat.com/channel/@MyWoodUA,https://t.me/MyWoodUA
beading forest,https://uk.tgstat.com/channel/@viqsonw,https://t.me/viqsonw
–í–∏—à–∏–≤–∫–∞+,https://uk.tgstat.com/channel/@VPorgua,https://t.me/VPorgua
–í—Å–µ –¢–∫–∞–Ω–∏ üá∫üá¶ - –ö–∞—Ç–∞–ª–æ–≥,https://uk.tgstat.com/channel/@vse_tkani_ua,https://t.me/vse_tkani_ua
–ë–ª–æ–≥ –î–æ–º–æ–≥–æ—Å–ø–æ–¥–∞—Ä–∫–∏,https://uk.tgstat.com/channel/FkdcUapjH8FmNDNi,https://t.me/joinchat/FkdcUapjH8FmNDNi
[–ó–∞–∫—Ä—ã—Ç],https://uk.tgstat.com/channel/@sheplybeads,https://t.me/sheplybeads
–°–¥–µ–ª–∞–Ω–æ —Å–≤–æ–∏–º–∏ —Ä—É–∫–∞–º–∏.,https://uk.tgstat.com/channel/@ib_2005,https://t.me/ib_2005
DIY - –ó—Ä–æ–±–∏ —Ü–µ —Å–∞–º,https://uk.tgstat.com/channel/@doityourself2503,https://t.me/doityourself2503
"–ë—ñ—Å–µ—Ä_Ua. –°—Ö–µ–º–∏. –ë—Ä–∞—Å–ª–µ—Ç–∏, –≥–µ—Ä–¥–∞–Ω–∏ —Ç–∞ —ñ–Ω—à–µ",https://uk.tgstat.com/channel/@Biser_Ua5,https://t.me/Biser_Ua5
–¢–≤–æ—Ä—á–∞ —Ö–∞—Ç–∞,https://uk.tgstat.com/channel/@creative_hut,https://t.me/creative_hut
üå∫–ö–∞–Ω–∞–ª –ø–æ –≤—è–∑–∞–Ω–∏—éüëç,https://uk.tgstat.com/channel/@Laces1,https://t.me/Laces1
–ñ–∞–±–∫–∞ —Ç–µ–∂ –≤'—è–∂–µ üê∏üçÑüß∂,https://uk.tgstat.com/channel/@The_frog_knits,https://t.me/The_frog_knits
Toffee_odessa,https://uk.tgstat.com/channel/@toffee_odessa,https://t.me/toffee_odessa
üê∞ beaded.lov üê∞,https://uk.tgstat.com/channel/@beaded_lov,https://t.me/beaded_lov
" ô·¥á·¥Ä·¥Ö·¥ú·¥õ·¥è|ü§ç| (–±–∏—Å–µ—Ä–æ–ø–ª–µ—Ç–µ–Ω–∏–µ, –∞–º–∏–≥—É—Ä—É–º–∏ —Å—Ö–µ–º—ã, –ø–æ–¥–±–æ—Ä–∫–∏)",https://uk.tgstat.com/channel/@beaduto,https://t.me/beaduto
"üå∫.foxy.beads.üå∏ (—Å—Ö–µ–º—ã, –±–∏—Å–µ—Ä–æ–ø–ª–µ—Ç–µ–Ω–∏–µ, –∞–º–∏–≥—É—Ä—É–º–∏)",https://uk.tgstat.com/channel/@foxybeadsK,https://t.me/foxybeadsK
crafts news,https://uk.tgstat.com/channel/@crafts_news,https://t.me/crafts_news
üåæüå∏My_kolosoküå∏üåæ,https://uk.tgstat.com/channel/@my_kolosok,https://t.me/my_kolosok
–í'—è–∑–∞–Ω–Ω—è. –°—Ö–µ–º–∏ —Ç–∞ –≤—ñ–¥–µ–æ—É—Ä–æ–∫–∏.,https://uk.tgstat.com/channel/@knitting_Ua,https://t.me/knitting_Ua
crochet knitting magazine,https://uk.tgstat.com/channel/@crochetKnittingMagazine,https://t.me/crochetKnittingMagazine
–ù–æ–≤–∏–Ω–∫–∏ –ö–∞—Ä—Ç–∏–Ω –ø–æ –Ω–æ–º–µ—Ä–∞–º,https://uk.tgstat.com/channel/@kartunu_po_nomeram,https://t.me/kartunu_po_nomeram
Artcart - –∫–∞—Ä—Ç–∏–Ω–∏ –∑–∞ –Ω–æ–º–µ—Ä–∞–º–∏,https://uk.tgstat.com/channel/@artcartcomua,https://t.me/artcartcomua
Hand Made. –í—è–∑–∞–Ω—ã–µ –∏–≥—Ä—É—à–∫–∏. –û–¥–µ—Å—Å–∞,https://uk.tgstat.com/channel/@HandMadeOksy,https://t.me/HandMadeOksy
ìè≤ ‡ºå Í•à ‚ô° | Kittens‚ô°Ô∏éHelpers,https://uk.tgstat.com/channel/@kittenshelpers,https://t.me/kittenshelpers
–†—É—Ü—ñ –∑ –¥—É–ø—Ü—ñ,https://uk.tgstat.com/channel/@fayne_rukodillia,https://t.me/fayne_rukodillia
–¢–≤–æ—Ä—á—ñ –†—É–∫–∏ üá∫üá¶,https://uk.tgstat.com/channel/T0l_susrHYhlMGMy,https://t.me/joinchat/T0l_susrHYhlMGMy
–ú–∞–π—Å—Ç–µ—Ä–Ω—è –†—É–∫–æ–¥—ñ–ª–ª—è,https://uk.tgstat.com/channel/@m_rukodillya,https://t.me/m_rukodillya
–°–≤—ñ—Ç —à–∏—Ç—Ç—è,https://uk.tgstat.com/channel/@svit_shyttya,https://t.me/svit_shyttya
"–ú–∞–≥—ñ—è –Ω–∏—Ç–æ–∫ü™Ñüß∂. –í'—è–∑–∞–Ω–Ω—è, —à–∏—Ç—Ç—è —Ç–∞ —ñ–Ω—à—ñ —Ç–≤–æ—Ä—á–æ—Å—Ç—ñ",https://uk.tgstat.com/channel/@magiya_nytok,https://t.me/magiya_nytok
