"–ê–ª–µ—Å—å –£–ª–∏—â–µ–Ω–∫–æ | –í—Ä–∞—á-–æ—Å—Ç–µ–æ–ø–∞—Ç,–∫.–º.–Ω, –∞–≤—Ç–æ—Ä —Ñ–µ–π—Å–ø–ª–∞—Å—Ç–∏–∫–∏",https://uk.tgstat.com/channel/@dr_ales,https://t.me/dr_ales
–õ–Ü–ö–ê–† –£ –ö–ò–®–ï–ù–Ü,https://uk.tgstat.com/channel/1OTR_bFqRgYzNzMy,https://t.me/joinchat/1OTR_bFqRgYzNzMy
–ó–¥–æ—Ä–æ–≤–µ –ñ–∏—Ç—Ç—è,https://uk.tgstat.com/channel/d-vDknc9IZRlNGY0,https://t.me/joinchat/d-vDknc9IZRlNGY0
–ë–ª–æ–≥ –ø—Ä–æ –∑–¥–æ—Ä–æ–≤‚Äô—è,https://uk.tgstat.com/channel/kwIbZpXJ7uUyMjMy,https://t.me/joinchat/kwIbZpXJ7uUyMjMy
–§—ñ—Ç–Ω–µ—Å | –•–∞—Ä—á—É–≤–∞–Ω–Ω—è,https://uk.tgstat.com/channel/WkU9FZnrc_42ZTVi,https://t.me/joinchat/WkU9FZnrc_42ZTVi
–¢–∞—î–º–Ω–∏—Ü—ñ –ó–¥–æ—Ä–æ–≤'—è,https://uk.tgstat.com/channel/JiHjbz1fOEU1YzVi,https://t.me/joinchat/JiHjbz1fOEU1YzVi
–°–µ–∫—Ä–µ—Ç–∏ –∑–¥–æ—Ä–æ–≤‚Äô—è,https://uk.tgstat.com/channel/pT4FBPmRbYNhNTM0,https://t.me/joinchat/pT4FBPmRbYNhNTM0
–ó–¥–æ—Ä–æ–≤–µ —Ç—ñ–ª–æ,https://uk.tgstat.com/channel/UEOTCFfhrpI0NzJi,https://t.me/joinchat/UEOTCFfhrpI0NzJi
–ñ—ñ–Ω–æ—á–∞ —Å–∏–ª–∞üçÉ,https://uk.tgstat.com/channel/tmvBwZK7bK0zNTky,https://t.me/joinchat/tmvBwZK7bK0zNTky
–§–æ—Ä–º—É–ª–∞ —Å—Ö—É–¥–Ω–µ–Ω–Ω—è‚ò∫Ô∏è,https://uk.tgstat.com/channel/GEKXY6dgaF82MDZi,https://t.me/joinchat/GEKXY6dgaF82MDZi
–õ—ñ–∫–∞—Ä—Å—å–∫–∞ —Ç–∞—î–º–Ω–∏—Ü—è,https://uk.tgstat.com/channel/GYYA9hQfSSZiZWI6,https://t.me/joinchat/GYYA9hQfSSZiZWI6
–ë–Ü–û–•–ê–ö–Ü–ù–ì –ó–î–û–†–û–í'–Ø,https://uk.tgstat.com/channel/oZzweIb5fOtmN2Zi,https://t.me/joinchat/oZzweIb5fOtmN2Zi
–î–æ–º–∞—à–Ω—ñ–π —Ñ—ñ—Ç–Ω–µ—Å,https://uk.tgstat.com/channel/KnARrMlOSb41MGY0,https://t.me/joinchat/KnARrMlOSb41MGY0
–ù–∞—Ä–æ–¥–Ω–∏–π –õ—ñ–∫–∞—Ä,https://uk.tgstat.com/channel/2uj3sGVikes0MDY6,https://t.me/joinchat/2uj3sGVikes0MDY6
–ó–¥–æ—Ä–æ–≤‚Äô—è UA,https://uk.tgstat.com/channel/XQeR605GZn8xZWJi,https://t.me/joinchat/XQeR605GZn8xZWJi
–ó–∞–ø–∏—Å–∫–∏ –ó–Ω–∞—Ö–∞—Ä—è,https://uk.tgstat.com/channel/xp11SLqkbcszNjU6,https://t.me/joinchat/xp11SLqkbcszNjU6
–ú–æ—î –∑–¥–æ—Ä–æ–≤‚Äô—è,https://uk.tgstat.com/channel/r00X18cZXTMzOTgy,https://t.me/joinchat/r00X18cZXTMzOTgy
–¢–≤—ñ–π –õ—ñ–∫–∞—Ä,https://uk.tgstat.com/channel/L2_dMZSZgsowOWEy,https://t.me/joinchat/L2_dMZSZgsowOWEy
–°–∫—É–ª—å–ø—Ç–æ—Ä —Å–≤–æ–≥–æ —Ç—ñ–ª–∞,https://uk.tgstat.com/channel/@skylptortila,https://t.me/skylptortila
–ú–µ–¥–∏—á–Ω–∞ –°–∫—Ä–∏–Ω—å–∫–∞,https://uk.tgstat.com/channel/55POzYw_zBQxMzJk,https://t.me/joinchat/55POzYw_zBQxMzJk
–ñ—ñ–Ω–æ—á—ñ –°–µ–∫—Ä–µ—Ç–∏ l –ó–¥–æ—Ä–æ–≤'—è,https://uk.tgstat.com/channel/YKMotIwoOcY3NzVk,https://t.me/joinchat/YKMotIwoOcY3NzVk
–°–ø–æ—Ä—Ç–∏–≤–Ω–∏–π —â–æ–¥–µ–Ω–Ω–∏–∫,https://uk.tgstat.com/channel/0RVmXgRfU3M0Yzcy,https://t.me/joinchat/0RVmXgRfU3M0Yzcy
–ó–≤–∞–∂–µ–Ω—ñ —Ç–∞ –©–∞—Å–ª–∏–≤—ñ,https://uk.tgstat.com/channel/muNUu8auM6IwMmQy,https://t.me/joinchat/muNUu8auM6IwMmQy
–ó–¥–æ—Ä–æ–≤–∞ —ó–∂–∞ü•ó,https://uk.tgstat.com/channel/ipQGsXEASqBkZjY6,https://t.me/joinchat/ipQGsXEASqBkZjY6
NataliiaGotsii,https://uk.tgstat.com/channel/@nataliiagotsii,https://t.me/nataliiagotsii
–°—ñ–º–µ–π–Ω–∏–π –ª—ñ–∫–∞—Ä,https://uk.tgstat.com/channel/EphjDOVkFuMwOTEy,https://t.me/joinchat/EphjDOVkFuMwOTEy
Dream Fit,https://uk.tgstat.com/channel/@dreamfit_you,https://t.me/dreamfit_you
–§—ñ—Ç–Ω–µ—Å —Ç–∞ –ó–¥–æ—Ä–æ–≤‚Äô—è‚õëÔ∏è,https://uk.tgstat.com/channel/On63gbiMRxVkOWVi,https://t.me/joinchat/On63gbiMRxVkOWVi
–ù–∞—à–µ —Ç—ñ–ª–æ,https://uk.tgstat.com/channel/RtoC44BsQDk1NTJi,https://t.me/joinchat/RtoC44BsQDk1NTJi
–Ø - –ñ—ñ–Ω–∫–∞,https://uk.tgstat.com/channel/D25u0O35oAw2MDFi,https://t.me/joinchat/D25u0O35oAw2MDFi
–ë—É–¥—å–º–æ –∑–¥–æ—Ä–æ–≤—ñ,https://uk.tgstat.com/channel/HicXjlcR1isyNmQ6,https://t.me/joinchat/HicXjlcR1isyNmQ6
–õ–∞–π—Ñ—Ö–∞–∫–∏ –∑–¥–æ—Ä–æ–≤'—è,https://uk.tgstat.com/channel/lOeyq1w1sesyMTky,https://t.me/joinchat/lOeyq1w1sesyMTky
–°–µ–∫—Ä–µ—Ç–∏ –¥–æ–≤–≥–æ–ª—ñ—Ç—Ç—è,https://uk.tgstat.com/channel/xBg55PC4o6YxODIy,https://t.me/joinchat/xBg55PC4o6YxODIy
–õ–ï–í–ò –ù–ê –°–ü–û–†–¢–Ü,https://uk.tgstat.com/channel/@levisport,https://t.me/levisport
–§–æ—Ä–º—É–ª–∞ —Å—Ö—É–¥–Ω–µ–Ω–Ω—èü•ë,https://uk.tgstat.com/channel/-RA1AT2L9V1kNTVi,https://t.me/joinchat/-RA1AT2L9V1kNTVi
–ó–¥–æ—Ä–æ–≤'—è —ñ –ú–µ–¥–∏—Ü–∏–Ω–∞,https://uk.tgstat.com/channel/8q_lgNeFc_02YTVi,https://t.me/joinchat/8q_lgNeFc_02YTVi
—î–ó–¥–æ—Ä–æ–≤‚Äò—è,https://uk.tgstat.com/channel/bj_HQ426trlmODRi,https://t.me/joinchat/bj_HQ426trlmODRi
–ú–æ–ª–æ–¥—ñ—Å—Ç—å –≤ –î–ï–¢–ê–õ–Ø–• üíô,https://uk.tgstat.com/channel/iCptd2TI504wYTcy,https://t.me/joinchat/iCptd2TI504wYTcy
–í—ñ—Ç–∞–º—ñ–Ω –∑–¥–æ—Ä–æ–≤‚Äò—è,https://uk.tgstat.com/channel/-wjGtgW1zww3MzZi,https://t.me/joinchat/-wjGtgW1zww3MzZi
–¢—Ä–µ–Ω—É–≤–∞–Ω–Ω—è –í–¥–æ–º–∞,https://uk.tgstat.com/channel/Xem67HipXfFjMTEy,https://t.me/joinchat/Xem67HipXfFjMTEy
–ñ–∏—Ç—Ç—è –±–µ–∑ –ª—ñ–∫—ñ–≤,https://uk.tgstat.com/channel/juiBw40ZGs81ZTMy,https://t.me/joinchat/juiBw40ZGs81ZTMy
–°–£–ß–ê–°–ù–ê –ú–ï–î–ò–¶–ò–ù–ê,https://uk.tgstat.com/channel/CPRA3-ePvUcyZmZi,https://t.me/joinchat/CPRA3-ePvUcyZmZi
–§—ñ—Ç–Ω–µ—Å —Ç—Ä–µ–Ω–µ—Ä,https://uk.tgstat.com/channel/CxnvaH6LowIxMGY6,https://t.me/joinchat/CxnvaH6LowIxMGY6
–ê–≤–æ–∫–∞–¥–æ | –§—ñ—Ç–Ω–µ—Å —ñ –•–∞—Ä—á—É–≤–∞–Ω–Ω—è,https://uk.tgstat.com/channel/f98bOS7PVws5Zjc6,https://t.me/joinchat/f98bOS7PVws5Zjc6
—Ç–≤–æ–π ED —Ç—Ä–µ–Ω–µ—Ä,https://uk.tgstat.com/channel/@anorexiant,https://t.me/anorexiant
–§–æ—Ä–º—É–ª–∞ –∑–¥–æ—Ä–æ–≤'—èüë®‚Äç‚öïÔ∏è,https://uk.tgstat.com/channel/@formula_zdorovya,https://t.me/formula_zdorovya
–¢–∞—î–º–Ω–∏—Ü—ñ –ú–æ–ª—å—Ñ–∞—Ä–∞,https://uk.tgstat.com/channel/nUlCq3pUUmM2ZWQy,https://t.me/joinchat/nUlCq3pUUmM2ZWQy
–ó–¥–æ—Ä–æ–≤‚Äò—è —Ä–æ–¥–∏–Ω–∏üë©‚Äç‚öïÔ∏è,https://uk.tgstat.com/channel/@Zdorovia_rodyny,https://t.me/Zdorovia_rodyny
Home Workouts - Anna Tsukur,https://uk.tgstat.com/channel/@tsukurforfriends,https://t.me/tsukurforfriends
–õ—ñ–∫–∞—Ä –ê–π–±–æ–ª—ñ—Ç| –ú–µ–¥–∏—Ü–∏–Ω–∞ —ñ –∞–Ω–∞—Ç–æ–º—ñ—è,https://uk.tgstat.com/channel/bjqoSvuHfMg3NzM1,https://t.me/joinchat/bjqoSvuHfMg3NzM1
–ê–Ω–¥—Ä—ñ–π –•–æ–º–∏—Ü—å–∫–∏–π | –ö–ê–ù–ê–õ,https://uk.tgstat.com/channel/UDKL_Cj5aQK-sdht,https://t.me/joinchat/UDKL_Cj5aQK-sdht
–¢–≤–æ—î –ó–¥–æ—Ä–æ–≤'—è,https://uk.tgstat.com/channel/SohnVg-GwwcxY2Fi,https://t.me/joinchat/SohnVg-GwwcxY2Fi
–¢–∞—î–º–Ω–∏—Ü—ñ —Ç—ñ–ª–∞,https://uk.tgstat.com/channel/4THn28gxqNJlNTc6,https://t.me/joinchat/4THn28gxqNJlNTc6
–ê–∫–∞–¥–µ–º—ñ—è –∑–¥–æ—Ä–æ–≤'—è,https://uk.tgstat.com/channel/5uaBLQSMQohiZmU6,https://t.me/joinchat/5uaBLQSMQohiZmU6
–Ø —Ö—É–¥–Ω—É‚ô•Ô∏è,https://uk.tgstat.com/channel/khb_-5Sy2aMxNTYy,https://t.me/joinchat/khb_-5Sy2aMxNTYy
–ú–µ–¥–∏—Ü–∏–Ω—é,https://uk.tgstat.com/channel/lhUpB3MNHVw1YTg8,https://t.me/joinchat/lhUpB3MNHVw1YTg8
–ì–ê–õ–ê–¢–ï–Ø,https://uk.tgstat.com/channel/@galatea_fitness,https://t.me/galatea_fitness
–ó–¥–æ—Ä–æ–≤‚Äò—è —Ç–∞ –∫—Ä–∞—Å–∞,https://uk.tgstat.com/channel/PLn5d07LqaFmYmE6,https://t.me/joinchat/PLn5d07LqaFmYmE6
GOLOBORODKO,https://uk.tgstat.com/channel/@anagoloborodko,https://t.me/anagoloborodko
–°–µ–∫—Ä–µ—Ç–∏ –∑–¥–æ—Ä–æ–≤‚Äô—è ü©∫üë©‚Äç‚öïÔ∏è,https://uk.tgstat.com/channel/-6upiiksf8AzNWQy,https://t.me/joinchat/-6upiiksf8AzNWQy
–ù–æ–≥–∏–±–æ–≥–∏,https://uk.tgstat.com/channel/@nogibogi,https://t.me/nogibogi
–ë—É–¥–µ–º–æ –∑–¥–æ—Ä–æ–≤—ñ,https://uk.tgstat.com/channel/nqnr6zdV5LhhZTli,https://t.me/joinchat/nqnr6zdV5LhhZTli
ü•ë –ê–Ω—ñ—Ç–∞ –õ—É—Ü–µ–Ω–∫–æ,https://uk.tgstat.com/channel/@anitasportyclub,https://t.me/anitasportyclub
–ó–î–û–†–û–í–ê –ù–ê–¶–Ü–Ø üá∫üá¶,https://uk.tgstat.com/channel/1iSfQeJxAXkyYzVi,https://t.me/joinchat/1iSfQeJxAXkyYzVi
–ñ—ñ–Ω–æ—á–∏–π –∂—É—Ä–Ω–∞–ª,https://uk.tgstat.com/channel/dbn0wgIBu_Y2OGYy,https://t.me/joinchat/dbn0wgIBu_Y2OGYy
–ó–î–û–†–û–í'–Ø –ù–ê –î–û–õ–û–ù–Ü,https://uk.tgstat.com/channel/-H6eHJlJvDkxNTQy,https://t.me/joinchat/-H6eHJlJvDkxNTQy
–î–∞—Ä–Ω–∏—Ü—è: –ø—Ä–æ—Å—Ç–æ –ø—Ä–æ –∑–¥–æ—Ä–æ–≤'—è,https://uk.tgstat.com/channel/@darnytsia_health,https://t.me/darnytsia_health
Doroshenko YOGA üá∫üá¶,https://uk.tgstat.com/channel/@yogax,https://t.me/yogax
–ù–∞–†–æ–¥–Ω—ã–π –¶–µ–ª–∏—Ç–µ–ª—å ‚òòÔ∏è,https://uk.tgstat.com/channel/@narodniy_celitel,https://t.me/narodniy_celitel
–Ø —Å–æ—Ä–æ–º–ª—é—Å—å —Å–≤–æ–≥–æ —Ç—ñ–ª–∞,https://uk.tgstat.com/channel/Brd3d0sTvCVlNTQy,https://t.me/joinchat/Brd3d0sTvCVlNTQy
–¢–≤–æ—è –§—ñ—Ç–Ω–µ—Å –ü–æ–¥—Ä—É–≥–∞,https://uk.tgstat.com/channel/pGoXq4au0c41OTky,https://t.me/joinchat/pGoXq4au0c41OTky
–ë–µ—Ä–µ–∂–∏ —Å–µ–±–µ ‚ù§Ô∏è,https://uk.tgstat.com/channel/@berezhy_sebe,https://t.me/berezhy_sebe
–á–º —Ç–∞ —Ö—É–¥–Ω—É,https://uk.tgstat.com/channel/LJYHOVQrfOs5NDY0,https://t.me/joinchat/LJYHOVQrfOs5NDY0
Bestbodyblog,https://uk.tgstat.com/channel/@bestbodyblog,https://t.me/bestbodyblog
"LOW CARB ZONE UA - —Ä–µ—Ü–µ–ø—Ç–∏ –±–µ–∑ —Ü—É–∫—Ä—É, –±–µ–∑ –≥–ª—é—Ç–µ–Ω—É, –Ω–∏–∑—å–∫–æ–≤—É–≥–ª–µ–≤–æ–¥–Ω–∞ –¥—ñ—î—Ç–∞",https://uk.tgstat.com/channel/@low_carb_zone_ua,https://t.me/low_carb_zone_ua
–•—É–¥–Ω–µ–º–æ –ø—Ä–∞–≤–∏–ª—å–Ω–æ,https://uk.tgstat.com/channel/19lxxZ54CIAxMzli,https://t.me/joinchat/19lxxZ54CIAxMzli
–ó–î–û–†–û–í–ï –°–•–£–î–ù–ï–ù–ù–Ø,https://uk.tgstat.com/channel/@skhudnennya,https://t.me/skhudnennya
UAAK / Association Applied Kinesiology,https://uk.tgstat.com/channel/@uapk_kineziomir,https://t.me/uapk_kineziomir
–•—É–¥–Ω–µ–º–æ online,https://uk.tgstat.com/channel/rPXN0nwvc2E1YThi,https://t.me/joinchat/rPXN0nwvc2E1YThi
TRUE GYM,https://uk.tgstat.com/channel/@truegymtg,https://t.me/truegymtg
–í–ª–∞–¥–µ—Ä–æ–≤–∏—á |C–æ–æ–±—â–µ—Å—Ç–≤–æ‚Ññ1 –æ —Ç—Ä–µ–Ω–∏—Ä–æ–≤–∫–∞—Ö —Å –≤–µ—Å–æ–º —Ç–µ–ª–∞ | –í–æ—Ä–∫–∞—É—Ç –ö–∞–ª–∏—Å—Ç–µ–Ω–∏–∫–∞ –∏ —Å–∏–ª–æ–≤—ã–µ –≤–∏–¥—ã —Å–ø–æ—Ä—Ç–∞,https://uk.tgstat.com/channel/@vladerovich_workout,https://t.me/vladerovich_workout
BLOG NATUR –ê–π—Ö–µ—Ä–± üá∫üá¶,https://uk.tgstat.com/channel/@natur_elena_soba,https://t.me/natur_elena_soba
–§–Ü–¢–ù–ï–° –ë–ï–ó –í–û–î–ò,https://uk.tgstat.com/channel/jCzKmmgkCpM5NDM6,https://t.me/joinchat/jCzKmmgkCpM5NDM6
–°—É–ø–µ—Ä –¢—ñ–ª–æ | –§—ñ—Ç–Ω–µ—Å —Ç–∞ —Ö–∞—Ä—á—É–≤–∞–Ω–Ω—è,https://uk.tgstat.com/channel/nG-FZl8YNBw0OGRi,https://t.me/joinchat/nG-FZl8YNBw0OGRi
–ó–ª–∏–π —Ä–µ–∞–±—ñ–ª—ñ—Ç–æ–ª–æ–≥,https://uk.tgstat.com/channel/@evilphysiotherapist,https://t.me/evilphysiotherapist
GymTraining,https://uk.tgstat.com/channel/@gymtraining,https://t.me/gymtraining
–î—ñ—î—Ç–æ–ª–æ–≥,https://uk.tgstat.com/channel/@dietologua,https://t.me/dietologua
"–ú–û–ó –ø–æ–ø–µ—Ä–µ–¥–∂–∞—î, –û–∑–µ—Ä–Ω–∞ –∑–∞–ø–æ–±—ñ–≥–∞—î",https://uk.tgstat.com/channel/@OzernaHealth,https://t.me/OzernaHealth
FeelGood_ru,https://uk.tgstat.com/channel/@feelgood_ru,https://t.me/feelgood_ru
üå∑–ñ–µ–Ω—Å–∫–æ–µ –∑–¥–æ—Ä–æ–≤—å–µ | Mila Savost,https://uk.tgstat.com/channel/@healthfemale,https://t.me/healthfemale
–•—É–¥–µ–µ–º —Å –û–ª—å–≥–æ–π –ö–ª–µ—Ü–∫–æ–≤–æ–π,https://uk.tgstat.com/channel/@dietolog_ok,https://t.me/dietolog_ok
Smartass,https://uk.tgstat.com/channel/@smartass_club,https://t.me/smartass_club
–ó–¥–æ—Ä–æ–≤‚Äò—è –ø–æ-—É–∫—Ä–∞—ó–Ω—Å—å–∫–∏üá∫üá¶,https://uk.tgstat.com/channel/@zdorovya_po_ukrainski,https://t.me/zdorovya_po_ukrainski
"–í—Å–µ –±—É–¥–µ 36,6",https://uk.tgstat.com/channel/@vse_bude_36_i_6,https://t.me/vse_bude_36_i_6
GymBeam,https://uk.tgstat.com/channel/pCdalYlWqow1NWRi,https://t.me/joinchat/pCdalYlWqow1NWRi
–°–æ—Ñ—ñ—è Sport,https://uk.tgstat.com/channel/@sofiyasport,https://t.me/sofiyasport
Men's Health,https://uk.tgstat.com/channel/@menhealthUA,https://t.me/menhealthUA
Ballroom and Latin lectures for Ukrainianüá∫üá¶ (zoom),https://uk.tgstat.com/channel/@zoomballroomlecturesforukrainian,https://t.me/zoomballroomlecturesforukrainian
Sano,https://uk.tgstat.com/channel/@hey_just_do_it,https://t.me/hey_just_do_it
–î—ñ–∞–†—É—Ö–∞–Ω–∫–∞,https://uk.tgstat.com/channel/@diaruhanka,https://t.me/diaruhanka
Anywell,https://uk.tgstat.com/channel/@anywell,https://t.me/anywell
D.Side Dance Studio,https://uk.tgstat.com/channel/@dsidedancestudio,https://t.me/dsidedancestudio
–ö–æ—Ç–∏–≥–æ—Ä–æ—à–∫–æ | –ó–¥–æ—Ä–æ–≤ º—è –Ω–∞—Ü—ñ—ó,https://uk.tgstat.com/channel/2330W5Z9VDQ4Mzk6,https://t.me/joinchat/2330W5Z9VDQ4Mzk6
–ú–∞—Ä–∞—Ñ–æ–Ω —Å—Ç—Ä—É–Ω–∫–æ—Å—Ç—ñ –ê–Ω–∞—Å—Ç–∞—Å—ñ—ó,https://uk.tgstat.com/channel/5oSHySDODbxhYWYy,https://t.me/joinchat/5oSHySDODbxhYWYy
–ê—é—Ä–≤–µ–¥–∞ UA,https://uk.tgstat.com/channel/@ayurvedaua,https://t.me/ayurvedaua
–ö—ñ–Ω–∑–∞ | –§—ñ—Ç–Ω–µ—Å —Ç–∞ –•–∞—Ä—á—É–≤–∞–Ω–Ω—è üá∫üá¶,https://uk.tgstat.com/channel/hB9gx5c7jA5lYTVi,https://t.me/joinchat/hB9gx5c7jA5lYTVi
–ó–î–û–†–û–í–ï –¢–Ü–õ–û,https://uk.tgstat.com/channel/@b0dy_transformation,https://t.me/b0dy_transformation
–†–æ–∑—É–º–Ω–µ —Ç—ñ–ª–æ / Mind Body,https://uk.tgstat.com/channel/@MindBody_ua,https://t.me/MindBody_ua
–ó–¥–æ—Ä–æ–≤—å–µ - –ª–µ–≥–∫–æ –∏ –ø—Ä–æ—Å—Ç–æ.,https://uk.tgstat.com/channel/@zdorovyou,https://t.me/zdorovyou
–î—ñ—î–º–æ –¥–ª—è –∑–¥–æ—Ä–æ–≤‚Äò—è,https://uk.tgstat.com/channel/@actforhealth,https://t.me/actforhealth
–ó–î–û–†–û–í–ï–ù–¨–ö–Ü –ë–£–õ–ò!,https://uk.tgstat.com/channel/@zdorovenkibyli,https://t.me/zdorovenkibyli
PRO—Å—Ö—É–¥–Ω–µ–Ω–Ω—è —ñ –Ω–µ —Ç—ñ–ª—å–∫–∏ üçè,https://uk.tgstat.com/channel/NQaFRuIdtQ03NTcy,https://t.me/joinchat/NQaFRuIdtQ03NTcy
–ô–æ–≥–∞-–¥–∏—Å–∫—É—Ä—Å,https://uk.tgstat.com/channel/@YogaDiscourse,https://t.me/YogaDiscourse
–î–∞–æ—Å—Å–∫–∞—è –®–∫–æ–ª–∞ –Ø–Ω –®–µ–Ω,https://uk.tgstat.com/channel/S07EZz4cGoJXyXyE,https://t.me/joinchat/S07EZz4cGoJXyXyE
We Meditate UA - –¢–∏–∂–¥–µ–Ω—å –≤—ñ–¥–Ω–æ–≤–ª–µ–Ω–Ω—è –∂–∏—Ç—Ç—è,https://uk.tgstat.com/channel/@wemeditateua,https://t.me/wemeditateua
–ü—ñ–∫–ª—É–π—Å—è –ø—Ä–æ —Å–µ–±–µ —Ä–∞–∑–æ–º –∑ Wispence,https://uk.tgstat.com/channel/@wispenceapp_ua,https://t.me/wispenceapp_ua
–ë—ñ–∑–Ω–µ—Å | –ú–æ—Ç–∏–≤–∞—Ü—ñ—è,https://uk.tgstat.com/channel/@motivka_ua,https://t.me/motivka_ua
SIKARIO‚Ä¢UNI¬©N,https://uk.tgstat.com/channel/@sikario_u,https://t.me/sikario_u
–°–∏–ª–∞ –≤ –î–£–°–Ü,https://uk.tgstat.com/channel/@Sila_v_DUSY,https://t.me/Sila_v_DUSY
ü•¶–°–ü–û–†–¢ | –°–•–£–î–ù–ï–ù–ù–Ø | –†–ï–¶–ï–ü–¢–òü•¶,https://uk.tgstat.com/channel/@hudeemVmesti,https://t.me/hudeemVmesti
–ö—Ä–∞—Å–∏–≤–µ —Ç—ñ–ª–æ –∑–∞ 10 —Ö–≤–∏–ª–∏–Ω –≤ –¥–µ–Ω—å,https://uk.tgstat.com/channel/@beautifulbody2022,https://t.me/beautifulbody2022
–ú–ê–†–ê–§–û–ù –ü–û –ó–î–û–†–û–í–û–ú–£ –°–•–£–î–ù–ï–ù–ù–Æ,https://uk.tgstat.com/channel/obC5n0SqOFcyNGYy,https://t.me/joinchat/obC5n0SqOFcyNGYy
–•–æ—á—É —Å—Ö—É–¥–Ω—É—Ç–∏! üî•,https://uk.tgstat.com/channel/@Diet29days,https://t.me/Diet29days
edOK,https://uk.tgstat.com/channel/@ed_ok,https://t.me/ed_ok
–°—Ö—É–¥–Ω–µ–Ω–Ω—è | –¢—Ä–∞–Ω—Å—Ñ–æ—Ä–º–∞—Ü—ñ—è —á–µ—Ä–µ–∑ —ó–∂—É,https://uk.tgstat.com/channel/@shydnenja,https://t.me/shydnenja
–ê–∫–∞–¥–µ–º—ñ—è –ó–î–û–†–û–í º–Ø,https://uk.tgstat.com/channel/UdzuuPIXFNc5ZTIy,https://t.me/joinchat/UdzuuPIXFNc5ZTIy
SPORT LIVE /WELLNESS,https://uk.tgstat.com/channel/@sports_and_beauty,https://t.me/sports_and_beauty
–ò—à–≤–∞—Ä–∞ –ô–æ–≥–∞,https://uk.tgstat.com/channel/@ishvarayoga_kiev,https://t.me/ishvarayoga_kiev
Wellness NSP –£–∫—Ä–∞—ó–Ω–∞,https://uk.tgstat.com/channel/@WellnessNSPUa,https://t.me/WellnessNSPUa
Bachata Dance School Lviv UA,https://uk.tgstat.com/channel/@bdslviv,https://t.me/bdslviv
–ú–∞—Ä–∞—Ñ–æ–Ω–∏ —Å—Ç—Ä—É–Ω–∫–æ—Å—Ç—ñ –ê–∫–∞–¥–µ–º—ñ—ó –£–ø—Ä–∞–≤–ª—ñ–Ω–Ω—è –í–∞–≥–æ—é,https://uk.tgstat.com/channel/@academy_fitcurves,https://t.me/academy_fitcurves
–ö—É—Ä—Å–∏ –¥–æ–º–µ–¥–∏—á–Ω–æ—ó –¥–æ–ø–æ–º–æ–≥–∏ | –î–æ—Å–≤—ñ–¥ –í–µ—Ç–µ—Ä–∞–Ω—ñ–≤,https://uk.tgstat.com/channel/@dosvid_veteraniv,https://t.me/dosvid_veteraniv
–ú—ñ–Ω–µ—Ä–∞–ª—å–Ω—ñ —Å–æ–ª—ñ –¥–æ–∫—Ç–æ—Ä–∞ –®—é—Å—Å–ª–µ—Ä–∞,https://uk.tgstat.com/channel/@miniralsaltsdrschussler,https://t.me/miniralsaltsdrschussler
–î—ñ–∞–ª–æ–≥–∏ –ø—Ä–æ –∑–¥–æ—Ä–æ–≤'—è,https://uk.tgstat.com/channel/@stop_tb_ukraine,https://t.me/stop_tb_ukraine
–û—Ñ—ñ—Ü—ñ–π–Ω–∏–π –∫–∞–Ω–∞–ª GymFit INFO UA,https://uk.tgstat.com/channel/@gymfitinfoua,https://t.me/gymfitinfoua
–•—É–¥–Ω–∏ ‚Ä¢ –û–º–æ–ª–æ–¥–∂—É–π—Å—è,https://uk.tgstat.com/channel/TbZUZxC2yqVhMTky,https://t.me/joinchat/TbZUZxC2yqVhMTky
VEDALIFE,https://uk.tgstat.com/channel/@vedalife_ua,https://t.me/vedalife_ua
–¢–∏ ‚Äî —Å—ñ–º–µ–π–Ω–∞ –ª—ñ–∫–∞—Ä–∫–∞,https://uk.tgstat.com/channel/@simeynyk_info,https://t.me/simeynyk_info
–ó–¥–æ—Ä–æ–≤'—è - —Ü–µ —â–∞—Å—Ç—è,https://uk.tgstat.com/channel/@tvoezdoroviya,https://t.me/tvoezdoroviya
We Love Yoga,https://uk.tgstat.com/channel/@weloveyoga,https://t.me/weloveyoga
–ú–ê–°–°–ê–ñ–ï–†–´ | NOVUMEDICAL,https://uk.tgstat.com/channel/@novumedical,https://t.me/novumedical
–§—ñ—Ç–Ω–µ—Å –§—ñ—Å—Ç–∞—à–∫–∞,https://uk.tgstat.com/channel/fuaJdEuXwRQ4OTdi,https://t.me/joinchat/fuaJdEuXwRQ4OTdi
–§–æ—Ä–º—É–ª–∞ —Å—Ö—É–¥–Ω–µ–Ω–Ω—è,https://uk.tgstat.com/channel/@formulashudnennya,https://t.me/formulashudnennya
Sprt,https://uk.tgstat.com/channel/@sprtfrmkthrtsy,https://t.me/sprtfrmkthrtsy
–°—Ç—Ä–æ–Ω–≥—à–æ–ø - —Å–∏–ª–æ–≤—ã–µ —Ç—Ä–µ–Ω–∏—Ä–æ–≤–∫–∏,https://uk.tgstat.com/channel/@portalstrongshop,https://t.me/portalstrongshop
Yoga Club | Mantra House,https://uk.tgstat.com/channel/@yoga_club_MH,https://t.me/yoga_club_MH
–û - –ô–æ–≥–∞! üòã,https://uk.tgstat.com/channel/@oyogakyiv,https://t.me/oyogakyiv
iHerb –≤ –£–∫—Ä–∞—ó–Ω—ñ | –ó–¥–æ—Ä–æ–≤'—è —Ç–∞ –∫—Ä–∞—Å–∞,https://uk.tgstat.com/channel/UUFlvn1Ej7o5MWNi,https://t.me/joinchat/UUFlvn1Ej7o5MWNi
—Ñ–µ–Ωi–∫—Å,https://uk.tgstat.com/channel/@aafenix,https://t.me/aafenix
Kyiv Sunrise Yogaz,https://uk.tgstat.com/channel/@KyivSunriseYogaz,https://t.me/KyivSunriseYogaz
–°–µ–∫—Ä–µ—Ç–∏ –§—ñ—Ç–Ω–µ—Å—É,https://uk.tgstat.com/channel/@FitMakerYula,https://t.me/FitMakerYula
FIT.ua | –¢–†–ï–ù–£–í–ê–ù–ù–Ø –û–ù–õ–ê–ô–ù,https://uk.tgstat.com/channel/@fit_ua_online,https://t.me/fit_ua_online
–ó–¥–æ—Ä–æ–≤–∞—è –∂–∏–∑–Ω—å —Å –ú–∞—Ä–∏–Ω–æ–π –ú—É—Ä–∞–¥–∏–Ω–æ–π,https://uk.tgstat.com/channel/@healthylifeclub,https://t.me/healthylifeclub
–ë–∏–æ–ø–µ–ª–ª–µ—Ç—ã | BIOPELL ‚Äî —É–ª—É—á—à–∏—Ç–µ –∫–∞—á–µ—Å—Ç–≤–æ –∂–∏–∑–Ω–∏ –≤—Å–µ–≥–æ –∑–∞ 15 –º–∏–Ω—É—Ç üíú,https://uk.tgstat.com/channel/@biopell_ukraine,https://t.me/biopell_ukraine
healthy news,https://uk.tgstat.com/channel/@healthy_news,https://t.me/healthy_news
Fitness_body_relief,https://uk.tgstat.com/channel/HM9SuxKCsxQ4Yzhi,https://t.me/joinchat/HM9SuxKCsxQ4Yzhi
–î–µ–Ω—å –ô–æ–≥–∏ —É –ö–∏—î–≤—ñ,https://uk.tgstat.com/channel/@kyivyogi,https://t.me/kyivyogi
–†–µ—Ü–µ–ø—Ç–∏ –∑–¥–æ—Ä–æ–≤'—è —Ç–∞ –∫—Ä–∞—Å–∏,https://uk.tgstat.com/channel/@retsepty_zdorovia_ta_krasy,https://t.me/retsepty_zdorovia_ta_krasy
–Ü–Ω—Ç–µ—Ä–≤–µ–Ω—Ü—ñ–π–Ω–µ –£–ó–î,https://uk.tgstat.com/channel/@I_ultrasound,https://t.me/I_ultrasound
Ark SPA Palace,https://uk.tgstat.com/channel/@arkspapalace,https://t.me/arkspapalace
–ú–∞—Å—Ç–µ—Ä—Å–∫–∞—è –∑–¥–æ—Ä–æ–≤—å—è –∏ –∫—Ä–∞—Å–æ—Ç—ã –¥—É—à–∏ –∏ —Ç–µ–ª–∞‚òÑÔ∏è –ü–æ—à–∞–≥–æ–≤–∞—è —Å–∏—Å—Ç–µ–º–∞ –∑–¥–æ—Ä–æ–≤—å—è.,https://uk.tgstat.com/channel/@health_the_beauty,https://t.me/health_the_beauty
5 —Ö–≤–∏–ª–∏–Ω –¥–ª—è –°–ï–ë–ï‚ù§Ô∏è,https://uk.tgstat.com/channel/@krasatazdorovia,https://t.me/krasatazdorovia
SLAVA DROP ll –ö–†–û–°–Ü–í–ö–ò –î–†–û–ü–®–ò–ü–Ü–ù–ì,https://uk.tgstat.com/channel/@drop_ukraine11,https://t.me/drop_ukraine11
–ö—É–∑–Ω—è –ó–¥–æ—Ä–æ–≤‚Äò—è,https://uk.tgstat.com/channel/VP7tnslcTjo0NjE0,https://t.me/joinchat/VP7tnslcTjo0NjE0
THE CHANGE,https://uk.tgstat.com/channel/@zminysia,https://t.me/zminysia
–≠—Ñ–∏—Ä–Ω—ã–µ –º–∞—Å–ª–∞ –¥–ª—è –∑–¥–æ—Ä–æ–≤—å—èüíö,https://uk.tgstat.com/channel/@elena_oils,https://t.me/elena_oils
Gormonrosta.com.ua - –Ω–∞—Å –≤—ã–±–∏—Ä–∞—é—Ç —á–µ–º–ø–∏–æ–Ω—ã!,https://uk.tgstat.com/channel/@gormonrostacomua,https://t.me/gormonrostacomua
"–ó–î–û–†–û–í–¨–ï, –î–ï–ù–¨–ì–ò, –ò–ù–í–ï–°–¢–ò–¶–ò–ò, –£–°–ü–ï–•",https://uk.tgstat.com/channel/@zdorovie_yspex,https://t.me/zdorovie_yspex
MyDiabetes Solutions,https://uk.tgstat.com/channel/@mydiabetes_solutions,https://t.me/mydiabetes_solutions
time2trail,https://uk.tgstat.com/channel/@time2trail,https://t.me/time2trail
üîÜLife Drive - –ñ–∏—Ç—Ç—è –≤ –ö–∞–π—ÑüîÜ –ø—Ä–æ—Å—Ç—ñ—Ä –∑–¥–æ—Ä–æ–≤–æ–≥–æ —Å–ø–æ—Å–æ–±—É –∂–∏—Ç—Ç—è‚ù§Ô∏è,https://uk.tgstat.com/channel/@HealthyLifestyleOnline,https://t.me/HealthyLifestyleOnline
–ó–¥–æ—Ä–æ–≤—ñ –∑–≤–∏—á–∫–∏ üá∫üá¶,https://uk.tgstat.com/channel/iRGgU84H8I4wOWQy,https://t.me/joinchat/iRGgU84H8I4wOWQy
–ô–û–ì–ê | –§–ï–ô–°-–ô–û–ì–ê | –ú–ê–°–ê–ñ –û–ë–õ–ò–ß–ß–Ø üá∫üá¶,https://uk.tgstat.com/channel/@bezkrovna_yoga,https://t.me/bezkrovna_yoga
Nikolina.fitüí™üèª–•–£–î–ù–ï–ú–û –°–ú–ê–ß–ù–ûüíØ,https://uk.tgstat.com/channel/@nikolinadiet,https://t.me/nikolinadiet
–¢—Ä–æ–π—á–∞—Ç–∫–∞ –ë—Ö–∞–∫–∞–ª–∞ –æ—Ç –≥–ª–∏—Å—Ç–æ–≤ –ì–µ–ª—å–º–∏–Ω—Ç–æ–∑ –ü–∞—Ä–∞–∑–∏—Ç—ã –ó–û–ñ,https://uk.tgstat.com/channel/@zoj_antiparazit_otglistov,https://t.me/zoj_antiparazit_otglistov
Green Healer School –ù–∞—Ç–∞–ª—ñ—ó –ì—Ä–∏—â–µ–Ω–∫–æ,https://uk.tgstat.com/channel/@greenhealerschool,https://t.me/greenhealerschool
–ê–∫–∞–¥–µ–º—ñ—è –ó–¥–æ—Ä–æ–≤–æ–≥–æ –ñ–∏—Ç—Ç—è|–†—É—Å–ª–∞–Ω –î—è—á–µ–Ω–∫–æ,https://uk.tgstat.com/channel/@yogadiachenko,https://t.me/yogadiachenko
Karinbutan - –≤–∏–¥–µ–æ—Å—ä—ë–º–∫–∞ –∏ —Ç—Ä–∞–Ω—Å–ª—è—Ü–∏–∏ —Ö—É–¥–æ–∂–µ—Å—Ç–≤–µ–Ω–Ω–æ–π –≥–∏–º–Ω–∞—Å—Ç–∏–∫–∏,https://uk.tgstat.com/channel/@karinbutan,https://t.me/karinbutan
–§—ñ–Ω–∞–Ω—Å–æ–≤–∞ –ø–∞—Ä–∞—Å–æ–ª—å–∫–∞ ‚òÇÔ∏è,https://uk.tgstat.com/channel/@protect_in_UA,https://t.me/protect_in_UA
FORTIS HEALTH,https://uk.tgstat.com/channel/@fortishealth_2015,https://t.me/fortishealth_2015
–ù–∞—à–µ —Ç—ñ–ª–æ,https://uk.tgstat.com/channel/9NcalydY9owzOWUy,https://t.me/joinchat/9NcalydY9owzOWUy
–ô–æ–≥–∞&–ü—Å–∏—Ö–æ—Ç–µ—Ä–∞–ø–∏—è,https://uk.tgstat.com/channel/@BuYoga,https://t.me/BuYoga
DAngela –ø—Ä–æ Heels/Strip üë†üîû,https://uk.tgstat.com/channel/@dangeladance,https://t.me/dangeladance
–ö—É–Ω–¥–∞–ª—ñ–Ω—ñ –π–æ–≥–∞ —É –ö–∏—î–≤—ñ —Å Harsaran Singh Khalsa,https://uk.tgstat.com/channel/@Kundalini_Yoga_Harsaran_Singh,https://t.me/Kundalini_Yoga_Harsaran_Singh
–ö—É–ª—å-–ú–∞–ºüåº–ö–∞–Ω–∞–ª –¢–∞–º–∞—Ä–∏ –ë—ñ–ª–æ—É—Å,https://uk.tgstat.com/channel/@toma_bil,https://t.me/toma_bil
–ó–¥–æ—Ä–æ–≤—å–µ –±–µ–∑ —Ç–∞–±–ª–µ—Ç–æ–∫,https://uk.tgstat.com/channel/@zdoroviebeztablet,https://t.me/zdoroviebeztablet
–°–ø–æ—Ä—Ç–∏–≤–Ω–∏–π —â–æ–¥–µ–Ω–Ω–∏–∫,https://uk.tgstat.com/channel/@sport_schodennik,https://t.me/sport_schodennik
–õ–µ—á–µ–Ω–∏–µ –Ω–æ–≥—Ç–µ–π —Å Homeo,https://uk.tgstat.com/channel/@NatalyHomeo,https://t.me/NatalyHomeo
–ü—Ä–æ –≠–ù–ï–†–ì–ò–ò II –û–∫—Å–∞–Ω–∞ –†–æ–≥–æ–≤–∞—è,https://uk.tgstat.com/channel/@amazingwmnone,https://t.me/amazingwmnone
YogaTech üßò,https://uk.tgstat.com/channel/@yogatechua,https://t.me/yogatechua
DenKach (Online Fitness Trainer),https://uk.tgstat.com/channel/@FitnessTrainerOnline,https://t.me/FitnessTrainerOnline
‚Ñ¢Ô∏èNew Life –∑ –ê–ª–ª–æ—é –ú—É–ª—è—Ä,https://uk.tgstat.com/channel/@MulyarAllaNewLife,https://t.me/MulyarAllaNewLife
–ë—É–¥—å –∑–¥–æ—Ä–æ–≤–∏–π,https://uk.tgstat.com/channel/heNW7qBfnWEzMjQy,https://t.me/joinchat/heNW7qBfnWEzMjQy
do TERRA INFO (–£–∫—Ä–∞—ó–Ω–∞),https://uk.tgstat.com/channel/@doterrainfoukraine,https://t.me/doterrainfoukraine
–ë–£–î–¨–¢–ï –ó–î–û–†–û–í–´,https://uk.tgstat.com/channel/@ZDRAVBUDEM,https://t.me/ZDRAVBUDEM
SKYFITNESS,https://uk.tgstat.com/channel/@skyfitnesskyiv,https://t.me/skyfitnesskyiv
Orthomol.life,https://uk.tgstat.com/channel/@orthomollife,https://t.me/orthomollife
Sport Nation | –°–ø–æ—Ä—Ç —Ç–∞ –º–æ—Ç–∏–≤–∞—Ü—ñ—è,https://uk.tgstat.com/channel/@sportnations,https://t.me/sportnations
–ü—Ä–æ –ó–¥–æ—Ä–æ–≤‚Äò—è —Ç–∞ –ö—Ä–∞—Å—É üá∫üá¶,https://uk.tgstat.com/channel/nE8RYtiwJfcxOTE6,https://t.me/joinchat/nE8RYtiwJfcxOTE6
SFS ODESSA|–°–ø–æ—Ä—Ç–∏–≤–Ω–æ–µ –ø–∏—Ç–∞–Ω–∏–µ,https://uk.tgstat.com/channel/@sfsportpit,https://t.me/sfsportpit
üß¨...–ñ–∏—Ç—å –¥–æ 100...üß¨,https://uk.tgstat.com/channel/@my100yearslife,https://t.me/my100yearslife
–ê—Ä–æ–º–∞–ü—Ä–∞–∫—Ç–∏–∫–∞,https://uk.tgstat.com/channel/@aroma_praktik,https://t.me/aroma_praktik
Gym Wave | News Daily,https://uk.tgstat.com/channel/@gymwavee,https://t.me/gymwavee
–ö–∞–∫ –ø–æ—Ö—É–¥–µ—Ç—å? –°–µ–∫—Ä–µ—Ç–Ω—ã–µ –º–∞—Ç–µ—Ä–∏–∞–ª—ã,https://uk.tgstat.com/channel/@pohudetsmoisyeyenko,https://t.me/pohudetsmoisyeyenko
–í–æ–¥–∏ –ø–æ–ø–∏–π,https://uk.tgstat.com/channel/@vody_popyi,https://t.me/vody_popyi
weAlive!,https://uk.tgstat.com/channel/MEgElQdUpHYyZTQy,https://t.me/joinchat/MEgElQdUpHYyZTQy
ùòçùò™ùòµùòìùò™ùòØùò¶,https://uk.tgstat.com/channel/@fitline_mukachevo,https://t.me/fitline_mukachevo
–í–ï–õ–ù–ï–°–° –≥–∞–ª–µ—Ä–µ—è,https://uk.tgstat.com/channel/@Welness2021,https://t.me/Welness2021
–ù–æ–≤—ã–π –≤–∏—Ç–æ–∫,https://uk.tgstat.com/channel/@nvitok,https://t.me/nvitok
–°–≤–µ—Ç–ª–∞–Ω–∞ –ì—Ä—É–¥–∏–Ω–∏–Ω–∞ |üçÄ –ù–ê–¢–£–†–û–ü–ê–¢üçÄ,https://uk.tgstat.com/channel/@jiznenayisila,https://t.me/jiznenayisila
–û–Ω–ª–∞–π–Ω –¢—Ä–µ–Ω–∏—Ä–æ–≤–∫–∏ –æ—Ç Stepanenko üî•,https://uk.tgstat.com/channel/@training777veronika,https://t.me/training777veronika
–†–µ—Ü–µ–ø—Ç–∏ –≤–∞—à–æ–≥–æ –∑–¥–æ—Ä–æ–≤'—è,https://uk.tgstat.com/channel/@dom_dosug,https://t.me/dom_dosug
PULSE,https://uk.tgstat.com/channel/@uapulse,https://t.me/uapulse
YogaYaroshenkoüßòüèª‚Äç‚ôÄÔ∏è–ô–æ–≥–∞ –±–µ–∑ –µ–∑–æ—Ç–µ—Ä–∏–∫–∏.–û–Ω–ª–∞–π–Ω –∑–∞–Ω—è—Ç—Ç—è,https://uk.tgstat.com/channel/@yogayaroshenko,https://t.me/yogayaroshenko
–î–∏–µ—Ç—ã ‚Ä¢ –ü–æ—Ö—É–¥–µ–Ω–∏–µ ‚Ä¢ –ü–æ–ª–µ–∑–Ω—ã–µ —Å–æ–≤–µ—Ç—ã ‚Ä¢ –§–∏—Ç–Ω–µ—Å,https://uk.tgstat.com/channel/@dieta_krasota,https://t.me/dieta_krasota
–ó–¥–æ—Ä–æ–≤–µ —Ç—ñ–ª–æ! üí™,https://uk.tgstat.com/channel/@Telegspor,https://t.me/Telegspor
–ó–¥–æ—Ä–æ–≤–∞ –£–∫—Ä–∞—ó–Ω–∞ üá∫üá¶,https://uk.tgstat.com/channel/@UA_Health,https://t.me/UA_Health
–ì–∞—Ä–º–æ–Ω—ñ—è –≤ —Ç–æ–±—ñ,https://uk.tgstat.com/channel/@garmoniavtobi,https://t.me/garmoniavtobi
–ì–∞—Ä–º–æ–Ω—ñ—è –ó–¥–æ—Ä–æ–≤'—è,https://uk.tgstat.com/channel/7wFpI-2K7k1mNzcy,https://t.me/joinchat/7wFpI-2K7k1mNzcy
–î–æ–Ω–æ—Ä–∏ –∑–∞ –∂–∏—Ç—Ç—è,https://uk.tgstat.com/channel/@donors_for_life,https://t.me/donors_for_life
–ö–æ–Ω—Å—É–ª—å—Ç–∞–Ω—Ç –ó–û–ñ –ê–ª–µ–∫—Å–∞–Ω–¥—Ä –ì—Ä–∏–≥–æ—Ä–µ—Ü,https://uk.tgstat.com/channel/@grigorets_alexander,https://t.me/grigorets_alexander
–ù—É—Ç—Ä–∏—Ü—ñ–æ–ª–æ–≥—ñ—è –¥–ª—è –≤—Å—ñ—Ö,https://uk.tgstat.com/channel/@viktoriianutri,https://t.me/viktoriianutri
üôè DivyaYoga Ukraine üôè,https://uk.tgstat.com/channel/@divyayoga,https://t.me/divyayoga
lavkis ü¶ã‚ú®,https://uk.tgstat.com/channel/@lavkissssss,https://t.me/lavkissssss
"""–î–∞–æ –î–µ"" –¶–µ–Ω—Ç—Ä",https://uk.tgstat.com/channel/@DaoDeUA,https://t.me/DaoDeUA
–§—ñ—Ç–Ω–µ—Å —Ñ–∞–Ω–∞—Ç–∏–∫–∏,https://uk.tgstat.com/channel/OJTiteVovVBlYzYy,https://t.me/joinchat/OJTiteVovVBlYzYy
–ô–û–ì–ê-–ö–õ–£–ë —Å –ê–Ω–Ω–æ–π –ë—ã—á–µ–∫üßòüèª‚Äç‚ôÄÔ∏è| –ô–û–ì–ê –ê–ô–ï–ù–ì–ê–†–ê,https://uk.tgstat.com/channel/id1722215916,https://t.me/joinchat/id1722215916
–®–∫–æ–ª–∞ –∑–¥–æ—Ä–æ–≤—å—è –¢–∞—Ç—å—è–Ω—ã –¢–µ—Å–ª–∏,https://uk.tgstat.com/channel/@healthy_school_tatiana_teslya,https://t.me/healthy_school_tatiana_teslya
Choice UA,https://uk.tgstat.com/channel/@choicebz,https://t.me/choicebz
‚òòÔ∏è–ë–∏–æ—Ö–∞–∫–∏–Ω–≥ üíØ üíä–ë–∏–æ–¥–æ–±–∞–≤–∫–∏ üåæ–¢—Ä–∞–≤—ã ‚öò–ö–æ—Å–º–µ—Ç–∏–∫–∞ –∏–∑ –°–®–êüçè üêûAmbez.com.ua,https://uk.tgstat.com/channel/@ambezcomua,https://t.me/ambezcomua
Bison Fit Hub | –°–ø–æ—Ä—Ç–∏–≤–Ω–∏–π –≤–∞–π–±,https://uk.tgstat.com/channel/@bison_fit_hub,https://t.me/bison_fit_hub
–ù–£–¢–†–ò–¶–Ü–û–õ–û–ì–Ü–Ø üçΩüå±,https://uk.tgstat.com/channel/@nutritionology_iamshumeiko,https://t.me/nutritionology_iamshumeiko
IHerbüçÉ –î–æ—Å—Ç–∞–≤–∫–∞ –≤ –†–æ—Å—Å–∏—éüöóüá∑üá∫,https://uk.tgstat.com/channel/@IHerbRussiaDelivery,https://t.me/IHerbRussiaDelivery
–°–∞–º —Å–æ–±—ñ —Ç—Ä–µ–Ω–µ—Ä,https://uk.tgstat.com/channel/EyXsJxTot5Y1NTBi,https://t.me/joinchat/EyXsJxTot5Y1NTBi
"–ó–¥–æ—Ä–æ–≤—å–µ, –∫—Ä–∞—Å–æ—Ç–∞, —Å–ø–æ—Ä—Ç —Å Siberian Wellness üçÄ",https://uk.tgstat.com/channel/@welsib,https://t.me/welsib
–ó–¥–æ—Ä–æ–≤—å–µ. –î–æ–ª–≥–æ–ª–µ—Ç–∏–µ. –û–±—É—á–µ–Ω–∏–µ.,https://uk.tgstat.com/channel/@DocBilokonenko,https://t.me/DocBilokonenko
Oko_vapeshop_666,https://uk.tgstat.com/channel/@oko_shop_666,https://t.me/oko_shop_666
ULTRA News,https://uk.tgstat.com/channel/@ultrunnersnews,https://t.me/ultrunnersnews
–ñ–µ–ª–µ–∑–Ω—ã–µ –º—ã—à—Ü—ã,https://uk.tgstat.com/channel/@ironmuscles,https://t.me/ironmuscles
–ö–∞—á–∞–ª –æ—á–∫–∞,https://uk.tgstat.com/channel/@memelifting,https://t.me/memelifting
üçÉ–ó—Ä–æ–∑—É–º—ñ–ª–æ –ø—Ä–æ –ó–¥–æ—Ä–æ–≤'—èüçÉ,https://uk.tgstat.com/channel/@zrozymilo_prozdorovya,https://t.me/zrozymilo_prozdorovya
female secretions,https://uk.tgstat.com/channel/@femalesecretions,https://t.me/femalesecretions
–ö–æ–Ω4–∞—é—Ç –í–°–ï | –ë–ª–æ–≥ –æ –∑–¥–æ—Ä–æ–≤–æ–º —Å–µ–∫—Å–µ,https://uk.tgstat.com/channel/@kon4aiutvse,https://t.me/kon4aiutvse
–ú–∞—Å–∞–∂ –∫—Ä–∏–≤–∏–π—Ä—ñ–≥,https://uk.tgstat.com/channel/@massage_78anna,https://t.me/massage_78anna
–ì–∞—Ä–º–æ–Ω—ñ—è –ó–¥–æ—Ä–æ–≤‚Äò—è,https://uk.tgstat.com/channel/fagm7nKx3js5YTBi,https://t.me/joinchat/fagm7nKx3js5YTBi
–ú–µ–¥–∏—Ç–∞—Ü—ñ—è –ü–æ–ª—Ç–∞–≤–∞,https://uk.tgstat.com/channel/@meditation_poltava,https://t.me/meditation_poltava
Fresh Diet Life,https://uk.tgstat.com/channel/@fresh_diet_life,https://t.me/fresh_diet_life
AlSaha Ukraine Online Store,https://uk.tgstat.com/channel/@AlsahaUkraine,https://t.me/AlsahaUkraine
–•—É–¥–Ω–µ–º–æ –≤–¥–æ–º–∞,https://uk.tgstat.com/channel/Nl-4fy6yX4U4YzQ0,https://t.me/joinchat/Nl-4fy6yX4U4YzQ0
–ö–∞–Ω–∞–ª –ö–∞—Ä–∏–Ω–∏ –ü—Ä–æ–¥–∞–Ω,https://uk.tgstat.com/channel/@karynaprodan,https://t.me/karynaprodan
–ë—ñ–±–ª—ñ–æ—Ç–µ–∫–∞ –ó–¥–æ—Ä–æ–≤‚Äô—è,https://uk.tgstat.com/channel/pQArayozoRo5Y2Yy,https://t.me/joinchat/pQArayozoRo5Y2Yy
üåøZdorovia_chkoüåø,https://uk.tgstat.com/channel/@zdorovia_chko,https://t.me/zdorovia_chko
–ë–∞—Å–∫–µ—Ç–±–æ–ª—å–Ω—ã–µ —Ç—Ä–µ–Ω–∏—Ä–æ–≤–∫–∏,https://uk.tgstat.com/channel/@basketcoach,https://t.me/basketcoach
–ñ—ñ–Ω–æ—á–∞ –µ—Å–µ–Ω—Ü—ñ—è,https://uk.tgstat.com/channel/17L4Y5Bfz2ZjYWZi,https://t.me/joinchat/17L4Y5Bfz2ZjYWZi
–§—ñ—Ç–Ω–µ—Å ‚Ä¢ –ü—Ä–∞–≤–∏–ª—å–Ω–µ –•–∞—Ä—á—É—á–∞–Ω–Ω—è,https://uk.tgstat.com/channel/rkCUzRjPXxE3NDA6,https://t.me/joinchat/rkCUzRjPXxE3NDA6
"–ü—Ä–∏–≤—ñ—Ç, –≥—ñ–Ω–µ–∫–æ–ª–æ–≥",https://uk.tgstat.com/channel/tGrRlvvtEX85MmQy,https://t.me/joinchat/tGrRlvvtEX85MmQy
The Lion Health,https://uk.tgstat.com/channel/@thelionhealth,https://t.me/thelionhealth
–º–µ–¥–∏—á–Ω–∞ –¥–æ–ø–æ–º–æ–≥–∞üöë,https://uk.tgstat.com/channel/@negayna_dop,https://t.me/negayna_dop
–ú–û–®–ï–ù–ù–ò–ö –≠–°–ö–£–õ–ê–ü,https://uk.tgstat.com/channel/@SenseiGrey,https://t.me/SenseiGrey
–ê–≥—Ä–æ–§–∏—Ç–Ω–µ—Å,https://uk.tgstat.com/channel/@agrofitness,https://t.me/agrofitness
m e r a k i,https://uk.tgstat.com/channel/@mayrahkeee,https://t.me/mayrahkeee
–°–µ—Ä–≥—ñ–π –®–µ–≤—á–µ–Ω–∫–æ,https://uk.tgstat.com/channel/@serhiishevchenko_ua,https://t.me/serhiishevchenko_ua
