Kava.ira | visual | stories,https://uk.tgstat.com/channel/@visualkava,https://t.me/visualkava
Ğ‘ĞĞĞš Ğ†Ğ”Ğ•Ğ™ Ğ¡Ğ¢ĞĞ Ğ†Ğ¡ ğŸ‡ºğŸ‡¦ğŸ‰,https://uk.tgstat.com/channel/@storiesrusmm,https://t.me/storiesrusmm
Ğ¡Ñ‚Ñ–ĞºĞµÑ€Ğ¸ Ñ‚Ğ° Ğ³Ğ¾Ñ‚Ğ¾Ğ²Ñ– stories â™¡ Zavoritnaya Alina,https://uk.tgstat.com/channel/@pravdogolik,https://t.me/pravdogolik
Kukurudza SMM,https://uk.tgstat.com/channel/@Kukuruza_blog,https://t.me/Kukuruza_blog
Ğ†ĞĞ¡Ğ¢ĞĞ“Ğ ĞĞœĞ†Ğ’ĞšĞ,https://uk.tgstat.com/channel/@instagramivka,https://t.me/instagramivka
ğŸ‰Ğ•Ğ½Ñ†Ğ¸ĞºĞ»Ğ¾Ğ¿ĞµĞ´Ñ–Ñ ÑÑ‚Ğ¾Ñ€Ñ–Ñ â€¢ ĞœÑƒĞ·Ğ¸ĞºĞ° ğŸ§,https://uk.tgstat.com/channel/@pridenote,https://t.me/pridenote
STORIESğŸ˜ˆğŸ’”,https://uk.tgstat.com/channel/@instastoriiees,https://t.me/instastoriiees
Sharkadi life ğŸ’™,https://uk.tgstat.com/channel/@sharkadi_life,https://t.me/sharkadi_life
Ğ’Ğ†Ğ—Ğ£ĞĞ› ğŸ“ Ğ’Ğ˜Ğ—Ğ£ĞĞ› ğŸ“ VISUAL âœ¸ ĞÑ„Ğ¾Ñ€Ğ¼Ğ»ĞµĞ½Ğ¸Ğµ Ğ¿Ñ€Ğ¾Ñ„Ğ¸Ğ»Ñ âœ¸ ĞšÑƒÑ€Ñ Visual Maker,https://uk.tgstat.com/channel/@vizual_maker,https://t.me/vizual_maker
GIVEAWAY SMALL,https://uk.tgstat.com/channel/@SuperGiveaway1,https://t.me/SuperGiveaway1
ğŸ’¥ĞŸĞ¾Ğ»ĞµĞ·Ğ½Ñ‹Ğµ ÑˆÑ‚ÑƒÑ‡ĞºĞ¸ ğŸ’¥,https://uk.tgstat.com/channel/AAAAAFZWsAuu6S4Ide65jQ,https://t.me/joinchat/AAAAAFZWsAuu6S4Ide65jQ
Love is â¤ï¸â€ğŸ”¥,https://uk.tgstat.com/channel/@ukr_stories,https://t.me/ukr_stories
Ğ¡Ñ‚Ñ–ĞºĞµÑ€Ğ¸ Ğ´Ğ»Ñ Ñ–Ğ½ÑÑ‚Ğ°Ğ³Ñ€Ğ°Ğ¼,https://uk.tgstat.com/channel/@stikery_ukraina,https://t.me/stikery_ukraina
Ğ’ÑĞµ Ğ´Ğ»Ñ Ñ‚Ğ²Ğ¾Ñ—Ñ… ÑÑ‚Ğ¾Ñ€Ñ–ÑğŸ˜ğŸ‘‘,https://uk.tgstat.com/channel/@ievleva,https://t.me/ievleva
Mary Kucherova / SMM,https://uk.tgstat.com/channel/@mary_kucherova,https://t.me/mary_kucherova
Ğ¡Ñ‚Ğ¾Ñ€Ğ¸Ñ Ğ´Ğ»Ñ Ğ±Ñ‹Ğ²ÑˆĞµĞ³Ğ¾ ğŸ˜ˆ,https://uk.tgstat.com/channel/@storisdlyabuvshego,https://t.me/storisdlyabuvshego
ĞĞ±Ñ€Ğ°Ğ±Ğ¾Ñ‚ĞºĞ° Ğ¤Ğ¾Ñ‚Ğ¾ | Ğ˜Ğ´ĞµĞ¸ | Ğ¢Ñ€ĞµĞ½Ğ´ 2021,https://uk.tgstat.com/channel/AAAAAFW3Xh8pxbOV5Uhxeg,https://t.me/joinchat/AAAAAFW3Xh8pxbOV5Uhxeg
Ğ“Ğ¾Ñ‚Ğ¾Ğ²Ñ– ÑÑ‚Ğ¾Ñ€Ñ–Ğ· ğŸŒ·,https://uk.tgstat.com/channel/@storiesdariia,https://t.me/storiesdariia
Giveaway Big,https://uk.tgstat.com/channel/@SuperGiveaway2,https://t.me/SuperGiveaway2
STORIES TIPSğŸ’¡,https://uk.tgstat.com/channel/@storiestipss,https://t.me/storiestipss
STORIES TIME/ Ğ³Ğ¾Ñ‚Ğ¾Ğ²Ñ– ÑÑ‚Ğ¾Ñ€Ñ–ÑğŸ¤,https://uk.tgstat.com/channel/@storiesideasua,https://t.me/storiesideasua
ĞºĞ¾Ğ½Ñ‚ĞµĞ½Ñ‚ Ğ´Ğ»Ñ Ğ±Ğ»Ğ¾Ğ³Ñ–Ğ²|nikolaevaolga_blog,https://uk.tgstat.com/channel/@about_content,https://t.me/about_content
ĞŸĞ†ĞĞ  Ğ‘Ğ›ĞĞ“Ğ†Ğ’ğŸ“£ĞšĞĞ¢ĞĞ›ĞĞ“ Ğ‘Ğ›ĞĞ“Ğ•Ğ Ğ†Ğ’,https://uk.tgstat.com/channel/@topbloggers_pr,https://t.me/topbloggers_pr
â€¢,https://uk.tgstat.com/channel/AAAAAFPMH9uyNIvWs55DZw,https://t.me/joinchat/AAAAAFPMH9uyNIvWs55DZw
Ğ¡Ñ‚Ñ–ĞºĞµÑ€Ğ¸ PNG / Ğ¡Ñ‚Ğ¾Ñ€Ñ–Ñ / ĞšĞ¾Ğ½Ñ‚ĞµĞ½Ñ‚ ğŸ‡ºğŸ‡¦ ÑƒĞºÑ€Ğ°Ñ—Ğ½ÑÑŒĞºĞ¾Ñ,https://uk.tgstat.com/channel/@stories4you_ua,https://t.me/stories4you_ua
ğŸ‡ºğŸ‡¦ insta ÑĞºĞ°Ñ€Ğ±Ğ½Ğ¸Ñ‡ĞºĞ° â€¢ nass.ttv ÑÑ‚Ñ–ĞºĞµÑ€Ğ¸ Ğ´Ğ»Ñ Ñ–Ğ½ÑÑ‚Ğ°Ğ³Ñ€Ğ°Ğ¼Ñƒ,https://uk.tgstat.com/channel/@nassttvinsta,https://t.me/nassttvinsta
"Ğ“ĞĞ¢ĞĞ’Ğ† Ğ¡Ğ¢ĞĞ Ğ†Ğ¡ Ğ£ĞšĞ ĞĞ‡ĞĞ¡Ğ¬ĞšĞĞ®ğŸ‡ºğŸ‡¦Ğ Ğ†Ğ›Ğ¡, Ğ¼ÑƒĞ·Ğ¸ĞºĞ° Ğ´Ğ»Ñ ÑÑ‚Ğ¾Ñ€Ñ–Ñ, Ğ²Ñ–Ğ´ĞµĞ¾Ñ„Ğ¾Ğ½Ğ¸, ÑÑ‚Ñ–ĞºĞµÑ€Ğ¸, ĞºĞ¾Ğ½Ñ‚ĞµĞ½Ñ‚ Ğ´Ğ»Ñ Ñ–Ğ½ÑÑ‚Ğ°Ğ³Ñ€Ğ°Ğ¼Ñƒ, Ğ´Ğ¾Ğ±Ñ€Ğ¾Ğ³Ğ¾ Ñ€Ğ°Ğ½ĞºÑƒ, Ğ´Ğ¾Ğ±Ñ€Ğ¾Ñ— Ğ½Ğ¾Ñ‡Ñ–",https://uk.tgstat.com/channel/@storiesukraine,https://t.me/storiesukraine
insane atmosphereâœ¨,https://uk.tgstat.com/channel/@I_am_insaneee,https://t.me/I_am_insaneee
Pro100 ÑÑ‚Ğ¾Ñ€Ñ–Ñ Ñ‚Ğ° reels,https://uk.tgstat.com/channel/@pro100prosmm,https://t.me/pro100prosmm
S.Media | Official,https://uk.tgstat.com/channel/@s_media_official,https://t.me/s_media_official
instagram leaks,https://uk.tgstat.com/channel/@insta_leaks,https://t.me/insta_leaks
Ñ„ĞµĞ¹Ğº Ğ´Ğ»Ñ ÑÑ‚Ğ¾Ñ€Ğ¸Ñ ğŸ“,https://uk.tgstat.com/channel/@stories_fo,https://t.me/stories_fo
ĞĞĞĞĞ¡Ğ« Giveaway ğŸ”¹@mary_b0nğŸ”¹,https://uk.tgstat.com/channel/@giveaway_mary_b0n,https://t.me/giveaway_mary_b0n
tuti roomğŸ’–,https://uk.tgstat.com/channel/@tutiroom,https://t.me/tutiroom
Ğ¡Ğ¢Ğ†ĞšĞ•Ğ Ğ˜/ĞŸĞĞ“ Ğ”Ğ›Ğ¯ Ğ¡Ğ¢ĞĞ Ğ†Ğ—,https://uk.tgstat.com/channel/@tastepia_png,https://t.me/tastepia_png
Smm & digital marketing,https://uk.tgstat.com/channel/AAAAAFNuA0JKlhPMmg1dsQ,https://t.me/joinchat/AAAAAFNuA0JKlhPMmg1dsQ
ÑÑ‚Ñ–ĞºĞµÑ€Ğ¸ Ğ´Ğ»Ñ Ñ–Ğ½ÑÑ‚ ğŸ’›ğŸ’™,https://uk.tgstat.com/channel/@katrinpdlstickers,https://t.me/katrinpdlstickers
Ğ‘Ñ–Ğ»ĞµĞ½ÑŒĞºĞ° Ñ–Ğ½ÑÑ‚Ğ°Ğ³Ñ€Ğ°Ğ¼Ğ¸Ñ‚ÑŒğŸ“±,https://uk.tgstat.com/channel/@bilenka_smm,https://t.me/bilenka_smm
Ğ’Ğ†Ğ—Ğ£ĞĞ› ğŸ–Œï¸ VISUAL â€¢ ĞšĞ¾Ğ½ÑÑƒĞ»ÑŒÑ‚Ğ°Ñ†Ñ–Ñ— â€¢ ĞĞ°ÑÑ‚Ğ°Ğ²Ğ½Ğ¸Ñ†Ñ‚Ğ²Ğ¾,https://uk.tgstat.com/channel/W8QJmyoNoj5hNzAy,https://t.me/joinchat/W8QJmyoNoj5hNzAy
Ğ¡Ñ‚Ñ–ĞºĞµÑ€Ğ¸ Ñ‚Ğ° Ñ–Ğ´ĞµÑ— Ğ´Ğ»Ñ Stories ğŸ’™ğŸ’›,https://uk.tgstat.com/channel/@stickers_stories_ua,https://t.me/stickers_stories_ua
Ğ†Ğ´ĞµÑ— stories,https://uk.tgstat.com/channel/@stories_for_Ukrainians,https://t.me/stories_for_Ukrainians
Vilâ€™no marketing,https://uk.tgstat.com/channel/@vilno_marketing,https://t.me/vilno_marketing
ğŸ‡ºğŸ‡¦ ĞŸĞ•Ğ Ğ•Ğ’Ğ†Ğ Ğ•ĞĞ† Ğ“Ğ†Ğ’Ğ˜ ğŸ‡ºğŸ‡¦,https://uk.tgstat.com/channel/@find_give,https://t.me/find_give
Ğ¢Ğ²Ñ–Ğ¹ Ğ¿Ğ¾Ğ¼Ñ–Ñ‡Ğ½Ğ¸Ğº Ñƒ ÑÑ‚Ğ²Ğ¾Ñ€ĞµĞ½Ğ½Ñ– ĞºĞ¾Ğ½Ñ‚ĞµĞ½Ñ‚Ñƒ ğŸ‘©â€ğŸ’»,https://uk.tgstat.com/channel/@kariina_smm,https://t.me/kariina_smm
Ğ“Ğ¾Ñ‚Ğ¾Ğ²Ñ– Ğ¡Ğ¢ĞĞ Ğ† UAğŸ‡ºğŸ‡¦,https://uk.tgstat.com/channel/@gotovistori_ua,https://t.me/gotovistori_ua
ğŸ•ŠOO_COOPERATIONğŸ•Š,https://uk.tgstat.com/channel/@oo_cooperation,https://t.me/oo_cooperation
Instagram ğŸ“±Ğ’Ñ–Ğ´ĞµĞ¾ Reels â€¢ Ğ¤Ğ¾Ñ‚Ğ¾ â€¢ Ğ†ĞºĞ¾Ğ½ĞºĞ¸ â€¢ Stories,https://uk.tgstat.com/channel/@insta_icon,https://t.me/insta_icon
"""Ğ’Ğ¡Ğ† Ğ¡Ğ’ĞĞ‡"" Ğ¸ Ğ’Ğ°Ğ»ĞµĞ½Ñ‚Ğ¸Ğ½ĞºĞ°",https://uk.tgstat.com/channel/@Vsesvoiivalentinka,https://t.me/Vsesvoiivalentinka
ğ’ğ¥ğšğğ¤ğ¢ğ ğ¬ğ¨ğ¤ğ¡ğ«ğ² ğŸ¦‹,https://uk.tgstat.com/channel/@sladkie_sokhry,https://t.me/sladkie_sokhry
ĞœĞ¾Ñ Ğ¸Ğ½ÑÑ‚Ğ°,https://uk.tgstat.com/channel/@insta_my,https://t.me/insta_my
PNG ÑÑ‚Ñ–ĞºĞµÑ€Ğ¸ Ğ´Ğ»Ñ Ğ¡Ğ¢ĞĞ Ğ†Ğ¡,https://uk.tgstat.com/channel/@pngstoriesfree,https://t.me/pngstoriesfree
ĞŸĞĞ Ğ¢Ğ¤ĞĞ›Ğ˜Ğ SMM-Ğ¡ĞŸĞ•Ğ¦Ğ˜ĞĞ›Ğ˜Ğ¡Ğ¢Ğ (@ftioal) ğŸ‡ºğŸ‡¦,https://uk.tgstat.com/channel/BAGq2Sk16QY5OTBi,https://t.me/joinchat/BAGq2Sk16QY5OTBi
VITA & SOFIAğŸ’,https://uk.tgstat.com/channel/@VitaLife_Sofia,https://t.me/VitaLife_Sofia
ğŸ‘¡ KriShop ğŸ‘ ,https://uk.tgstat.com/channel/@fKriShop,https://t.me/fKriShop
Gekachu pro Visual,https://uk.tgstat.com/channel/@Gekachu_Pro_Visual,https://t.me/Gekachu_Pro_Visual
ğ™±ğšğš„_ğšƒğ™°ğš‚ğ™·ğ™ºğ™°.ğ™±ğ™»ğ™¾ğ™¶ğŸ“ â€¢ ğ™µğš˜ğš—ğšğšœ - ÑˆÑ€Ğ¸Ñ„Ñ‚Ñ‹; â€¢ ğ™¿ğ™½ğ™¶ ĞºĞ°Ñ€Ñ‚Ğ¸Ğ½ĞºĞ¸; â€¢ ğ™¿ğš›ğšğšœğšğšğšœ - Ğ¿Ñ€ĞµÑĞµÑ‚Ñ‹;,https://uk.tgstat.com/channel/@bru_tashka,https://t.me/bru_tashka
âœ¨ Ğ¢Ğ²Ğ¾Ñ— ÑÑÑÑ‡Ñ– ÑÑ‚Ğ¾Ñ€Ñ–Ñ âœ¨,https://uk.tgstat.com/channel/@shining_stories,https://t.me/shining_stories
ğ•€ğ•Ÿğ•¤ğ•¥ğ•’ğ•˜ğ•£ğ•’ğ•â–«ï¸ğ•Šğ•¥ğ• ğ•£ğ•šğ•–ğ•¤,https://uk.tgstat.com/channel/@myinstastoriesworld,https://t.me/myinstastoriesworld
