–ü–æ–ª—ñ–≥–ª–æ—Ç–∏—á | English,https://uk.tgstat.com/channel/hDe5LQjlSIMxMTYy,https://t.me/joinchat/hDe5LQjlSIMxMTYy
–£–∫—Ä–∞—ó–Ω—Å—å–∫–æ–º–æ–≤–Ω–∏–π –ï—Ä—É–¥–∏—Çüá∫üá¶,https://uk.tgstat.com/channel/wCzBfyDS_CA1ZTAy,https://t.me/joinchat/wCzBfyDS_CA1ZTAy
–£–∫—Ä–∞—ó–Ω—Å—å–∫–∞ –º–æ–≤–∞ üá∫üá¶,https://uk.tgstat.com/channel/AAAAAFJtP6yf5_Leg-WRcw,https://t.me/joinchat/AAAAAFJtP6yf5_Leg-WRcw
–õ—é—Ç–∞ –£–∫—Ä–∞—ó–Ω—Å—å–∫–∞,https://uk.tgstat.com/channel/Ex3WuVVaWwoyZjYy,https://t.me/joinchat/Ex3WuVVaWwoyZjYy
–ê–Ω—Ç–∏—Å—É—Ä–∂–∏–∫,https://uk.tgstat.com/channel/@anty_surzhyk,https://t.me/anty_surzhyk
–†—ñ–¥–Ω–∞ –º–æ–≤–∞ üá∫üá¶,https://uk.tgstat.com/channel/diL78huzHmw0NTA6,https://t.me/joinchat/diL78huzHmw0NTA6
–ê–Ω–≥–ª—ñ–π—Å—å–∫–∞ –æ–Ω–ª–∞–π–Ω,https://uk.tgstat.com/channel/7JYXilh0I9kzMTMy,https://t.me/joinchat/7JYXilh0I9kzMTMy
–ü–æ–ª—å—Å—å–∫–∞ –¥–ª—è —É–∫—Ä–∞—ó–Ω—Ü—ñ–≤,https://uk.tgstat.com/channel/r3vQJc994Q1kOWIy,https://t.me/joinchat/r3vQJc994Q1kOWIy
–ë–∞–ª–∞–∫–∞—î–º–æ —É–∫—Ä–∞—ó–Ω—Å—å–∫–æ—é üá∫üá¶,https://uk.tgstat.com/channel/q5CSD-mxIhc0ZWIy,https://t.me/joinchat/q5CSD-mxIhc0ZWIy
–£–∫—Ä–∞—ó–Ω—Å—å–∫–∞ –ü–µ—Ä–µ–ø–∞–ª–∫–∞,https://uk.tgstat.com/channel/CycGestiZB0yYTk6,https://t.me/joinchat/CycGestiZB0yYTk6
–°–ª–æ–≤–Ω–∏–∫–æ–≤–∏–π –ó–∞–ø–∞—Å | –°–∞–º–æ—Ä–æ–∑–≤–∏—Ç–æ–∫,https://uk.tgstat.com/channel/@zapas_slv,https://t.me/zapas_slv
–ê–Ω–≥–ª—ñ–π—Å—å–∫–∞ –¥–ª—è –∫–∞—Ä'—î—Ä–∏,https://uk.tgstat.com/channel/@zapas_slvEN,https://t.me/zapas_slvEN
–ú–æ–±—ñ–ª—å–Ω–∏–π –°–ª–æ–≤–Ω–∏–∫ | –ì—Ä–∞–º–æ—Ç–Ω—ñ—Å—Ç—å,https://uk.tgstat.com/channel/_IGvQ1whYLNlOTYy,https://t.me/joinchat/_IGvQ1whYLNlOTYy
–ê–Ω–≥–ª—ñ–π—Å—å–∫–∞ –º–æ–≤–∞ üá¨üáß,https://uk.tgstat.com/channel/@englua,https://t.me/englua
–ò—Å–ø–∞–Ω—Å–∫–∏–π —è–∑—ã–∫,https://uk.tgstat.com/channel/@castellano_es,https://t.me/castellano_es
English Time | –ê–Ω–≥–ª—ñ–π—Å—å–∫–∞ –º–æ–≤–∞,https://uk.tgstat.com/channel/IFqTgsV7RvMzYzBi,https://t.me/joinchat/IFqTgsV7RvMzYzBi
Speaking English,https://uk.tgstat.com/channel/@speakinengua,https://t.me/speakinengua
–£–∫—Ä–∞—ó–Ω—Å—å–∫–∞ –º–æ–≤–∞ / –°–∞–º–æ—Ä–æ–∑–≤–∏—Ç–æ–∫,https://uk.tgstat.com/channel/KZ8jbvZZUXlhYmQy,https://t.me/joinchat/KZ8jbvZZUXlhYmQy
–ê–Ω–≥–ª—ñ–π—Å—å–∫–∞ –¥–ª—è —É–∫—Ä–∞—ó–Ω—Ü—ñ–≤,https://uk.tgstat.com/channel/@englishdictionaryua,https://t.me/englishdictionaryua
–ü—Ä–æ –º–æ–≤—É,https://uk.tgstat.com/channel/YsgWkldjPkg4MDVi,https://t.me/joinchat/YsgWkldjPkg4MDVi
–£–∫—Ä–∞—ó–Ω—Å—å–∫–∞ –º–æ–≤–∞ üíôüíõ,https://uk.tgstat.com/channel/fPyq69iPWL05YWFi,https://t.me/joinchat/fPyq69iPWL05YWFi
Englishdom ‚Äì –æ–Ω–ª–∞–π–Ω-—à–∫–æ–ª–∞ –∞–Ω–≥–ª—ñ–π—Å—å–∫–æ—ó,https://uk.tgstat.com/channel/@myenglishdom,https://t.me/myenglishdom
–£–∫—Ä–∞—ó–Ω—Å—å–∫–∏–π –ø–∞–∑–ª,https://uk.tgstat.com/channel/9sKVQ9SKgdMyNzc6,https://t.me/joinchat/9sKVQ9SKgdMyNzc6
–°–≤—ñ—Ç –∞–Ω–≥–ª—ñ–π—Å—å–∫–æ—ó | –í–∏–≤—á–∞—î–º–æ —Ä–∞–∑–æ–ºüá∫üá¶,https://uk.tgstat.com/channel/sjsqM8r_8q42NjBi,https://t.me/joinchat/sjsqM8r_8q42NjBi
–ü–æ–ª—å—Å—å–∫–∞ –º–æ–≤–∞ - –ª–µ–≥–∫–æ —Ç–∞ —Ü—ñ–∫–∞–≤–æ,https://uk.tgstat.com/channel/s-UES1y5Qi9mOWEy,https://t.me/joinchat/s-UES1y5Qi9mOWEy
5 —Å–ª—ñ–≤ –∞–Ω–≥–ª—ñ–π—Å—å–∫–æ—é,https://uk.tgstat.com/channel/RAjVSmCPE8AzNWYy,https://t.me/joinchat/RAjVSmCPE8AzNWYy
LangGeek,https://uk.tgstat.com/channel/Ty67aG8e6IhiNzYy,https://t.me/joinchat/Ty67aG8e6IhiNzYy
–ú–æ–≤–Ω–∏–π –û–±—Ö–æ–¥–∏—Å–≤—ñ—Ç üá∫üá¶‚ù§Ô∏è,https://uk.tgstat.com/channel/@movnyi_obhodysvit,https://t.me/movnyi_obhodysvit
"IN ENGLISH, PLEASE!",https://uk.tgstat.com/channel/@english_please,https://t.me/english_please
English with Nick,https://uk.tgstat.com/channel/@nicksjournal,https://t.me/nicksjournal
ENGLISH UA,https://uk.tgstat.com/channel/gMw6nggRhx4yZDI6,https://t.me/joinchat/gMw6nggRhx4yZDI6
–°–ª–æ–≤–Ω–∏–∫ –ûnline | –£–∫—Ä–∞—ó–Ω—Å—å–∫–∞ –º–æ–≤–∞,https://uk.tgstat.com/channel/JR7HJDXLvVFjYjYy,https://t.me/joinchat/JR7HJDXLvVFjYjYy
English UAüá∫üá¶,https://uk.tgstat.com/channel/@english_ua1,https://t.me/english_ua1
polski.online - –í—á–∏–º–æ –ø–æ–ª—å—Å—å–∫—É —Ä–∞–∑–æ–º,https://uk.tgstat.com/channel/@polskionlinepro,https://t.me/polskionlinepro
English Magazines - –ß–∏—Ç–∞–µ–º –∂—É—Ä–Ω–∞–ª—ã –Ω–∞ –∞–Ω–≥–ª–∏–π—Å–∫–æ–º. –ü—Ä–µ—Å—Å–∞.,https://uk.tgstat.com/channel/@enmags,https://t.me/enmags
–©–æ–¥–µ–Ω–Ω–∏–∫ –°–æ–ª–æ–≤'—ó–Ω–æ—ó,https://uk.tgstat.com/channel/2kA_fNm4rzg2NzIy,https://t.me/joinchat/2kA_fNm4rzg2NzIy
–©–æ–¥–µ–Ω–Ω–∏–π —Å–ª–æ–≤–Ω–∏–∫ UA,https://uk.tgstat.com/channel/3CpCxrOccEE4ZTUy,https://t.me/joinchat/3CpCxrOccEE4ZTUy
EnMAGsArchive,https://uk.tgstat.com/channel/@enmagsarchive,https://t.me/enmagsarchive
Hot English,https://uk.tgstat.com/channel/@hot_eng,https://t.me/hot_eng
Speak'N'Roll - –ü–æ–ª—å—Å—å–∫–∞ –º–æ–≤–∞,https://uk.tgstat.com/channel/@speaknroll_polish,https://t.me/speaknroll_polish
–£–∫—Ä–∞—ó–Ω—Å—å–∫–∞ –ª–µ–≥–∫–æ!,https://uk.tgstat.com/channel/@ukr_lehko,https://t.me/ukr_lehko
–í—á–∏–º–æ –ê–ù–ì–õ–Ü–ô–°–¨–ö–£ –º–æ–≤—É,https://uk.tgstat.com/channel/@uaenglishua,https://t.me/uaenglishua
üíåengluencer | –∞–Ω–≥–ª—ñ–π—Å—å–∫–∞,https://uk.tgstat.com/channel/@engluencer,https://t.me/engluencer
5-minute English Grammar,https://uk.tgstat.com/channel/@FiveMinEngGra,https://t.me/FiveMinEngGra
–ù–µ–º–µ—Ü–∫–∏–π –¥–ª—è –£–∫—Ä–∞–∏–Ω—ã 2022,https://uk.tgstat.com/channel/@DeutschFuerDieUkraine,https://t.me/DeutschFuerDieUkraine
–Ω—ñ–º–µ—Ü—å–∫–∞ üî•WOW_DEUTSCH_LILI,https://uk.tgstat.com/channel/@wow_deutsch,https://t.me/wow_deutsch
–ê–Ω–≥–ª—ñ–π—Å—å–∫–∞ —É —Å–ø–æ–≤—ñ—â–µ–Ω–Ω—è—Ö,https://uk.tgstat.com/channel/@english_push,https://t.me/english_push
–ê–Ω–≥–ª—ñ–π—Å—å–∫–∏–π —Å–ª–æ–≤–Ω–∏–∫,https://uk.tgstat.com/channel/@dictua,https://t.me/dictua
–ê–Ω–≥–ª—ñ–π—Å—å–∫–∞ –≤ Telegram üá¨üáß,https://uk.tgstat.com/channel/AAAAAEzEv67YZhIZHrzNMw,https://t.me/joinchat/AAAAAEzEv67YZhIZHrzNMw
–£–∫—Ä–∞—ó–Ω—Å—å–∫–∞ —â–æ–¥–Ω—è üá∫üá¶,https://uk.tgstat.com/channel/A8VdsIk9bi81NzE6,https://t.me/joinchat/A8VdsIk9bi81NzE6
Speak up | –ê–Ω–≥–ª—ñ–π—Å—å–∫–∞ –º–æ–≤–∞üá¨üáß,https://uk.tgstat.com/channel/@speakup_en,https://t.me/speakup_en
–§–†–ê–ù–¶–£–ó–¨–ö–ê –ú–û–í–ê –î–õ–Ø –í–ò–ñ–ò–í–ê–ù–ù–Ø,https://uk.tgstat.com/channel/@victoria_vlasova_France,https://t.me/victoria_vlasova_France
–ò—Å–ø–∞–Ω—Å–∫–∏–π —Å –î—Ä—É–∑—å—è–º–∏ - –ö–Ω–∏–≥–∏ –Ω–∞ –∏—Å–ø–∞–Ω—Å–∫–æ–º - Libros en Espa√±ol - Books in Spanish,https://uk.tgstat.com/channel/@espanolconamigos,https://t.me/espanolconamigos
–£–∫—Ä–∞—ó–Ω—Å—å–∫–∞ –≤ –æ–¥–∏–Ω –¥–æ—Ç–∏–∫üá∫üá¶,https://uk.tgstat.com/channel/K2S2DKBJNpVlM2My,https://t.me/joinchat/K2S2DKBJNpVlM2My
Duolingo Education,https://uk.tgstat.com/channel/Hz8CGsGtHbk0NjJi,https://t.me/joinchat/Hz8CGsGtHbk0NjJi
Correctarium ‚Äî –£–∫—Ä–∞—ó–Ω—Å—å–∫–∞ –º–æ–≤–∞,https://uk.tgstat.com/channel/@correctariumukr,https://t.me/correctariumukr
Green Forest | Learning English,https://uk.tgstat.com/channel/@greenforestschool,https://t.me/greenforestschool
–õ–µ–∫—Å–∏–∫–æÃÅ–Ω,https://uk.tgstat.com/channel/@lexic_on,https://t.me/lexic_on
–ö–æ–¥—ñ —ñ–Ω–≥–ª—ñ—à,https://uk.tgstat.com/channel/PekCVg1pKENkYzg6,https://t.me/joinchat/PekCVg1pKENkYzg6
got it! –≤—ñ–ª—å–Ω–∞ –∞–Ω–≥–ª—ñ–π—Å—å–∫–∞ üíôüíõ,https://uk.tgstat.com/channel/@eng_for_ukraine,https://t.me/eng_for_ukraine
–ê–Ω–≥–ª—ñ–π—Å—å–∫–∞ –º–æ–≤–∞ üóØ,https://uk.tgstat.com/channel/@English_Kyiv,https://t.me/English_Kyiv
–ê–Ω–≥–ª—ñ–π—Å—å–∫–∞ –º–æ–≤–∞ üá¨üáß,https://uk.tgstat.com/channel/@uaenglish,https://t.me/uaenglish
English Events | online,https://uk.tgstat.com/channel/@english_events,https://t.me/english_events
–£–∫—Ä–∞—ó–Ω—Å—å–∫–∞ –º–æ–≤–∞ –ø—Ä–æ—Å—Ç–æ,https://uk.tgstat.com/channel/@mova_prosto,https://t.me/mova_prosto
–ê–Ω–≥–ªi–π—Å—å–∫–∞ –ø–æ —Å–ª–æ–≤—É,https://uk.tgstat.com/channel/@englishwordsua,https://t.me/englishwordsua
–°–æ–ª–æ–≤‚Äô—ó–Ω–∞ –º–æ–≤–∞üïä,https://uk.tgstat.com/channel/@solovyinamova,https://t.me/solovyinamova
–ü–æ–ª—å—Å—å–∫–∞ üáµüá±‚ù§Ô∏è –∑ –ª—é–±–æ–≤ º—é,https://uk.tgstat.com/channel/@polskiwithlove,https://t.me/polskiwithlove
–ê–Ω–≥–ª—ñ–π—Å—å–∫–∞ –Ω–∞ –ø—Ä–æ–∫–∞—á–∫—É,https://uk.tgstat.com/channel/@pimpENgUA,https://t.me/pimpENgUA
English Bro,https://uk.tgstat.com/channel/@your_english_bro,https://t.me/your_english_bro
English for IT & from IT üá∫üá¶,https://uk.tgstat.com/channel/@eng_wannablab,https://t.me/eng_wannablab
–ú–æ–≤–Ω–∏–π —Ç—Ä–∏–±—É–Ω–∞–ª,https://uk.tgstat.com/channel/@mov_tribunal,https://t.me/mov_tribunal
–ê–Ω–≥–ª—ñ–π—Å—å–∫–∞ –º–æ–≤–∞ - –ª–µ–≥–∫–æ —Ç–∞ —Ü—ñ–∫–∞–≤–æ,https://uk.tgstat.com/channel/d-1rd58mkzJlMDIy,https://t.me/joinchat/d-1rd58mkzJlMDIy
–ü–æ–ª—å—Å—å–∫–∞ –∑–∞ –∫–∞–≤–æ—éü•§,https://uk.tgstat.com/channel/@poland_uah,https://t.me/poland_uah
–ü–æ–ª—ñ–≥–ª–æ—Ç–∏—á | –Ü—Å–ø–∞–Ω—Å—å–∫–∞ –º–æ–≤–∞,https://uk.tgstat.com/channel/@poliglotuch_es,https://t.me/poliglotuch_es
–ü–µ–ª–µ –ò–≤—Ä–∏—Ç,https://uk.tgstat.com/channel/@peleivrit,https://t.me/peleivrit
Lingva.skills,https://uk.tgstat.com/channel/@lingvaskills,https://t.me/lingvaskills
5-minute English Vocabulary,https://uk.tgstat.com/channel/@FiveMinEngVocab,https://t.me/FiveMinEngVocab
–ù—ñ–º–µ—Ü—å–∫–∞ –õ–µ–≥–∫–æ!,https://uk.tgstat.com/channel/@deutschonlineua,https://t.me/deutschonlineua
–û–ª–µ–∫—Å–∞–Ω–¥—Ä –•–æ—Ä—Å—É–Ω–µ–Ω–∫–æ/ –ê–Ω–≥–ª—ñ–π—Å—å–∫–∞üá¨üáßüíú,https://uk.tgstat.com/channel/@AlexEnjoy,https://t.me/AlexEnjoy
–ì–∞—Ä–±—É–∑–æ–≤–µ –Ω–∞–º–∏—Å—Ç–æ,https://uk.tgstat.com/channel/@harbuzovenamysto,https://t.me/harbuzovenamysto
–ú–æ–≤–∞ –±–µ–∑ –Ω–∞–ø—Ä—è–≥—É | –í—á–∏–º–æ —É–∫—Ä–∞—ó–Ω—Å—å–∫—É,https://uk.tgstat.com/channel/PjJ55dOIAoEzZTRi,https://t.me/joinchat/PjJ55dOIAoEzZTRi
–§—Ä–∞–∑–µ–æ–ª–æ–≥—ñ—á–Ω–∏–π –°–ª–æ–≤–Ω–∏–∫,https://uk.tgstat.com/channel/adewwo3jekcwYWFi,https://t.me/joinchat/adewwo3jekcwYWFi
–ò–≤—Ä–∏—Ç –ö–ª—É–±,https://uk.tgstat.com/channel/@ivritclub,https://t.me/ivritclub
English Club,https://uk.tgstat.com/channel/0-mt_MNn06ZjMDdi,https://t.me/joinchat/0-mt_MNn06ZjMDdi
Learn English | Vocabularies,https://uk.tgstat.com/channel/@english_vocabulary_grammar,https://t.me/english_vocabulary_grammar
English Monsters,https://uk.tgstat.com/channel/@engmonsters,https://t.me/engmonsters
–£–∫—Ä–∞—ó–Ω—Å—å–∫—ñ —Ñ—Ä–∞–∑–µ–æ–ª–æ–≥—ñ–∑–º–∏,https://uk.tgstat.com/channel/@frazeolohizmy,https://t.me/frazeolohizmy
CATENGLISH | –ê–Ω–≥–ª—ñ–π—Å—å–∫–∞ –¥–ª—è –∫–∞—Ä'—î—Ä–∏,https://uk.tgstat.com/channel/@engimproving,https://t.me/engimproving
–Ü–¢–ê–õ–Ü–ô–°–¨–ö–ê –î–õ–Ø –£–ö–†–ê–á–ù–¶–Ü–í,https://uk.tgstat.com/channel/@italiano_per_ucraini,https://t.me/italiano_per_ucraini
Polski Kumpel,https://uk.tgstat.com/channel/@polskikumpel,https://t.me/polskikumpel
–£–∫—Ä–∞—ó–Ω—Å—å–∫–∞ –º–æ–≤–∞,https://uk.tgstat.com/channel/xTTcilJzPbk0MTk6,https://t.me/joinchat/xTTcilJzPbk0MTk6
English teaching materials | –ê–Ω–≥–ª—ñ–π—Å—å–∫–∞ –ù–£–®,https://uk.tgstat.com/channel/@englishnus,https://t.me/englishnus
–í–µ—á—ñ—Ä–Ω—ñ–π ENGLISH,https://uk.tgstat.com/channel/lLCd4LjvuQc4YWJi,https://t.me/joinchat/lLCd4LjvuQc4YWJi
–ê–Ω–≥–ª—ñ–π—Å—å–∫–∞ –ª–µ–≥–∫–æ!,https://uk.tgstat.com/channel/@eng_lehko,https://t.me/eng_lehko
–£–∫—Ä–∞—ó–Ω—Å—å–∫–∞ –º–æ–≤–∞,https://uk.tgstat.com/channel/@ukr_mova_online,https://t.me/ukr_mova_online
–ß–∞–π–∫–∞ –Ω–∞ –∫—Ä–∏–∂–∏–Ω—ñ,https://uk.tgstat.com/channel/@na_kryzhyni,https://t.me/na_kryzhyni
–ü—ñ–∑–Ω–∞–≤–∞–ª—å–Ω—ñ –æ–Ω–ª–∞–π–Ω-–∑—É—Å—Ç—Ä—ñ—á—ñ –¥–ª—è –¥—ñ—Ç–µ–π,https://uk.tgstat.com/channel/@meetings_for_children,https://t.me/meetings_for_children
–ê–Ω–≥–ª—ñ–π—Å—å–∫–∞ –∑ –ú—ñ—à–µ—é,https://uk.tgstat.com/channel/@kevin_english_zno,https://t.me/kevin_english_zno
Redvanskyy –ø—Ä–æ –ê–Ω–≥–ª—ñ–π—Å—å–∫—É,https://uk.tgstat.com/channel/@redvanskyy,https://t.me/redvanskyy
–ú–æ–≤–∞ ‚Äì –î–ù–ö –Ω–∞—Ü—ñ—ó,https://uk.tgstat.com/channel/@ukr_mova,https://t.me/ukr_mova
Espanita UA üá∫üá¶üá™üá¶,https://uk.tgstat.com/channel/@espanitaua,https://t.me/espanitaua
–ù—ñ–º–µ—Ü—å–∫–∞ –º–æ–≤–∞üîπ–ù–æ–≤–∏–Ω–∏,https://uk.tgstat.com/channel/@olgaliebentritt,https://t.me/olgaliebentritt
–†rim–∞ lezione ‚Äî –Ü—Ç–∞–ª—ñ–π—Å—å–∫–∞ –º–æ–≤–∞ –æ–Ω–ª–∞–π–Ω üáÆüáπ,https://uk.tgstat.com/channel/@primalezione,https://t.me/primalezione
Hot Idioms,https://uk.tgstat.com/channel/@Hot_dioms,https://t.me/Hot_dioms
üá©üá™ Deutsch,https://uk.tgstat.com/channel/@pokurarala,https://t.me/pokurarala
English by Ponomarenko,https://uk.tgstat.com/channel/@ponomarenko_eng,https://t.me/ponomarenko_eng
–£–∫—Ä–∞—ó–Ω–æ–º–æ–≤–Ω–∏–π‚öìÔ∏è–û–¥–µ—Å–∏—Ç,https://uk.tgstat.com/channel/@ukr_od,https://t.me/ukr_od
–°—Ä–∞–∫–∞-–º–æ—Ç–∏–∫–∞,https://uk.tgstat.com/channel/@sraka_motyka,https://t.me/sraka_motyka
YOU CAN | WE CAN üá∫üá¶,https://uk.tgstat.com/channel/@youcan_english,https://t.me/youcan_english
–ê–Ω–≥–ª—ñ–π—Å—å–∫–∞ –∑–∞ –∫–∞–≤–æ—é,https://uk.tgstat.com/channel/@english_uah,https://t.me/english_uah
–ê–Ω–≥–ª—ñ–π—Å—å–∫–∞ –¥–ª—è IT & –Ü–¢-–æ—Å–≤—ñ—Ç–∞,https://uk.tgstat.com/channel/@EN_IT,https://t.me/EN_IT
Kyiv In English // –ö–∏—ó–≤ –ê–Ω–≥–ª—ñ–π—Å—å–∫–æ—é,https://uk.tgstat.com/channel/@EnglishinKyiv,https://t.me/EnglishinKyiv
5 Minute English | –ê–Ω–≥–ª—ñ–π—Å—å–∫–∞ –º–æ–≤–∞ üá¨üáß,https://uk.tgstat.com/channel/y8sX6UUMSTdjNWMy,https://t.me/joinchat/y8sX6UUMSTdjNWMy
üá¨üáß English Irregular Verbs üá∫üá∏,https://uk.tgstat.com/channel/@english_irregular_verbs,https://t.me/english_irregular_verbs
–î–∂–∞–≤–µ–ª—ñ–Ω–∞ üá¨üáß English,https://uk.tgstat.com/channel/qC4jbhoev2JjZmM0,https://t.me/joinchat/qC4jbhoev2JjZmM0
–ü–æ–ª—å—Å—å–∫–∞ –∑ –ë–∞–∂–µ–Ω–æ—é. –í—á–∏–º–æ –º–æ–≤—É —Ä–∞–∑–æ–º,https://uk.tgstat.com/channel/@polskastudy,https://t.me/polskastudy
WTF English,https://uk.tgstat.com/channel/@wtfeng,https://t.me/wtfeng
Solid English School,https://uk.tgstat.com/channel/@solid_english_school,https://t.me/solid_english_school
Deutsch mit Katharina,https://uk.tgstat.com/channel/@deutschmitkatharina,https://t.me/deutschmitkatharina
–Ü–Ω–≥–ª—ñ—à –∑ Anila.lii‚ö°Ô∏è,https://uk.tgstat.com/channel/@lukachkaaaa,https://t.me/lukachkaaaa
English –õ–µ–≥–∫–æ,https://uk.tgstat.com/channel/-1cvK96bVsUzNWZk,https://t.me/joinchat/-1cvK96bVsUzNWZk
Mary's English üåª,https://uk.tgstat.com/channel/@cookie_jar_english,https://t.me/cookie_jar_english
–ú = –ú–æ—è –ú–æ–≤–æ–Ω—å–∫–∞ üíôüíõ,https://uk.tgstat.com/channel/@movonko,https://t.me/movonko
–ü—Ä–æ—Å—Ç–∞ –∞–Ω–≥–ª—ñ–π—Å—å–∫–∞ üá¨üáß,https://uk.tgstat.com/channel/c6iI8ar7zi9hY2Ji,https://t.me/joinchat/c6iI8ar7zi9hY2Ji
–£—Ä–æ–∫–∏ –ü–æ–ª—å—Å—å–∫–æ—ó –∑ –ª—é–±–æ–≤ º—é,https://uk.tgstat.com/channel/@lekcje,https://t.me/lekcje
ENGLISHüá¨üáßüá∫üá¶CLUB,https://uk.tgstat.com/channel/Ic97DMkxk9A1ZjIy,https://t.me/joinchat/Ic97DMkxk9A1ZjIy
English tutor space üìò,https://uk.tgstat.com/channel/@QAZ7cQzacaliNGYy,https://t.me/QAZ7cQzacaliNGYy
FRIENDS Space | –ê–Ω–≥–ª—ñ–π—Å—å–∫–∞ –º–æ–≤–∞ online | –ö—É—Ä—Å–∏ –∞–Ω–≥–ª—ñ–π—Å—å–∫–æ—ó | –ì—Ä–∞–º–∞—Ç–∏–∫–∞ | –¢–µ—Å—Ç–∏ | –û—Å–≤—ñ—Ç–∞,https://uk.tgstat.com/channel/@friendsspace,https://t.me/friendsspace
Teacher‚Äôs cup of tea üá¨üáß,https://uk.tgstat.com/channel/@teachers_cup_of_tea,https://t.me/teachers_cup_of_tea
Medical Professional English,https://uk.tgstat.com/channel/@med_english_channel_13,https://t.me/med_english_channel_13
EnglishNerd,https://uk.tgstat.com/channel/@englishnerd,https://t.me/englishnerd
English Prime School,https://uk.tgstat.com/channel/@english_prime_school,https://t.me/english_prime_school
–ú–µ–º–Ω—ã–µ –æ–ø—Ä–æ—Å—ã,https://uk.tgstat.com/channel/AAAAAFOwR-zwOBEEJlT5mQ,https://t.me/joinchat/AAAAAFOwR-zwOBEEJlT5mQ
English | –Ω–∞—á–Ω–µ–º —Å–Ω–∞—á–∞–ª–∞,https://uk.tgstat.com/channel/@EnglishLite_chanel,https://t.me/EnglishLite_chanel
–°–õ–û–í–ê–¶–¨–ö–ê –ó –î–ê–ù–û–Æ,https://uk.tgstat.com/channel/@freeslovak,https://t.me/freeslovak
–ê–Ω–≥–ª—ñ–π—Å—å–∫–∞ –º–æ–≤–∞ | Speak up,https://uk.tgstat.com/channel/nlKWtbjd3L80MDdk,https://t.me/joinchat/nlKWtbjd3L80MDdk
–®–∫–æ–ª–∞ –∞–Ω–≥–ª—ñ–π—Å—å–∫–æ—ó –º–æ–≤–∏ FLASH,https://uk.tgstat.com/channel/@the_future_of_ukraine,https://t.me/the_future_of_ukraine
–ê–Ω–≥–ª—ñ–π—Å—å–∫–∞ - –õ–µ–≥–∫–æ —ñ –¶—ñ–∫–∞–≤–æ,https://uk.tgstat.com/channel/@speak_easy_english_ua,https://t.me/speak_easy_english_ua
–°–õ–û–í–û | –ì–æ–≤–æ—Ä–∏ —Å–≤–æ—î—é,https://uk.tgstat.com/channel/@slovoUkraina,https://t.me/slovoUkraina
–ù–µ –∫–∞–ª—å–∫–∞ üå∂ —É–∫—Ä–∞—ó–Ω—Å—å–∫–∞ –∑ –ø–µ—Ä—Ü–µ–º,https://uk.tgstat.com/channel/@necalca,https://t.me/necalca
SPEAKing of‚Ä¶,https://uk.tgstat.com/channel/@Speakingofevrth,https://t.me/Speakingofevrth
–°–æ–ª–æ–≤'—ó–Ω–∞ 2.0,https://uk.tgstat.com/channel/@solovina,https://t.me/solovina
English tests for whole world,https://uk.tgstat.com/channel/@EnglishtestsUkraine,https://t.me/EnglishtestsUkraine
not your textbook english,https://uk.tgstat.com/channel/@ukr2eng,https://t.me/ukr2eng
asap üá∫üá∏üá¨üáß English,https://uk.tgstat.com/channel/@english_shychkina,https://t.me/english_shychkina
–ï–≤—Ä–µ–π—Å–∫–∏–π –ö–∞—Ç–∞–ª–æ–≥,https://uk.tgstat.com/channel/@Jewish_Katalog,https://t.me/Jewish_Katalog
–£—Ä–æ–∫–∏ –∞–Ω–≥–ª—ñ–π—Å—å–∫–æ—ó,https://uk.tgstat.com/channel/@english_ukr,https://t.me/english_ukr
–ü–æ–ª—å—Å—å–∫–∞ –º–æ–≤–∞ - –ª–µ–≥–∫–æ,https://uk.tgstat.com/channel/@polska_lehko,https://t.me/polska_lehko
–∞–≥–æ–≤! | –≤–∏–≤—á–∞–π–º–æ —É–∫—Ä–∞—ó–Ω—Å—å–∫—É –º–æ–≤—É,https://uk.tgstat.com/channel/@learningukr,https://t.me/learningukr
üá¨üáß English B1 | üá∫üá¶ –ú–æ–≤–Ω–∞ –ü–∞–ª–∞—Ç–∞,https://uk.tgstat.com/channel/@movnapalata_english_b1,https://t.me/movnapalata_english_b1
bee different club,https://uk.tgstat.com/channel/@bee_different_club,https://t.me/bee_different_club
–ê–Ω–≥–ª–∏–π—Å–∫–∏–π –ø–æ —Ñ–∏–ª—å–º–∞–º –∫–∞–∂–¥—ã–π –¥–µ–Ω—å,https://uk.tgstat.com/channel/@subbylingo,https://t.me/subbylingo
–ß–µ—Å—å–∫–∞ –º–æ–≤–∞,https://uk.tgstat.com/channel/@czjaz,https://t.me/czjaz
–î–∞–≤–∞–π –∑–∞–π–º–µ–º–æ—Å—å —Ç–µ–∫—Å—Ç–æ–º,https://uk.tgstat.com/channel/@maketexts,https://t.me/maketexts
–¢–≤—ñ–π –ß–µ—Ä—á–∏–ª–ª—å,https://uk.tgstat.com/channel/@yourchurchill,https://t.me/yourchurchill
ELSTER educlub_–ø–æ–ª—å—Å—å–∫–∞ –º–æ–≤–∞,https://uk.tgstat.com/channel/@elstereduclub,https://t.me/elstereduclub
Deutsch Boss,https://uk.tgstat.com/channel/UfuSmEhQXds3YTA6,https://t.me/joinchat/UfuSmEhQXds3YTA6
–£–∫—Ä–∞—ó–Ω—Å—å–∫–∞ –º–æ–≤–∞_ZNOcloud,https://uk.tgstat.com/channel/@Ukr_mova_ZNOcloud,https://t.me/Ukr_mova_ZNOcloud
–ê—É–¥—ñ–æPolski,https://uk.tgstat.com/channel/@audio_polska,https://t.me/audio_polska
Englassion,https://uk.tgstat.com/channel/@englassion,https://t.me/englassion
–£–ñ–ú,https://uk.tgstat.com/channel/@UkrainianSL,https://t.me/UkrainianSL
–Ü—Å–ø–∞–Ω—Å—å–∫–∞ –¥–ª—è –ø–æ—á–∞—Ç–∫—ñ–≤—Ü—ñ–≤,https://uk.tgstat.com/channel/@spanishforbeginners,https://t.me/spanishforbeginners
–¶—ñ–∫–∞–≤–∞ –∞–Ω–≥–ª—ñ–π—Å—å–∫–∞,https://uk.tgstat.com/channel/@cikava_angliyska,https://t.me/cikava_angliyska
üá∫üá¶ –ê–ù–ì–õ–Ü–ô–°–¨–ö–ê —è–∫ —Å—Ç–∏–ª—å –∂–∏—Ç—Ç—è,https://uk.tgstat.com/channel/@school_lamansh,https://t.me/school_lamansh
English Magic Space üîÆüíú,https://uk.tgstat.com/channel/fcAKo-9L6g9kYjIy,https://t.me/joinchat/fcAKo-9L6g9kYjIy
English Books for Children,https://uk.tgstat.com/channel/@English_Books_for_Children,https://t.me/English_Books_for_Children
Nyutta English,https://uk.tgstat.com/channel/@nyuttabenglish,https://t.me/nyuttabenglish
–ê–Ω–≥–ª—ñ–π—Å—å–∫–∞ –ø–æ —Å–µ—Ä—ñ–∞–ª–∞—Ö —ñ –Ω–µ —Ç—ñ–ª—å–∫–∏üá¨üáß,https://uk.tgstat.com/channel/@EnglishDV,https://t.me/EnglishDV
–ê–Ω–≥–ª—ñ–π—Å—å–∫–∞ ON THE GO üá¨üáß,https://uk.tgstat.com/channel/@ua4uk,https://t.me/ua4uk
engminded,https://uk.tgstat.com/channel/@engminded,https://t.me/engminded
–ß–µ—Å—å–∫–∞ –¥–ª—è –£–∫—Ä–∞—ó–Ω—Ü—ñ–≤ | ƒåe≈°tina pro Ukrajince,https://uk.tgstat.com/channel/@CzechForUkrainians,https://t.me/CzechForUkrainians
–ì—Ä—ñ–∑–Ω—ñ –∞–Ω–≥–ª–æ—Å–∞–∫—Å–∏,https://uk.tgstat.com/channel/@hrisli,https://t.me/hrisli
Five of the Day,https://uk.tgstat.com/channel/@fiveoftheday,https://t.me/fiveoftheday
üáµüá± Polski A1 | üá∫üá¶ –ú–æ–≤–Ω–∞ –ü–∞–ª–∞—Ç–∞,https://uk.tgstat.com/channel/@movnapalata_poland_a1,https://t.me/movnapalata_poland_a1
–û–Ω–ª–∞–π–Ω-—É—Ä–æ–∫–∏ –í—á–∏.–ö–∞–π—Ñ—É–π.–ì–æ–≤–æ—Ä–∏! –í–∏—â–µ-–ø–æ—á–∞—Ç–∫–æ–≤–æ–≥–æ,https://uk.tgstat.com/channel/@AlexEnjoyEnglish,https://t.me/AlexEnjoyEnglish
Engtalk | –ê–ù–ì–õ–Ü–ô–°–¨–ö–ê for FREE,https://uk.tgstat.com/channel/@engtalk_chanel,https://t.me/engtalk_chanel
KOREISKIY SLANG,https://uk.tgstat.com/channel/@koreiskiy_blyat,https://t.me/koreiskiy_blyat
–ú–û–†–§–û–õ–û–ì–Ü–Ø UA,https://uk.tgstat.com/channel/@morphology_ua,https://t.me/morphology_ua
üá¨üáß English Room,https://uk.tgstat.com/channel/@english_room_ua,https://t.me/english_room_ua
Grade Teacher Training,https://uk.tgstat.com/channel/@TCG19,https://t.me/TCG19
English Owl Diary,https://uk.tgstat.com/channel/@engowldiary,https://t.me/engowldiary
Teen Health,https://uk.tgstat.com/channel/@teen_health,https://t.me/teen_health
–ö–æ—Ä–µ–π—Å—å–∫–∞ –º–æ–≤–∞ ~,https://uk.tgstat.com/channel/@koreanlanguage_ua,https://t.me/koreanlanguage_ua
–Ü—Å–ø–∞–Ω—Å—å–∫–∞ –º–æ–≤–∞üá™üá∏,https://uk.tgstat.com/channel/@escuelakuzolesia,https://t.me/escuelakuzolesia
Beleza da L√≠ngua Portuguesa‚ú®,https://uk.tgstat.com/channel/@belezadalinguaportuguesa,https://t.me/belezadalinguaportuguesa
–ù–æ–≤–æ—Å—Ç–∏ | –ò—Å–ø–∞–Ω—Å–∫–∏–π –Ø–∑—ã–∫ I üáßüá¥,https://uk.tgstat.com/channel/@spain_idioma,https://t.me/spain_idioma
üáµüá± Polski B1 | üá∫üá¶ –ú–æ–≤–Ω–∞ –ü–∞–ª–∞—Ç–∞,https://uk.tgstat.com/channel/@movnapalata_poland_b1,https://t.me/movnapalata_poland_b1
–ú–û–í–û–Æ –®–ö–Ü–†–ò,https://uk.tgstat.com/channel/@movoiushkiry,https://t.me/movoiushkiry
mova.how,https://uk.tgstat.com/channel/@mova_how,https://t.me/mova_how
–ò–Ω–≤–µ—Å—Ç–∏—Ä—É—é –≤ –∫—Ä–∏–ø—Ç—Éüí≤,https://uk.tgstat.com/channel/a1tCVxgJpjtkYjFi,https://t.me/joinchat/a1tCVxgJpjtkYjFi
üá¨üáß English B2 | üá∫üá¶ –ú–æ–≤–Ω–∞ –ü–∞–ª–∞—Ç–∞,https://uk.tgstat.com/channel/@movnapalata_english_b2,https://t.me/movnapalata_english_b2
üá∫üá¶ –£–∫—Ä–∞–∏–Ω—Å–∫–∏–π —è–∑—ã–∫ –£–∫—Ä–∞—ó–Ω—Å—å–∫–∞ –º–æ–≤–∞ @ukrainx,https://uk.tgstat.com/channel/@ukrainx,https://t.me/ukrainx
–ê–Ω–≥–ª–æ–º–æ–Ω—Å—Ç—Ä–∏–∫–∏ - –∞–Ω–≥–ª—ñ–π—Å—å–∫–∞ –º–æ–≤–∞ –¥–ª—è –¥—ñ—Ç–µ–π,https://uk.tgstat.com/channel/@English_monsters_children,https://t.me/English_monsters_children
–ü—Ä–∞–∫—Ç–∏–∫—É—î–º–æ —Ä–æ–∑–º–æ–≤–Ω—É –∞–Ω–≥–ª—ñ–π—Å—å–∫—É | Craftorium,https://uk.tgstat.com/channel/@eng6000,https://t.me/eng6000
LET'S HELP esl materials,https://uk.tgstat.com/channel/@englishforteachershelp,https://t.me/englishforteachershelp
Learn and Discover,https://uk.tgstat.com/channel/@learn_discover,https://t.me/learn_discover
–°–ª–æ–≤–∞ –∑ –∫–Ω–∏–≥–∏,https://uk.tgstat.com/channel/@slova_z_knigy,https://t.me/slova_z_knigy
üçµ your tutor Sophie | inspiration,https://uk.tgstat.com/channel/@sylazorenko,https://t.me/sylazorenko
–í–∏–≤—á–µ–Ω–Ω—è —á–µ—Å—å–∫–æ—ó –º–æ–≤–∏üá®üáøüá∫üá¶,https://uk.tgstat.com/channel/@creativeth0ughts,https://t.me/creativeth0ughts
–†—É–º—É–Ω—Å—å–∫–∞ –º–æ–≤–∞,https://uk.tgstat.com/channel/@romanian2022,https://t.me/romanian2022
Business English Yappi,https://uk.tgstat.com/channel/@busengyappi,https://t.me/busengyappi
Your English Club,https://uk.tgstat.com/channel/@your_english_club,https://t.me/your_english_club
–ù–æ–≤–∏–Ω–∏|–£–∫—Ä–∞—ó–Ω—Å—å–∫—ñ –≤–∞–∂–ª–∏–≤—ñ –æ–ø–∏—Ç—É–≤–∞–Ω–Ω—è,https://uk.tgstat.com/channel/@ukr_opros,https://t.me/ukr_opros
GEEK OF ENGLISH,https://uk.tgstat.com/channel/@geek_of_english,https://t.me/geek_of_english
–°–æ–ª–æ–≤'—ó–Ω–µ —à–æ—É | –•—Ç–æ –º–∏ —î,https://uk.tgstat.com/channel/@solovyine_show,https://t.me/solovyine_show
üáµüá± Polski A2 | üá∫üá¶ –ú–æ–≤–Ω–∞ –ü–∞–ª–∞—Ç–∞,https://uk.tgstat.com/channel/@movnapalata_poland_a2,https://t.me/movnapalata_poland_a2
–õ–µ–¥–∞—Ü—é–≥–∞ üá¨üáß –∞–Ω–≥–ª—ñ–π—Å—å–∫–∞ –¥–ª—è –ª–µ–¥–∞—Ä—ñ–≤,https://uk.tgstat.com/channel/@english_ledar,https://t.me/english_ledar
–ù–æ—Ä–≤–µ–∂—Å–∫–∏–π —è–∑—ã–∫ –¥–ª—è –£–∫—Ä–∞–∏–Ω—Ü–µ–≤üá≥üá¥,https://uk.tgstat.com/channel/@norskua,https://t.me/norskua
–ê–Ω—Ç–∏–®–∫–æ–ª–∞ ONLINE,https://uk.tgstat.com/channel/@spacedeer_club,https://t.me/spacedeer_club
Olena Mykytenko ‚ù§Ô∏è,https://uk.tgstat.com/channel/@tutor_mykytenko,https://t.me/tutor_mykytenko
English StepByStepFluency,https://uk.tgstat.com/channel/@stepbystepfluency,https://t.me/stepbystepfluency
–Ü–¢–ê–õ–Ü–ô–°–¨–ö–êüáÆüáπ–ú–û–í–êüáÆüáπ,https://uk.tgstat.com/channel/@lmpara_ITALIANO,https://t.me/lmpara_ITALIANO
üáµüá± Polski B2 | üá∫üá¶ –ú–æ–≤–Ω–∞ –ü–∞–ª–∞—Ç–∞,https://uk.tgstat.com/channel/@movnapalata_poland_b2,https://t.me/movnapalata_poland_b2
Stellar.eng_lish,https://uk.tgstat.com/channel/@stellar_english,https://t.me/stellar_english
–£–∫—Ä–∞—ó–Ω—Å—å–∫–∞ –º–æ–≤–∞ üá∫üá¶,https://uk.tgstat.com/channel/@Ukrainska_Mova,https://t.me/Ukrainska_Mova
–ú–∞—Ç–µ—Ä—ñ–∞–ª–∏ –≤—á–∏—Ç–µ–ª—è–º —É–∫—Ä. üíö,https://uk.tgstat.com/channel/@ukr_lessons,https://t.me/ukr_lessons
English Meetup Online –≤—ñ–¥ Green Forest,https://uk.tgstat.com/channel/@gf_englishmeetup,https://t.me/gf_englishmeetup
–ê–Ω–≥–ª–∏–π—Å–∫–∏–π –Ω–∞ —Å–ª—É—Ö,https://uk.tgstat.com/channel/@EnglishMay,https://t.me/EnglishMay
English_With_Vicky_Melnyk,https://uk.tgstat.com/channel/@english_with_vicky_melnyk,https://t.me/english_with_vicky_melnyk
English for Teachers,https://uk.tgstat.com/channel/@English_for_Teacher,https://t.me/English_for_Teacher
–ê–Ω–≥–ª—ñ–π—Å—å–∫–∞ –¥–ª—è –ø–æ—á–∞—Ç–∫—ñ–≤—Ü—ñ–≤,https://uk.tgstat.com/channel/@languagelandschoolUA,https://t.me/languagelandschoolUA
–ê–Ω–≥–ª—ñ–π—Å—å–∫–∞ Engblog,https://uk.tgstat.com/channel/@engblog_ua,https://t.me/engblog_ua
UkraineSpeaks - –ú–æ–≤–Ω–∞ –î–æ–ø–æ–º–æ–≥–∞ –£–∫—Ä–∞—ó–Ω—Ü—è–º - Free Lessons for Ukrainians,https://uk.tgstat.com/channel/@schoolForRefugees,https://t.me/schoolForRefugees
‚úå Your English,https://uk.tgstat.com/channel/@your_english_your_victory,https://t.me/your_english_your_victory
–®–≤–µ–¥—Å—å–∫–∏–π –•–∞–±,https://uk.tgstat.com/channel/@svenskaforua,https://t.me/svenskaforua
10 minutes de Fran√ßais,https://uk.tgstat.com/channel/@FrancaisEstFacile,https://t.me/FrancaisEstFacile
Foxed.English,https://uk.tgstat.com/channel/@foxedenglish,https://t.me/foxedenglish
–û–Ω–ª–∞–π–Ω-—É—Ä–æ–∫–∏ –í—á–∏.–ö–∞–π—Ñ—É–π.–ì–æ–≤–æ—Ä–∏! –ü–æ—á–∞—Ç–∫–æ–≤–∞,https://uk.tgstat.com/channel/@EnjoyEnglishAlex,https://t.me/EnjoyEnglishAlex
CODE BLACKüá∫üá¶,https://uk.tgstat.com/channel/@codeblack_uaa,https://t.me/codeblack_uaa
–ü–æ–ª—Ç–∞–≤—Å–∫–∏–π –î–≤–∏–∂,https://uk.tgstat.com/channel/@nltoua,https://t.me/nltoua
–ü–µ—Ä–µ–∫–ª–∞–¥ —ñ –ª–æ–∫–∞–ª—ñ–∑–∞—Ü—ñ—è,https://uk.tgstat.com/channel/@pereklad_lokalizatsiya,https://t.me/pereklad_lokalizatsiya
English teaching materials |–ê–≤—Ç–æ—Ä—Å—å–∫—ñ —Ä–æ–∑—Ä–æ–±–∫–∏,https://uk.tgstat.com/channel/@english_teaching_material,https://t.me/english_teaching_material
–ú–æ–í–Ω–∏–∫,https://uk.tgstat.com/channel/@movnyk_ua,https://t.me/movnyk_ua
kariengg ‚ú®,https://uk.tgstat.com/channel/@kariengg,https://t.me/kariengg
Film Fluency - –ê–Ω–≥–ª—ñ–π—Å—å–∫–∞ –ø–æ —Ñ—ñ–ª—å–º–∞—Ö,https://uk.tgstat.com/channel/@filmfluency,https://t.me/filmfluency
FAQ.Ua.Deutsch,https://uk.tgstat.com/channel/@faq_ua_deutsch,https://t.me/faq_ua_deutsch
–ö–ê–ô–§–û–í–ê –ê–ù–ì–õ–Ü–ô–°–¨–ö–ê,https://uk.tgstat.com/channel/@english_kaif,https://t.me/english_kaif
–§—Ä–∞–Ω—Ü—É–∑—å–∫–∞ —â–æ–¥–Ω—è,https://uk.tgstat.com/channel/@frtoua,https://t.me/frtoua
–†—ñ–¥–Ω–∞ –º–æ–≤–∞,https://uk.tgstat.com/channel/@ridna_mova_kr,https://t.me/ridna_mova_kr
–ê–Ω–≥–ª—ñ–π—Å—å–∫–∞ –±–µ–∑ –±–æ–ª—é| Say it in EN,https://uk.tgstat.com/channel/@say_it_in_eng,https://t.me/say_it_in_eng
–ú–æ–≤–Ω–∞ –®–∞–±–ª—è,https://uk.tgstat.com/channel/7vQuCqmLwV85Mjgy,https://t.me/joinchat/7vQuCqmLwV85Mjgy
Polyglot Online School,https://uk.tgstat.com/channel/@polyglot_online_school,https://t.me/polyglot_online_school
Deutschunterricht__,https://uk.tgstat.com/channel/gyjw7WwB-VphNWUy,https://t.me/joinchat/gyjw7WwB-VphNWUy
–ö—Ä—ã–º—Å–∫–æ—Ç–∞—Ç–∞—Ä—Å–∫–∏–π —Ä–∞–∑–≥–æ–≤–æ—Ä–Ω–∏–∫.,https://uk.tgstat.com/channel/@Qrmtili,https://t.me/Qrmtili
–ê–ù–ì–õ–Ü–ô–°–¨–ö–êüá∫üá∏–Ü–¢–ê–õ–Ü–ô–°–¨–ö–êüáÆüáπ–§–†–ê–ù–¶–£–ó–¨–ö–êüá´üá∑–Ü–°–ü–ê–ù–°–¨–ö–êüá™üá∏–ù–Ü–ú–ï–¶–¨–ö–êüá©üá™,https://uk.tgstat.com/channel/@learn8languages,https://t.me/learn8languages
–§–∞–∫—É–ª—å—Ç–µ—Ç –≥–µ—Ä–º–∞–Ω—Å—å–∫–æ—ó —Ñ—ñ–ª–æ–ª–æ–≥—ñ—ó,https://uk.tgstat.com/channel/@germanci_knlu,https://t.me/germanci_knlu
–†–æ–∑–º–æ–≤–Ω–∏–π –∫–ª—É–± –≤ –û–¥–µ—Å—ñ,https://uk.tgstat.com/channel/@ukrmov_club,https://t.me/ukrmov_club
–§—Ä–∞–Ω—Ü—É–∑—å–∫–∞ –º–æ–≤–∞,https://uk.tgstat.com/channel/@tempsdeparleravecmia,https://t.me/tempsdeparleravecmia
–ê–Ω–≥–ª—ñ–π—Å—å–∫–∞ –º–æ–≤–∞ –≤ –£–∫—Ä–∞—ó–Ω—Å—å–∫–æ–º—É –Ü–Ω—Ñ–æ—Ä–º–∞—Ü—ñ–π–Ω–æ–º—É –¶–µ–Ω—Ç—Ä—ñ (Refuweegee) –ì–ª–∞–∑–≥–æ,https://uk.tgstat.com/channel/@Ukrainians_in_Glasgow_English,https://t.me/Ukrainians_in_Glasgow_English
–£–∫—Ä–∞—ó–Ω—Å—å–∫–∞ –∑ “ë–µ–¥–∑–∏–∫–æ–º üêù —Ñ—Ä–∞–∑–µ–æ–ª–æ–≥—ñ–∑–º–∏,https://uk.tgstat.com/channel/@ukrgedzyk,https://t.me/ukrgedzyk
–§–∏–¥–∏—É√¶–≥,https://uk.tgstat.com/channel/@theclassyossetian,https://t.me/theclassyossetian
"–ê–ª—å–æ–Ω–∞ –î–∞–ª—å, –º–µ–Ω—Ç–æ—Ä –∑ –≤–∏–≤—á–µ–Ω–Ω—è –º–æ–≤",https://uk.tgstat.com/channel/@aliona_dal,https://t.me/aliona_dal
"–ù–µ —à–æ,–∞ —â–æ",https://uk.tgstat.com/channel/8fqetSUdvwpjOWEy,https://t.me/joinchat/8fqetSUdvwpjOWEy
–ù–æ—Ç–∞—Ç–Ω–∏–∫ –∑ —è–ø–æ–Ω—Å—å–∫–æ—ó | –Ø–ø–æ–Ω—Å—å–∫–∞ –º–æ–≤–∞,https://uk.tgstat.com/channel/@jp_notes,https://t.me/jp_notes
Polska mowa / –ü–æ–ª—å—Å–∫–∏–π —è–∑—ã–∫ üáµüá±,https://uk.tgstat.com/channel/@polskamowa,https://t.me/polskamowa
English as a Foreign Language,https://uk.tgstat.com/channel/@enfol,https://t.me/enfol
–í–ª—É—á–Ω–æ—Å–ª–æ–≤,https://uk.tgstat.com/channel/@vluchnoslov,https://t.me/vluchnoslov
–†—É–º—É–Ω—Å—å–∫–∞ –º–æ–≤–∞ –æ–Ω–ª–∞–π–Ω,https://uk.tgstat.com/channel/@limbaromanaonline,https://t.me/limbaromanaonline
UKnow Language School,https://uk.tgstat.com/channel/@UKnow_language_school,https://t.me/UKnow_language_school
FunJap Blog,https://uk.tgstat.com/channel/@sakanasempaiblog,https://t.me/sakanasempaiblog
–ù—ñ–º–µ—Ü—å–∫–∞ –º–æ–≤–∞,https://uk.tgstat.com/channel/@nimetska,https://t.me/nimetska
–ê–Ω–≥–ª—ñ–π—Å—å–∫–∞ –º–æ–≤–∞ | EasyWord,https://uk.tgstat.com/channel/@EnglishLanguageEasyWord,https://t.me/EnglishLanguageEasyWord
–ê–Ω–≥–ª—ñ–π—Å—å–∫–∞ –º–æ–≤–∞ üá¨üáß,https://uk.tgstat.com/channel/@Anhliyska,https://t.me/Anhliyska
5 Minute English,https://uk.tgstat.com/channel/FjGw42FatblhNjZi,https://t.me/joinchat/FjGw42FatblhNjZi
Polski na co dzie≈Ñ,https://uk.tgstat.com/channel/@polskinacodzien,https://t.me/polskinacodzien
mafaboo.club,https://uk.tgstat.com/channel/@mafaboo_club,https://t.me/mafaboo_club
–î–∞–≤–Ω—å–æ–≥—Ä–µ—Ü—å–∫–∞ –º–æ–≤–∞,https://uk.tgstat.com/channel/@HEglossa,https://t.me/HEglossa
–Ø–ø–æ–Ω—Å—å–∫–∞ –¥–ª—è —Å–∞–º—É—Ä–∞—ó–≤,https://uk.tgstat.com/channel/@samurainihongo1,https://t.me/samurainihongo1
English 4 Fun,https://uk.tgstat.com/channel/@english_4fun,https://t.me/english_4fun
Sanskrit in Ukraine,https://uk.tgstat.com/channel/@sanskritua,https://t.me/sanskritua
StarUp-Communication Classes,https://uk.tgstat.com/channel/@project_starup,https://t.me/project_starup
–ü–æ–ª—å—Å—å–∫–∏–π –≤–æ–≥–Ω–∏–∫,https://uk.tgstat.com/channel/PnEL-uYPC6FlODVi,https://t.me/joinchat/PnEL-uYPC6FlODVi
"""–ë–∞–≤–∞—Ä—Å—å–∫–∏–π –î—ñ–º, –û–¥–µ—Å–∞"", –Ω—ñ–º–µ—Ü—å–∫–∞ –º–æ–≤–∞",https://uk.tgstat.com/channel/@slzodessa,https://t.me/slzodessa
5-minute English motivation,https://uk.tgstat.com/channel/@fiveminengmotivation,https://t.me/fiveminengmotivation
Larisa | EngVibeüá¨üáß,https://uk.tgstat.com/channel/@englivibe,https://t.me/englivibe
FRENCH.ETC,https://uk.tgstat.com/channel/@french_etc_official,https://t.me/french_etc_official
üá∫üá¶üî∑English –ü—ñ–ø–ª—Åüî∑üá∫üá¶,https://uk.tgstat.com/channel/@EngPip,https://t.me/EngPip
INSPIRATION,https://uk.tgstat.com/channel/@INSPIRATIONLIFE1,https://t.me/INSPIRATIONLIFE1
Polskie slowa,https://uk.tgstat.com/channel/@polskie_slowa,https://t.me/polskie_slowa
–ù—ñ–º–µ—Ü—å–∫–∞ —É–∫—Ä–∞—ó–Ω—Ü—è–º 2022 üá©üá™üá©üá™üá∫üá¶üá∫üá¶,https://uk.tgstat.com/channel/@deutschheuteschnell,https://t.me/deutschheuteschnell
–ë–µ–∑–∫–æ—à—Ç–æ–≤–Ω–∏–π LingQ –¥–ª—è –≤—Å—ñ—Ö —É–∫—Ä–∞—ó–Ω—Ü—ñ–≤ –Ω–∞ 6 –º—ñ—Å—è—Ü—ñ–≤,https://uk.tgstat.com/channel/@freeLingQforUkraine,https://t.me/freeLingQforUkraine
–ü–µ—Ä–µ–∫–ª–∞–¥ –∂–µ—Å—Ç–æ–≤–æ—é –º–æ–≤–æ—é –≤—ñ–¥ –£–∫—Ä–∞—ó–Ω—Å—å–∫–æ–≥–æ —Ç–æ–≤–∞—Ä–∏—Å—Ç–≤–∞ –≥–ª—É—Ö–∏—Ö,https://uk.tgstat.com/channel/@utogpereklad,https://t.me/utogpereklad
English for Ukrainians in Cyprus üá®üáæüá∫üá¶,https://uk.tgstat.com/channel/@english_in_cyprus,https://t.me/english_in_cyprus
Speak Tomorrow English Club,https://uk.tgstat.com/channel/@speaktomorrow,https://t.me/speaktomorrow
English for Everybody,https://uk.tgstat.com/channel/@english_for_everybody,https://t.me/english_for_everybody
5 min English,https://uk.tgstat.com/channel/@five_min_english,https://t.me/five_min_english
–£–∫—Ä–∞—ó–Ω—Å—å–∫–∞ –º–æ–≤–∞ —Ç–∞ –ª—ñ—Ç–µ—Ä–∞—Ç—É—Ä–∞ –ó–ù–û/–ù–ú–¢,https://uk.tgstat.com/channel/@twobees_movalit,https://t.me/twobees_movalit
–ú–æ–≤–Ω–∞ –º–∞–π—Å—Ç–µ—Ä–Ω—è,https://uk.tgstat.com/channel/M-zTERRKWlhhYzBi,https://t.me/joinchat/M-zTERRKWlhhYzBi
–ö–æ—Ä–µ–π—Å–∫–∏–π —è–∑—ã–∫ üá∞üá∑ ÌïúÍµ≠Ïñ¥ Ï±ÑÎÑêüá∞üá∑,https://uk.tgstat.com/channel/@Onschooll,https://t.me/Onschooll
–ê–Ω–≥–ª—ñ–π—Å—å–∫–∞ –ü—Ä–æ—Å—Ç–∏–º–∏ –°–ª–æ–≤–∞–º–∏,https://uk.tgstat.com/channel/@beenglishbeecool,https://t.me/beenglishbeecool
Âä™ÂäõÂä™ÂäõÂÜçÂä™ÂäõÂ≠¶Ê±âËØ≠‚úä,https://uk.tgstat.com/channel/@siyaolaoshi,https://t.me/siyaolaoshi
–ü–µ—Ä—à–µ –£–∫—Ä–∞—ó–Ω—Å—å–∫–µ —Ä–∞–¥—ñ–æ —É –ù—ñ–¥–µ—Ä–ª–∞–Ω–¥–∞—Ö üá∫üá¶Radio-Ukraine.nl,https://uk.tgstat.com/channel/@radio_ukraine_netherlands,https://t.me/radio_ukraine_netherlands
–¶—ñ–∫–∞–≤–∞ –ø–æ–ª—å—Å—å–∫–∞,https://uk.tgstat.com/channel/@tsikavapolska,https://t.me/tsikavapolska
–£–∫—Ä–∞—ó–Ω—Å—å–∫–∞ - –õ–ï–ì–∫–û,https://uk.tgstat.com/channel/@ukrainelegko,https://t.me/ukrainelegko
üá¨üáß EngMed | –ú–µ–¥–∏—á–Ω–∞ –∞–Ω–≥–ª—ñ–π—Å—å–∫–∞,https://uk.tgstat.com/channel/@english_for_medicine,https://t.me/english_for_medicine
–õ–ï–ü–ï–¢–£–ù,https://uk.tgstat.com/channel/@lepetuncprppmmr,https://t.me/lepetuncprppmmr
–ú–æ—è –ú–æ–≤–∞,https://uk.tgstat.com/channel/@Mmova2019,https://t.me/Mmova2019
–¶–µ–Ω—Ç—Ä –∫—É–ª—å—Ç—É—Ä–∏ —É–∫—Ä–∞—ó–Ω—Å—å–∫–æ—ó –º–æ–≤–∏,https://uk.tgstat.com/channel/@kulturaukrmovi,https://t.me/kulturaukrmovi
#pro–ú–æ–≤–£,https://uk.tgstat.com/channel/@promovy,https://t.me/promovy
üé¨ ùôÜùôÑùôÉùôä ùôèùôîùôè üá∫üá¶,https://uk.tgstat.com/channel/@kinoua24,https://t.me/kinoua24
English - —ç—Ç–æ easy!,https://uk.tgstat.com/channel/@englsheasy,https://t.me/englsheasy
Memeglish,https://uk.tgstat.com/channel/@memes_engl,https://t.me/memes_engl
Handy for your English,https://uk.tgstat.com/channel/@handyforyourEnglish,https://t.me/handyforyourEnglish
Vamos üá™üá∏ –ò—Å–ø–∞–Ω—Å–∫–∏–π –≤ —É–¥–æ–≤–æ–ª—å—Å—Ç–≤–∏–µ,https://uk.tgstat.com/channel/@vivavamos,https://t.me/vivavamos
–ø√Ω—à–∏–Ω–∞ –ø–µ—Ä–µ–∫–ª–∞–¥–∞—î,https://uk.tgstat.com/channel/@perekladeno,https://t.me/perekladeno
Mind Hub - —à–∫–æ–ª–∞ –∞–Ω–≥–ª—ñ–π—Å—å–∫–æ—óüíõ,https://uk.tgstat.com/channel/H1KL03l-X2Y5ZTIy,https://t.me/joinchat/H1KL03l-X2Y5ZTIy
AplusB English,https://uk.tgstat.com/channel/@englishaplusb,https://t.me/englishaplusb
Educado,https://uk.tgstat.com/channel/@educados,https://t.me/educados
–ê–Ω–≥–ª—ñ–π—Å—å–∫–∞ –≤ —ñ–¥–µ–∞–ª—ñ üëå –ê–Ω–≥–ª–∏–π—Å–∫–∏–π –≤ —É–¥–æ–≤–æ–ª—å—Å—Ç–≤–∏–µ üá¨üáß,https://uk.tgstat.com/channel/@ideal_english_challenge,https://t.me/ideal_english_challenge
SvEng|–ê–Ω–≥–ª—ñ–π—Å—å–∫–∞ –∑–∞ 30 —Ö–≤–∏–ª–∏–Ω,https://uk.tgstat.com/channel/@SvEng30minaday,https://t.me/SvEng30minaday
American vs British English,https://uk.tgstat.com/channel/@AmericanvsBritish,https://t.me/AmericanvsBritish
Learn English - Words - Quizzes,https://uk.tgstat.com/channel/@learn_english_words_quizzes,https://t.me/learn_english_words_quizzes
–ü—Ä–æ–∫–∞—á–∫–∞ –ê–Ω–≥–ª—ñ–π—Å—å–∫–æ—ó üá¨üáß,https://uk.tgstat.com/channel/@Cheer_the_brain,https://t.me/Cheer_the_brain
International Movie Club,https://uk.tgstat.com/channel/@kyivspeaking,https://t.me/kyivspeaking
–°–æ–ª–æ–≤ º—ó–Ω–∞,https://uk.tgstat.com/channel/@SolovinaMova,https://t.me/SolovinaMova
–ù–∞ —Ç—Ä–∏ —Å–ª–æ–≤–∞,https://uk.tgstat.com/channel/@natryslova,https://t.me/natryslova
–ê–Ω–≥–ª—ñ–π—Å—å–∫–∞ –í—ñ–∫—Ç–æ—Ä–∏–Ω–∞üí°,https://uk.tgstat.com/channel/@eng_qu1z,https://t.me/eng_qu1z
–ê–Ω–≥–ª—ñ–π—Å—å–∫–∞ –≤ —Å–ª–æ–≤–∞—Ö,https://uk.tgstat.com/channel/SEjrDqctFspVpUF0,https://t.me/joinchat/SEjrDqctFspVpUF0
ùïãùïñùïí ùï•ùïöùïûùïñ - ùîºùïüùïòùïùùïöùï§ùïô ùï§ùï°ùïñùïíùïúùïöùïüùïò ùïîùïùùï¶ùïì,https://uk.tgstat.com/channel/@EnglishClub_TeaTime,https://t.me/EnglishClub_TeaTime
–ù—ñ–º–µ—Ü—å–∫–∞ üá©üá™Deutsch Meister,https://uk.tgstat.com/channel/@deutschmeisterua,https://t.me/deutschmeisterua
–ó–æ–∑—É–ª—å—á–∏–Ω–∞ —Ñ—Ä–∞–Ω—Ü—É–∑—å–∫–∞,https://uk.tgstat.com/channel/@zuzofle,https://t.me/zuzofle
Polskie GRONO,https://uk.tgstat.com/channel/@polskiegrono,https://t.me/polskiegrono
–º–µ–ª–∞–Ω—Ö–æ–ª—ñ—è.,https://uk.tgstat.com/channel/@mlnchlll,https://t.me/mlnchlll
AZOV Latƒ´nƒì,https://uk.tgstat.com/channel/@polkazov_latine,https://t.me/polkazov_latine
–ü–æ–ª—å—Å—å–∫–∏–π –°–ª–æ–≤–Ω–∏—á–æ–∫,https://uk.tgstat.com/channel/@pldict,https://t.me/pldict
DYU community,https://uk.tgstat.com/channel/@dyucommunity,https://t.me/dyucommunity
Advanced English self-study,https://uk.tgstat.com/channel/@sidenote4me,https://t.me/sidenote4me
ü¶òLov.Eng Mommy,https://uk.tgstat.com/channel/@lovengmommy,https://t.me/lovengmommy
Ukrainian_4_foreigners,https://uk.tgstat.com/channel/@ukrainian_4_foreigners,https://t.me/ukrainian_4_foreigners
English Express,https://uk.tgstat.com/channel/kX652Tibm582OTQy,https://t.me/joinchat/kX652Tibm582OTQy
–Ü–°–ü–ê–ù–°–¨–ö–ê –î–õ–Ø –¢–ï–ë–ï üá™üá∏,https://uk.tgstat.com/channel/@spanish_you,https://t.me/spanish_you
–†—É—Å—å–∫–∞ –∑–≤—ñ–∑–¥–∞,https://uk.tgstat.com/channel/@ruska_zvizda,https://t.me/ruska_zvizda
ENGLISH FUN ZONE,https://uk.tgstat.com/channel/@english_fun_zone,https://t.me/english_fun_zone
