–ê–¥–≤–æ–∫–∞—Ç –ü—Ä–∞–≤–∞,https://uk.tgstat.com/channel/AAAAAEplQYQBXl3xyh-uVw,https://t.me/joinchat/AAAAAEplQYQBXl3xyh-uVw
–°–ª—É–∂–±–∞ –±–µ–∑–ø–µ–∫–∏ –£–∫—Ä–∞—ó–Ω–∏,https://uk.tgstat.com/channel/@SBUkr,https://t.me/SBUkr
–ù–∞—Ä–æ–¥–Ω–∞—è –º–∏–ª–∏—Ü–∏—è –î–ù–†,https://uk.tgstat.com/channel/@nm_dnr,https://t.me/nm_dnr
–Æ—Ä–∏–¥–∏—á–Ω–∏–π –¢–µ–ª–µ–≥—Ä–∞–º,https://uk.tgstat.com/channel/7_Ox9vA4oms0NjA6,https://t.me/joinchat/7_Ox9vA4oms0NjA6
–ú–í–° –£–∫—Ä–∞—ó–Ω–∏,https://uk.tgstat.com/channel/@mvs_ukraine,https://t.me/mvs_ukraine
–¢–∞—Ä–∞—Å –Æ—Ä–∏—Å—Ç –ê–¥–≤–æ–∫–∞—Ç –û–¥–µ—Å—Å–∞,https://uk.tgstat.com/channel/@TarasOdessa,https://t.me/TarasOdessa
–ê–î–í–û–ö–ê–¢ –î–ñ–ê–ú–ê–õüá∫üá¶ - –ø—Ä–æ –ø—Ä–∞–≤–æ –ø—ñ–¥ —á–∞—Å –≤—ñ–π–Ω–∏,https://uk.tgstat.com/channel/@instadvokat,https://t.me/instadvokat
–ë–ª–æ–≥ —é—Ä–∏—Å—Ç–∞,https://uk.tgstat.com/channel/AAAAAFNxWbGnDQd8mjSqcg,https://t.me/joinchat/AAAAAFNxWbGnDQd8mjSqcg
–ó–∞–∫–æ–Ω —ñ –ø—Ä–∞–≤–æ,https://uk.tgstat.com/channel/@ukr_lawyer,https://t.me/ukr_lawyer
–Æ–†–ò–°–¢ ONLINE,https://uk.tgstat.com/channel/@jur_online,https://t.me/jur_online
–°—É–¥–æ–≤–æ-—é—Ä–∏–¥–∏—á–Ω–∞ –≥–∞–∑–µ—Ç–∞,https://uk.tgstat.com/channel/@sudua,https://t.me/sudua
–ë–∞–≥–Ω–µ—Ç –Ω–∞—Ü—ñ—ó,https://uk.tgstat.com/channel/@bagnetnacii,https://t.me/bagnetnacii
–¢–µ—Ä–∏—Ç–æ—Ä—ñ—è –ø—Ä–∞–≤–∞üá∫üá¶,https://uk.tgstat.com/channel/FTOow3aP7e0xNTk6,https://t.me/joinchat/FTOow3aP7e0xNTk6
–¢–∏ –∂ –Æ–†–ò–°–¢,https://uk.tgstat.com/channel/@ua_lawyer,https://t.me/ua_lawyer
–ú–∏—Ç–Ω–∞ —Å–ª—É–∂–±–∞ ‚Äì Customs of Ukraine,https://uk.tgstat.com/channel/@Customs_of_Ukraine,https://t.me/Customs_of_Ukraine
–í–µ—Ä—Ö–æ–≤–Ω–∏–π –°—É–¥,https://uk.tgstat.com/channel/@supremecourtua,https://t.me/supremecourtua
–•–æ–≤2 üëÅÔ∏è‚õî | –ü–æ–≤—ñ—Å—Ç–∫–∏,https://uk.tgstat.com/channel/@hogoj_89,https://t.me/hogoj_89
–†–æ—Å—Ç–∏—Å–ª–∞–≤ –ö—Ä–∞–≤–µ—Ü—å,https://uk.tgstat.com/channel/@rkravetsUA,https://t.me/rkravetsUA
–û—Ñ—ñ—Å –ì–µ–Ω–µ—Ä–∞–ª—å–Ω–æ–≥–æ –ø—Ä–æ–∫—É—Ä–æ—Ä–∞,https://uk.tgstat.com/channel/@pgo_gov_ua,https://t.me/pgo_gov_ua
–†–ï–°–£–†–° UA|JurLife‚Ñ¢Ô∏è,https://uk.tgstat.com/channel/E0B7hTdVciYzYzgy,https://t.me/joinchat/E0B7hTdVciYzYzgy
–°—Ç–∞—Ç—É—Å–∏ | –î–æ–∫—É–º–µ–Ω—Ç–∏ –£-–†–∞! –û–±'—î–¥–Ω–∞–Ω–Ω—è –ê–≤—Ç–æ—Ä—ñ–≤,https://uk.tgstat.com/channel/@stat_doc,https://t.me/stat_doc
–Æ—Ä–∏—Å—Ç–∏ –£–∫—Ä–∞—ó–Ω–∏ üá∫üá¶,https://uk.tgstat.com/channel/@lawyer_ukraine_now,https://t.me/lawyer_ukraine_now
–ö–∞–Ω–∞–ª –ê–¥–≤–æ–∫–∞—Ç–∞ –°—ñ–º—É—Ç—ñ–Ω–∞,https://uk.tgstat.com/channel/@advokatsimutin,https://t.me/advokatsimutin
"–ë–∏–±–ª–∏–æ—Ç–µ–∫–∞ ""–ü–†–ê–í–û–í–ï–î"".ua",https://uk.tgstat.com/channel/@biblioteka_pravo_ua,https://t.me/biblioteka_pravo_ua
–°–ø—ñ–ª–∫–∞ –º–µ—Ä—Ç–≤–∏—Ö —é—Ä–∏—Å—Ç—ñ–≤,https://uk.tgstat.com/channel/@DeadLawyers,https://t.me/DeadLawyers
Tax Time!,https://uk.tgstat.com/channel/@tax_time,https://t.me/tax_time
–ö–∏–µ–≤ UAüá∫üá¶,https://uk.tgstat.com/channel/@kyivuanew,https://t.me/kyivuanew
–Æ—Ä–®—Ç–∞–±,https://uk.tgstat.com/channel/@LegalforcesofUkraine,https://t.me/LegalforcesofUkraine
YANKIV Bogdan,https://uk.tgstat.com/channel/@yankiv_law,https://t.me/yankiv_law
–Æ—Ä–∏—Å—Ç –£–∫—Ä–∞–∏–Ω–∞ –Æ—Ä–∏–¥–∏—á–µ—Å–∫–∞—è –∫–æ–Ω—Å—É–ª—å—Ç–∞—Ü–∏—è –Æ—Ä–∏—Å—Ç –£–∫—Ä–∞—ó–Ω–∞ –Æ—Ä–∏–¥–∏—á–Ω–∞ –∫–æ–Ω—Å—É–ª—å—Ç–∞—Ü—ñ—è,https://uk.tgstat.com/channel/@lawyeruahelp,https://t.me/lawyeruahelp
–Æ—Ä–∏–¥–∏—á–Ω–∞ –ì–∞–∑–µ—Ç–∞,https://uk.tgstat.com/channel/@yurgazeta,https://t.me/yurgazeta
–î–û–ù–ï–¶–ö–ò–ô –Æ–†–ò–°–¢ ¬©,https://uk.tgstat.com/channel/@dnr_law,https://t.me/dnr_law
–Æ—Ä–∏–¥–∏—á–Ω–∏–π –∫–∞–Ω–∞–ª –¥–ª—è —É–∫—Ä–∞—ó–Ω—Ü—ñ–≤. –Æ—Ä–∏—Å—Ç –≤–æ–ª–æ–Ω—Ç–µ—Ä –í—ñ–∫—Ç–æ—Ä—ñ—è –ö–æ—Ä—î—Ç–Ω—ñ–∫,https://uk.tgstat.com/channel/@viktoriia_refugee,https://t.me/viktoriia_refugee
–ê–¥–≤–æ–∫–∞—Ç –°–µ—Ä–≥—ñ–π –ì—É–ª–∞,https://uk.tgstat.com/channel/@advokatserggula,https://t.me/advokatserggula
–í–∞—à–∞ –Ω–µ–ß–ï–°–¢–¨,https://uk.tgstat.com/channel/@VashaNeChest,https://t.me/VashaNeChest
–ó–∞–∫–æ–Ω–∏ –Ü—Ä–ª–∞–Ω–¥—ñ—ó,https://uk.tgstat.com/channel/@irish_law,https://t.me/irish_law
–Æ–†–ò–î–ò–ß–ù–ò–ô –°–£–ü–†–û–í–Ü–î,https://uk.tgstat.com/channel/@slipchenko_law,https://t.me/slipchenko_law
–î–ê–†–¨–Ø –ö–ê–ó–ë–ê–ù –ú–ò–ì–†–ê–¶–ò–û–ù–ù–´–ô –Æ–†–ò–°–¢,https://uk.tgstat.com/channel/@DaryaKazban,https://t.me/DaryaKazban
–ü–†–û–¢–û–ö–û–õ,https://uk.tgstat.com/channel/@protokol,https://t.me/protokol
–¶–î–°–ü,https://uk.tgstat.com/channel/@cdoslidzennasp,https://t.me/cdoslidzennasp
–Æ—Ä–∏–¥–∏—á–Ω–∞ –ø—Ä–∞–∫—Ç–∏–∫–∞,https://uk.tgstat.com/channel/@jurpraktika,https://t.me/jurpraktika
–ê–¥–≤–æ–∫–∞—Ç,https://uk.tgstat.com/channel/@advocat_ua,https://t.me/advocat_ua
–ù–µ—Ç_—Ñ–∞—Ä–º_–∞–ø–∞—Ä—Ç–µ–∏–¥—É,https://uk.tgstat.com/channel/@anti_bigfarma,https://t.me/anti_bigfarma
–ü–†–û –ù–æ—Ç–∞—Ä—ñ–∞—Ç UAüá∫üá¶,https://uk.tgstat.com/channel/@PROnotariat,https://t.me/PROnotariat
–ê–î–í–û–ö–ê–¢ –ò–í–ê–ù–û–í –†–û–ú–ê–ùüá∫üá¶,https://uk.tgstat.com/channel/@romanivanovlawyer,https://t.me/romanivanovlawyer
–ë–µ–∑–æ–ø–ª–∞—Ç–Ω–∞ –ø—Ä–∞–≤–æ–≤–∞ –¥–æ–ø–æ–º–æ–≥–∞,https://uk.tgstat.com/channel/@ualegalaid,https://t.me/ualegalaid
–¶–ù–ê–ü –º. –•–∞—Ä–∫–æ–≤–∞,https://uk.tgstat.com/channel/@dozvil_kharkiv,https://t.me/dozvil_kharkiv
–°–ª—É–∂–±–∞ —Ä–æ–∑—à—É–∫—É —é—Ä–∏—Å—Ç—ñ–≤,https://uk.tgstat.com/channel/@DLS_career,https://t.me/DLS_career
–ü–†–ê–í–û | –£–ö–†–ê–á–ù–ê,https://uk.tgstat.com/channel/6kUuFWLAudI4MGUy,https://t.me/joinchat/6kUuFWLAudI4MGUy
–í–∞—Å–∏–ª–µ–≤—Å—å–∫–∞ –ê–Ω–∂–µ–ª–∞ –∞–¥–≤–æ–∫–∞—Ç,https://uk.tgstat.com/channel/@advokat_Vasilevska,https://t.me/advokat_Vasilevska
–ü—Ä–æ–µ–∫—Ç –∑–∞–∫–æ–Ω—É,https://uk.tgstat.com/channel/u_2J6rKw3144Yjdi,https://t.me/joinchat/u_2J6rKw3144Yjdi
LAW ARMY of UKRAINE üá∫üá¶,https://uk.tgstat.com/channel/@lawarmy,https://t.me/lawarmy
–°–≤–æ–±–æ–¥–∞ –≤ –∑–∞–∫–æ–Ω–µ –ù–æ–≤–æ—Å—Ç–∏,https://uk.tgstat.com/channel/@svoboda_v_zakone_news,https://t.me/svoboda_v_zakone_news
Law&Productivity,https://uk.tgstat.com/channel/@lawandproductivity,https://t.me/lawandproductivity
–¶–µ–Ω—Ç—Ä –ø—Ä–∞–≤–æ–≤–æ—ó –¥–æ–ø–æ–º–æ–≥–∏,https://uk.tgstat.com/channel/@urist24kiev,https://t.me/urist24kiev
–ü–æ–¥ –ú–∞–Ω—Ç–∏–µ–π,https://uk.tgstat.com/channel/@PodMantiyey,https://t.me/PodMantiyey
–ù–ê–Ü–° - –†–æ–±–æ—Ç–∞ —Ä–µ—î—Å—Ç—Ä—ñ–≤,https://uk.tgstat.com/channel/@NAISreg,https://t.me/NAISreg
–î–°–ê –£–∫—Ä–∞—ó–Ω–∏ ‚öñÔ∏è –°—É–¥–æ–≤–∞ –≤–ª–∞–¥–∞,https://uk.tgstat.com/channel/@DSA_Ukraine,https://t.me/DSA_Ukraine
–¢—Ä–æ—Ö–∏ –ø—Ä–æ –ø—Ä–∏–≤–∞—Ç–Ω–µ –ø—Ä–∞–≤–æüßê,https://uk.tgstat.com/channel/@glossema,https://t.me/glossema
–Æ—Ä–∏–¥–∏—á–Ω–∞ –°–æ—Ç–Ω—è,https://uk.tgstat.com/channel/@yursotnya,https://t.me/yursotnya
–°—Ç–∞—Ç—É—Å–∏ –õ—é–¥–∏–Ω–∞ —Ç–∞ –ì—Ä–æ–º–∞–¥—è–Ω–∏–Ω - –Ω–∞—Ä–æ–¥. –û–±'—î–¥–Ω–∞–Ω–Ω—è –ê–≤—Ç–æ—Ä—ñ–≤,https://uk.tgstat.com/channel/@ludyigromadiany,https://t.me/ludyigromadiany
–î–æ–ø–æ–º–æ–≥–∞ –≤—ñ–¥ –£–í–ö–ë –û–û–ù –≤ –ö—ñ—Ä–æ–≤–æ–≥—Ä–∞–¥—Å—å–∫—ñ–π –æ–±–ª–∞—Å—Ç—ñ,https://uk.tgstat.com/channel/@kropyvnytslyirefugee,https://t.me/kropyvnytslyirefugee
–í–∏—ó–∑–¥ –£–∫—Ä–∞—ó–Ω–∞ | –ö–æ—Ä–¥–æ–Ω –ú–æ–±—ñ–ª—ñ–∑–∞—Ü—ñ—è –í–∏—ó—Ö–∞—Ç–∏ @VyizdUkrainaNy,https://uk.tgstat.com/channel/@VyizdUkrainaNy,https://t.me/VyizdUkrainaNy
L–æ–π–µ—Ä,https://uk.tgstat.com/channel/@loyer_ua,https://t.me/loyer_ua
–ú–æ—ó –ø—Ä–∞–≤–∞ –∑–∞ –∫–æ—Ä–¥–æ–Ω–æ–º,https://uk.tgstat.com/channel/@zakordonomkibenko,https://t.me/zakordonomkibenko
‚öñÔ∏è–Æ—Ä–∏–¥–∏—á–Ω–∞ –¥–æ–ø–æ–º–æ–≥–∞,https://uk.tgstat.com/channel/@yurydychnyi,https://t.me/yurydychnyi
–ê–¥–≤–æ–∫–∞—Ç –û–ª–µ–≥ –õ—É–∫—å—è–Ω—á–∏–∫–æ–≤,https://uk.tgstat.com/channel/@Oleg_legalist,https://t.me/Oleg_legalist
–í—Å–µ –ø—Ä–æ –ø—Ä–∞—Ü—é,https://uk.tgstat.com/channel/@vseproprazu,https://t.me/vseproprazu
AdvoCats,https://uk.tgstat.com/channel/@advocatss,https://t.me/advocatss
–ü–∞—Ç—Ä—É–ª—å–Ω–∞ –ø–æ–ª—ñ—Ü—ñ—è –ó–∞–ø–æ—Ä—ñ–∑—å–∫–æ—ó –æ–±–ª–∞—Å—Ç—ñ,https://uk.tgstat.com/channel/@patrolpolicezp,https://t.me/patrolpolicezp
üá∫üá¶–°–µ–∫—Ä–µ—Ç–∏ –ê–¥–≤–æ–∫–∞—Ç–∞ –∑ –Ω–µ—Ä—É—Ö–æ–º–æ—Å—Ç—ñ,https://uk.tgstat.com/channel/@igorbuzovsky_advocate,https://t.me/igorbuzovsky_advocate
¬© –ø–†–ê–≤–æ –í–æ–ª—å–Ω—ã—Ö‚òÄÔ∏è,https://uk.tgstat.com/channel/@Pravo_Volnih,https://t.me/Pravo_Volnih
–Æ—Ä–∏–¥–∏—á–Ω–∞ –∫–æ–Ω—Å—É–ª—å—Ç–∞—Ü—ñ—è –¥–ª—è –≤—ñ–π—Å—å–∫–æ–≤–∏—Ö. –ê–¥–≤–æ–∫–∞—Ç –†–æ–º–∞–Ω –õ–∏—Ö–∞—á–æ–≤,https://uk.tgstat.com/channel/@advokatRomanLihachev,https://t.me/advokatRomanLihachev
–í–∏—â–∞ —à–∫–æ–ª–∞ –∞–¥–≤–æ–∫–∞—Ç—É—Ä–∏,https://uk.tgstat.com/channel/@hsaorgua,https://t.me/hsaorgua
–ù–æ—Ç–∞—Ä—ñ–∞–ª—å–Ω–∞ –ø–∞–ª–∞—Ç–∞ –£–∫—Ä–∞—ó–Ω–∏,https://uk.tgstat.com/channel/@NotaryChamberUA,https://t.me/NotaryChamberUA
–î–æ–∫–∏.–ó–∞–ø–∏—Ç–∏. –ú—É–∂—á–∏–Ω–∞ –Ω–∏–∫–æ–ª–∞–π,https://uk.tgstat.com/channel/@Az_soulo,https://t.me/Az_soulo
–Æ—Ä–∏–¥–∏—á–Ω–∞ –ê—Ä–º—ñ—è,https://uk.tgstat.com/channel/@LawArmyUkraine,https://t.me/LawArmyUkraine
–ë—É–Ω–∫–µ—Ä INFO,https://uk.tgstat.com/channel/@bunkerinfo,https://t.me/bunkerinfo
–ê–¥–≤–æ–∫–∞—Ç –ù–∞—Ä–æ–¥—É,https://uk.tgstat.com/channel/@advokatnarodu,https://t.me/advokatnarodu
–ë–Ü–ë–õ–Ü–û–¢–ï–ö–ê –Æ–†–ò–°–¢–ê –≤—ñ–¥ –í–°–ê,https://uk.tgstat.com/channel/@bca_education,https://t.me/bca_education
–ï–ª–µ–∫—Ç—Ä–æ–Ω–Ω–µ —Å—É–¥–æ—á–∏–Ω—Å—Ç–≤–æ üá∫üá¶,https://uk.tgstat.com/channel/@t_ecourt,https://t.me/t_ecourt
–ê–¥–≤–æ–∫–∞—Ç –ì—É–º—ñ—Ä–æ–≤ –û–ª–µ–∫—Å–∞–Ω–¥—Ä,https://uk.tgstat.com/channel/@gumirov_lawyer,https://t.me/gumirov_lawyer
–ê–¥–≤–æ–∫–∞—Ç –ª—ñ–∫–∞—Ä—è,https://uk.tgstat.com/channel/@doctorslawyer,https://t.me/doctorslawyer
KVADRA PRAVOüá∫üá¶,https://uk.tgstat.com/channel/@kvadra_pravo,https://t.me/kvadra_pravo
Legal Writing,https://uk.tgstat.com/channel/@LegalWrite,https://t.me/LegalWrite
–ì–£ –ú–í–î –†–æ—Å—Å–∏–∏ –ø–æ –ó–∞–ø–æ—Ä–æ–∂—Å–∫–æ–π –æ–±–ª–∞—Å—Ç–∏,https://uk.tgstat.com/channel/@GUVDpoZO,https://t.me/GUVDpoZO
–û—Ç—Ä–∏–º–∞–π –æ–º—Ä—ñ—è–Ω—É —Ä–æ–±–æ—Ç—É. OLS,https://uk.tgstat.com/channel/@workols,https://t.me/workols
–í—ñ–¥–¥—ñ–ª–µ–Ω–Ω—è –ù–ü–£ –≤ –º. –ö–∏—î–≤—ñ,https://uk.tgstat.com/channel/@kyivnotary,https://t.me/kyivnotary
–í–∏—Å–Ω–æ–≤–∫–∏ –í–° —Ç–∞ –í–ê–ö–° –≤—ñ–¥ –ê–û –ê–°,https://uk.tgstat.com/channel/@KKC_AOAC,https://t.me/KKC_AOAC
–ü—Ä–∞–≤–æ–≤—ñ –ø–æ–∑–∏—Ü—ñ—ó –í–µ—Ä—Ö–æ–≤–Ω–æ–≥–æ –°—É–¥—É (–ü–ü-–í–°),https://uk.tgstat.com/channel/@LegalPositionData,https://t.me/LegalPositionData
–ö–∞–Ω–∞–ª —Å—É—á–∞—Å–Ω–æ–≥–æ –ø—Ä–∞–≤–Ω–∏–∫–∞,https://uk.tgstat.com/channel/@kanal_suchasnoho_pravnyka,https://t.me/kanal_suchasnoho_pravnyka
–Æ–≥–æ-–ó–∞–ø–∞–¥–Ω–∞—è –º–µ–∂—Ä–µ–≥–∏–æ–Ω–∞–ª—å–Ω–∞—è –ì–ò–¢ (–î–ù–†),https://uk.tgstat.com/channel/@gostruddnr,https://t.me/gostruddnr
–ü—Ä–∞–≤–æ–≤–∏–π –†–∞–∫—É—Ä—Å - –£–∫—Ä–∞—ó–Ω–∞,https://uk.tgstat.com/channel/@lex_info,https://t.me/lex_info
–ö–∞–Ω–∞–ª –Æ—Ä–∏—Å—Ç–∞ üá∫üá¶,https://uk.tgstat.com/channel/@NovostiUkrUrista,https://t.me/NovostiUkrUrista
–ù–∞—Ü—ñ–æ–Ω–∞–ª—å–Ω–∞ –∞—Å–æ—Ü—ñ–∞—Ü—ñ—è –∞–¥–≤–æ–∫–∞—Ç—ñ–≤ –£–∫—Ä–∞—ó–Ω–∏,https://uk.tgstat.com/channel/@InfoUNBA,https://t.me/InfoUNBA
–ê–î–í–û–ö–ê–¢ –ú–û–°–ö–ê–õ–ï–ù–ö–û –ê.–í.,https://uk.tgstat.com/channel/@ukradvocat,https://t.me/ukradvocat
–ê–Ω—Ç–∏–∫–æ–ª–µ–∫—Ç–æ—Ä –≤ –£–∫—Ä–∞—ó–Ω—ñ,https://uk.tgstat.com/channel/@easydebts,https://t.me/easydebts
–ê–û –ö—Ä–∞–≤–µ—Ü—å —ñ –ø–∞—Ä—Ç–Ω–µ—Ä–∏,https://uk.tgstat.com/channel/@knpartners,https://t.me/knpartners
–ö–æ–Ω—Å—É–ª—å—Å—Ç–≤–æ –ü–£ –≤ –£–≥–æ—Ä—â–∏–Ω—ñ üá≠üá∫,https://uk.tgstat.com/channel/@konsul_uhorshyna,https://t.me/konsul_uhorshyna
–ú–∏—Ä –ù–∞–º –í—Å–µ–º. –ü–æ–º–æ—â—å –∂–∏—Ç–µ–ª—è–º –î–æ–Ω–±–∞—Å—Å–∞ –∏ –£–∫—Ä–∞–∏–Ω—ã –≤ –†–æ—Å—Å–∏–∏,https://uk.tgstat.com/channel/@mirnamvsem,https://t.me/mirnamvsem
–í–ª–∞—Å–Ω–∏–π –∞–¥–≤–æ–∫–∞—Ç,https://uk.tgstat.com/channel/@vlasniyadvokat,https://t.me/vlasniyadvokat
–°–ª–µ–¥—Å—Ç–≤–µ–Ω–Ω—ã–π –∫–æ–º–∏—Ç–µ—Ç / –•–µ—Ä—Å–æ–Ω—Å–∫–∞—è –æ–±–ª.,https://uk.tgstat.com/channel/@sledcomkh,https://t.me/sledcomkh
–°–ª–µ–¥—Å—Ç–≤–µ–Ω–Ω—ã–π –∫–æ–º–∏—Ç–µ—Ç / –ó–∞–ø–æ—Ä–æ–∂—Å–∫–∞—è –æ–±–ª.,https://uk.tgstat.com/channel/@sledcomzp,https://t.me/sledcomzp
–î–º–∏—Ç—Ä–∏–π –ë—É–∑–∞–Ω–æ–≤. üÉè–ê–¥–≤–æ–∫–∞—Ç,https://uk.tgstat.com/channel/@advocate_trump,https://t.me/advocate_trump
UNHCR –ö–∞–º'—è–Ω–µ—Ü—å –ü–æ–¥—ñ–ª—å—Å–∫–∏–π –î–æ–ø–æ–º–æ–≥–∞ –≤—ñ–¥ –û–û–ù,https://uk.tgstat.com/channel/@UNHCRKamianets,https://t.me/UNHCRKamianets
–®—Ä–∞–º,https://uk.tgstat.com/channel/@shrammoleg,https://t.me/shrammoleg
‚Ñô‚Ñù√Ç·πº‚Ñï√é‚Ç≠ ~ –Æ–†–ò–°–¢ ~ –ê–î–í–û–ö–ê–¢,https://uk.tgstat.com/channel/@pravnjk,https://t.me/pravnjk
–î–º–∏—Ç—Ä–æ –õ–∞–º–∑–∞,https://uk.tgstat.com/channel/@dmytro_lamza,https://t.me/dmytro_lamza
Law & Events,https://uk.tgstat.com/channel/@lawandevents,https://t.me/lawandevents
–Æ–†–ò–°–¢ FOR YOU üá∫üá¶,https://uk.tgstat.com/channel/@lawyer_foryou,https://t.me/lawyer_foryou
"–í—ñ—á–µ/–í–µ—á–µ, –°–∞–º–æ–î–µ—Ä–∂–∞–≤–Ω—ñ—Å—Ç—å, –∫–æ–ø–Ω–µ –ø–†–ê–≤–æ, –∫–æ–∑–∞–∫–∏ —Ç–∞ –ì–µ—Ç—å–º–∞–Ω–∞—Ç, –¢–¶–ö,""–í–û–õ–ï–í–ò–Ø–í–õ–ï–ù–ù–Ø""",https://uk.tgstat.com/channel/@vecheKOPAhetmanat,https://t.me/vecheKOPAhetmanat
–°—É–¥–æ–≤–∞ –ø—Ä–∞–∫—Ç–∏–∫–∞,https://uk.tgstat.com/channel/@precedents,https://t.me/precedents
–õ–µ–≥–∞–ª—å–Ω–∏–π –í–∏—Ö—ñ–¥,https://uk.tgstat.com/channel/@volevujavlennia,https://t.me/volevujavlennia
–†–∞–¥–∞ –∞–¥–≤–æ–∫–∞—Ç—ñ–≤ –î–Ω—ñ–ø—Ä–æ–ø–µ—Ç—Ä–æ–≤—Å—å–∫–æ—ó –æ–±–ª–∞—Å—Ç—ñ,https://uk.tgstat.com/channel/@radodp,https://t.me/radodp
Sea Assistantüá∫üá¶–ú–æ—Ä—Å–∫–∏–µ –¥–æ–∫—É–º–µ–Ω—Ç—ãüá∫üá¶,https://uk.tgstat.com/channel/@docsea,https://t.me/docsea
–ê–¥–≤–æ–∫–∞—Ç—É—Ä–∞. –°–µ–º—ñ–Ω–∞—Ä–∏ –í–®–ê,https://uk.tgstat.com/channel/@hsa_seminar,https://t.me/hsa_seminar
–ú–æ—Ä—Å–∫–∏–µ –¥–æ–∫—É–º–µ–Ω—Ç—ã‚öìÔ∏èüá™üá∫üá∫üá¶,https://uk.tgstat.com/channel/@od_seadocs,https://t.me/od_seadocs
–í–∏—â–∞ —Ä–∞–¥–∞ –ø—Ä–∞–≤–æ—Å—É–¥–¥—è,https://uk.tgstat.com/channel/@hcj_gov_ua,https://t.me/hcj_gov_ua
–ê–¥–≤–æ–∫–∞—Ç.UA,https://uk.tgstat.com/channel/@advokat_khandusenko,https://t.me/advokat_khandusenko
Online Law News,https://uk.tgstat.com/channel/@OnlineLawNews,https://t.me/OnlineLawNews
Civil Law Platform üßê,https://uk.tgstat.com/channel/@civillawplatform,https://t.me/civillawplatform
Privacy HUB,https://uk.tgstat.com/channel/@Privacy_Hub,https://t.me/Privacy_Hub
–û–°–í–Ü–¢–ê –¢–ê –ü–†–ê–í–û –£–ö–†–ê–á–ù–ê,https://uk.tgstat.com/channel/@osvitatapravo,https://t.me/osvitatapravo
–Ø —ñ –ó–ê–ö–û–ù,https://uk.tgstat.com/channel/@yaizakon,https://t.me/yaizakon
–ó–∞—Ö–∏—Å—Ç –ø—Ä–∞–≤ —Å–ø–æ–∂–∏–≤–∞—á–∞,https://uk.tgstat.com/channel/@YZSPzashita,https://t.me/YZSPzashita
–ê–¥–≤–æ–∫–∞—Ç —Ö–æ—Ä–æ—à–∏–π,https://uk.tgstat.com/channel/@aadvokatt,https://t.me/aadvokatt
–í—ñ–ª—å–Ω—ñ –≤—ñ–¥ –Ω–∞—Å–∏–ª—å—Å—Ç–≤–∞,https://uk.tgstat.com/channel/@vilni_vid_nasylstva,https://t.me/vilni_vid_nasylstva
#—è–∫–∑–∞—Ö–∏—Å—Ç–∏—Ç–∏—Å—è: –∑–∞–∫–æ–Ω —ñ –ø—Ä–∞–≤–æ,https://uk.tgstat.com/channel/@zaxist,https://t.me/zaxist
–†—ñ—à–µ–Ω–Ω—è –í–µ—Ä—Ö–æ–≤–Ω–æ–≥–æ –°—É–¥—É –£–∫—Ä–∞—ó–Ω–∏,https://uk.tgstat.com/channel/@rish_VSU,https://t.me/rish_VSU
–õ—é–±–æ–≤ –õ—É–∫–∞—à—É–∫ / –ü—Ä–∞–≤–æ–≤–∞ –¥–æ–ø–æ–º–æ–≥–∞,https://uk.tgstat.com/channel/@L_Lukashuk,https://t.me/L_Lukashuk
–Æ—Ä–°—é—Ä,https://uk.tgstat.com/channel/@lawnonsense,https://t.me/lawnonsense
–°—É–¥–æ–≤—ñ –Ω–æ–≤–∏–Ω–∏,https://uk.tgstat.com/channel/@court_news,https://t.me/court_news
ADVOKAT POST NEWS,https://uk.tgstat.com/channel/@ADVOKATPOST,https://t.me/ADVOKATPOST
–ü—Ä–∞–≤–æ–≤—ñ –Ω–æ–≤–∏–Ω–∏ –£–∫—Ä–∞—ó–Ω–∏ —Ç–∞ —Å–≤—ñ—Ç—É (–∫–∞–Ω–∞–ª –ê–ê–£),https://uk.tgstat.com/channel/@association_advocates,https://t.me/association_advocates
–ü—Ä–∞–≤–æ–≤—ñ –ø–æ–∑–∏—Ü—ñ—ó –í–µ—Ä—Ö–æ–≤–Ω–æ–≥–æ —Å—É–¥—É,https://uk.tgstat.com/channel/@lawSCUall,https://t.me/lawSCUall
–ü–æ–ª—ñ—Ü—ñ—è –î–Ω—ñ–ø—Ä–æ–ø–µ—Ç—Ä–æ–≤—Å—å–∫–æ—ó –æ–±–ª–∞—Å—Ç—ñüá∫üá¶üëÆ,https://uk.tgstat.com/channel/@gunpvdp,https://t.me/gunpvdp
‚ö°Ô∏èEnergy Lawyer‚ö°Ô∏è,https://uk.tgstat.com/channel/@EnergyLawyerUA,https://t.me/EnergyLawyerUA
–ü—Ä–∞–≤–æ –≤ —É–º–æ–≤–∞—Ö –≤—ñ–π–Ω–∏,https://uk.tgstat.com/channel/@Law_in_War,https://t.me/Law_in_War
–ê–ù–¢–∏–ö–û–†üî∫—Å—É–¥–æ–≤–∞ –ø—Ä–∞–∫—Ç–∏–∫–∞,https://uk.tgstat.com/channel/@vakspraktika,https://t.me/vakspraktika
–ê–¥–≤–æ–∫–∞—Ç / —é—Ä–∏—Å—Ç –Ø–Ω–∞ –°–≤—ñ—Ç–ª–∏—á–Ω–∞: –ø–æ—Ä–∞–¥–∏ —Ç–∞ –∫–æ–Ω—Å—É–ª—å—Ç–∞—Ü—ñ—ó.,https://uk.tgstat.com/channel/@advokat_lawyer_YasyaSv,https://t.me/advokat_lawyer_YasyaSv
–ü—Ä–æ—Å—Ç–æ —é—Ä–∏–¥–∏—á–Ω–æ | Ukrainian Law at Ease ¬Æ,https://uk.tgstat.com/channel/@prosto_yurydychno,https://t.me/prosto_yurydychno
–í—Å–µ –ø—Ä–æ –î–µ—Ä–∂–ü—Ä–æ–¥–°–ø–æ–∂–∏–≤–°–ª—É–∂–±—É (–î–ü–°–°).,https://uk.tgstat.com/channel/@ukrderzh,https://t.me/ukrderzh
Everlegal | –Æ—Ä–∏–¥–∏—á–Ω–∞ –ø—ñ–¥—Ç—Ä–∏–º–∫–∞ –æ–Ω–ª–∞–π–Ω,https://uk.tgstat.com/channel/@EverlegalOnline,https://t.me/EverlegalOnline
–ù–∞–∑–∞—Ä –£–∂–≤—ñ–π,https://uk.tgstat.com/channel/@nazar_uzhvii_channel,https://t.me/nazar_uzhvii_channel
–†–∞–¥–∞ –∞–¥–≤–æ–∫–∞—Ç—ñ–≤ –û–¥–µ—Å—å–∫–æ—ó –æ–±–ª–∞—Å—Ç—ñ,https://uk.tgstat.com/channel/@odesaregionalbarcouncilchannel,https://t.me/odesaregionalbarcouncilchannel
üá∫üá¶–ó–ê–ö–û–ù –Ü –î–û–í–Ü–†–ê ‚öñÔ∏è,https://uk.tgstat.com/channel/@zakon_dovira_urist,https://t.me/zakon_dovira_urist
Armada Law Company,https://uk.tgstat.com/channel/@armadalaw,https://t.me/armadalaw
OpenDABK,https://uk.tgstat.com/channel/@OpenDABK,https://t.me/OpenDABK
–Æ–ù–ò–ö–û–ù–°–£–õ,https://uk.tgstat.com/channel/@uconsul,https://t.me/uconsul
JustTalk,https://uk.tgstat.com/channel/@JustTalk_ua,https://t.me/JustTalk_ua
–õ–∞–±—É—Çi–Ω–∞,https://uk.tgstat.com/channel/@labutj2009,https://t.me/labutj2009
TOTUM LF NEWS,https://uk.tgstat.com/channel/@totom_lf_news,https://t.me/totom_lf_news
–õ—é–¥–∏ —ñ –ó–ê–ö–û–ù,https://uk.tgstat.com/channel/@lawyer_oleks,https://t.me/lawyer_oleks
–°–ø—ñ–ª–∫–∞ –≤–µ—Ç–µ—Ä–∞–Ω—ñ–≤ –≤—ñ–π–Ω–∏ –∑ –†–æ—Å—ñ—î—é,https://uk.tgstat.com/channel/@spilka_veteraniv,https://t.me/spilka_veteraniv
–Æ—Ä–∏–¥–∏—á–Ω—ñ –Ω–æ–≤–∏–Ω–∏/–í–∞—à–µ –ø—Ä–∞–≤–æ üá∫üá¶,https://uk.tgstat.com/channel/@uo_vashepravo,https://t.me/uo_vashepravo
–ú–∏ –∞–¥–≤–æ–∫–∞—Ç–∏ –∑ –£–∫—Ä–∞—ó–Ω–∏üá∫üá¶,https://uk.tgstat.com/channel/@lawyersfromUkraine,https://t.me/lawyersfromUkraine
PRAVOKATOR Telegram,https://uk.tgstat.com/channel/@PRAVOkatura,https://t.me/PRAVOkatura
–ê–¥–≤–æ–∫–∞—Ç –£–∫—Ä–∞—ó–Ω–∞üá∫üá¶,https://uk.tgstat.com/channel/@advokatyyou,https://t.me/advokatyyou
–ú–ê–Æ –ü–†–ê–í–û - –Ω–æ–≤–æ—Å—Ç–∏ –ù–∏–∫–æ–ª–∞–µ–≤—â–∏–Ω—ã,https://uk.tgstat.com/channel/@mayupravo,https://t.me/mayupravo
–ú–ò–ù–Æ–°–¢ –õ–ù–†,https://uk.tgstat.com/channel/@mu_lnr,https://t.me/mu_lnr
INFORMSüåê–ó–ê–ö–û–ù–ò/–ù–û–í–û–í–í–ï–î–ï–ù–ù–Ø,https://uk.tgstat.com/channel/@informsua,https://t.me/informsua
–ï–∫—Å–ø–µ—Ä—Ç –û–Ω–ª–∞–π–Ω,https://uk.tgstat.com/channel/@ExpertOnlineUA,https://t.me/ExpertOnlineUA
–ì—É—Ä—Ç–æ–∫ –∑ –¶–∏–≤—ñ–ª—å–Ω–æ–≥–æ –ü—Ä–∞–≤–∞ ‚öñÔ∏è,https://uk.tgstat.com/channel/KDtHzwK7uaViZGRi,https://t.me/joinchat/KDtHzwK7uaViZGRi
–ü–†–ê–í–û –ù–ê –ó–ê–•–ò–°–¢,https://uk.tgstat.com/channel/@property_protection,https://t.me/property_protection
–ê–¥–≤–æ–∫–∞—Ç –Ü–≥–æ—Ä –¢–µ—Ç–µ—Ä—è,https://uk.tgstat.com/channel/@advokat_teteria,https://t.me/advokat_teteria
–ó–∞–∫–æ–Ω —ñ –ü–µ—Ä–µ–º–æ–≥–∞,https://uk.tgstat.com/channel/@mibperemoga,https://t.me/mibperemoga
–ü—Ä–∞–≤–æ –Ω–∞ –∂–∏—Ç–ª–æ,https://uk.tgstat.com/channel/@indefenseofhousing,https://t.me/indefenseofhousing
–ê–î–ì,https://uk.tgstat.com/channel/@ADGinfo,https://t.me/ADGinfo
–ú–∞–ª–∏–Ω–æ–≤—Å—å–∫–∏–π —Ä–∞–π–æ–Ω–Ω–∏–π —Å—É–¥ –º. –û–¥–µ—Å–∏,https://uk.tgstat.com/channel/@malinovskyicourt,https://t.me/malinovskyicourt
–ü—Ä–∞–≤–æ–≤–∞ –ü–æ–∑–∏—Ü—ñ—è,https://uk.tgstat.com/channel/@legalposition,https://t.me/legalposition
LAGERTA LAW FIRM,https://uk.tgstat.com/channel/@lagerta_law,https://t.me/lagerta_law
–ü—Ä–∞–≤–æ–≤–∞ –∂—É—Ä–Ω–∞–ª—ñ—Å—Ç–∏–∫–∞,https://uk.tgstat.com/channel/@legal_journalism_degree,https://t.me/legal_journalism_degree
–°–µ—Ä—Ç–∏—Ñ–∏–∫–∞—Ç –•–µ—Ä—Å–æ–Ω–∞,https://uk.tgstat.com/channel/@kherson_certificate,https://t.me/kherson_certificate
–ü—Ä–∞–≤–æ –Ω–∞ –≤–ª–∞–¥—É,https://uk.tgstat.com/channel/@pravonavladu,https://t.me/pravonavladu
"–ê–î–í–û–ö–ê–¢, –Æ–†–ò–°–¢ –î–ù–†",https://uk.tgstat.com/channel/@URIST_DNR,https://t.me/URIST_DNR
–ê–¥–≤–æ–∫–∞—Ç—Å—å–∫–µ –±—é—Ä–æ –ú–∞–∫—Å–∏–º–∞ –•–∞—Ä—Ç–æ–≤–∞,https://uk.tgstat.com/channel/@maximkhartov,https://t.me/maximkhartov
–ï–∫–æ–ª–æ–≥—ñ—è-–ü—Ä–∞–≤–æ-–õ—é–¥–∏–Ω–∞,https://uk.tgstat.com/channel/@ua_epl,https://t.me/ua_epl
–ë–µ–∑–æ–ø–ª–∞—Ç–Ω—ñ —é—Ä–∏—Å—Ç–∏. –•–µ—Ä—Å–æ–Ωüá∫üá¶,https://uk.tgstat.com/channel/@fmz_pravo,https://t.me/fmz_pravo
"–Æ—Ä–∏–¥–∏—á–Ω–∞ –∫–æ–º–ø–∞–Ω—ñ—è ""–ë—ñ –µ–Ω –°—ñ""",https://uk.tgstat.com/channel/@bnc_lawcompany,https://t.me/bnc_lawcompany
–ü—Ä–∞–≤–æ —Ç–∞ –º–µ–¥—ñ–∞—Ü—ñ—è | Law & Mediation,https://uk.tgstat.com/channel/@centerlawmediation,https://t.me/centerlawmediation
–§–∞–∫—É–ª—å—Ç–µ—Ç –ø—Ä–∏–≤–∞—Ç–Ω–æ–≥–æ –ø—Ä–∞–≤–∞ —Ç–∞ –ø—ñ–¥–ø—Ä–∏—î–º–Ω–∏—Ü—Ç–≤–∞,https://uk.tgstat.com/channel/@faculty2nlu,https://t.me/faculty2nlu
–Æ—Ä–∏–¥–∏—á–Ω–∏–π —Ä–∞–¥–Ω–∏–∫ UA,https://uk.tgstat.com/channel/@legal_assistant_ua,https://t.me/legal_assistant_ua
–ê–î–í–û–ö–ê–¢ –ü–û –°–¢–†–û–ò–¢–ï–õ–¨–°–¢–í–£‚ö°–í–ê–°–ò–õ–¨–ï–í –ü–ê–í–ï–õ –°–ï–†–ì–ï–ï–í–ò–ß,https://uk.tgstat.com/channel/@stroitelstvoadvocat,https://t.me/stroitelstvoadvocat
–í –Ω–æ—Ç–∞—Ä—ñ—É—Å—ñ,https://uk.tgstat.com/channel/@vnotariusi,https://t.me/vnotariusi
Dealok‚öñ–£–∫—Ä–∞—ó–Ω–∞üá∫üá¶,https://uk.tgstat.com/channel/@ukrDealok,https://t.me/ukrDealok
–ê–Ω–∞–ª—ñ—Ç–∏—á–Ω–æ-–ø—Ä–∞–≤–æ–≤–∏–π —Ä–µ—Å—É—Ä—Å,https://uk.tgstat.com/channel/@baganets,https://t.me/baganets
Prozakon,https://uk.tgstat.com/channel/@prozakon1,https://t.me/prozakon1
"–Æ—Ä–∏–¥–∏—á–Ω—ñ –ø–æ—Å–ª—É–≥–∏ ""–ü—Ä–∞–≤–æ–ö–æ–Ω—Ç—Ä–æ–ª—å"" –•–∞—Ä–∫—ñ–≤",https://uk.tgstat.com/channel/@pravocontrol,https://t.me/pravocontrol
YA_ADVOCATE –Æ–†–ò–î–ò–ß–ï–°–ö–ò–ï –ö–û–ù–°–£–õ–¨–¢–ê–¶–ò–ò,https://uk.tgstat.com/channel/@ya_advokate,https://t.me/ya_advokate
–£–∫—Ä–∞—ó–Ω–∞ –±–µ–∑ —Ç–æ—Ä—Ç—É—Ä | –ü—Ä–∞–≤–∞ –ª—é–¥–∏–Ω–∏ VS –ú—ñ—Å—Ü—è –Ω–µ—Å–≤–æ–±–æ–¥–∏ | –ó–∞–∫–æ–Ω VS –°–ø—Ä–∞–≤–µ–¥–ª–∏–≤—ñ—Å—Ç—å | –£–ë–¢ News,https://uk.tgstat.com/channel/@Ukraine_without_torture,https://t.me/Ukraine_without_torture
–ö–Ü–ö: —Å–µ–∫—Ä–µ—Ç–Ω—ñ –º–∞—Ç–µ—Ä—ñ–∞–ª–∏,https://uk.tgstat.com/channel/@KIK_X_files,https://t.me/KIK_X_files
–ö–∞—Å—å—è–Ω–µ–Ω–∫–æ –î–º–∏—Ç—Ä–∏–π - –ê–î–í–û–ö–ê–¢,https://uk.tgstat.com/channel/@kasyanenkodmitry,https://t.me/kasyanenkodmitry
TAX consulting üá∫üá¶,https://uk.tgstat.com/channel/@lawyer_tax_consulting,https://t.me/lawyer_tax_consulting
–ê–¥–≤–æ–∫–∞—Ç –û–ª–µ–≥ –¢—É–µ–≤,https://uk.tgstat.com/channel/@advokat_OlegTuiev,https://t.me/advokat_OlegTuiev
Law notes,https://uk.tgstat.com/channel/@lawnotes_wiut,https://t.me/lawnotes_wiut
"–Æ–ö ""–ê–°–¢–†–ï–Ø""",https://uk.tgstat.com/channel/@astreyav,https://t.me/astreyav
–ë–∞—Ç–∞–ª—å–π–æ–Ω –î—É–±–∞–π üíé,https://uk.tgstat.com/channel/@vipuadubai,https://t.me/vipuadubai
–ö–ü–ö. –ù–æ–≤–∏–Ω–∏,https://uk.tgstat.com/channel/@kpk_info,https://t.me/kpk_info
"–Æ–ü ""–ú–µ–ª—å–Ω–∏—á—É–∫ & –ü–∞—Ä—Ç–Ω–µ—Ä–∏""",https://uk.tgstat.com/channel/@melnychuk_partners,https://t.me/melnychuk_partners
Svit_Jurid | –Æ—Ä–∏–¥–∏—á–Ω–∏–π –∫–∞–Ω–∞–ª,https://uk.tgstat.com/channel/@svit_jurid,https://t.me/svit_jurid
–ê–≥—Ä–æ—é—Ä–∏—Å—Ç,https://uk.tgstat.com/channel/@KosovanLegalGroup,https://t.me/KosovanLegalGroup
–ú–∞—é –ø—Ä–∞–≤–æ –£–∫—Ä–∞—ó–Ω–∞üéìüá∫üá¶,https://uk.tgstat.com/channel/@mylawUKR,https://t.me/mylawUKR
–¢—Ä–µ—Ç–µ–π—Å–∫–∏–π —Å—É–¥—å—è,https://uk.tgstat.com/channel/@USP2004,https://t.me/USP2004
–î–Ω–µ–≤–Ω–∏–∫ –Æ—Ä–∏—Å—Ç–∞,https://uk.tgstat.com/channel/@legalassist,https://t.me/legalassist
–ë–∏–∑–Ω–µ—Å –ü–†–ê–í!,https://uk.tgstat.com/channel/@krolevetskyi_n_partners,https://t.me/krolevetskyi_n_partners
–ëi–±–ªi–æ—Ç–µ–∫–∞ —Å–∞–Ω–∫—Üi–π –î–ü–°–°. –î–æ–ø–æ–º–æ–≥–∞‚Ñ¢,https://uk.tgstat.com/channel/@shop_foodstuff,https://t.me/shop_foodstuff
–°–¢–ê–¢–£–° –ß–ï–õ–û–í–ï–ö–ê | –ü—Ä–∞–≤–∞ | –î–æ–∫—É–º–µ–Ω—Ç—ã,https://uk.tgstat.com/channel/@status_doc,https://t.me/status_doc
–Æ—Ä–∏–¥–∏—á–Ω–∞ –¥–æ–ø–æ–º–æ–≥–∞,https://uk.tgstat.com/channel/@lawyerhelpukraine,https://t.me/lawyerhelpukraine
"–Æ—Ä–∏–¥–∏—á–µ—Å–∫–∞—è –∫–æ–º–ø–∞–Ω–∏—è TUNCAY&BARCIN, –¢—É—Ä—Ü–∏—è, –£–∫—Ä–∞–∏–Ω–∞",https://uk.tgstat.com/channel/@Tuncay_Barcin_law_company,https://t.me/Tuncay_Barcin_law_company
–í—ã–µ—Ö–∞—Ç—å –£–∫—Ä–∞–∏–Ω–∞ | –í—ã–µ–∑–¥ –≤ –ï–≤—Ä–æ–ø—É,https://uk.tgstat.com/channel/@VLKmuzchinam,https://t.me/VLKmuzchinam
"–ê–¥–≤–æ–∫–∞—Ç—Å—å–∫–µ –±—é—Ä–æ ""–ü–ê–í–õ–ï–ù–ö–û –¢–ê –ü–ê–†–¢–ù–ï–†–ò""",https://uk.tgstat.com/channel/@advokat_pavlenko,https://t.me/advokat_pavlenko
–°—Ç—Ä–∞—Ö–æ–≤–∏–π –∫—ñ—Ç üêà‚Äç‚¨õ,https://uk.tgstat.com/channel/@strahovka_kit,https://t.me/strahovka_kit
