–ú–∞—Ä–∫–µ—Ç–∏–Ω–≥ UA,https://uk.tgstat.com/channel/@marketing_ukr,https://t.me/marketing_ukr
—î–†–æ–±–æ—Ç–∞,https://uk.tgstat.com/channel/OSnPGK5A6Lo2NmUy,https://t.me/joinchat/OSnPGK5A6Lo2NmUy
–í—Å–µ –ø—Ä–æ SMM | STORIES | INST,https://uk.tgstat.com/channel/@malyshko_smm_tips,https://t.me/malyshko_smm_tips
üá∫üá¶ –ö–†–ï–ê–¢–ò–í–ù–Ü –°–ò–õ–ò –£–ö–†–ê–á–ù–ò,https://uk.tgstat.com/channel/@videomatica_academy,https://t.me/videomatica_academy
Digital masons,https://uk.tgstat.com/channel/@digital_masons,https://t.me/digital_masons
—î –∫–æ–Ω—Ç–∞–∫—Ç,https://uk.tgstat.com/channel/@jecontact,https://t.me/jecontact
Laba,https://uk.tgstat.com/channel/@laba_education,https://t.me/laba_education
Ad Good as Hell ‚ú® SMM PR Marketing –í–∞–∫–∞–Ω—Å—ñ—ó,https://uk.tgstat.com/channel/@adgoodashell,https://t.me/adgoodashell
–ó–∞—Ç–∏—à–Ω–∏–π –º–∞—Ä–∫–µ—Ç–∏–Ω–≥üá∫üá¶,https://uk.tgstat.com/channel/@cozymarketingua,https://t.me/cozymarketingua
—Ä–µ—Ñ–µ—Ä–µ–Ω—Å —î,https://uk.tgstat.com/channel/@reference_je,https://t.me/reference_je
"Google Ads –∑ –ú–∏—Ö–∞–ª—å—á–µ–Ω–∫–æ: –Ω–æ–≤–∏–Ω–∏, –∫–µ–π—Å–∏, —ñ–Ω—Å—Ç—Ä—É–∫—Ü—ñ—ó.",https://uk.tgstat.com/channel/@ppc_analytics,https://t.me/ppc_analytics
Devaka Talk,https://uk.tgstat.com/channel/@devakatalk,https://t.me/devakatalk
–í–†–ñ–ï–©,https://uk.tgstat.com/channel/@vrzheshch,https://t.me/vrzheshch
"–í—ñ–ª—å–Ω–∞ –∫–∞—Å–∞, –ø—ñ–¥—Ö–æ–¥—å—Ç–µ",https://uk.tgstat.com/channel/@Pidhodte,https://t.me/Pidhodte
SMM –±–µ–∑ –∑–∞–±–æ–±–æ–Ω—ñ–≤,https://uk.tgstat.com/channel/@kasleadblog,https://t.me/kasleadblog
XXXCPA,https://uk.tgstat.com/channel/@xxxcpa,https://t.me/xxxcpa
ONE DAY MEDIA üíª,https://uk.tgstat.com/channel/@onedaymedia_ua,https://t.me/onedaymedia_ua
"Segeda –ø—Ä–æ –º–∞—Ä–∫–µ—Ç–∏–Ω–≥, SMM —Ç–∞ Instagram",https://uk.tgstat.com/channel/@JenyaSegeda,https://t.me/JenyaSegeda
–°–∫—Ä–æ–º–Ω–∏–π –ú–∞—Ä–∫–µ—Ç–æ–ª–æ–≥ üá∫üá¶,https://uk.tgstat.com/channel/@golovco,https://t.me/golovco
SMMTORI üåø,https://uk.tgstat.com/channel/@smmtori,https://t.me/smmtori
WebAnalytics,https://uk.tgstat.com/channel/@webanalyst,https://t.me/webanalyst
MMR ‚Äì Marketing Media Reviewüìñ,https://uk.tgstat.com/channel/@mmrua,https://t.me/mmrua
–£–∫—Ä–∞—ó–Ω—Å—å–∫–∏–π –º–∞—Ä–∫–µ—Ç–∏–Ω–≥,https://uk.tgstat.com/channel/@ukr_advertising,https://t.me/ukr_advertising
Voodoo Ecommerce,https://uk.tgstat.com/channel/@voodooecommerce,https://t.me/voodooecommerce
"–ñ—É—Ä–Ω–∞–ª ""–ü–ª—ñ—Ç–∫–∞—Ä–∫–∞"" | –†–æ–∑–±–∏—Ä–∞—î–º–æ –º–∞—Ä–∫–µ—Ç–∏–Ω–≥ –±–ª–æ–≥–µ—Ä—ñ–≤ | –ö–∞—Ç—è –ë–æ—Ä–∏—Å–µ–Ω–∫–æ",https://uk.tgstat.com/channel/@katerynaborysenko_vkurse,https://t.me/katerynaborysenko_vkurse
"–¢–∞—Ä–≥–µ—Ç, –ø–∞–Ω–µ üá∫üá¶",https://uk.tgstat.com/channel/@target_pane,https://t.me/target_pane
Creativeness,https://uk.tgstat.com/channel/@creativeness_marketing,https://t.me/creativeness_marketing
Sad But True | –ê–Ω–¥—Ä—ñ–π –ß—É–º–∞—á–µ–Ω–∫–æ,https://uk.tgstat.com/channel/@sadbutrue,https://t.me/sadbutrue
–ë–õ–Ü–¶,https://uk.tgstat.com/channel/@you_can_know_more,https://t.me/you_can_know_more
DGTL Proskurina,https://uk.tgstat.com/channel/@yuliaprosmm,https://t.me/yuliaprosmm
"–£–¢–ü, —ñ —É –º–µ–Ω–µ",https://uk.tgstat.com/channel/@utpumene,https://t.me/utpumene
–î—ñ–¥–∂–∏—Ç–∞–ª—å–Ω—è,https://uk.tgstat.com/channel/@digitalnia,https://t.me/digitalnia
–°–ú–û–°–ï–†–í–ò–° –ú–ï–î–ò–ê,https://uk.tgstat.com/channel/@smoservice,https://t.me/smoservice
SEO –§–∏—à–∫–∏,https://uk.tgstat.com/channel/@seofishku,https://t.me/seofishku
–®–æ—Å—å –Ω–∞ –∑—Ä–æ–∑—É–º—ñ–ª–æ–º—É,https://uk.tgstat.com/channel/@TakTceClear,https://t.me/TakTceClear
IN/FB –∫—Ä–µ–∞—Ç–∏–≤–∏,https://uk.tgstat.com/channel/Xm_NYtl1yCIyZDA6,https://t.me/joinchat/Xm_NYtl1yCIyZDA6
I-Marketing.ua,https://uk.tgstat.com/channel/@imarketingua,https://t.me/imarketingua
–î—ñ–¥–∂–∏—Ç–∞–ª UA,https://uk.tgstat.com/channel/AAAAAEb_IxO2h0q_lLnL8A,https://t.me/joinchat/AAAAAEb_IxO2h0q_lLnL8A
_Chanel_Ô∏è_EM_GRY‚ù§Ô∏è,https://uk.tgstat.com/channel/@adventfor_you,https://t.me/adventfor_you
–ö—Ä–∞—Å–∏–≤–∏–π –ú–∞—Ä–∫–µ—Ç–∏–Ω–≥,https://uk.tgstat.com/channel/@digitalkrasa,https://t.me/digitalkrasa
NeoKotler - –ü–µ—Ä—à–∏–π –∞–≥—Ä–µ–≥–∞—Ç–æ—Ä –º–∞—Ä–∫–µ—Ç–∏–Ω–≥–æ–≤–∏—Ö –∫–∞–Ω–∞–ª—ñ–≤,https://uk.tgstat.com/channel/@neokotler,https://t.me/neokotler
–ù–∞–ó–∞—Ö—ñ–¥,https://uk.tgstat.com/channel/@nazahid,https://t.me/nazahid
SMM —Ä–µ–∫–æ–º–µ–Ω–¥–∞—Ü—ñ—ó,https://uk.tgstat.com/channel/@smm_tip,https://t.me/smm_tip
[–ö–∞–Ω–∞–ª] –£—Å–∞—Ç—ã–π –ê—Ä–±–∏—Ç—Ä–∞–∂–Ω–∏–∫,https://uk.tgstat.com/channel/@mustage_affiliate,https://t.me/mustage_affiliate
üá∫üá¶–°–∫—Ä–∏–ø—Ç–∏ —Ç–∞ API Google Ads | chiliad,https://uk.tgstat.com/channel/@adwordsscripts,https://t.me/adwordsscripts
CASES,https://uk.tgstat.com/channel/@casesmedia,https://t.me/casesmedia
Bazilik Media,https://uk.tgstat.com/channel/@bazilikmedia,https://t.me/bazilikmedia
–î–æ—à–∫–∞ –æ–≥–æ–ª–æ—à–µ–Ω—å –£–∫—Ä–∞—ó–Ω—Ü—ñ –≤ –ë–æ–ª–≥–∞—Ä—ñ—ñ,https://uk.tgstat.com/channel/@UkraineinBulgarian,https://t.me/UkraineinBulgarian
–ó–ù–ê–Æ –ë–õ–û–ì–ï–†–ê,https://uk.tgstat.com/channel/@knowblogger,https://t.me/knowblogger
Tony –ì–æ–≤–æ—Ä–∏—Ç—å üá∫üá¶,https://uk.tgstat.com/channel/@tony_talks,https://t.me/tony_talks
–ê–≤—Ç–æ–ø—Ä–æ—Å–º–æ—Ç—Ä—ã –ü–æ–¥–ø–∏—Å—á–∏–∫–∏ –ü—Ä–æ—Å–º–æ—Ç—Ä—ã –ü—Ä–æ–¥–≤–∏–∂–µ–Ω–∏–µ,https://uk.tgstat.com/channel/@prosmots,https://t.me/prosmots
–ú–∞—Ä–∫–µ—Ç–æ–ª–æ–≥ 2.0,https://uk.tgstat.com/channel/@marketolog_ukr,https://t.me/marketolog_ukr
–†–û–ë–û–¢–ê –£ –ú–ê–†–ö–ï–¢–ò–ù–ì–£,https://uk.tgstat.com/channel/@jobinmarketingua,https://t.me/jobinmarketingua
WebPromoExperts üéì,https://uk.tgstat.com/channel/@webpromoexperts,https://t.me/webpromoexperts
–õ–∏—á–Ω—ã–π –ë—Ä–µ–Ω–¥,https://uk.tgstat.com/channel/hB9561h-HPVhNDE6,https://t.me/joinchat/hB9561h-HPVhNDE6
üëë –ß—ë –ø–æ FB? - –ë–ª–æ–≥ MakeMoney TEAM –ø–æ –∞—Ä–±–∏—Ç—Ä–∞–∂—É —Å Facebook,https://uk.tgstat.com/channel/@makemoneyteam_blog,https://t.me/makemoneyteam_blog
Smmologia - –≤—Å–µ –ø—Ä–æ –°–ú–ú,https://uk.tgstat.com/channel/@smmologia,https://t.me/smmologia
–ü—Ä–æ–¥–∞–≤–∞–π,https://uk.tgstat.com/channel/@luninamarketing,https://t.me/luninamarketing
–†–µ–∫–ª–∞–º–Ω—É—Ç–∏–π,https://uk.tgstat.com/channel/@reklamnutuy,https://t.me/reklamnutuy
–î–µ–∂—É—Ä–Ω—ã–π SEO-–¥–æ–∫—Ç–æ—Ä,https://uk.tgstat.com/channel/@siteclinic_doctor,https://t.me/siteclinic_doctor
OhMyGod | –ø—Ä–æ –¥–∏–¥–∂–∏—Ç–∞–ª,https://uk.tgstat.com/channel/@omgagency,https://t.me/omgagency
Atom | –°–ø–µ—Ü—ñ–∞–ª—ñ—Å—Ç Fb+Inst,https://uk.tgstat.com/channel/@korolenko_marketing,https://t.me/korolenko_marketing
–©–æ?–¥–µ–Ω–Ω–∏–∫ –ø—Ä–æ —Ä–µ–∫–ª–∞–º—É,https://uk.tgstat.com/channel/DCgSquzdMwRmM2Y6,https://t.me/joinchat/DCgSquzdMwRmM2Y6
–¢–∏ –∂ —Å–º–º–Ω–∏–∫,https://uk.tgstat.com/channel/@smm_for_Ukrainians,https://t.me/smm_for_Ukrainians
–•–∏—Ç—Ä—è–∫ | PRO –ú–∞—Ä–∫–µ—Ç–∏–Ω–≥,https://uk.tgstat.com/channel/@hytriak,https://t.me/hytriak
Igor Rudnyk,https://uk.tgstat.com/channel/@rudnyk,https://t.me/rudnyk
"George Rysak: Product Marketing, SEO, Affiliate",https://uk.tgstat.com/channel/@seobag,https://t.me/seobag
–ë–ª–æ–≥ –ú–∞–∫—Å–∏–º–∞ –®–µ–π–∫–æ,https://uk.tgstat.com/channel/AAAAAFhlwQbPUych79xsYw,https://t.me/joinchat/AAAAAFhlwQbPUych79xsYw
–ê–Ω–¥—Ä—ñ–π –®–∞—Ä–∞—î–≤—Å—å–∫–∏–π,https://uk.tgstat.com/channel/@sharaievskyimarketing,https://t.me/sharaievskyimarketing
–î–µ –ö–æ–Ω—Ñ–∞?,https://uk.tgstat.com/channel/@gde_konfa,https://t.me/gde_konfa
Marketing & AI,https://uk.tgstat.com/channel/@m_anc,https://t.me/m_anc
–ö–æ—Ä–æ—Ç–∫–æ –ø—Ä–æ –ú–∞—Ä–∫–µ—Ç–∏–Ω–≥ | Danil Chernukha,https://uk.tgstat.com/channel/@vend_agency,https://t.me/vend_agency
–ù–µ—Ä—É—Ö–æ–º—ñ—Å—Ç—å –ß–µ—Ä–Ω—ñ–≥—ñ–≤ | –ù–µ–¥–≤–∏–∂–∏–º–æ—Å—Ç—å –ß–µ—Ä–Ω–∏–≥–æ–≤,https://uk.tgstat.com/channel/@Chernigiv_Reklama_ua,https://t.me/Chernigiv_Reklama_ua
Serpstat ‚Äì SEO | PPC | –ú–∞—Ä–∫–µ—Ç–∏–Ω–≥,https://uk.tgstat.com/channel/@serpstat_channel,https://t.me/serpstat_channel
–ë—É–¥–Ω—ñ –ø—ñ–∞—Ä–Ω–∏–∫–∞,https://uk.tgstat.com/channel/@budni_pr,https://t.me/budni_pr
MarkeTech,https://uk.tgstat.com/channel/@MarkeTech,https://t.me/MarkeTech
–ú–∞—Ä–∫–µ—Ç–∏–Ω–≥ –±–µ–∑ #$%@&*!,https://uk.tgstat.com/channel/@marketing_without,https://t.me/marketing_without
üá∫üá¶ –ù–µ—Å–∫—Ä–æ–º–Ω–∏–π –ú–∞—Ä–∫–µ—Ç–æ–ª–æ–≥ üòé - –í–∞—Å–∏–ª—å –í–æ–ª–æ—à–∏–Ω | Google Shopping & Merchant Center & Performance Max- –ö–æ–Ω—Ç–µ–∫—Å—Ç–Ω–∞ —Ä–µ–∫–ª–∞–º–∞,https://uk.tgstat.com/channel/@neskromnyy_marketolog,https://t.me/neskromnyy_marketolog
UA YouTube –ë—ñ—Ä–∂–∞,https://uk.tgstat.com/channel/@UAYTBirga,https://t.me/UAYTBirga
–ü—Ä–æ–¥–∞–∫—Ç –±–æ—Ä—âüî•,https://uk.tgstat.com/channel/@product_borsch,https://t.me/product_borsch
MYRONIUK PRO BUSINESS,https://uk.tgstat.com/channel/@amyroniuk,https://t.me/amyroniuk
SEO inside,https://uk.tgstat.com/channel/@seo_inside,https://t.me/seo_inside
SOLOVIOV,https://uk.tgstat.com/channel/@soloviov_consulting,https://t.me/soloviov_consulting
–ê—Ä–±–∏—Ç—Ä–∞–∂ —Ç—Ä–∞—Ñ–∏–∫–∞ | com.unity,https://uk.tgstat.com/channel/@comunity_tg,https://t.me/comunity_tg
–î–æ–±—Ä–∏–π –ø—ñ–∞—Ä,https://uk.tgstat.com/channel/@dobryjPR,https://t.me/dobryjPR
BizDeva,https://uk.tgstat.com/channel/@bizdeva,https://t.me/bizdeva
Google Ads - –∑ –û–ª–µ–≥–æ–º –ü—ñ–¥–¥—É–±–Ω–∏–º,https://uk.tgstat.com/channel/@omp88blog,https://t.me/omp88blog
MOONSTAR NETWORK,https://uk.tgstat.com/channel/@moonstar_network,https://t.me/moonstar_network
game of stories,https://uk.tgstat.com/channel/@gameofstories,https://t.me/gameofstories
"–ë–ª–æ–≥–µ—Ä –í—Å–µ–º–æ–≥—É—Ç–Ω—ñ–π - –∏–Ω—Ñ–ª—é–µ–Ω—Å–µ—Ä –º–∞–∫—Ä–µ—Ç–∏–Ω–≥, PR, SMM",https://uk.tgstat.com/channel/@bloger_almighty,https://t.me/bloger_almighty
Analyzecore,https://uk.tgstat.com/channel/@AnalyzeCore,https://t.me/AnalyzeCore
–ë–∞–≥–∞–∂,https://uk.tgstat.com/channel/@ibaggage,https://t.me/ibaggage
–î—Ä—É–≥–æ–π –¢–∞—Ä–≥–µ—Ç–∏–Ω–≥,https://uk.tgstat.com/channel/@anotherinsta,https://t.me/anotherinsta
–û–≥–æ–ª–æ—à–µ–Ω–Ω—è RS,https://uk.tgstat.com/channel/@ads_rs,https://t.me/ads_rs
–í—Å–µ –¥–ª—è SMM–Ω–∏–∫–∞,https://uk.tgstat.com/channel/@marketing4UBrain,https://t.me/marketing4UBrain
ADLEADPRO | –ì–∞–π–¥—ã –ø–æ –∞—Ä–±–∏—Ç—Ä–∞–∂—É —Ç—Ä–∞—Ñ–∏–∫–∞,https://uk.tgstat.com/channel/@true_burzh,https://t.me/true_burzh
–ó–∞—Ä–æ–±—ñ—Ç–æ–∫ —á–µ—Ä–µ–∑ TikTok —ñ Reels,https://uk.tgstat.com/channel/@minikurs_kolomys,https://t.me/minikurs_kolomys
Marketer,https://uk.tgstat.com/channel/@marketerua,https://t.me/marketerua
—Å–æ—à–∏–∞–ª –º–µ–¥—ñ–∞ –º–∞—Ä–∫–µ—Ç–∏–Ω–≥,https://uk.tgstat.com/channel/@jobsforsmm,https://t.me/jobsforsmm
–°–µ—Ä–≥–µ–π –ë–µ–ª–∫–∏–Ω | Digital-–º–∞—Ä–∫–µ—Ç–∏–Ω–≥,https://uk.tgstat.com/channel/@aboutmarketingandlife,https://t.me/aboutmarketingandlife
SH AD OW,https://uk.tgstat.com/channel/@sh_ad_0w,https://t.me/sh_ad_0w
–ó Milana –¥–æ –ü–∞—Ä–∏–∂—É,https://uk.tgstat.com/channel/@streetmood7,https://t.me/streetmood7
üíµ –ë–ª–æ–≥ –ø–æ —Ç—Ä–∞—Ñ—ñ–∫—É | SADOVSKY,https://uk.tgstat.com/channel/pQVxMgFzWOEzMDIy,https://t.me/joinchat/pQVxMgFzWOEzMDIy
–£–∫—Ä–¢–µ–∫—Å—Ç,https://uk.tgstat.com/channel/@ukrtext,https://t.me/ukrtext
PGA | –ü—Ä–æ–¥–∞–∂–∞ –∞–∫–∫–∞—É–Ω—Ç–æ–≤ google ads,https://uk.tgstat.com/channel/@pgapga,https://t.me/pgapga
Offer_Arbitraj,https://uk.tgstat.com/channel/@offer_arbitraj,https://t.me/offer_arbitraj
–Ü–Ω—Ç–µ—Ä–Ω–µ—Ç-–º–∞—Ä–∫–µ—Ç–∏–Ω–≥ –ø—Ä–æ—Å—Ç–æ—é –º–æ–≤–æ—é –≤—ñ–¥ WEDEX,https://uk.tgstat.com/channel/@marketing_wedex,https://t.me/marketing_wedex
Perfect PR,https://uk.tgstat.com/channel/@pr_perfect,https://t.me/pr_perfect
ADdustrial | –†–µ–∫–ª–∞–º–∞ —Ç–∞ –º–∞—Ä–∫–µ—Ç–∏–Ω–≥ üá∫üá¶,https://uk.tgstat.com/channel/@addustrial,https://t.me/addustrial
#AnalyticsTips,https://uk.tgstat.com/channel/@AnalyticsTips,https://t.me/AnalyticsTips
English for ukrainian marketers,https://uk.tgstat.com/channel/@vizimenko,https://t.me/vizimenko
–ë—ñ—Ä–∂–∞ Youtube | –ê–∫—É–ª–∏ | –Æ—Ç—É–± –£–∫—Ä–∞—ó–Ω–∞ üá∫üá¶,https://uk.tgstat.com/channel/@inertyoutube,https://t.me/inertyoutube
Platfor.ma,https://uk.tgstat.com/channel/@platformushka,https://t.me/platformushka
–ö–µ–π—Å—ã_–∞—Ä–±–∏—Ç—Ä–∞–∂,https://uk.tgstat.com/channel/@case_arbitraj,https://t.me/case_arbitraj
–ü—Ä–æ –æ—Å–æ–±–∏—Å—Ç–∏–π SMM,https://uk.tgstat.com/channel/@SMM_annatilniak,https://t.me/SMM_annatilniak
–ê —Ç–≤–æ—è –º–∞–º–∞ —à–∞—Ä–∏—Ç—å –∑–∞ SMM?,https://uk.tgstat.com/channel/@mamasharitzasmm,https://t.me/mamasharitzasmm
Bazilik school,https://uk.tgstat.com/channel/@Bazilik_edu,https://t.me/Bazilik_edu
SEOquick,https://uk.tgstat.com/channel/@seoquick_com_ua,https://t.me/seoquick_com_ua
wishdo –ë–£–î–ò–õ–¨–ù–ò–ö,https://uk.tgstat.com/channel/@wishdo_alarm,https://t.me/wishdo_alarm
DMM - Digital Marketing Management by UAMASTER,https://uk.tgstat.com/channel/@DMMlinks,https://t.me/DMMlinks
Creative Strategy 2023 üá∫üá¶ –ù–æ–≤–∏–Ω–∏,https://uk.tgstat.com/channel/bT9rDOeK4eA0NjMy,https://t.me/joinchat/bT9rDOeK4eA0NjMy
–Æ–ª—è –ø—Ä–æ SMMüì±,https://uk.tgstat.com/channel/@smmhelperrr,https://t.me/smmhelperrr
üçï–ë–û–õ–¨–®–û–ô –î–ñ–û–ù. –í–Ω—É—Ç—Ä–µ–Ω–Ω—è—è –∫—É—Ö–Ω—è ü§µüèª‚Äç‚ôÇÔ∏èüë®üèΩ‚Äçüç≥,https://uk.tgstat.com/channel/@bolshoyjohn,https://t.me/bolshoyjohn
Odukalets Oleh ‚Ä¢ PRO –º–∞—Ä–∫–µ—Ç–∏–Ω–≥,https://uk.tgstat.com/channel/@performance1,https://t.me/performance1
–¢–∞—Ä–≥–µ—Ç –≤ TikTok Ads üá∫üá¶,https://uk.tgstat.com/channel/@target_tiktokads,https://t.me/target_tiktokads
–í–µ–ª–∏–∫–∏–π PR,https://uk.tgstat.com/channel/@ua_pr,https://t.me/ua_pr
DIM.RIA –¥–ª—è –ø—Ä–æ—Ñ—ñ,https://uk.tgstat.com/channel/@domriaprofy,https://t.me/domriaprofy
AR | VR –¥–ª—è –±—Ä–µ–Ω–¥—ñ–≤,https://uk.tgstat.com/channel/@ARVRchannel,https://t.me/ARVRchannel
Diez Agency,https://uk.tgstat.com/channel/J2N_VJOULvpiYWEy,https://t.me/joinchat/J2N_VJOULvpiYWEy
–ë—Ä–µ–Ω–¥ –¥—é –°–æ–ª–µ–π,https://uk.tgstat.com/channel/@brand_du_soleil,https://t.me/brand_du_soleil
–ê–ª–µ–∫—Å–∞–Ω–¥—Ä –õ—É—Ü–µ–Ω–∫–æ|–¢–æ–≤–∞—Ä–∫–∞|–¢—Ä–∞—Ñ–∏–∫,https://uk.tgstat.com/channel/@alexlutsenko22,https://t.me/alexlutsenko22
–¶–µ–ì—Ä–∞ –≤ –º–∞—Ä–∫–µ—Ç–∏–Ω–≥,https://uk.tgstat.com/channel/@TseGra,https://t.me/TseGra
THELAB Agency,https://uk.tgstat.com/channel/@thelabagency,https://t.me/thelabagency
–†–µ–∞–ª—å–Ω–∏–π –¢–∞—Ä–≥–µ—Ç | –†–æ–º–∞–Ω –ö–æ—Ä—á–∞–∫,https://uk.tgstat.com/channel/@real_target,https://t.me/real_target
–†–∞–Ω–æ–∫ –º–∞—Ä–∫–µ—Ç–æ–ª–æ–≥–∞,https://uk.tgstat.com/channel/@ranok_marketologa,https://t.me/ranok_marketologa
Bohdan,https://uk.tgstat.com/channel/@bohdan_drozdov,https://t.me/bohdan_drozdov
–õ–µ–Ω–∞ —Ä–µ–∫–æ–º–µ–Ω–¥—É–µ—Ç,https://uk.tgstat.com/channel/@lena_recommends,https://t.me/lena_recommends
–ü–æ—Å–ª—É–≥–∏ Youtube | –ê–∫—É–ª–∏ | –Æ—Ç—É–± –£–∫—Ä–∞—ó–Ω–∞üá∫üá¶,https://uk.tgstat.com/channel/@inertyt,https://t.me/inertyt
PR & –ú–∞—Ä–∫–µ—Ç–∏–Ω–≥ | LOOQME Digest,https://uk.tgstat.com/channel/@looqme,https://t.me/looqme
HR Arbitraj (web-hh.com),https://uk.tgstat.com/channel/n7L7bnEXvI8zOTBi,https://t.me/joinchat/n7L7bnEXvI8zOTBi
"(Facebook/Instagram) –ø—Ä–æ–¥–≤–∏–∂–µ–Ω–∏–µ, –æ–±—É—á–µ–Ω–∏–µ",https://uk.tgstat.com/channel/@pavelkucherenko_fb,https://t.me/pavelkucherenko_fb
–õ–ò–ú–û–ù–ù–ê –ü–ê–õ–Ø–ù–ò–¶–Ø | –ú–ê–†–ö–ï–¢–ò–ù–ì –£–ö–†–ê–á–ù–°–¨–ö–û–Æ,https://uk.tgstat.com/channel/@affiliate_blog,https://t.me/affiliate_blog
–ë–ê–†–ê–•–û–õ–ö–ê UKRAINEüá∫üá¶,https://uk.tgstat.com/channel/@ukrainebarahlo,https://t.me/ukrainebarahlo
üöÄ eSputnik,https://uk.tgstat.com/channel/@eSputnik_com,https://t.me/eSputnik_com
–®—Ç–∞–± digital –ø—ñ–¥—Ç—Ä–∏–º–∫–∏,https://uk.tgstat.com/channel/@EW_digital_support,https://t.me/EW_digital_support
48 –ø—Ä–∞–≤–æ–∫ —ñ —Ç—Ä–æ—Ö–∏ –º–∞ÃÅ—Ä–∫–µ—Ç–∏–Ω–≥—É,https://uk.tgstat.com/channel/@pravkiimarketing,https://t.me/pravkiimarketing
SMM –¥–ª—è –≤—Å—ñ—Ö,https://uk.tgstat.com/channel/@smm_dlya_vsih,https://t.me/smm_dlya_vsih
Genesis Marketing Week,https://uk.tgstat.com/channel/@genesismarketingweek,https://t.me/genesismarketingweek
ü¶æ –ê–≤—Ç–æ–º–∞—Ç–∏–∑—É–π SEO —Ä–∞–∑–æ–º –∑ Pythonüêç,https://uk.tgstat.com/channel/@python_for_seo,https://t.me/python_for_seo
–ê–¥–º—ñ–Ω—Å—å–∫—ñ –£–≥—ñ–¥–¥—è,https://uk.tgstat.com/channel/@idorasUA,https://t.me/idorasUA
ChatOS News & Education,https://uk.tgstat.com/channel/@ChatOS_news,https://t.me/ChatOS_news
GOOGLE ADS: PREMIUM,https://uk.tgstat.com/channel/@google_ads_premium,https://t.me/google_ads_premium
"Promodo | –î—ñ–¥–∂–∏—Ç–∞–ª, —Å—Ç—Ä–∞—Ç–µ–≥—ñ—è, –∫—Ä–µ–∞—Ç–∏–≤",https://uk.tgstat.com/channel/@promodoagency,https://t.me/promodoagency
–î–∏–∑–†–∞–π—Ç–µ—Ä,https://uk.tgstat.com/channel/@disWriter,https://t.me/disWriter
–ó–ê–†–û–ë–Ü–¢–û–ö | –°–¢–Ü–ö–ï–†–ò | –ß–ê–¢-–ë–û–¢–ò | –ü–Ü–î–ü–ò–°–ù–ò–ö–ò| –ü–†–û–°–£–í–ê–ù–ù–Ø,https://uk.tgstat.com/channel/@nkstick,https://t.me/nkstick
–†–ï–ö–õ–ê–ú–ê UA –ø–æ—Å–ª—É–≥–∏,https://uk.tgstat.com/channel/@reklamaua2022,https://t.me/reklamaua2022
–ö–æ—Ä–∏—Å–Ω—ñ –∫–∞–Ω–∞–ª–∏ –£–∫—Ä–∞—ó–Ω–∏ —Ç–∞ –†–æ–±–æ—Ç–∞ –≤ –£–∫—Ä–∞—ó–Ω—ñ UJG üá∫üá¶ | –í—ñ–¥–¥–∞–ª–µ–Ω–æ | –û–Ω–ª–∞–π–Ω | –ö–∏—ó–≤ | –õ—å–≤—ñ–≤ | –•–∞—Ä–∫—ñ–≤ | –û–¥–µ—Å–∞ | –î–Ω—ñ–ø—Ä–æ | –ó–∞–ø–æ—Ä—ñ–∂–∂—è,https://uk.tgstat.com/channel/@jobs1ua_per,https://t.me/jobs1ua_per
Employer Branding | UGEN,https://uk.tgstat.com/channel/@HR_UGEN,https://t.me/HR_UGEN
METARENT.FUN üçâ,https://uk.tgstat.com/channel/@metarent,https://t.me/metarent
–ù–µ –î–ª—è –ü—Ä–µ—Å–∏,https://uk.tgstat.com/channel/@not4press,https://t.me/not4press
Smoke shop Sumy,https://uk.tgstat.com/channel/@chasersumystor,https://t.me/chasersumystor
Traffic Jack Team - –ê—Ä–±–∏—Ç—Ä–∞–∂ FB/GOOGLE,https://uk.tgstat.com/channel/@trafficjackteam,https://t.me/trafficjackteam
–í–µ–±—ñ–Ω–∞—Ä —ñ–∑ —Å–∞–º–æ–ø—Ä–æ–¥—é—Å—É–≤–∞–Ω–Ω—è | 19:00/13.04,https://uk.tgstat.com/channel/@webinarplitkarka,https://t.me/webinarplitkarka
–ú–∞—Ä–∫–µ—Ç–∏–Ω–≥. –î–º–∏—Ç—Ä–æ –§—ñ–ª–æ—Å–æ—Ñ üá∫üá¶,https://uk.tgstat.com/channel/@filosofnews,https://t.me/filosofnews
–ü–∏–∞—Ä–µ—è,https://uk.tgstat.com/channel/@piareya,https://t.me/piareya
"PPC|SEO - –Ω–æ–≤–∏–Ω–∏, —Å—Ç–∞—Ç—Ç—ñ, –∫–µ–π—Å–∏, —ñ–≤–µ–Ω—Ç–∏",https://uk.tgstat.com/channel/@ppcseocom,https://t.me/ppcseocom
–Ø–ù–ö–û–í,https://uk.tgstat.com/channel/@yankovclub,https://t.me/yankovclub
SendPulse –£–∫—Ä–∞—ó–Ω–∞,https://uk.tgstat.com/channel/@SendPulse_UA,https://t.me/SendPulse_UA
AliExpress –≥–æ–ª–æ–≤–Ω–æ–≥–æ –º–æ–∑–∫—É üõç,https://uk.tgstat.com/channel/@aliexpress_in_brain,https://t.me/aliexpress_in_brain
üí∞GRB Prod.üí∞,https://uk.tgstat.com/channel/@grbmedia,https://t.me/grbmedia
ADS Wind,https://uk.tgstat.com/channel/@ads_wind,https://t.me/ads_wind
–î–∏–∫–∏–π –∞—Ä–±–∏—Ç—Ä–∞–∂ | Wild Wild Leads & WWApps,https://uk.tgstat.com/channel/@wildovy_arbitrage,https://t.me/wildovy_arbitrage
PRO Text,https://uk.tgstat.com/channel/@this_is_pro_text,https://t.me/this_is_pro_text
Conversion_club,https://uk.tgstat.com/channel/@conversion_official,https://t.me/conversion_official
PRNEWS.IO News,https://uk.tgstat.com/channel/@prnews,https://t.me/prnews
Sostav.ua,https://uk.tgstat.com/channel/@sostav_ua,https://t.me/sostav_ua
–∫—Ä—É–∂–µ—á–∫–∏,https://uk.tgstat.com/channel/@KRUZHECHKY,https://t.me/KRUZHECHKY
Ringostat ‚Äî –º–∞—Ä–∫–µ—Ç–∏–Ω–≥|–ø—Ä–æ–¥–∞–∂—ñ|–∞–Ω–∞–ª—ñ—Ç–∏–∫–∞,https://uk.tgstat.com/channel/@Ringostat,https://t.me/Ringostat
Sketch_Box,https://uk.tgstat.com/channel/@sketch_box,https://t.me/sketch_box
Creogang,https://uk.tgstat.com/channel/@verycreogang,https://t.me/verycreogang
–ú–∞—Ä–∫–µ—Ç–∏–Ω–≥ —Ç–∞ —î—Ä–µ—Å—å,https://uk.tgstat.com/channel/@marketingheresy,https://t.me/marketingheresy
–ü—Ä–æ —Ç—ñ–∫-—Ç–æ–∫ —ñ —Ç—Ä–æ—à–∫–∏ –±—ñ–ª—å—à–µ üçã,https://uk.tgstat.com/channel/@yana_mishentsova_chat,https://t.me/yana_mishentsova_chat
–≤—Å—Ä–∞—Ç—ñ –∫–æ–ø—ñ—Ä–∞–π—Ç–∏,https://uk.tgstat.com/channel/@vsratykopi,https://t.me/vsratykopi
Inweb | –°—Ç—Ä–∏–±–∞–π —É digital,https://uk.tgstat.com/channel/@Inwebua,https://t.me/Inwebua
"SMR - –°–ø–æ—Ä—Ç–∏–≤–Ω–∏–π –º–∞—Ä–∫–µ—Ç–∏–Ω–≥, –±—ñ–∑–Ω–µ—Å —Ç–∞ –∫—Ä–µ–∞—Ç–∏–≤",https://uk.tgstat.com/channel/@SMR_ua,https://t.me/SMR_ua
Maksym Yevsiukov,https://uk.tgstat.com/channel/@YevsiukovMaksym,https://t.me/YevsiukovMaksym
–í–æ–≤–∫ –∑ –¢–µ—Ä–Ω–æ–ø—ñ–ª—å—Å–∫–∞-—Å—Ç—Ä—ñ—Ç,https://uk.tgstat.com/channel/@uaaads,https://t.me/uaaads
MARKETING SPACE,https://uk.tgstat.com/channel/@newmarketingspace,https://t.me/newmarketingspace
YouTop ‚Äî –°—Ç–∞–≤–∞–π –ø–µ—Ä—à–∏–º —É –ø–æ—à—É–∫—É YouTube,https://uk.tgstat.com/channel/@SEO_ytube,https://t.me/SEO_ytube
Marketorium üá∫üá¶,https://uk.tgstat.com/channel/@marketorium_ua,https://t.me/marketorium_ua
–Ü–Ω—Ç–µ—Ä–Ω–µ—Ç-–º–∞—Ä–∫–µ—Ç–∏–Ω–≥ | C√≥mon Agency,https://uk.tgstat.com/channel/@comonagency,https://t.me/comonagency
–§–ú –≤–¥–µ–Ω—å —Ç–∞ –≤–Ω–æ—á—ñ üí≠,https://uk.tgstat.com/channel/@fmalldayallnight,https://t.me/fmalldayallnight
Marketing agency Best BOX,https://uk.tgstat.com/channel/@agencyBestBOX,https://t.me/agencyBestBOX
Ukraine üá∫üá¶ Resale,https://uk.tgstat.com/channel/@ukraineresseil,https://t.me/ukraineresseil
–†–∞–∑–Ω–æ—Ä–∞–±–æ—á–∏–µ –ö–∏–µ–≤/–í–∞–∫–∞–Ω—Å–∏–∏,https://uk.tgstat.com/channel/@Raznorabochie_Kiev2,https://t.me/Raznorabochie_Kiev2
–®–∫–æ–ª–∞ –ú–µ—Ä—á–µ–Ω–¥–∞–π–∑–∏–Ω–≥—É,https://uk.tgstat.com/channel/@artlevel_ua,https://t.me/artlevel_ua
–ì–æ–ª–∏–∫–æ–≤. –ö–∞–∫ –µ—Å—Ç—å.,https://uk.tgstat.com/channel/@Golikovcriticism,https://t.me/Golikovcriticism
Shalabodin ‚Äî –ø—Ä–∞–∫—Ç–∏—á–Ω–∏–π –º–∞—Ä–∫–µ—Ç–∏–Ω–≥,https://uk.tgstat.com/channel/@shalabodindigital,https://t.me/shalabodindigital
Vortex | Dating Affiliate Network,https://uk.tgstat.com/channel/@vortexcpa,https://t.me/vortexcpa
May strategy be with you,https://uk.tgstat.com/channel/@may_the_strategy_be_with_you,https://t.me/may_the_strategy_be_with_you
–ë–†–ï–ù–î 18+,https://uk.tgstat.com/channel/@brand18plus,https://t.me/brand18plus
In AgroMarketing | I AM,https://uk.tgstat.com/channel/@In_AgroMarketing,https://t.me/In_AgroMarketing
–ú–∞—Ä–∫–µ—Ç–∏–Ω–≥ | –Ü–Ω—Å–∞–π—Ç–∏,https://uk.tgstat.com/channel/@Leadgenstudio,https://t.me/Leadgenstudio
"–õ–∞–≥—ñ–¥–Ω–∞ –î—ñ–¥–∂–∏—Ç–∞–ª—ñ–∑–∞—Ü—ñ—è: –º–∞—Ä–∫–µ—Ç–∏–Ω–≥, –¥–∏–∑–∞–π–Ω, —Å–º–º, —Ç–∞—Ä–≥–µ—Ç",https://uk.tgstat.com/channel/@lagidnydigital,https://t.me/lagidnydigital
–î–ê–®–ê –î–û–ê–ù | –Ü–ù–°–¢–ê-–°–¢–†–ê–¢–ï–ì–Ü–á,https://uk.tgstat.com/channel/@DDaboutStories,https://t.me/DDaboutStories
–§–µ–¥–æ—Ä–µ–Ω–∫–æ —ñ –ß–ø—É–Ω—å–∫,https://uk.tgstat.com/channel/@fedorrrenko,https://t.me/fedorrrenko
–£–∫—Ä–∞—ó–Ω—Å—å–∫–∏–π digital –º–∞—Ä–∫–µ—Ç–∏–Ω–≥,https://uk.tgstat.com/channel/@uamarketingua,https://t.me/uamarketingua
–ú–∞—Ä–∫–µ—Ç–∏–Ω–≥–æ–≤–∏–π –º—É—Å–∫—É–ª,https://uk.tgstat.com/channel/@ksu_knows,https://t.me/ksu_knows
–Æ–Ω—ã–π mediabuyer ‚ö°,https://uk.tgstat.com/channel/@young_mediabaeyr,https://t.me/young_mediabaeyr
üî¥ YouTubeHive,https://uk.tgstat.com/channel/@youtubehive,https://t.me/youtubehive
ITForce.UA - üß†PPC|SEO|SMM|Email-–º–∞—Ä–∫–µ—Ç–∏–Ω–≥|–í–µ–±-–∞–Ω–∞–ª–∏—Ç–∏–∫–∞,https://uk.tgstat.com/channel/@itforce,https://t.me/itforce
art&marketing,https://uk.tgstat.com/channel/@artandmarketing,https://t.me/artandmarketing
3F Team (Fast Fat Farm),https://uk.tgstat.com/channel/@fff_3fteam,https://t.me/fff_3fteam
–®—Ç—É—á–Ω–∏–π —ñ–Ω—Ç–µ–ª–µ–∫—Ç —É–∫—Ä–∞—ó–Ω—Å—å–∫–æ—é,https://uk.tgstat.com/channel/@affiliate_blog_ai,https://t.me/affiliate_blog_ai
–ü–∞—Ä–∫ –ì—É—Ä—Å—å–∫–æ–≥–æ –ü–µ—Ä—ñ–æ–¥—É,https://uk.tgstat.com/channel/@RomanHurskyi,https://t.me/RomanHurskyi
AI Marketing&SMM,https://uk.tgstat.com/channel/@sokolovskiy_pro,https://t.me/sokolovskiy_pro
PRO –Ü–¥–µ—ó. –ì–æ–ª–æ–≤–Ω—ñ –Ω–æ–≤–∏–Ω–∏ –º–∞—Ä–∫–µ—Ç–∏–Ω–≥—É ‚Ä¢ proidei.com,https://uk.tgstat.com/channel/@proideicom,https://t.me/proideicom
–ú–∞—Ä–∫–µ—Ç–∏–Ω–≥ –¥–ª—è –≤–ª–∞—Å–Ω–∏–∫—ñ–≤ –±—ñ–∑–Ω–µ—Å—É,https://uk.tgstat.com/channel/@marketingforowners,https://t.me/marketingforowners
–ù–ï–¢–í–û–†–ö–ò–ù–ì –ö–õ–£–ë –î–õ–Ø –î–ï–õ–û–í–´–• –ó–ù–ê–ö–û–ú–°–¢–í –ò –í–ó–ê–ò–ú–ù–û–ì–û –ü–†–û–î–í–ò–ñ–ï–ù–ò–Ø,https://uk.tgstat.com/channel/@lookmesample,https://t.me/lookmesample
üá∫üá¶ Digital AI ¬∑ –ü—Ä–æ –Ω–µ–π—Ä–æ–º–µ—Ä–µ–∂—ñ,https://uk.tgstat.com/channel/@digitalai_ua,https://t.me/digitalai_ua
–°–µ—Ä–≥—ñ–π –ì—É—Ç—é–∫ - —Å—É–±‚Äò—î–∫—Ç–∏–≤–Ω–æ,https://uk.tgstat.com/channel/@gutyuks,https://t.me/gutyuks
–û–±—ä—è–≤–ª–µ–Ω–∏—è. –£–∫—Ä–∞–∏–Ω–∞- –•–∞—Ä—å–∫–æ–≤,https://uk.tgstat.com/channel/@KupiProdayKharkoff,https://t.me/KupiProdayKharkoff
–î–û–®–ö–ê –û–ì–û–õ–û–®–ï–ù–¨ –•–ê–†–ö–Ü–í–©–ò–ù–ò,https://uk.tgstat.com/channel/@DoshkaKh,https://t.me/DoshkaKh
–†–∞–±–æ—á–∏–π —Ç–∞—Ä–≥–µ—Ç,https://uk.tgstat.com/channel/@rabochiytarget,https://t.me/rabochiytarget
–ú–ö-–ù ‚Ññ5,https://uk.tgstat.com/channel/@mikrorayon5,https://t.me/mikrorayon5
Tik-Tok Traffic / –¢–∏–∫-—Ç–æ–∫ —Ç—Ä–∞—Ñ–∏–∫ / –ê—Ä–±–∏—Ç—Ä–∞–∂ —Ç—Ä–∞—Ñ–∏–∫–∞ —á–∞—Ç leads logs gpay sell buy crypto soft Arbitrag traffic Google,https://uk.tgstat.com/channel/@traffic_tiktok,https://t.me/traffic_tiktok
Andrey Frantsev | Ambassador ISI,https://uk.tgstat.com/channel/@frantsev_isi,https://t.me/frantsev_isi
–ê–≤–∞–Ω–≥–∞—Ä–¥ —ñ–Ω—Ñ–æ–±—ñ–∑—É,https://uk.tgstat.com/channel/@AVE_infobiz,https://t.me/AVE_infobiz
–í–ª–∞–¥ –ö–æ–≤–∞–ª—å—á—É–∫üí°SMM | AI,https://uk.tgstat.com/channel/@SelfProgress_byKava,https://t.me/SelfProgress_byKava
realty.kharkov.ua,https://uk.tgstat.com/channel/@realtykharkovua,https://t.me/realtykharkovua
–°–º–∞—á–Ω–∏–π –º–∞—Ä–∫–µ—Ç–∏–Ω–≥,https://uk.tgstat.com/channel/@tastymarketing,https://t.me/tastymarketing
‚Ä¢INFOBITME‚Ä¢ üá∫üá¶ –ë–Ü–†–ñ–ê –Ü–ù–§–û–†–ï–°–£–†–°–Ü–í,https://uk.tgstat.com/channel/@infobitbirzha,https://t.me/infobitbirzha
Google SEO,https://uk.tgstat.com/channel/@googleseopro,https://t.me/googleseopro
–ù–ê–ß–ò–ù–ê–Æ–©–ò–ô –ê–†–ë–ò–¢–†–ê–ñ–ù–ò–ö GAMBLING & BETTING CPA & CPL –ú–ê–ù–£–ê–õ –°–•–ï–ú–´ P2P –ì–ê–ô–î –û–ë–£–ß–ï–ù–ò–ï –ö–£–†–° CPARIP TRAFFIC DEVILS CPAMIX FACEBOOK GO,https://uk.tgstat.com/channel/@svyazki_arbitrazhnik,https://t.me/svyazki_arbitrazhnik
Digital –î–µ—Ç–µ–∫—Ç–∏–≤üá∫üá¶,https://uk.tgstat.com/channel/@digital_detective,https://t.me/digital_detective
–ò—Ä–∏–Ω–∞‚ôæ–ü–†–û–Ø–í–õ–ï–ù–ò–ï,https://uk.tgstat.com/channel/hlOXos5udddmZTEy,https://t.me/joinchat/hlOXos5udddmZTEy
‚òÇÔ∏è –ü—Ä–æ —Å—Ç—Ä–∞—Ö—É–≤–∞–Ω–Ω—è,https://uk.tgstat.com/channel/@easy_about_insurance,https://t.me/easy_about_insurance
HR ROOM,https://uk.tgstat.com/channel/@hr_room_aff,https://t.me/hr_room_aff
–î–æ–∫—Ç–æ—Ä–∞–π—Ç–µ—Ä I –£–º–Ω—ã–π –º–µ–¥–∏—Ü–∏–Ω—Å–∫–∏–π –º–∞—Ä–∫–µ—Ç–∏–Ω–≥,https://uk.tgstat.com/channel/@medmarketings,https://t.me/medmarketings
–ú–∞—Ä–∫–µ—Ç–∏–Ω–≥ —Å–ø–æ—Ä—Ç—É,https://uk.tgstat.com/channel/@marketing_of_sport,https://t.me/marketing_of_sport
–ü–æ–≥–æ–≤–æ—Ä–∏–º –æ –º–∞—Ä–∫–µ—Ç–∏–Ω–≥–µ –ê–Ω–¥—Ä–µ–π –ö–æ–ø–∏–ª–æ–≤,https://uk.tgstat.com/channel/@kopilov_marketing,https://t.me/kopilov_marketing
Out Of Home Journal,https://uk.tgstat.com/channel/@out_of_home_journal,https://t.me/out_of_home_journal
–ë–∏–∑–Ω–µ—Å –∏ –ò–¢,https://uk.tgstat.com/channel/@itbusinessua,https://t.me/itbusinessua
SMM notes,https://uk.tgstat.com/channel/@panda_smmagency,https://t.me/panda_smmagency
–û–ª–µ–≥ –£–ø–∏–ª–∫–æ–≤,https://uk.tgstat.com/channel/@olegupilkovkanal,https://t.me/olegupilkovkanal
–±–æ–º–±–∏—Ç–∏ –º–æ—Å–∫–∞–ª—ñ–≤ –¥–∑–≤—ñ–Ω–∫–∞–º–∏,https://uk.tgstat.com/channel/@bazacallbomber,https://t.me/bazacallbomber
–ë–∏–∑–Ω–µ—Å –Ω–∞ –¢–µ–ª–µ–≥—Ä–∞–º –∫–∞–Ω–∞–ª–µ –ù–∞—á–∞–ª–æüí∞,https://uk.tgstat.com/channel/@businesstelegra,https://t.me/businesstelegra
–ú–∞—Ä–∫–µ—Ç–∏–Ω–≥ –∏ —Ä–µ–∫–ª–∞–º–∞ Skylogic,https://uk.tgstat.com/channel/@skylogicua,https://t.me/skylogicua
–ö–æ–º–ø–∞–Ω–∏—è –ú–æ–ª–æ–¥–µ—Ü üá∫üá¶,https://uk.tgstat.com/channel/@molodectop,https://t.me/molodectop
‚Ä¢–¢–≤–æ—è digital —Ç–µ—Ä–∏—Ç–æ—Ä—ñ—è‚Ä¢,https://uk.tgstat.com/channel/@digiterra_agency,https://t.me/digiterra_agency
–û–±‚Äô—è–≤–∞ üá∫üá¶ –£–∫—Ä–∞—ó–Ω–∞,https://uk.tgstat.com/channel/@objavacomua,https://t.me/objavacomua
UCP | –£–ö–†–ê–á–ù–°–¨–ö–Ü –ö–û–£–ß–Ü –¢–ê –ü–°–ò–•–û–õ–û–ì–ò,https://uk.tgstat.com/channel/@psyandcoach,https://t.me/psyandcoach
SEOinar (–∫–æ–Ω—Ñ–µ—Ä–µ–Ω—Ü—ñ—ó/–∫—É—Ä—Å–∏),https://uk.tgstat.com/channel/@seoinar,https://t.me/seoinar
–í—ñ–∑—ñ–Ω—Ñ–æ—Ä–º,https://uk.tgstat.com/channel/@Vizinform,https://t.me/Vizinform
Marketing Pro (—Ä–∞—Å–∫—Ä—É—Ç–∫–∞ —Å–æ–æ–±—â–µ—Å—Ç–≤ –í–∞–π–±–µ—Ä –∏ –≥—Ä—É–ø–ø –¢–µ–ª–µ–≥—Ä–∞–º–º),https://uk.tgstat.com/channel/@marketingpro01,https://t.me/marketingpro01
meowketing manager,https://uk.tgstat.com/channel/@bwaaaaaaagh,https://t.me/bwaaaaaaagh
–ì—É—Å–∏–Ω—ã–π –ö–ª—é–≤,https://uk.tgstat.com/channel/@IvangiusTell,https://t.me/IvangiusTell
"–ê–ª–ª–æ, –ø—ñ–∞—Ä–Ω–∏–∫—É?",https://uk.tgstat.com/channel/@allosorokina,https://t.me/allosorokina
–î–µ –ª—ñ–¥–∏?,https://uk.tgstat.com/channel/@wherearelead,https://t.me/wherearelead
–±—É–¥–Ω—ñ SMM | –ê–Ω–∞—Å—Ç–∞—Å—ñ—è –í–¥–æ–≤–∏—á–µ–Ω–∫–æ,https://uk.tgstat.com/channel/@vdovychenko_anastasiia,https://t.me/vdovychenko_anastasiia
Sponge D&D,https://uk.tgstat.com/channel/@spongedigital,https://t.me/spongedigital
–ú–ê–†–ì–û –∏ SMM ‚Ä¢ –ú–ê–†–ö–ï–¢–ò–ù–ì ‚Ä¢ PR,https://uk.tgstat.com/channel/@margaritashklyar,https://t.me/margaritashklyar
–ú–æ–≥–∏–ª–∞ –ø—É—Ç–ª—î—Ä–∞,https://uk.tgstat.com/channel/@pizdatupoyrusne,https://t.me/pizdatupoyrusne
PRO –ú–∞—Ä–∫–µ—Ç–∏–Ω–≥,https://uk.tgstat.com/channel/@pro_marketing_p,https://t.me/pro_marketing_p
–Æ—Ä–∏–¥–∏—á–Ω—ñ –∫–æ–Ω—Å—É–ª—å—Ç–∞—Ü—ñ—ó –ø–æ —Å—ñ–º–µ–π–Ω–∏–º —Å–ø–æ—Ä–∞–º,https://uk.tgstat.com/channel/@legalconsultations,https://t.me/legalconsultations
–î–ù–Ü–ü–†–û-–Ü–ù–§–û,https://uk.tgstat.com/channel/L68Gs4ARTOZjYTAy,https://t.me/joinchat/L68Gs4ARTOZjYTAy
–∫—Ä–µ–∞—Ç–∏–≤,https://uk.tgstat.com/channel/@creatif_adv,https://t.me/creatif_adv
Google Trends UA,https://uk.tgstat.com/channel/@GoogleTrendsUA,https://t.me/GoogleTrendsUA
‚ù±‚ù±‚ù± –°–∞–Ω—å–û–ö–öüëå,https://uk.tgstat.com/channel/@sn_OKK,https://t.me/sn_OKK
reklamkŒî,https://uk.tgstat.com/channel/@reklamkaaa,https://t.me/reklamkaaa
–ú–∞—Ä–∫–µ—Ç–∏–Ω–≥ –ù–æ–≤–∏–Ω–∏,https://uk.tgstat.com/channel/@marketingnovini,https://t.me/marketingnovini
–ë–ê–ó–ê–†,https://uk.tgstat.com/channel/@bazarua,https://t.me/bazarua
üí∞ –í—Ä–µ–º—è –ó–∞—Ä–æ–±–æ—Ç–∫–∞ üí∏,https://uk.tgstat.com/channel/@Jobs_ua1,https://t.me/Jobs_ua1
–°–ú–ú –ø—Ä–æ—Å—Ç–æ,https://uk.tgstat.com/channel/@smm_prostor,https://t.me/smm_prostor
–ë–µ—Å–ø–ª–∞—Ç–Ω–∞—è –†–µ–∫–ª–∞–º–∞,https://uk.tgstat.com/channel/@rek_pr,https://t.me/rek_pr
SELO.ua,https://uk.tgstat.com/channel/@SELOua,https://t.me/SELOua
Crazy SMM üá∫üá¶,https://uk.tgstat.com/channel/@what_is_smm,https://t.me/what_is_smm
Digital –ú–∞—Ä–∫–µ—Ç–æ–ª–æ–≥,https://uk.tgstat.com/channel/@best_marketing_smm,https://t.me/best_marketing_smm
Digital Max üá∫üá¶,https://uk.tgstat.com/channel/@digital_maximus,https://t.me/digital_maximus
Twinsspin | Gambling | Crypto üöÄ,https://uk.tgstat.com/channel/@twinsspins,https://t.me/twinsspins
–î–µ–π–ª—ñ –î—ñ–¥–∂–∏—Ç–∞–ª | PR & SMM,https://uk.tgstat.com/channel/@dailydgtl,https://t.me/dailydgtl
Black Marketing,https://uk.tgstat.com/channel/@black_marketing_ua,https://t.me/black_marketing_ua
–ì—Ä—É–ø–ø–∞ –ê–Ω–æ–Ω–∏–º–Ω—ã—Ö –ú–∞—Ä–∫–µ—Ç–æ–ª–æ–≥–æ–≤,https://uk.tgstat.com/channel/@grupamarketologov,https://t.me/grupamarketologov
ùêìùêÜùêáùêîùêÅùüïùüë,https://uk.tgstat.com/channel/@TGHUB73,https://t.me/TGHUB73
Nutromanovich,https://uk.tgstat.com/channel/@nutromanovich,https://t.me/nutromanovich
–û–î–ï–°–°–ê 24 –ê–†–ï–ù–î–ê,https://uk.tgstat.com/channel/@Odessa24Arenda,https://t.me/Odessa24Arenda
TELEKOSTA,https://uk.tgstat.com/channel/@telekosta,https://t.me/telekosta
–ö–æ–ø—ñ—Ä—Å—å–∫–µ –û–∫–æ,https://uk.tgstat.com/channel/@copymarkus,https://t.me/copymarkus
–°–∞–º—É—Ä–∞–π—Å—å–∫–∏–π —à–ª—è—Ö üî•,https://uk.tgstat.com/channel/@sammurao,https://t.me/sammurao
–¶–∏—Ç–∞—Ç–Ω–∏–∫ SMM—â–∏–∫–∞,https://uk.tgstat.com/channel/@carolinejece,https://t.me/carolinejece
warm glow digital,https://uk.tgstat.com/channel/@wgdigital,https://t.me/wgdigital
–û–¥–µ—Å—Å–∞ 24 –ê—Ä–µ–Ω–¥–∞ –ü–æ—Å—É—Ç–æ—á–Ω–æ,https://uk.tgstat.com/channel/@odessa_24_arenda,https://t.me/odessa_24_arenda
–†–∞–±–æ—Ç–∞ –î–Ω–µ–ø—Ä,https://uk.tgstat.com/channel/@rabota_dnepr_kamenskoye,https://t.me/rabota_dnepr_kamenskoye
Vitusevich Marketing,https://uk.tgstat.com/channel/@vitusevichmarketing,https://t.me/vitusevichmarketing
