–ú–æ—è –¥–∞—á–∞. –°–∞–¥ —ñ –≥–æ—Ä–æ–¥,https://uk.tgstat.com/channel/tNfeToFN5ClhZjAy,https://t.me/joinchat/tNfeToFN5ClhZjAy
–î–∞—á–Ω—ñ –ü–æ—Ä–∞–¥–∏,https://uk.tgstat.com/channel/yQjIXAE4QigzNzYy,https://t.me/joinchat/yQjIXAE4QigzNzYy
–¢–∞–∫–æ–µ –Ω–µ –ì—É–≥–ª—è—Ç,https://uk.tgstat.com/channel/sIebXYogfmRlZGQy,https://t.me/joinchat/sIebXYogfmRlZGQy
–î–∞—á–Ω–∏–∫,https://uk.tgstat.com/channel/N_DRYHWcU-E3ZmMy,https://t.me/joinchat/N_DRYHWcU-E3ZmMy
National Geographic,https://uk.tgstat.com/channel/@nationalgeographicukr,https://t.me/nationalgeographicukr
–°—É—á–∞—Å–Ω–∞ –î–∞—á–∞ üè°,https://uk.tgstat.com/channel/h4eLe892LCMwMmQy,https://t.me/joinchat/h4eLe892LCMwMmQy
–î–∞—á–∞. –°–∞–¥ —Ç–∞ –≥–æ—Ä–æ–¥ UAüá∫üá¶,https://uk.tgstat.com/channel/1i8Ash3XkTc3OTEy,https://t.me/joinchat/1i8Ash3XkTc3OTEy
–ö–≤—ñ—Ç–∏ —Ç–∞ —Ä–æ—Å–ª–∏–Ω–∏,https://uk.tgstat.com/channel/4kLNCNSCcdwzOGZi,https://t.me/joinchat/4kLNCNSCcdwzOGZi
–°–≤—ñ—Ç –ù–∞–≤–∏–≤–æ—Ä—ñ—Çüåè,https://uk.tgstat.com/channel/lZCZOpFl6LM4OWMy,https://t.me/joinchat/lZCZOpFl6LM4OWMy
–ö—ñ—Ç–ü–µ—Å,https://uk.tgstat.com/channel/wAvzKpvdzzhhZjQy,https://t.me/joinchat/wAvzKpvdzzhhZjQy
–î–æ–Ω—á–∞–Ω–∫–∞ üá∑üá∫,https://uk.tgstat.com/channel/@donchanka_DNR,https://t.me/donchanka_DNR
–ú–æ—è –¥–∞—á–∞,https://uk.tgstat.com/channel/Se1u96lpCBBjN2Uy,https://t.me/joinchat/Se1u96lpCBBjN2Uy
–†–ò–ë–ê–õ–ö–ê üá∫üá¶,https://uk.tgstat.com/channel/@rubakua,https://t.me/rubakua
–ü—É—Ö–Ω–∞—Å—Ç—ñ –ª–∞–ø–∫–∏üêæ,https://uk.tgstat.com/channel/Jip30J_teQAyMjE6,https://t.me/joinchat/Jip30J_teQAyMjE6
–ö–æ—Ç–æ—Å—Ö–æ–≤–∏—â–µüá∫üá¶,https://uk.tgstat.com/channel/@cats_save,https://t.me/cats_save
–í—Å—Ä–∞—Ç–∞—è –∂–∏–≤–Ω–æ—Å—Ç—å,https://uk.tgstat.com/channel/@zookek,https://t.me/zookek
–∫—ñ—Ç –Ω–µ –ø—Ä–∏–≥–∞–π,https://uk.tgstat.com/channel/@kitdontjump,https://t.me/kitdontjump
Nat Geo UAüá∫üá¶,https://uk.tgstat.com/channel/FeGEvFekns1iNzAy,https://t.me/joinchat/FeGEvFekns1iNzAy
–î–Ü–ú –î–õ–Ø –¢–í–ê–†–ò–ù üá∫üá¶ ANIMAL HOUSE,https://uk.tgstat.com/channel/@houseforanimals,https://t.me/houseforanimals
–ö—ñ–º–Ω–∞—Ç–Ω—ñ —Ä–æ—Å–ª–∏–Ω–∏ü™¥,https://uk.tgstat.com/channel/20-VwZTphdczNjRi,https://t.me/joinchat/20-VwZTphdczNjRi
–ú–∏–ª—ñ –¢–≤–∞—Ä–∏–Ω–∫–∏ ‚ò∫Ô∏è| –ì—É–º–æ—Ä,https://uk.tgstat.com/channel/Hf9Iura12js1YzEy,https://t.me/joinchat/Hf9Iura12js1YzEy
Animal Planet,https://uk.tgstat.com/channel/3kUftZOnhJQ2OWZk,https://t.me/joinchat/3kUftZOnhJQ2OWZk
–¢–≤–∞—Ä–∏–Ω–∫–∏,https://uk.tgstat.com/channel/@animal_ua,https://t.me/animal_ua
–î–∞—á–∞ —ñ –î—ñ–º,https://uk.tgstat.com/channel/78RKZmJJl-9hNWJi,https://t.me/joinchat/78RKZmJJl-9hNWJi
–ö–æ—à–∫–∏–Ω –î–æ–º –î–æ–Ω–µ—Ü–∫,https://uk.tgstat.com/channel/@koshkinDomDonetsk,https://t.me/koshkinDomDonetsk
–ö–æ—Ç–∏–∫–∏,https://uk.tgstat.com/channel/gHeJ0D-AzE8wYjhi,https://t.me/joinchat/gHeJ0D-AzE8wYjhi
–ö–≤—ñ—Ç–∞—Ä–Ω—è,https://uk.tgstat.com/channel/1-Jtu9BUh9phMjJk,https://t.me/joinchat/1-Jtu9BUh9phMjJk
–ü—ñ–¥–≤–æ–¥–Ω–∏–π —Å–≤—ñ—Ç,https://uk.tgstat.com/channel/qDaIh3YpPR9iOGIy,https://t.me/joinchat/qDaIh3YpPR9iOGIy
–ö–æ—Ç–æ–º–∞–Ω–∏—è,https://uk.tgstat.com/channel/@kotomania_vip,https://t.me/kotomania_vip
–í—É—Å–æ–õ–∞–ø–æ–•–≤—ñ—Å—Ç,https://uk.tgstat.com/channel/YYMrM2W6wG81Zjhi,https://t.me/joinchat/YYMrM2W6wG81Zjhi
–ñ–ò–†–ù–ò–ô –£–õ–û–í,https://uk.tgstat.com/channel/kwyaQumQspQ2OGQ6,https://t.me/joinchat/kwyaQumQspQ2OGQ6
–ú–∞–ª–µ–Ω—å–∫—ñ –î—Ä—É–∑—ñ,https://uk.tgstat.com/channel/@malenkidruzi,https://t.me/malenkidruzi
–ü—Ä–∏—é—Ç –ü–ò–§. –î–æ–Ω–µ—Ü–∫ üêï,https://uk.tgstat.com/channel/@pif_dn,https://t.me/pif_dn
–°–∞–¥—ñ–≤–Ω–∏–∫ üë®‚Äçüåæ,https://uk.tgstat.com/channel/@sadivnuku,https://t.me/sadivnuku
–ö—ñ—Ü—å–∫–æ–Ω–∞–≤—Ç–∏,https://uk.tgstat.com/channel/@kitckovihc,https://t.me/kitckovihc
Volkov o Sobakah,https://uk.tgstat.com/channel/@volkov_osobakah,https://t.me/volkov_osobakah
Nature üåè,https://uk.tgstat.com/channel/@nature_ua,https://t.me/nature_ua
–î—ñ–º / –°–∞–¥ / –ì–æ—Ä–æ–¥,https://uk.tgstat.com/channel/zFuVS5HtqCMyY2Qy,https://t.me/joinchat/zFuVS5HtqCMyY2Qy
"–ø–µ—Å, –±—É–¥–µ—à –º–∞–π–æ–Ω–µ–∑?",https://uk.tgstat.com/channel/@mayopes,https://t.me/mayopes
Infinity Glory puppies üê∂,https://uk.tgstat.com/channel/@Infinity_glory_puppies,https://t.me/Infinity_glory_puppies
–ù–ï–ó–õ–ê–ú–ù–ò–ô –ì–£–†–¢–û–ñ–ò–¢–û–öüá∫üá¶,https://uk.tgstat.com/channel/@sektatratata,https://t.me/sektatratata
–ü–æ–∫–∏–Ω—É—Ç—ñ —Ç–∞ –∑–∞–≥—É–±–ª–µ–Ω—ñ —Ç–≤–∞—Ä–∏–Ω–∏ –î–Ω—ñ–ø—Ä–æ | –ë—Ä–æ—à–µ–Ω–Ω—ã–µ –∂–∏–≤–æ—Ç–Ω—ã–µ –î–Ω–µ–ø—Ä,https://uk.tgstat.com/channel/@poiskdomazoo,https://t.me/poiskdomazoo
Flagman - —Ä–∏–±–æ–ª–æ–≤–ª—è —Ç–∞ —Ç—É—Ä–∏–∑–º,https://uk.tgstat.com/channel/@fishingflagman,https://t.me/fishingflagman
–¶—ñ–∫–∞–≤—ñ —Ç–≤–∞—Ä–∏–Ω–∏ ‚òÉÔ∏è,https://uk.tgstat.com/channel/@helpdtpkiev,https://t.me/helpdtpkiev
"Happy –ª–∞–ø–∫–∏ üêæ –ë–§ ""Nika Ukraine""",https://uk.tgstat.com/channel/@LookForMe_animals,https://t.me/LookForMe_animals
–†–∏–±–∞–ª–∫–∞ —É–∫—Ä–∞—ó–Ω—Å—å–∫–æ—é,https://uk.tgstat.com/channel/pyZ6-nsUuWAzM2Iy,https://t.me/joinchat/pyZ6-nsUuWAzM2Iy
Flagman - —Ä–∏–±–æ–ª–æ–≤–ª—è —Ç–∞ —Ç—É—Ä–∏–∑–º,https://uk.tgstat.com/channel/@flagmanshop,https://t.me/flagmanshop
–î–æ–Ω–µ—Ü–∫–∏–π –ø—Ä–∏—é—Ç üêæ4 –õ–ê–ü–ö–òüêæ,https://uk.tgstat.com/channel/@chetirelapki_donetsk,https://t.me/chetirelapki_donetsk
–ö—ñ—Ç - –ü–µ—Å üá∫üá¶,https://uk.tgstat.com/channel/@cat_dog_channel,https://t.me/cat_dog_channel
–ß—É–¥–µ—Ä–Ω–∞—Ü—å–∫–∏–πüåè—Å–≤—ñ—Ç,https://uk.tgstat.com/channel/OS7N5NbbW3BkZjRi,https://t.me/joinchat/OS7N5NbbW3BkZjRi
–ù–∞–π–¥–∏ —Å–≤–æ–µ–≥–æ –ø—É—à–∏—Å—Ç–∏–∫–∞ –•–∞—Ä—å–∫–æ–≤,https://uk.tgstat.com/channel/@Search_for_animals_in_Kharkov,https://t.me/Search_for_animals_in_Kharkov
Loveyoustepan,https://uk.tgstat.com/channel/@loveyoustepan_official,https://t.me/loveyoustepan_official
üêàüê≥–¢–≤–∞—Ä–∏–Ω–Ω–∏–π Sweetüê±üêü,https://uk.tgstat.com/channel/wHPGCnao2Zk2Nzky,https://t.me/joinchat/wHPGCnao2Zk2Nzky
üåº–ö–≤—ñ—Ç–æ—á–∫–∞ UA,https://uk.tgstat.com/channel/ypghuQInZyIzNzdi,https://t.me/joinchat/ypghuQInZyIzNzdi
Fishing Secrets | –†–∏–±–æ–ª–æ–≤–ª—è,https://uk.tgstat.com/channel/@fishingsecret,https://t.me/fishingsecret
–¢—Ä–æ—Ñ–µ–π,https://uk.tgstat.com/channel/_DSwJjr1uAA2MDQy,https://t.me/joinchat/_DSwJjr1uAA2MDQy
–£–ª—é–±–ª–µ–Ω—ñ —Ö–≤–æ—Å—Ç–∏–∫–∏ ‚ù§Ô∏è,https://uk.tgstat.com/channel/9SeHOzdOU9I2ZGIy,https://t.me/joinchat/9SeHOzdOU9I2ZGIy
üá∫üá¶–£–∫—Ä–∞—ó–Ω—Å—å–∫–∞ —Ä–∏–±–∞–ª–∫–∞üá∫üá¶,https://uk.tgstat.com/channel/@UkrFishing,https://t.me/UkrFishing
"–ö–ª—É–± ""–ö—ñ—Ç —ñ –ü–µ—Å""",https://uk.tgstat.com/channel/@kitipec,https://t.me/kitipec
–õ–Ü–°–ò –£–ö–†–ê–á–ù–ò - –æ—Ñ—ñ—Ü—ñ–π–Ω–∏–π –∫–∞–Ω–∞–ª,https://uk.tgstat.com/channel/@forestsofukraine,https://t.me/forestsofukraine
–ü—É—à–∏—Å—Ç—ã–π –±–ª–æ–≥üêï,https://uk.tgstat.com/channel/@furry_blog,https://t.me/furry_blog
–ü—É—à–∏—Å—Ç—ã–π —é–º–æ—Ä,https://uk.tgstat.com/channel/@humor_TV11,https://t.me/humor_TV11
Fishing UA,https://uk.tgstat.com/channel/@ua_fishing,https://t.me/ua_fishing
–ì–æ—Å–ø–æ–¥–∞—Ä üá∫üá¶,https://uk.tgstat.com/channel/CAGcaNBu0WAwYjQy,https://t.me/joinchat/CAGcaNBu0WAwYjQy
–ü–æ—Ä—è—Ç—É–Ω–æ–∫ —Ç–≤–∞—Ä–∏–Ω –•–∞—Ä–∫—ñ–≤ üá∫üá¶üêæ,https://uk.tgstat.com/channel/@AnimalRescueKharkiv,https://t.me/AnimalRescueKharkiv
–°—Ç—Ä—É—á–æ–∫ üåø,https://uk.tgstat.com/channel/@struchochki,https://t.me/struchochki
—É–¥–∏–≤–∏—Ç–µ–ª—å–Ω—ã–µ –≥–æ—Ä–∏–ª–ª—ã —Å–æ –≤—Å–µ–≥–æ –º–∏—Ä–∞,https://uk.tgstat.com/channel/@apememes,https://t.me/apememes
"–ë–æ–∂–µ, —è–∫–µ –º–∏–ª–µ!",https://uk.tgstat.com/channel/@bozhejakemyle,https://t.me/bozhejakemyle
–ê–∫–≤–∞—Ä–∏—É–º–Ω—ã–µ —Ä—ã–±–∫–∏,https://uk.tgstat.com/channel/@ribkykyiv,https://t.me/ribkykyiv
Zoocomplex.com.ua,https://uk.tgstat.com/channel/@ZooComplex,https://t.me/ZooComplex
–°–∏–Ω–≥–µ–Ω—Ç–∞ –û–≤–æ—á—ñ,https://uk.tgstat.com/channel/@syngenta_veg,https://t.me/syngenta_veg
–ü–ï–° –ü–ê–¢–†–û–ù,https://uk.tgstat.com/channel/@patron_pes,https://t.me/patron_pes
–î–∏–≤–æ–≤–∏–∂–Ω—ñ —Ç–≤–∞—Ä–∏–Ω–∏ —Å–≤—ñ—Ç—É,https://uk.tgstat.com/channel/@amazing_animalsUA,https://t.me/amazing_animalsUA
Edges of Empathy. –ó–æ–æ–ø—Å–∏—Ö–æ–ª–æ–≥–∏–Ω—è –ù–∞—Å—Ç—è,https://uk.tgstat.com/channel/@edges_of_empathy,https://t.me/edges_of_empathy
–ê–≥—Ä–æ –Ü–Ω–Ω–æ–≤–∞—Ü—ñ–π–Ω–∏–π –ö–ª—É–±,https://uk.tgstat.com/channel/@agroinnovationclub,https://t.me/agroinnovationclub
–î–∏–≤–æ—Å–≤—ñ—Ç UA,https://uk.tgstat.com/channel/FfQOQQAf7acxM2Uy,https://t.me/joinchat/FfQOQQAf7acxM2Uy
Save Pets of Ukraine,https://uk.tgstat.com/channel/@savepetsofua,https://t.me/savepetsofua
–¢—É—Ä–∏—Å—Ç–∏—á–Ω—ñ –ö–∞—Ä–ø–∞—Ç–∏ üá∫üá¶,https://uk.tgstat.com/channel/@karpaty_love,https://t.me/karpaty_love
—ó–∂–∞–∫–æ–≤–∞ –±–∞–∑–∞,https://uk.tgstat.com/channel/@myhedgehogs,https://t.me/myhedgehogs
–ó–∞—Ç–∏—à–Ω–∏–π —Å–∞–¥ —ñ –≥–æ—Ä–æ–¥ üá∫üá¶,https://uk.tgstat.com/channel/@satishno,https://t.me/satishno
KisKis üêæ,https://uk.tgstat.com/channel/@meowcatpaws,https://t.me/meowcatpaws
Amazing animals ü¶ã,https://uk.tgstat.com/channel/@animal_mood,https://t.me/animal_mood
Total Ecolution,https://uk.tgstat.com/channel/@totalecolution,https://t.me/totalecolution
–î–∏–∫–∞ –ø—Ä–∏—Ä–æ–¥–∞ ü¶è | –ö—Ä–∞—Å–∞ —Å–≤—ñ—Ç—É üèû,https://uk.tgstat.com/channel/@wiId_nature,https://t.me/wiId_nature
–•–≤–æ—Å—Ç–∏–∫–∏ —à—É–∫–∞—é—Ç—å –¥—ñ–º,https://uk.tgstat.com/channel/@search_home_asti,https://t.me/search_home_asti
ZOO.UA DOGS,https://uk.tgstat.com/channel/@zoo_dogs,https://t.me/zoo_dogs
FishingStock,https://uk.tgstat.com/channel/@FishingStock,https://t.me/FishingStock
–°–∏–Ω–≥–µ–Ω—Ç–∞ –£–∫—Ä–∞—ó–Ω–∞,https://uk.tgstat.com/channel/@syngenta_ua,https://t.me/syngenta_ua
—à–∫—ñ—Ä—è–Ω—ñ –∫—ñ—Ü–∏–∫–∏ :3,https://uk.tgstat.com/channel/@GenuineLeatherOnly,https://t.me/GenuineLeatherOnly
–°–µ—Ä–≤—ñ—Å –≤–µ—Ç-—Ç—É—Ä–±–æ—Ç–∏ Optimeal Expert,https://uk.tgstat.com/channel/@vetcareOptimeal,https://t.me/vetcareOptimeal
–í–ö–í–ë,https://uk.tgstat.com/channel/@vydkapwombob,https://t.me/vydkapwombob
1-–π –°–æ–±–∞—á–∏–π!,https://uk.tgstat.com/channel/@sobachiy1,https://t.me/sobachiy1
—î–ö–æ—Ç–∏–∫–∏,https://uk.tgstat.com/channel/@Ekotuku,https://t.me/Ekotuku
–°–∞–¥–∏–±–∞ –§–∞–π–Ω–∏—Ö –ì–æ—Å–ø–æ–¥–∏–Ω—å,https://uk.tgstat.com/channel/@fainasadybaua,https://t.me/fainasadybaua
–©–æ–¥–µ–Ω–Ω–∏–∫ –ø—Ä–∏—Ä–æ–¥–∏ üå±,https://uk.tgstat.com/channel/@natureeveryday,https://t.me/natureeveryday
–ó–æ–æ–∞–∫—Ü—ñ—ó –≤—ñ–¥ E-ZOO,https://uk.tgstat.com/channel/@e_zoo,https://t.me/e_zoo
–í–µ—Ç–µ—Ä–∏–Ω–∞—Ä–Ω–∏–π –∫–∞–Ω–∞–ª ¬´–ü–µ—Å —ñ –ö—ñ—Ç¬ª - —Ç–µ—Ä–∏—Ç–æ—Ä—ñ—è —Ç—É—Ä–±–æ—Ç–∏ –ø—Ä–æ –∑–¥–æ—Ä–æ–≤‚Äò—è —É–ª—é–±–ª–µ–Ω—Ü—ñ–≤,https://uk.tgstat.com/channel/@veterinarniy_kanal_pes_i_kit,https://t.me/veterinarniy_kanal_pes_i_kit
–ø–∞—Ä–Ω—ã–µ –∞–≤—ã —Å –∫–æ—Ç–∞–º–∏,https://uk.tgstat.com/channel/@avatarki_cats,https://t.me/avatarki_cats
–ü—É—Ö–Ω–∞—Å—Ç—ñ —Ç–∞ –∫—É–º–µ–¥–Ω—ñ üê∂,https://uk.tgstat.com/channel/@puhnasti_ta_kumedni,https://t.me/puhnasti_ta_kumedni
–ó–µ–ª–µ–Ω—ñ –Ø–Ω–≥–æ–ª–∏ - —Ä–æ—Å–ª–∏–Ω–∏ –¥–ª—è —Å–∞–¥—É,https://uk.tgstat.com/channel/@ZeleniYangoly,https://t.me/ZeleniYangoly
LandLord,https://uk.tgstat.com/channel/@landlord_magazine,https://t.me/landlord_magazine
Vet Content | UAüá∫üá¶ –í–µ—Ç–µ—Ä–∏–Ω–∞—Ä—ñ—è,https://uk.tgstat.com/channel/@vet_content_ua,https://t.me/vet_content_ua
Promecolog,https://uk.tgstat.com/channel/@promecolog,https://t.me/promecolog
@cat_mia_ua üíó,https://uk.tgstat.com/channel/@cat_mia_dp,https://t.me/cat_mia_dp
–ú—ñ–π —Å–∞–¥–æ–∫ —ñ –¥–∞—á–∞,https://uk.tgstat.com/channel/@Mi_sadok_i_dacha,https://t.me/Mi_sadok_i_dacha
üêπ PETS | SUMY üê∂ –¢–í–ê–†–ò–ù–ö–ò | –°–£–ú–ò üê±,https://uk.tgstat.com/channel/@sumy_pets_help,https://t.me/sumy_pets_help
–ú–∞–ª–∏–Ω–∞,https://uk.tgstat.com/channel/@malynnka,https://t.me/malynnka
–°–º—ñ—à–Ω—ñ —Ç–∞ –∫—É–º–µ–¥–Ω—ñ —Ç–≤–∞—Ä–∏–Ω–∫–∏,https://uk.tgstat.com/channel/1lzpCRNnPkwwZDBi,https://t.me/joinchat/1lzpCRNnPkwwZDBi
–ì–æ—Ä–ª–æ–≤—Å–∫–∏–π –ø—Ä–∏—é—Ç –¥–ª—è –±–µ–∑–¥–æ–º–Ω—ã—Ö –∂–∏–≤–æ—Ç–Ω—ã—Ö,https://uk.tgstat.com/channel/@priyut_gorlovka,https://t.me/priyut_gorlovka
"–°–∞–∂–µ–Ω—Ü—ã | –ö–∏–µ–≤, –£–∫—Ä–∞–∏–Ω–∞ | –¢–æ–ø –°–∞–¥–æ–≤–æ–¥",https://uk.tgstat.com/channel/@sadowod_top,https://t.me/sadowod_top
üá∫üá¶–ö–∞–ø—ñ–±–∞—Ä–∞ –ù–∞ –ö–æ–∂–µ–Ω –î–µ–Ω—å,https://uk.tgstat.com/channel/@capyeveryday,https://t.me/capyeveryday
–ü—Ä–æ—Ñ–µ—Å—Å–∏–æ–Ω–∞–ª—å–Ω–æ –æ —Å–æ–±–∞–∫–∞—Ö,https://uk.tgstat.com/channel/@mikkidog,https://t.me/mikkidog
Juliete_fleur,https://uk.tgstat.com/channel/@juliete_fleur_telegram,https://t.me/juliete_fleur_telegram
–ü—É–Ω–∫—Ç –ø—Ä–∏–∑–Ω–∞—á–µ–Ω–Ω—è: –ó–µ–º–ª—è üåé,https://uk.tgstat.com/channel/nYh4oksk3-piOTAy,https://t.me/joinchat/nYh4oksk3-piOTAy
–£–∫—Ä–∞—ó–Ω—Å—å–∫–µ –±–¥–∂—ñ–ª—å–Ω–∏—Ü—Ç–≤–æ üêùüçØ,https://uk.tgstat.com/channel/72M1U9lToT1lODky,https://t.me/joinchat/72M1U9lToT1lODky
"üêæ–ó–æ–æ–º–∞–≥–∞–∑–∏–Ω –û–¥–µ—Å–∞ - ""–¢–≤–∞—Ä–∏–Ω–Ω–∏–π —Å–≤—ñ—Ç""üêæ",https://uk.tgstat.com/channel/@zooomag,https://t.me/zooomag
–ß—É–¥–µ—Å–∞ –ø—Ä–∏—Ä–æ–¥–∏,https://uk.tgstat.com/channel/@chudesa_prirodi,https://t.me/chudesa_prirodi
–ö–û–¢–û–ú–ê–§–ò–Ø,https://uk.tgstat.com/channel/@kotomaffia,https://t.me/kotomaffia
ProSpinning,https://uk.tgstat.com/channel/@prospinning_in_ua,https://t.me/prospinning_in_ua
–ü–æ–º–æ—â—å –∂–∏–≤–æ—Ç–Ω—ã–º –û–¥–µ—Å—Å–∞.–ù–µ –±—Ä–æ—Å–∞–π —Å–≤–æ–µ–≥–æ –¥—Ä—É–≥–∞,https://uk.tgstat.com/channel/@animals2022,https://t.me/animals2022
–ö–ª—É–± –ü–∞—Å—ñ—á–Ω–∏–∫—ñ–≤ | –ü—á–µ–ª–æ–≤–æ–¥–æ–≤ –£–∫—Ä–∞—ó–Ω–∞,https://uk.tgstat.com/channel/@pchelovodyUkraina,https://t.me/pchelovodyUkraina
–†–∏–±–∞—Ü—å–∫–∞ –ë–∞—Ä–∞—Ö–æ–ª–∫–∞,https://uk.tgstat.com/channel/@ribazka_baraholka,https://t.me/ribazka_baraholka
–°–æ–±–∞–∫–∞ –®–û,https://uk.tgstat.com/channel/@sobakasho,https://t.me/sobakasho
–°–∞–∂–µ–Ω—Ü—ã | –ú–µ–ª–∏—Ç–æ–ø–æ–ª—å | –õ—é–±–∏–º—ã–π –°–∞–¥,https://uk.tgstat.com/channel/@mlt_ls,https://t.me/mlt_ls
–∫–≤—ñ—Ç–∫–æ–≤–∏–π —Å–æ–º–µ–ª—å—î,https://uk.tgstat.com/channel/@tomushchohelleborus,https://t.me/tomushchohelleborus
–ü–æ–ª—ñ–ö–æ—Ç–∏–∫,https://uk.tgstat.com/channel/@polikotyk,https://t.me/polikotyk
–í —Ö–æ—Ä–æ—à—ñ —Ä—É—á–∫–∏ ü§≤,https://uk.tgstat.com/channel/@VHoroshiRuchky,https://t.me/VHoroshiRuchky
–†–æ–∑—Å–∞–¥–Ω–∏–∫ üë©üèº‚Äçüåæ,https://uk.tgstat.com/channel/@rozsadnyk,https://t.me/rozsadnyk
–≤—ã–ø—É–∫–ª—ã–µ –∫–æ—Ç—ã,https://uk.tgstat.com/channel/@chubbycats,https://t.me/chubbycats
üå∏–û–†–•–Ü–î–ï–áüå±–ö–í–Ü–¢–òüå±–î–û–ì–õ–Ø–îüå∏,https://uk.tgstat.com/channel/@orchidsporadu,https://t.me/orchidsporadu
FLOW_iS,https://uk.tgstat.com/channel/@flow_is,https://t.me/flow_is
–ñ–∏—Ä–Ω–∏–π –£–ª–æ–≤ –ó–∞–ø–æ—Ä—ñ–∂–∂—è,https://uk.tgstat.com/channel/@ju_zp,https://t.me/ju_zp
–§—ñ–∞–ª–∫–∏ üå∫ - –∫–≤—ñ—Ç–∏ —â–∞—Å—Ç—è!,https://uk.tgstat.com/channel/@violetshouse,https://t.me/violetshouse
BedForPet Prague,https://uk.tgstat.com/channel/@bedforpetprague,https://t.me/bedforpetprague
–î–†–û–ü/–û–ü–¢ –ñ—ñ–Ω–æ—á—ñ —Å—É–º–∫–º | –£–∫—Ä–∞—ó–Ω–∞,https://uk.tgstat.com/channel/@elitemodell,https://t.me/elitemodell
"–ë—É–ª–æ—á–∫–∞, –ö–µ—Ñ—ñ—Ä—á–∏–∫ —ñ –ì–ª—É—Ç–∞–º–∞—Ç –ù—É—Ç—Ä—ñ—è üíôüíõ",https://uk.tgstat.com/channel/@bulochka_kefirchik,https://t.me/bulochka_kefirchik
hedgehogs everyweek ü¶î,https://uk.tgstat.com/channel/@yijaki,https://t.me/yijaki
–ü–æ–¥—ñ–ª—å—Å—å–∫–∏–π –ª—ñ—Å–æ–≤–∏–π –æ—Ñ—ñ—Å üå±,https://uk.tgstat.com/channel/@kmlis_ua,https://t.me/kmlis_ua
–õ–∞–≥—É–Ω–∞ 1,https://uk.tgstat.com/channel/@stavokLaguna1,https://t.me/stavokLaguna1
üÜòüêæANIMALS / –ë—ñ–ª–∞ –¶–µ—Ä–∫–≤–∞,https://uk.tgstat.com/channel/@pets_share_bc,https://t.me/pets_share_bc
‚úô–ü—Å–∏ –≤—ñ–π–Ω–∏‚úô,https://uk.tgstat.com/channel/@war_doggos,https://t.me/war_doggos
–î–∞—á–Ω—ñ —ñ–¥–µ—ó,https://uk.tgstat.com/channel/@DachaiD,https://t.me/DachaiD
Channel Help PETS from Ukraine üá∫üá¶: üá®üá≠Z√ºrich. –¥–æ–ø–æ–º–æ–≥–∞ –¥–ª—è üê∂,https://uk.tgstat.com/channel/@helppetsfromukraine,https://t.me/helppetsfromukraine
–ì–∏–¥—Ä–æ–ø–æ–Ω–∏–∫–∞ –æ–≥–æ—Ä–æ–¥–Ω–∏–∫–∞,https://uk.tgstat.com/channel/@growerlands,https://t.me/growerlands
–ö–æ—à–∫–∏ –≤ –ú–æ–Ω–∞—Å—Ç—ã—Ä–µ –û–¥–µ—Å—Å–∞ –ü–æ–º–æ—â—å,https://uk.tgstat.com/channel/@koshki_monastyr_na_uspenskoi,https://t.me/koshki_monastyr_na_uspenskoi
monki collection | #–£–∫—Ä–¢–≥,https://uk.tgstat.com/channel/@monki_collection,https://t.me/monki_collection
Master Zoo –ú–µ—Ä–µ–∂–∞ –ó–æ–æ–º–∞—Ä–∫–µ—Ç—ñ–≤,https://uk.tgstat.com/channel/@masterzooU,https://t.me/masterzooU
–ü—ñ–¥—Å–ª—É—Ö–∞–Ω–æ Dogs Ukraine,https://uk.tgstat.com/channel/@PidsluhanoDogs_UA,https://t.me/PidsluhanoDogs_UA
GladPet,https://uk.tgstat.com/channel/@gladpet,https://t.me/gladpet
ü¶ñParrotsü¶ú,https://uk.tgstat.com/channel/@Korella_Asya,https://t.me/Korella_Asya
–î–µ—Ä–∂–µ–∫–æ—ñ–Ω—Å–ø–µ–∫—Ü—ñ—è Online,https://uk.tgstat.com/channel/@deionline,https://t.me/deionline
FisheringUA,https://uk.tgstat.com/channel/@fishering,https://t.me/fishering
Dog help Kharkiv UA,https://uk.tgstat.com/channel/@DogHelpKharkivUA,https://t.me/DogHelpKharkivUA
–ú—É—Ä–∞—à–∏–Ω–∞ –ë–∞—Ä–∞—Ö–æ–ª–∫–∞,https://uk.tgstat.com/channel/@m_baraholka,https://t.me/m_baraholka
–ü–∞—Ä–∫ –ì–æ—Ä—å–∫–æ–≥–æ. –ú–µ–ª–∏—Ç–æ–ø–æ–ª—å,https://uk.tgstat.com/channel/@melito_park,https://t.me/melito_park
sobaki.semashko,https://uk.tgstat.com/channel/@sobaki_semashko,https://t.me/sobaki_semashko
–ë–∞—Ä–±–æ—Å–∫—ñ–Ω–∏. –ü–æ–ª—Ç–∞–≤–∞,https://uk.tgstat.com/channel/@barboswlove,https://t.me/barboswlove
–†—ã–±–∞–ª–∫–∞ –∏ –û—Ö–æ—Ç–∞ | –¢–æ–≤–∞—Ä—ã —Å Aliexpress‚õ∫Ô∏è,https://uk.tgstat.com/channel/@rybalka_ali2,https://t.me/rybalka_ali2
Zoo - –ñ–∏–≤–æ—Ç–Ω—ã–µ | –†–∞—Å—Ç–µ–Ω–∏—è | –ì–µ–æ–≥—Ä–∞—Ñ–∏—è –ü–ª–∞–Ω–µ—Ç—ã –ó–µ–º–ª—è,https://uk.tgstat.com/channel/@Zoolands,https://t.me/Zoolands
–ö–≤—ñ—Ç–∫–æ–≤–∏–π –í—Å–µ—Å–≤—ñ—Ç ü™¥üå∫üå∏,https://uk.tgstat.com/channel/@mykvitu,https://t.me/mykvitu
Meteoprog.UA,https://uk.tgstat.com/channel/@meteoprogua,https://t.me/meteoprogua
–ü—Ä–∏—é—Ç ¬´–ê–¥–∞—Ä–∞¬ªüêæ,https://uk.tgstat.com/channel/@priyutadara,https://t.me/priyutadara
"–ú—ñ–Ω–µ—Ä–∞–ª—å–Ω—ñ –¥–æ–±—Ä–∏–≤–∞ –¢–û–í ""–£–∫—Ä–•—ñ–º–ï–∫—Å–ø–æ—Ä—Ç""üå±",https://uk.tgstat.com/channel/@ukrhimeksport,https://t.me/ukrhimeksport
TropFish - LIFE üêüüá∫üá¶üê†,https://uk.tgstat.com/channel/@newfishs,https://t.me/newfishs
üå∏–§—ñ–∞–ª–∫–∏ –£–∫—Ä–∞—ó–Ω–∞üá∫üá¶,https://uk.tgstat.com/channel/@Fialki_Ukraine,https://t.me/Fialki_Ukraine
–£–≥–∞—Ä–Ω—ñ ‚Üí –°–≤–∏–Ω—ñ,https://uk.tgstat.com/channel/@ugarnisvini,https://t.me/ugarnisvini
–ö–æ—Ç—è—á–∞ –∞–±–µ—Ç–∫–∞,https://uk.tgstat.com/channel/@menukota,https://t.me/menukota
Animal Secrets,https://uk.tgstat.com/channel/@Animal_Secrets,https://t.me/Animal_Secrets
Factify Science,https://uk.tgstat.com/channel/@factifyScience,https://t.me/factifyScience
–ü—É–Ω–¥–∏–∫–∏,https://uk.tgstat.com/channel/@pundiki,https://t.me/pundiki
VMISKE.UA ‚Äî –∑–æ–æ–ø–æ–º—ñ—á–Ω–∏–∫,https://uk.tgstat.com/channel/@vmiske,https://t.me/vmiske
–§–∞–Ω-–∫–ª—É–± –ú–∞–ª—å–≤–∏,https://uk.tgstat.com/channel/@malva_cat,https://t.me/malva_cat
–ß–∞—ÄCS,https://uk.tgstat.com/channel/@charCS,https://t.me/charCS
WoW BiG WalK - –ù–∞ –ó—É—Å—Ç—Ä—ñ—á –ó –î—Ä—É–≥–æ–º ü¶Æüêà,https://uk.tgstat.com/channel/@wowbigwalk,https://t.me/wowbigwalk
Gardener‚Äôs diary,https://uk.tgstat.com/channel/@gardenersdiary,https://t.me/gardenersdiary
–ü—Ç–∞—Ö–æ–º–∞–Ω–∏—è,https://uk.tgstat.com/channel/@ptizevo,https://t.me/ptizevo
–ù–ï–ó–ê–õ–ï–ñ–ù–ê,https://uk.tgstat.com/channel/VwLJUh44HO43NWEy,https://t.me/joinchat/VwLJUh44HO43NWEy
–ú–û–†–°–ö–ê–Ø –†–´–ë–ê–õ–ö–ê üá∫üá¶,https://uk.tgstat.com/channel/@seafishing_org_ua,https://t.me/seafishing_org_ua
–ß–µ—Ç—ã—Ä–µ –ª–∞–ø—ã,https://uk.tgstat.com/channel/@Anastasiya_Kirichenko_Kinologeya,https://t.me/Anastasiya_Kirichenko_Kinologeya
Reefkeeper Channel ìáº –ú–æ—Ä—Å—å–∫–∏–π –∞–∫–≤–∞—Ä—ñ—É–º–Ω–∏–π –∫–∞–Ω–∞–ª,https://uk.tgstat.com/channel/@reefkeeper,https://t.me/reefkeeper
üçÖ–£—Ä–æ–∂–∞–π–Ω–∏–π –≥–æ—Ä–æ–¥. –î–∞—á–∞,https://uk.tgstat.com/channel/q4Y-YXXGQ3NhOWU6,https://t.me/joinchat/q4Y-YXXGQ3NhOWU6
–†–µ–ª–∞–∫—Å–æ–≤–∏—á,https://uk.tgstat.com/channel/@Relaxovich_ua,https://t.me/Relaxovich_ua
–ö–ª–µ–≤—ã–µ –Ω–æ–≤–æ—Å—Ç–∏ (–æ—Ç—á–µ—Ç—ã –æ —Ä—ã–±–∞–ª–∫–µ –≤ –û–¥–µ—Å—Å–µ –∏ –æ–±–ª–∞—Å—Ç–∏),https://uk.tgstat.com/channel/@rybaodessa,https://t.me/rybaodessa
one_cat_daily üá∫üá¶,https://uk.tgstat.com/channel/@one_cat_daily,https://t.me/one_cat_daily
6 –°Ã∏–æÃ∏—ÇÃ∏–æÃ∏–∫Ã∏ üíôüíõ,https://uk.tgstat.com/channel/@six_acres,https://t.me/six_acres
–¢—Ä–µ—à –î–æ–≥–¢–æ–∫ Ukraine,https://uk.tgstat.com/channel/@trashdogtokua,https://t.me/trashdogtokua
ùó¶ùó£ùóîùóñùóò ùóóùó¢ùóöùó¶·∂ú ∞·µÉ·∂∞·∂∞·µâ·∂´,https://uk.tgstat.com/channel/@SPACEdogsa,https://t.me/SPACEdogsa
–†–∏–±–æ–ª–æ–≤–Ω—ñ —Å–Ω–∞—Å—Ç—ñ –¥–ª—è –≤—Å—ñ—Ö üëç,https://uk.tgstat.com/channel/@pikeua,https://t.me/pikeua
All cats are crazy(¬øor not?),https://uk.tgstat.com/channel/@fluffy_cats_are_incredible,https://t.me/fluffy_cats_are_incredible
–ú–∏—Ö–∞–π–ª–æ–≤ –í.–í.,https://uk.tgstat.com/channel/@vvmikhailov_com,https://t.me/vvmikhailov_com
–ú—ñ–π –°–∞–¥. –î–∞—á–∞. –ì–æ—Ä–æ–¥ üçÄ,https://uk.tgstat.com/channel/@mii_sad_dacha_gorod,https://t.me/mii_sad_dacha_gorod
–ß–æ—Ä–Ω–æ–±–∏–ª—å—Å—å–∫–∏–π –∑–∞–ø–æ–≤—ñ–¥–Ω–∏–∫,https://uk.tgstat.com/channel/@zapovidnyk,https://t.me/zapovidnyk
–†–∏–±–æ–ª–æ–≤–ª—è –≤ –£–∫—Ä–∞—ó–Ω—ñ,https://uk.tgstat.com/channel/@TheFishingInUkraine,https://t.me/TheFishingInUkraine
DogShowBus - –ø–æ–µ–∑–¥–∫–∏ –Ω–∞ –≤—ã—Å—Ç–∞–≤–∫–∏ —Å–æ–±–∞–∫ FCI,https://uk.tgstat.com/channel/@dogshowbus,https://t.me/dogshowbus
"VIP Club (–ö–°–£, –º.–ö–∏—ó–≤, –£–∫—Ä–∞—ó–Ω–∞)",https://uk.tgstat.com/channel/@vip_club_uku,https://t.me/vip_club_uku
–ó–æ—Ä–∫–æ –û–¥–Ω–æ –õ–∏—à—å –°–µ—Ä–¥—Ü–µ,https://uk.tgstat.com/channel/@zorkoserce,https://t.me/zorkoserce
–õ–æ–ª–∫–∏–Ω–∞ –ñ–æ–ø–∫–∞,https://uk.tgstat.com/channel/@thelolka,https://t.me/thelolka
Animals Life,https://uk.tgstat.com/channel/i-XQzh2W9LY0NWUy,https://t.me/joinchat/i-XQzh2W9LY0NWUy
Green Optima,https://uk.tgstat.com/channel/@greenoptima,https://t.me/greenoptima
üíú Bobby shop üíú,https://uk.tgstat.com/channel/@bobbyshopp,https://t.me/bobbyshopp
–ö–æ—Ç–∏–∫–∏ / Cats,https://uk.tgstat.com/channel/@funny_kitty_cats,https://t.me/funny_kitty_cats
üåµ–ö–°–úüåµ –ö—Ä–∞—Å–æ—Ç–∞ –°–ø–∞—Å—ë—Ç –ú–∏—Ä,https://uk.tgstat.com/channel/@krasota_spaset_mir_n,https://t.me/krasota_spaset_mir_n
(–ù–µ)—Å–ª—É—Ö–Ω—è–Ω–∞ —Å–æ–±–∞–∫–∞ üê∂üêæ –ñ–∏—Ç—Ç—è –∑ —Ç–≤–∞—Ä–∏–Ω–∞–º–∏,https://uk.tgstat.com/channel/@lifewith_dog,https://t.me/lifewith_dog
"–î–∞—á–∞, —Å–∞–¥, –≥–æ—Ä–æ–¥",https://uk.tgstat.com/channel/@garden_cottage8,https://t.me/garden_cottage8
–ß—Ç–æ —É –ü–µ–ø–ø–∏?,https://uk.tgstat.com/channel/@whats_up_peppi,https://t.me/whats_up_peppi
–í–µ–ª–∏–∫–∏–π –õ—É–≥,https://uk.tgstat.com/channel/@GrandMeadow,https://t.me/GrandMeadow
PAWS –ö–∞–Ω–∞–ª,https://uk.tgstat.com/channel/@pawscomua,https://t.me/pawscomua
–ó–µ–ª–µ–Ω–∏–π –∫—É—Ç–æ—á–æ–∫ü™¥I –ö—ñ–º–Ω–∞—Ç–Ω—ñ —Ä–æ—Å–ª–∏–Ω–∏,https://uk.tgstat.com/channel/@zeleniykutochok,https://t.me/zeleniykutochok
–ê—Ä—Å–µ–Ω–∏–π –°–µ–ª–µ–∑–Ω—ë–≤ –ó–≤–µ—Ä–æ–ë–æ–π,https://uk.tgstat.com/channel/@ArsenySeleznovZveroBoj,https://t.me/ArsenySeleznovZveroBoj
–ñ–∏—Ä–Ω–æ—Ç–∞ —ñ –∂–∞–±–∏,https://uk.tgstat.com/channel/@fattoads,https://t.me/fattoads
WELCOME TO LABROLAND: –í—Å—ë –æ –ø–æ—Ä–æ–¥–µ –ª–∞–±—Ä–∞–¥–æ—Ä —Ä–µ—Ç—Ä–∏–≤–µ—Ä ü¶Æüêæ‚ù§Ô∏è,https://uk.tgstat.com/channel/@from_labroland,https://t.me/from_labroland
–µ–∫–æ–∫—Ä—ñ–Ω–∂,https://uk.tgstat.com/channel/@ecocringe,https://t.me/ecocringe
–ü—á–µ–ª–æ–≤–æ–¥—Å—Ç–≤–æüêù,https://uk.tgstat.com/channel/@myzzuwi,https://t.me/myzzuwi
–õ–µ—Ç—é—á–∞ –ë—ñ–ª–∫–∞,https://uk.tgstat.com/channel/@letyuchabilka,https://t.me/letyuchabilka
–í–∏—Ä–æ—â—É—î–º–æ –ëio,https://uk.tgstat.com/channel/@grovbio,https://t.me/grovbio
–ö–æ—Ç–µ–∫–∏ –§–µ—Ä–º—ã,https://uk.tgstat.com/channel/@koteki_nya_nya_nya,https://t.me/koteki_nya_nya_nya
üê±–∫–æ—Ç–∏–∫–∏+–ø–µ—Å–∏–∫–∏üê∂—Ç–∞ —ñ–Ω—à—ñ –¥—Ä—É–∑—ñ,https://uk.tgstat.com/channel/@CatPuppyLike,https://t.me/CatPuppyLike
–ñ–∞–±–∏ –º–æ—ó –∂–∞–±–∏ (—Ç–∞ —ñ–Ω—à–µ),https://uk.tgstat.com/channel/@sdgajs,https://t.me/sdgajs
Feature,https://uk.tgstat.com/channel/@featurekitty,https://t.me/featurekitty
–ö–æ—Ç–∏–∫ –±–ª—è—Ç—å,https://uk.tgstat.com/channel/@KotekiBlyat,https://t.me/KotekiBlyat
–ü–∏—à—É –ø—Ä–æ —Ä–æ—Å–ª–∏–Ω–∏,https://uk.tgstat.com/channel/@roslyny2022,https://t.me/roslyny2022
–ú–æ—è —Ñ–∞–∑–µ–Ω–¥–∞ üá∫üá¶,https://uk.tgstat.com/channel/@moja_fazenda,https://t.me/moja_fazenda
–°–æ–±–∞—á–Ω–∏–∫–∏üê∂,https://uk.tgstat.com/channel/@shobashniki,https://t.me/shobashniki
–ö–æ—à–∞—Ç–Ω–∏–∫–∏üê±,https://uk.tgstat.com/channel/@koshsatniki,https://t.me/koshsatniki
Place for Turtle,https://uk.tgstat.com/channel/@turtlesplace,https://t.me/turtlesplace
–£–∫—Ä–∞—ó–Ω—Å—å–∫–∏–π —Ä–∏–±–∞–ª–∫–∞üá∫üá¶,https://uk.tgstat.com/channel/@fish_Ukraine,https://t.me/fish_Ukraine
–ì–∞–≤-–ú—è—É,https://uk.tgstat.com/channel/@gay_may,https://t.me/gay_may
–†–∏–±–∞–ª–∫–∞ –ø–æ-—É–∫—Ä–∞—ó–Ω—Å—å–∫–∏,https://uk.tgstat.com/channel/pDJkB_pJV2cyMWRi,https://t.me/joinchat/pDJkB_pJV2cyMWRi
–ü–µ—Ä–µ—Ü,https://uk.tgstat.com/channel/@thewayofperets,https://t.me/thewayofperets
