Ğ¦Ğ¸Ñ‚Ğ°Ñ‚Ğ° Ğ”Ğ½Ñ,https://uk.tgstat.com/channel/@Ccitata_Day,https://t.me/Ccitata_Day
ĞœĞ£Ğ”Ğ Ğ«Ğ• ĞœĞ«Ğ¡Ğ›Ğ˜ğŸ“š,https://uk.tgstat.com/channel/@mydr_misli,https://t.me/mydr_misli
Ğ°Ğ¿Ğ°Ñ‚Ğ¸Ñ,https://uk.tgstat.com/channel/@apatiyaaaa,https://t.me/apatiyaaaa
ÑƒĞºÑ€Ğ°Ñ—Ğ½ÑÑŒĞºĞµ ÑĞµÑ€Ñ†Ğµ,https://uk.tgstat.com/channel/@s_something,https://t.me/s_something
Who is Who | Ğ¥Ñƒ Ğ¸Ğ· Ğ¥Ñƒ,https://uk.tgstat.com/channel/@whiswh,https://t.me/whiswh
Ğ›Ğ†Ğ¢Ğ•Ğ ĞĞ¢Ğ£Ğ Ğ,https://uk.tgstat.com/channel/IucgWesCrGNiYTMy,https://t.me/joinchat/IucgWesCrGNiYTMy
ĞÑĞ¾Ğ±Ğ¸ÑÑ‚Ğ¾ÑÑ‚Ñ– | Ğ¦Ğ¸Ñ‚Ğ°Ñ‚Ğ¸ Ñ‚Ğ° Ğ°Ñ„Ğ¾Ñ€Ğ¸Ğ·Ğ¼Ğ¸,https://uk.tgstat.com/channel/@aquotes,https://t.me/aquotes
Ğ“Ğ¾Ğ»Ğ¾Ñ Ğ¡ĞµÑ€Ğ´Ñ†Ğ°,https://uk.tgstat.com/channel/@my_serdce,https://t.me/my_serdce
Ñ,https://uk.tgstat.com/channel/@itssallaboutme,https://t.me/itssallaboutme
Ğ’Ğ¸ÑĞ»Ñ–Ğ² Ğ”Ğ½Ñ ğŸ‡ºğŸ‡¦,https://uk.tgstat.com/channel/VdCQXxxEfcI2N2Qy,https://t.me/joinchat/VdCQXxxEfcI2N2Qy
she.,https://uk.tgstat.com/channel/@yesshefire,https://t.me/yesshefire
ĞšĞ½Ğ¸Ğ³Ğ¸ Ğ±ĞµÑĞ¿Ğ»Ğ°Ñ‚Ğ½Ğ¾ | Ğ‘Ğ¸Ğ±Ğ»Ğ¸Ğ¾Ñ‚ĞµĞºĞ°,https://uk.tgstat.com/channel/@tutknigi,https://t.me/tutknigi
Ñ”Ğ’Ñ–Ñ‚Ğ°Ğ½Ğ½ÑğŸ‰,https://uk.tgstat.com/channel/O9DxTEE2GrQyODli,https://t.me/joinchat/O9DxTEE2GrQyODli
Ğ¦Ğ¸Ñ‚Ğ°Ñ‚Ğ¸ Ğ´Ğ»Ñ Ñ–Ğ½ÑÑ‚Ğ°Ğ³Ñ€Ğ°Ğ¼Ñƒ ğŸ–¤,https://uk.tgstat.com/channel/@tsytaty_ins,https://t.me/tsytaty_ins
ĞŸÑĞ¸Ñ…Ğ¾Ğ»Ğ¾Ğ³Ñ–Ñ | Ğ¡Ğ°Ğ¼Ğ¾Ñ€Ğ¾Ğ·Ğ²Ğ¸Ñ‚Ğ¾Ğº,https://uk.tgstat.com/channel/@yourexua,https://t.me/yourexua
Ğ¦Ğ¸Ñ‚Ğ°Ñ‚Ğ¸ Ğ¿Ñ–Ğ´ Ñ„Ğ¾Ñ‚Ğ¾â¤ï¸,https://uk.tgstat.com/channel/@diademmma,https://t.me/diademmma
ğŸ„±ğŸ…ğŸ„´ğŸ„°ğŸ…ƒğŸ„·ğŸ„¸ğŸ„½ğŸ„¶,https://uk.tgstat.com/channel/@estetika_parnye,https://t.me/estetika_parnye
ÑĞ°Ğ¼Ğ¾Ğ¾Ğ±Ğ¼Ğ°Ğ½.,https://uk.tgstat.com/channel/@se1fdeception,https://t.me/se1fdeception
â€¢ ğ‘ğšğ²ğ¬ğ¤ğ¢ğ² ğ®ğ ğ¨ğ¥ğ¨ğ¤ğŸ–‡ğŸ¤,https://uk.tgstat.com/channel/@rayskiy_chennel,https://t.me/rayskiy_chennel
Ğ½Ñ€Ğ°Ğ²Ğ¸Ñ‚ÑÑ,https://uk.tgstat.com/channel/@forgteer,https://t.me/forgteer
sector MANTO ğŸ¤¼â€â™‚ï¸,https://uk.tgstat.com/channel/@mantoomussic,https://t.me/mantoomussic
NIZHNO,https://uk.tgstat.com/channel/@NIZHN0,https://t.me/NIZHN0
Ğ¦Ğ¸Ñ‚Ğ°Ñ‚Ñ‹ Ğ¼ÑƒĞ´Ñ€Ñ‹Ñ…,https://uk.tgstat.com/channel/@tsytaty_mudrykh,https://t.me/tsytaty_mudrykh
Ğ—Ğ°Ñ‚Ğ¸ÑˆĞ½Ğµ Ğ³Ğ¾Ñ€Ğ¸Ñ‰Ğµ â˜•ï¸,https://uk.tgstat.com/channel/@goryshche,https://t.me/goryshche
Ğ¦Ğ¸Ñ‚Ğ°Ñ‚Ğ¸ Ñ– Ğ²Ñ–Ñ€ÑˆÑ– ÑƒĞºÑ€Ğ°Ñ—Ğ½ÑÑŒĞºĞ¾Ñ Ğ¼Ğ¾Ğ²Ğ¾Ñ,https://uk.tgstat.com/channel/@aphorism_ua,https://t.me/aphorism_ua
Ğ¦Ğ¸Ñ‚Ğ°Ñ‚Ğ¸ Ğ²Ğ¸ĞºĞ»Ğ°Ğ´Ğ°Ñ‡Ñ–Ğ² Ğ›ĞĞ£,https://uk.tgstat.com/channel/@tsitati_vikladachiv_LNU,https://t.me/tsitati_vikladachiv_LNU
Ğ¡Ğ¼Ğ°Ñ‡Ğ½Ğ¾ Ğ¿Ğ¾-ÑƒĞºÑ€Ğ°Ñ—Ğ½ÑÑŒĞºĞ¸ ğŸ‡ºğŸ‡¦,https://uk.tgstat.com/channel/@receptukr,https://t.me/receptukr
ĞĞ°Ğ³Ğ°Ğ´ÑƒĞ²Ğ°Ğ½Ğ½Ñ,https://uk.tgstat.com/channel/@reeminderr,https://t.me/reeminderr
Â· Ğ»Ğ°Ğ²Ğ°Ğ½Ğ´Ğ¾Ğ²Ğ¸Ğ¹ Ñ‡Ğ°Ğ¹ ! âŠ¹,https://uk.tgstat.com/channel/@lavandaateaa,https://t.me/lavandaateaa
ğŸ¦‹ ĞÑ€Ñ‚Ğ»Ğ°Ğ¹Ñ„ - Ñ‚Ğ²Ğ¾Ñ€Ğ¸ ÑĞ²Ğ¾Ñ” Ğ¶Ğ¸Ñ‚Ñ‚Ñ,https://uk.tgstat.com/channel/@inspire_life,https://t.me/inspire_life
Ğ›ÑƒÑ—Ğ·Ğ° Ğ¥ĞµĞ¹ ĞĞ¾Ñ‚Ğ°Ñ‚ĞºĞ¸,https://uk.tgstat.com/channel/@louise_hay_notes,https://t.me/louise_hay_notes
â„ğ• ğ•ğ•’ğ•Ÿğ•¥Ñ–ğ•œğ•’ ğŸ–¤,https://uk.tgstat.com/channel/@ineska_17_o,https://t.me/ineska_17_o
Ğ£ĞºÑ€Ğ°Ñ—Ğ½ÑÑŒĞºĞ¸Ğ¹ ĞĞ½Ğ´ĞµĞ³Ñ€Ğ°ÑƒĞ½Ğ´,https://uk.tgstat.com/channel/@ukuderground,https://t.me/ukuderground
pandorağŸ¦‹,https://uk.tgstat.com/channel/@pandooraa369,https://t.me/pandooraa369
anbooks,https://uk.tgstat.com/channel/@ana_books12,https://t.me/ana_books12
ğŒğ² ğğ«ğğšğ¦ğŸ‰,https://uk.tgstat.com/channel/@my_dreamua,https://t.me/my_dreamua
Ğ¦Ğ¸Ñ‚Ğ°Ñ‚Ğ¸ ÑƒĞºÑ€Ğ°Ñ—Ğ½ÑÑŒĞºĞ¾Ñ,https://uk.tgstat.com/channel/@ukrexcerption,https://t.me/ukrexcerption
Ëšâ‚“ ğ™‡ğ™ğ™œğ™ğ™© ğ™†ğ™¤ğ™§ğ™šğ™– ğŸŒ»,https://uk.tgstat.com/channel/@dlwlrma_army_blink,https://t.me/dlwlrma_army_blink
Rá´‡lá´€xs_sá´›á´riá´‡s ğŸ–‡ğŸ’‹,https://uk.tgstat.com/channel/@relaxs_stories,https://t.me/relaxs_stories
10 000 Ğ¿Ñ€Ğ¸Ñ‡Ğ¸Ğ½ Ğ»ÑĞ±Ğ¸Ñ‚Ğ¸ Ñ‚ĞµĞ±Ğµ,https://uk.tgstat.com/channel/@loveprychuna,https://t.me/loveprychuna
The forest is full of flowers.,https://uk.tgstat.com/channel/@Flowerswithe,https://t.me/Flowerswithe
Ğ½ĞµĞ´Ğ¾ÑĞºĞ°Ğ·Ğ°Ğ½Ñ– ÑĞ»ÑŒĞ¾Ğ·Ğ¸.,https://uk.tgstat.com/channel/@myglic,https://t.me/myglic
~ Ğ¡Ğ²ĞµÑ‚Ğ¸Ğ»ÑŒĞ½Ğ¸Ğº ~,https://uk.tgstat.com/channel/@LampaOfGod,https://t.me/LampaOfGod
ĞŸĞ¾ĞµĞ·Ñ–Ñ Ğ²Ñ–Ğ»ÑŒĞ½Ğ¸Ñ….,https://uk.tgstat.com/channel/@Ukraineeaesthetic,https://t.me/Ukraineeaesthetic
Ğ£ĞºÑ€Ğ°Ñ—Ğ½ÑÑŒĞºÑ– Ñ†Ğ¸Ñ‚Ğ°Ñ‚Ğ¸ğŸ’™ğŸ’›,https://uk.tgstat.com/channel/@notes_drim,https://t.me/notes_drim
riixko,https://uk.tgstat.com/channel/@riixko,https://t.me/riixko
estetĞ¸Ñ‡ĞºĞ°,https://uk.tgstat.com/channel/AAAAAFD1VKHyHpcPqCXvPw,https://t.me/joinchat/AAAAAFD1VKHyHpcPqCXvPw
"Ñ Ğ»ÑĞ±Ğ¾Ğ²ÑŒÑ, Ã¡.",https://uk.tgstat.com/channel/@wwentout,https://t.me/wwentout
Ğ–Ñ–Ğ½Ğ¾Ñ‡Ğ¸Ğ¹ ĞºÑƒÑ‚Ğ¾Ñ‡Ğ¾Ğº,https://uk.tgstat.com/channel/@placeforgirls,https://t.me/placeforgirls
ğ˜¿ğ™«ğ™¤ğ™§ğ™¤ğ™«ğ™–ğ™®ğ™– ğ™€ğ™¡ğ™ğ™©ğ™– ğŸ•¸ï¸,https://uk.tgstat.com/channel/@dvorovayaelita,https://t.me/dvorovayaelita
shewxil,https://uk.tgstat.com/channel/@miss_w7,https://t.me/miss_w7
ĞĞĞ™Ğ¦Ğ†ĞšĞĞ’Ğ†Ğ¨Ğ•,https://uk.tgstat.com/channel/@light_cinnamoon,https://t.me/light_cinnamoon
Ñ‚ĞµĞ°Ñ‚Ñ€ Ğ¼Ğ¾Ğ¸Ñ… Ñ‡ÑƒĞ²ÑÑ‚Ğ²,https://uk.tgstat.com/channel/@teneer,https://t.me/teneer
Ğ¦Ğ¸Ñ‚Ğ°Ñ‚Ğ¸ Ğ£ĞºÑ€Ğ°Ñ—Ğ½Ğ°,https://uk.tgstat.com/channel/@QuotesUkraine,https://t.me/QuotesUkraine
Ğ°Ñ€Ñ…Ğ¸Ğ² Ğ°Ğ³Ã¡Ğ¿Ñ.,https://uk.tgstat.com/channel/@mchirgenori,https://t.me/mchirgenori
ğŸ¦‹ğ‘ºğ’ğ’”ğ’•ğ’ğ’šğ’‚ğ’ğ’Šğ’šğ’† ğ’…ğ’–ğ’”ğ’‰ğ’ŠğŸ¦‹,https://uk.tgstat.com/channel/@sostoyaniye_dushi,https://t.me/sostoyaniye_dushi
Hamdamivna ğŸ¦„,https://uk.tgstat.com/channel/@hamdamivna19,https://t.me/hamdamivna19
â‹† Ëš á´§Ğ¸á´¨Ğ¾Ê™Ğ¸Ğ¹ Ñ‡á´€Ğ¹ Ëš â‹†,https://uk.tgstat.com/channel/@tealovemee,https://t.me/tealovemee
ğŸŒŠ,https://uk.tgstat.com/channel/AAAAAFaOQaU-AW8pihYWpQ,https://t.me/joinchat/AAAAAFaOQaU-AW8pihYWpQ
Neskorena,https://uk.tgstat.com/channel/@neskorenacomm,https://t.me/neskorenacomm
luminous,https://uk.tgstat.com/channel/@luminouuusss,https://t.me/luminouuusss
Ğ·Ğ°Ğ¿Ğ°Ñ… Ñ†Ğ²ĞµÑ‚ÑƒÑ‰ĞµĞ¹ ÑĞ¸Ñ€ĞµĞ½Ğ¸,https://uk.tgstat.com/channel/@hyggeandcozy,https://t.me/hyggeandcozy
ğ™¶ğ™¾ğ™»ğ™³ ğ™¼ğš„ğš‚ğ™¸ğ™²,https://uk.tgstat.com/channel/@golddvizh,https://t.me/golddvizh
Êœá´‡á´€á´ á´‡É´,https://uk.tgstat.com/channel/@heavennlv,https://t.me/heavennlv
BE INSPIRED. Quotes,https://uk.tgstat.com/channel/@bbe_inspired,https://t.me/bbe_inspired
ĞšĞ°Ğ½Ğ°Ğ» Ğ¶Ğ¸Ğ²Ğ¾Ñ— Ğ»ÑĞ´Ğ¸Ğ½Ğ¸,https://uk.tgstat.com/channel/@zhyvyy,https://t.me/zhyvyy
ĞœÑ‹ÑĞ»Ğ¸ Ğ³Ğ»ÑƒĞ¿Ğ¾Ğ³Ğ¾ ÑÑƒĞ¸Ñ†Ğ¸Ğ´Ğ½Ğ¸ĞºĞ°,https://uk.tgstat.com/channel/@misliglupohosuicidnika,https://t.me/misliglupohosuicidnika
Ğ†Ğ½ÑĞ¿Ñ–Ñ€Ğ°Ñ†Ñ–ÑğŸ•Šï¸,https://uk.tgstat.com/channel/@best_for_our_lovely,https://t.me/best_for_our_lovely
ZERO FLOOR,https://uk.tgstat.com/channel/@ZEROFLOUR,https://t.me/ZEROFLOUR
Ğ¦Ğ• Ğ—ĞĞĞš,https://uk.tgstat.com/channel/@znakuaa,https://t.me/znakuaa
ğŸ¦‹âƒ¤ Ğ»Ğ¾Ğ²Ğ¸Ğ½ĞºĞ° ğŸ¦‹âƒ¤,https://uk.tgstat.com/channel/@lovynka,https://t.me/lovynka
ğ’ğ’š ğ’‰ğ’†ğ’‚ğ’“ğ’• ğŸ’‹ğŸ«€,https://uk.tgstat.com/channel/bfbBPtvJ1X41NWMy,https://t.me/joinchat/bfbBPtvJ1X41NWMy
Ğ”ÑƒĞ¼Ğ¸ Ğ¿Ñ€Ğ¾ Ğ²Ğ°Ğ¶Ğ»Ğ¸Ğ²Ğµ,https://uk.tgstat.com/channel/@dumyPV,https://t.me/dumyPV
ğŸŒ™ğ‘´ğ’Šğ’šğ’– ğ‘ºğ’‰ğ’Šğ’‡ğ’•ğ’Šğ’ğ’ˆ ğ‘¼ğ’ğ’Šğ’—ğ’†ğ’“ğ’”ğ’†ğŸŒ™,https://uk.tgstat.com/channel/@miyushift,https://t.me/miyushift
Ğ¾Ğ±Ñ€Ñ‹Ğ²ĞºĞ¸ Ğ¿Ğ°Ğ¼ÑÑ‚Ğ¸,https://uk.tgstat.com/channel/@yolwertu,https://t.me/yolwertu
"ĞœĞ¾Ñ‚Ğ¸Ğ²Ğ°Ñ†Ñ–Ñ— Ğ´Ğ¸Ğ²Ğ¾Ğ²Ğ¸Ğ¶Ğ½Ğ¸Ñ… Ğ»ÑĞ´ĞµĞ¹, ÑĞºÑ– Ğ½Ğ°Ğ´Ğ¸Ñ…Ğ°ÑÑ‚ÑŒ",https://uk.tgstat.com/channel/@amazing_motivations,https://t.me/amazing_motivations
Ğ¦Ğ¸Ñ‚Ğ°Ñ‚Ğ¸ UA,https://uk.tgstat.com/channel/@cytaty_ua,https://t.me/cytaty_ua
Ğ·Ğ°Ğ¿Ğ°Ñ… ÑĞ²Ñ–Ğ¶Ğ¾Ğ³Ğ¾ Ğ±ÑƒĞ·ĞºĞ°â€¦,https://uk.tgstat.com/channel/@thesmelloflilacs,https://t.me/thesmelloflilacs
ÑĞ»ĞµĞ·Ñ‹ ÑƒĞ¼ĞµÑ€ÑˆĞ¸Ñ…,https://uk.tgstat.com/channel/@yuck_fou_bl,https://t.me/yuck_fou_bl
Aesthetic of mind.,https://uk.tgstat.com/channel/@esssthetique,https://t.me/esssthetique
Ğ·Ğ°Ğ¿Ğ°Ñ… ĞºĞ¾Ñ€Ğ¸Ñ†Ñ–,https://uk.tgstat.com/channel/@thesmellcinnamon,https://t.me/thesmellcinnamon
1991,https://uk.tgstat.com/channel/@nezalezhniist,https://t.me/nezalezhniist
represent,https://uk.tgstat.com/channel/@Nikonboxing,https://t.me/Nikonboxing
Ñ€Ñ–Ğ´Ğ½Ğ¸Ğ¹ Ğ³Ğ¾Ğ»Ğ¾Ñ,https://uk.tgstat.com/channel/@ridnyygolos,https://t.me/ridnyygolos
Music you loveâ¤ï¸â€ğŸ©¹| ĞĞ¾Ğ²Ğ¸Ğ½ĞºĞ¸ 2023,https://uk.tgstat.com/channel/@mmmusic_0,https://t.me/mmmusic_0
myğŸ«€.,https://uk.tgstat.com/channel/@myheartily,https://t.me/myheartily
Ğ­Ñ„Ñ„ĞµĞºÑ‚ Ğ’Ñ€ĞµĞ¼ĞµĞ½Ğ¸ | Ğ¦Ğ¸Ñ‚Ğ°Ñ‚Ñ‹,https://uk.tgstat.com/channel/@time_effect,https://t.me/time_effect
ÑĞ²Ğ¾Ğ´ĞºĞ¸ Ğ½Ğ¾Ğ²Ğ¾ÑÑ‚ĞµĞ¹,https://uk.tgstat.com/channel/@alltheanimals,https://t.me/alltheanimals
Ğ¿Ğ¾Ñ‚Ñ–Ğº Ğ´ÑƒĞ¼Ğ¾Ğº,https://uk.tgstat.com/channel/@flowofthoughtss,https://t.me/flowofthoughtss
Ñ—Ñ— Ğ¿Ğ¾Ñ†Ñ–Ğ»ÑƒĞ½ĞºĞ¸..,https://uk.tgstat.com/channel/@kissmils,https://t.me/kissmils
ĞœĞ°Ñ€Ñ† Ñ– ĞŸĞ°Ğ½Ğ½Ğ°,https://uk.tgstat.com/channel/@marzandpanna,https://t.me/marzandpanna
ğğ€ğ‘ğ€ğƒğˆğ’ğ„ğŸ•Šï¸ğŸ¤,https://uk.tgstat.com/channel/@mmmusiccc69,https://t.me/mmmusiccc69
Ğ³Ğ¾Ñ€Ğ¾Ğ´ Ğ½Ğµ ÑĞ±Ñ‹Ğ²ÑˆĞ¸Ñ…ÑÑ Ğ½Ğ°Ğ´ĞµĞ¶Ğ´,https://uk.tgstat.com/channel/@koololo,https://t.me/koololo
Ğ¦Ğ¸Ñ‚Ğ°Ñ‚Ñ‹,https://uk.tgstat.com/channel/MARpCoMxjXlkZTA6,https://t.me/joinchat/MARpCoMxjXlkZTA6
Ğ— á´§ÑĞ±á´Ê™'Ñ Ê™ á´„á´‡á´©Ñ†Ñ–ğŸ¤,https://uk.tgstat.com/channel/@Christiane_blog,https://t.me/Christiane_blog
THAT GIRL BOSS,https://uk.tgstat.com/channel/@ukmilajdkdkd,https://t.me/ukmilajdkdkd
ğ‘º ğ’— ğ’Š ğ’• ğ’ ğ’ğŸ•Š,https://uk.tgstat.com/channel/@svitlo_ak,https://t.me/svitlo_ak
IT'S GOD ğŸ«€,https://uk.tgstat.com/channel/@iiitsGod,https://t.me/iiitsGod
Ğ¦Ğ¸Ñ‚Ğ°Ñ‚Ğ¸ Ğ´Ğ½Ñ ÑĞ¾Ğ»Ğ¾Ğ²'Ñ—Ğ½Ğ¾Ñ,https://uk.tgstat.com/channel/@Quotes_ua,https://t.me/Quotes_ua
i n s p i r a t i o n,https://uk.tgstat.com/channel/@yourlostthoughts,https://t.me/yourlostthoughts
Blessed | Ğ¦Ğ¸Ñ‚Ğ°Ñ‚Ğ¸ Ñ‚Ğ° Ğ°Ñ„Ğ¾Ñ€Ğ¸Ğ·Ğ¼Ğ¸,https://uk.tgstat.com/channel/@blesedday,https://t.me/blesedday
ĞŸĞ¾Ğ²Ñ–Ğ´Ğ¾Ğ¼Ğ»ĞµĞ½Ğ½Ñ Ğ· Ğ¼Ğ°Ğ¹Ğ±ÑƒÑ‚Ğ½ÑŒĞ¾Ğ³Ğ¾,https://uk.tgstat.com/channel/@futurewot,https://t.me/futurewot
ÑĞ¸Ğ½ÑŒĞ¾Ğ¾ĞºĞ°,https://uk.tgstat.com/channel/@nnaste4kaa_lyrics,https://t.me/nnaste4kaa_lyrics
inspcom,https://uk.tgstat.com/channel/@inspcomm,https://t.me/inspcomm
Ñ‚Ñ€Ğ°Ğ²Ğ½ĞµĞ²Ğ¸Ğ¹ Ğ´Ğ¾Ñ‰,https://uk.tgstat.com/channel/@mayraininfriday,https://t.me/mayraininfriday
21 Ğ’Ğ£Ğ›Ğ˜Ğ¦Ğ¯ğŸ«€| ğŸ‡ºğŸ‡¦â¤ï¸,https://uk.tgstat.com/channel/@twentyonestreet,https://t.me/twentyonestreet
â€¢ I n s i d e â€¢ | Ğ¦Ğ¸Ñ‚Ğ°Ñ‚Ğ¸ | Ğ’Ñ–Ñ€ÑˆÑ–,https://uk.tgstat.com/channel/@inside_tet_a_tet,https://t.me/inside_tet_a_tet
Ğ²Ğ°ÑƒĞ²Ğ°ÑƒÑƒ,https://uk.tgstat.com/channel/@loveu27,https://t.me/loveu27
3cy.hub__,https://uk.tgstat.com/channel/@GLORY_TO_UKraine_GLORY_T_Heroes,https://t.me/GLORY_TO_UKraine_GLORY_T_Heroes
ğŸš€ FIT ğŸš€,https://uk.tgstat.com/channel/@fit_dp,https://t.me/fit_dp
Ğ¦Ğ• Ğ—ĞĞĞš,https://uk.tgstat.com/channel/@followyourheartpls,https://t.me/followyourheartpls
"ĞŸÑ€ĞµĞ¼ÑƒĞ´Ñ€Ğ¾Ñ‰Ñ– - Ñ†Ğ¸Ñ‚Ğ°Ñ‚Ğ¸ Ğ¿Ñ€Ğ¾ Ğ¶Ğ¸Ñ‚Ñ‚Ñ, Ğ»ÑĞ±Ğ¾Ğ², Ğ»ÑĞ´ĞµĞ¹",https://uk.tgstat.com/channel/@mudrohci,https://t.me/mudrohci
Ğ¶Ğ¾Ğ²Ñ‚ĞµĞ½ÑŒ Ğ¶Ğ¸Ğ²Ğµ,https://uk.tgstat.com/channel/@tayajovten,https://t.me/tayajovten
alexithymia.,https://uk.tgstat.com/channel/@alfxw,https://t.me/alfxw
á´˜á´€sá´›á´‡ÊŸ á´‡á´œá´˜Êœá´Ê€Éªá´€,https://uk.tgstat.com/channel/@pastel_euphoria,https://t.me/pastel_euphoria
ğ˜‚ğ—»ğ˜ƒğ—¶ğ—¯ğ˜€ğŸŒ» | footages for tiktok,https://uk.tgstat.com/channel/@unvibs,https://t.me/unvibs
Ñ†Ğ¸Ñ‚Ğ°Ñ‚Ğ¸ ÑƒĞºÑ€Ğ°Ñ—Ğ½ÑÑŒĞºĞ¾ÑğŸ’™ğŸ’›,https://uk.tgstat.com/channel/@citatyukrainn,https://t.me/citatyukrainn
Ğ˜ÑĞºÑ€Ğ° ĞœĞ¾Ñ‚Ğ¸Ğ²Ğ°Ñ†Ğ¸Ğ¸ğŸ”¥,https://uk.tgstat.com/channel/@iskra_motivacyi,https://t.me/iskra_motivacyi
Ğ¿Ñ€Ğ¾Ğ±Ğ»Ğ¸ÑĞº,https://uk.tgstat.com/channel/@problyskk,https://t.me/problyskk
ĞŸĞ¾ĞµĞ·Ñ–Ñ Ğ²Ñ–Ğ»ÑŒĞ½Ğ¸Ñ…ğŸ•Š,https://uk.tgstat.com/channel/@poeziavilnux,https://t.me/poeziavilnux
â„œğ”¢ğ” ğ”¥ğ”±ğ”¢ğ”° ğ”Šğ”¢ğ”¡ğ”ğ”«ğ”¨ğ”¢ğ”« ğ”„ğ”¯ğ” ğ”¥ğ”¦ğ”³,https://uk.tgstat.com/channel/@Richgedan,https://t.me/Richgedan
Ğ‡Ñ— Ğ±Ñ–Ğ»ÑŒâ€¦â€¦.,https://uk.tgstat.com/channel/@herpain,https://t.me/herpain
Ç«á´œá´á´›á´‡s êœ°á´Ê€ Êá´á´œ,https://uk.tgstat.com/channel/@quotessforryouu,https://t.me/quotessforryouu
Wanilla GR,https://uk.tgstat.com/channel/@wanillaaaa,https://t.me/wanillaaaa
earrÃ¡id,https://uk.tgstat.com/channel/@earraidd,https://t.me/earraidd
Write me,https://uk.tgstat.com/channel/@writemeeg,https://t.me/writemeeg
Ğ”ÑĞ´Ñ Moroz,https://uk.tgstat.com/channel/@morozn1ua,https://t.me/morozn1ua
ÑÑ‚Ğ°Ñ€ĞµĞ½ÑŒĞºĞ¸Ğ¹ Ñ‚Ñ€Ğ°Ğ¼Ğ²Ğ°Ğ¹,https://uk.tgstat.com/channel/@oldtram,https://t.me/oldtram
Ğ½ĞµÑ…Ñƒ*Ğ²Ğ°Ñ Ğ¼Ñ‹ÑĞ»ÑŒ,https://uk.tgstat.com/channel/@nehuevi,https://t.me/nehuevi
Ğ´ÑƒĞ¼ĞºĞ¸ ÑÑƒĞ¼Ğ½Ğ¾Ñ— Ğ´Ñ–Ğ²Ñ‡Ğ¸Ğ½Ğ¸,https://uk.tgstat.com/channel/@hugesmn,https://t.me/hugesmn
lvrstm,https://uk.tgstat.com/channel/@lvrstm,https://t.me/lvrstm
VDOHV,https://uk.tgstat.com/channel/@vdohvdh,https://t.me/vdohvdh
ğ“ğ”ğ‘ğ‡ğ€ğğˆğ—ğğ’ğŸ«‚,https://uk.tgstat.com/channel/@turhanixqs,https://t.me/turhanixqs
Before the storm,https://uk.tgstat.com/channel/@bbeforestorm,https://t.me/bbeforestorm
4 Ñ€ÑĞ´ĞºĞ¸: Ğ¼ÑƒĞ´Ñ€Ñ–ÑÑ‚ÑŒ ĞºÑ€Ñ–Ğ·ÑŒ Ğ²Ñ–ĞºĞ¸,https://uk.tgstat.com/channel/@chotyry_riadky,https://t.me/chotyry_riadky
Ğ¡ÑƒĞ¼Ğ½Ğ° Ğ—Ñ–Ñ€ĞºĞ° | Ğ¦Ğ¸Ñ‚Ğ°Ñ‚Ğ¸ | ĞŸÑ–Ğ´Ğ¿Ğ¸ÑĞ¸ Ğ¿Ñ–Ğ´ Ñ„Ğ¾Ñ‚Ğ¾,https://uk.tgstat.com/channel/@lafeisi,https://t.me/lafeisi
Ğ·Ñ–Ñ€ĞºĞ¸ Ñ– Ñ‚Ğ¸ğŸ«€,https://uk.tgstat.com/channel/@stars_and_you,https://t.me/stars_and_you
i ğŸ’”,https://uk.tgstat.com/channel/@ddear_diaryy,https://t.me/ddear_diaryy
Ğ¼ĞµĞ½Ñ– Ğ½Ğµ Ğ²Ğ¸ÑÑ‚Ğ°Ñ‡Ğ°Ñ”,https://uk.tgstat.com/channel/@wantthp,https://t.me/wantthp
Ğ¼Ğ¸Ğ»Ğ¾ÑÑ‚Ñ– ÑƒĞºÑ€Ğ°Ñ—Ğ½ÑÑŒĞºĞ¾Ñ,https://uk.tgstat.com/channel/@kokhaytesya,https://t.me/kokhaytesya
ğ§ğğ¯ğğ« ğğ¯ğğ«ğŸ—ğŸ,https://uk.tgstat.com/channel/@nevereveeer,https://t.me/nevereveeer
Ğ¢Ğ²Ñ–Ğ¹ Ğ’ÑĞµÑĞ²Ñ–Ñ‚,https://uk.tgstat.com/channel/@vsesvit_tviy,https://t.me/vsesvit_tviy
Ğ”Ğ¾Ñ‚Ğ¸Ğº Ğ´Ğ¾ Ğ´ÑƒÑˆÑ–,https://uk.tgstat.com/channel/@ttouchTHEsoull,https://t.me/ttouchTHEsoull
C'est La VieğŸŒ¹,https://uk.tgstat.com/channel/@selyyavi,https://t.me/selyyavi
Ğ»ĞµĞºÑĞ¸ĞºĞ¾Ğ½ Ñ–Ğ½Ñ‚Ğ¸Ğ¼Ğ½Ğ¸Ñ… Ñ‚ĞµĞºÑÑ‚Ñ–Ğ²,https://uk.tgstat.com/channel/@lexicon_textiv,https://t.me/lexicon_textiv
Happiness in GodğŸ¤ğŸŒ¿,https://uk.tgstat.com/channel/@happiness_inGod,https://t.me/happiness_inGod
â™¡ğ“¶ğ“ªğ“­ ğ“¼ğ“¹ğ“ªğ“¬ğ“® â™¡,https://uk.tgstat.com/channel/@madeeeespac,https://t.me/madeeeespac
K D space|Ğ Ğ¥ĞŸ|Ğ¡Ğ°Ğ¼Ğ¾Ñ†Ñ–Ğ½Ğ½Ñ–ÑÑ‚ÑŒ,https://uk.tgstat.com/channel/@KDspace,https://t.me/KDspace
ã¯;;áŸ¹ á—£á•¼á‘Œá—°á™“ á—°á‘Œá–˜ â€..â™¡,https://uk.tgstat.com/channel/@AnimeWorldS31,https://t.me/AnimeWorldS31
Î£Î¿Ï†Î¯Î± - ĞœÑƒĞ´Ñ€Ğ¾ÑÑ‚ÑŒ,https://uk.tgstat.com/channel/@sofiatempus,https://t.me/sofiatempus
Ğ—Ğ½Ğ¸Ğ¶ĞºĞ¸ Ğ½Ğ° ĞĞ»Ñ–ĞµĞºÑĞ¿Ñ€ĞµÑ | AliExpress,https://uk.tgstat.com/channel/@aliolesiasale,https://t.me/aliolesiasale
ĞŸĞĞ‘ĞĞ–ĞĞĞĞ¯ /ĞŸĞĞ—Ğ”ĞĞ ĞĞ’Ğ›Ğ•ĞĞĞ¯ Ğ£ĞšĞ ĞĞ‡ĞĞ¡Ğ¬ĞšĞĞ®.,https://uk.tgstat.com/channel/@vsdobre,https://t.me/vsdobre
ì£½ì€ ê°ì •ì˜ í˜¸ìˆ˜.,https://uk.tgstat.com/channel/@nessfwsss,https://t.me/nessfwsss
Ğ±Ğ¾Ğ»Ğ¸Ñ‚ÑŒ.,https://uk.tgstat.com/channel/@kaklovedead,https://t.me/kaklovedead
Ğ¦Ğ¸Ñ‚Ğ°Ñ‚Ñ‹,https://uk.tgstat.com/channel/@thomasquetes,https://t.me/thomasquetes
á´§Ñ–á´„á´Ê™Ğ¸Ğ¹ á´›ÑƒÊá´€Ğ½,https://uk.tgstat.com/channel/@tears_of_despair,https://t.me/tears_of_despair
ÑÑŒĞ¾Ğ³Ğ¾Ğ´Ğ½Ñ– Ñ‡ÑƒĞ´Ğ¾Ğ²Ğ¸Ğ¹ Ğ´ĞµĞ½ÑŒ,https://uk.tgstat.com/channel/@todayiswndrfl,https://t.me/todayiswndrfl
ğ˜„ğ—².,https://uk.tgstat.com/channel/@xoxo_u,https://t.me/xoxo_u
Ñ…Ğ°-Ñ…Ğ°,https://uk.tgstat.com/channel/@miauhalo,https://t.me/miauhalo
sheğŸ«€.,https://uk.tgstat.com/channel/@citationn_ua,https://t.me/citationn_ua
Ğ— Ğ¦Ğ˜Ğ¢ĞĞ¢ĞĞœĞ˜ ĞŸĞ Ğ–Ğ˜Ğ¢Ğ¢Ğ®ğŸ‡ºğŸ‡¦,https://uk.tgstat.com/channel/@DaObUkr,https://t.me/DaObUkr
Ğ¿ĞµÑ€ĞµĞ´Ğ±Ğ°Ñ‡ĞµĞ½Ğ½Ñ !,https://uk.tgstat.com/channel/@mewante,https://t.me/mewante
ÑĞ»Ñ–Ğ´Ğ¸ ÑĞ»Ñ–Ğ´Ğ¸,https://uk.tgstat.com/channel/@slidyslidy,https://t.me/slidyslidy
Éª_á´˜á´œÊ€á´˜ÊŸá´‡_Êá´á´œ,https://uk.tgstat.com/channel/@quotes_motivationn,https://t.me/quotes_motivationn
ĞĞ¾Ğ²Ğ° Ğ¯,https://uk.tgstat.com/channel/@novanovaya,https://t.me/novanovaya
Ğ°Ğ¿Ğ°Ñ‚Ğ¸Ñ Ñ‡ÑƒĞ²ÑÑ‚Ğ²,https://uk.tgstat.com/channel/@apathyoffeelings,https://t.me/apathyoffeelings
ĞºĞ¾Ñ…Ğ°Êá´á´œğŸ«¶ğŸ»,https://uk.tgstat.com/channel/@yourrr_house,https://t.me/yourrr_house
AbbağŸ¤,https://uk.tgstat.com/channel/@ABBAofYohanan,https://t.me/ABBAofYohanan
my archive â™¡,https://uk.tgstat.com/channel/@lifeinDeutschland,https://t.me/lifeinDeutschland
Ğ¡ĞºĞ°Ğ·Ğ°Ğ» ĞºĞ°Ğº ĞÑ€Ğ¸ÑÑ‚Ğ¾Ñ‚ĞµĞ»ÑŒ (Ñ†Ğ¸Ñ‚Ğ°Ñ‚Ñ‹),https://uk.tgstat.com/channel/@mr_aristotel,https://t.me/mr_aristotel
God is always there,https://uk.tgstat.com/channel/@God_is_always_there,https://t.me/God_is_always_there
Hillary Cosmetics ğŸ‰,https://uk.tgstat.com/channel/@BeautyCosmetic_ua,https://t.me/BeautyCosmetic_ua
syndrome d'AdÃ¨le,https://uk.tgstat.com/channel/@crofdr,https://t.me/crofdr
Unsphere the stars,https://uk.tgstat.com/channel/@unsphere_the_stars,https://t.me/unsphere_the_stars
nortis,https://uk.tgstat.com/channel/@nortisss,https://t.me/nortisss
ğŸ’›Jesus,https://uk.tgstat.com/channel/@Jesus_1717,https://t.me/Jesus_1717
Ğ²Ğ±Ğ»Ğ¸Ğ·Ğ¸ Ñ Ğ¿Ñ€Ğ¾ÑˆĞ»Ñ‹Ğ¼,https://uk.tgstat.com/channel/@retro880,https://t.me/retro880
Ğ±Ñ–Ğ»Ğ¸Ğ¹ Ğ±ÑƒĞ·Ğ¾Ğº â€™â€™,https://uk.tgstat.com/channel/@vvhitel1lac,https://t.me/vvhitel1lac
Ñ‚ĞµĞ¼Ñ€ÑĞ²Ğ°,https://uk.tgstat.com/channel/@temryaava,https://t.me/temryaava
Ğ½á´‡Ğ¸ÉœÊ™á´‡á´„á´›Ğ½Ñ‹Ğ¹ á´¨Ğ¸á´„á´€á´›á´‡á´§ÑŒ.,https://uk.tgstat.com/channel/@escvdes,https://t.me/escvdes
Unsuccessful TikTok,https://uk.tgstat.com/channel/@Unsuccessful_TikTok,https://t.me/Unsuccessful_TikTok
Ná´á´›GÊ€á´á´œá´˜âš”,https://uk.tgstat.com/channel/@musicnotgood,https://t.me/musicnotgood
Ğ¼ĞµÑ‚Ğ°Ñ„Ğ¾Ñ€Ğ¸ ĞºĞ»ÑÑ‡Ğ¸Ñ†ÑŒ,https://uk.tgstat.com/channel/@metaforyy,https://t.me/metaforyy
Ñ†Ğ°Ñ€ÑÑ‚Ğ²Ğ¾,https://uk.tgstat.com/channel/@slaviaanka,https://t.me/slaviaanka
ĞšĞ½Ğ¸Ğ³Ğ¸ Ğ² Ğ“Ñ€Ğ¾Ğ·Ğ½Ğ¾Ğ¼ğŸ“š,https://uk.tgstat.com/channel/@knigi_v_groznom,https://t.me/knigi_v_groznom
Ğ¦Ğ¸Ñ‚Ğ°Ñ‚Ğ¸ Ğ²Ñ”Ğ»Ñ–ĞºÑ–Ñ…!,https://uk.tgstat.com/channel/@ssylka_v_sybir,https://t.me/ssylka_v_sybir
Ñ…Ğ¼Ğ°Ñ€Ğ¸Ğ½ĞºĞ¸ğŸ’œ,https://uk.tgstat.com/channel/@yara_clouds,https://t.me/yara_clouds
Ğ½ĞµĞ²ÑÑŒĞºĞ¸Ğ¹ ÑƒÑĞµ Ğ¿Ñ€Ğ¾Ğ±Ğ°Ñ‡Ğ¸Ñ‚ÑŒ.,https://uk.tgstat.com/channel/@nevskyii,https://t.me/nevskyii
alice,https://uk.tgstat.com/channel/@alicepiece,https://t.me/alicepiece
â€¦,https://uk.tgstat.com/channel/AAAAAETKGtQvp58xKZ-Y6A,https://t.me/joinchat/AAAAAETKGtQvp58xKZ-Y6A
ĞÑ„Ğ¾Ñ€Ğ¸Ğ·Ğ¼Ğ¸ Ğ£ĞºÑ€Ğ°Ñ—Ğ½ÑÑŒĞºĞ¾Ñ,https://uk.tgstat.com/channel/@psychological_hole,https://t.me/psychological_hole
Ğ¡Ğ¸Ğ»Ğ° Ğ¡Ğ»Ğ¾Ğ²,https://uk.tgstat.com/channel/@sila_slovv,https://t.me/sila_slovv
V E S N A,https://uk.tgstat.com/channel/@vessssnaa,https://t.me/vessssnaa
darkness,https://uk.tgstat.com/channel/@dddddarkness,https://t.me/dddddarkness
ÑĞ°Ğ´ Ğ¿Ğ°Ğ´Ğ°ÑÑ‡Ğ¸Ñ… Ğ¿Ğ¾Ğ²Ñ–Ğ´Ğ¾Ğ¼Ğ»ĞµĞ½ÑŒâœ‰ï¸,https://uk.tgstat.com/channel/@listmile,https://t.me/listmile
ĞŸĞ¾Ğ»Ñ–Ğ³Ñ€Ğ°Ñ„Ñ–Ñ‡Ğ½Ğ¸Ğ¹ Ñ†Ğ¸Ñ‚Ğ°Ñ‚Ğ½Ğ¸Ğº,https://uk.tgstat.com/channel/@redaktor_lpk,https://t.me/redaktor_lpk
Ğ¤Ğ¸Ğ»Ğ¾ÑĞ¾Ñ„Ğ¸Ñ Ğ² Ñ†Ğ¸Ñ‚Ğ°Ñ‚Ğ°Ñ…,https://uk.tgstat.com/channel/@cutatu_fulos,https://t.me/cutatu_fulos
Ğ–ĞµĞ½ÑĞºĞ¸Ğ¹ ĞºĞ»ÑƒĞ±_Ğ¯ ÑĞ°Ğ¼Ğ°,https://uk.tgstat.com/channel/@clubamsama,https://t.me/clubamsama
Ğ¦Ğ¸Ñ‚Ğ°Ñ‚Ğ¸ Ğ£ĞºÑ€Ğ°Ñ—Ğ½ÑÑŒĞºĞ¾Ñ ğŸ‡ºğŸ‡¦,https://uk.tgstat.com/channel/@quotes_in_ukr,https://t.me/quotes_in_ukr
Ğ´ĞµĞºĞ°Ğ±Ñ€ÑŒ.,https://uk.tgstat.com/channel/@dcmres,https://t.me/dcmres
TRUST GOD ğŸ¤,https://uk.tgstat.com/channel/@trust_god,https://t.me/trust_god
Ğ³Ğ¾Ñ€Ğ¸ Ñ‚Ğ° Ğ¿Ğ°Ğ»Ğ°Ğ¹,https://uk.tgstat.com/channel/@horytapalay,https://t.me/horytapalay
ĞŸĞ¸Ğ·Ğ´Ğ°Ñ‚Ñ‹Ğ¹ Ğ¤Ğ»ĞµĞºÑ,https://uk.tgstat.com/channel/@pizdatiy_flex,https://t.me/pizdatiy_flex
Ruderalis,https://uk.tgstat.com/channel/@I_want_to_beer,https://t.me/I_want_to_beer
Ğ”ÑƒĞ¼ĞºĞ¸ Ğ¿Ñ€Ğ¾ Ğ³Ñ€Ğ¾ÑˆÑ– Ñ‚Ğ° ÑƒÑĞ¿Ñ–Ñ…,https://uk.tgstat.com/channel/@hroshiua,https://t.me/hroshiua
ĞœÑƒĞ´Ñ€Ñ–ÑÑ‚ÑŒ Ğ¡Ğ»Ğ¾Ğ²Ğ°ğŸ‡ºğŸ‡¦,https://uk.tgstat.com/channel/@mudrist_slova,https://t.me/mudrist_slova
Ğ´Ğ»Ñ Ñ‚ĞµÑ… ĞºÑ‚Ğ¾ ĞµÑ‰Ñ‘ Ğ¶Ğ¸Ğ²,https://uk.tgstat.com/channel/@escapefromthehousee,https://t.me/escapefromthehousee
Ğ’Ğ•Ğ¦ | Ğ’Ğ•Ğ»Ğ¸ĞºĞ¸Ğµ Ğ¦Ğ¸Ñ‚Ğ°Ñ‚Ñ‹ |,https://uk.tgstat.com/channel/@tt_2662,https://t.me/tt_2662
Jinsei's Based Sub âœ™| #Ğ£ĞºÑ€Ğ¢Ò‘,https://uk.tgstat.com/channel/@jinsei_based_sub,https://t.me/jinsei_based_sub
Ğ¼Ğ°Ğ»Ğ¸Ğ½Ğ¾Ğ²Ñ‹Ğ¹ Ğ·Ğ°ĞºĞ°Ñ‚,https://uk.tgstat.com/channel/@zakaaaaat,https://t.me/zakaaaaat
ĞœĞĞ¢Ğ˜Ğ’ĞĞ¦Ğ†Ğ¯|Ğ¡Ğ°Ğ¼Ğ¾Ñ€Ğ¾Ğ·Ğ²Ğ¸Ñ‚Ğ¾Ğº|Ğ¤Ñ–Ğ½Ğ°Ğ½ÑĞ¸,https://uk.tgstat.com/channel/@motivation_on_success,https://t.me/motivation_on_success
ãƒ¼ã‚á´¨á´Ñ†Ñ–á´§ÑƒĞ½á´‹Ğ¸ ĞºĞ¾á´›Ğ¸á´‹á´€ ã€…ï¼¾Ğ—ĞĞšĞ Ğ˜Ğ¢Ğ,https://uk.tgstat.com/channel/@kisssunshine,https://t.me/kisssunshine
Interlude: Shadow,https://uk.tgstat.com/channel/@VNsH0,https://t.me/VNsH0
ğ’œğ“‹ğ’¶ğ“‰ğ’¶ğ“‡ğ“ˆ,https://uk.tgstat.com/channel/@diary_of_motivation,https://t.me/diary_of_motivation
Ğ·Ğ±Ñ–Ğ³ :Ã¶:Ğ±ÑÑ‚Ğ°Ğ²Ğ¸Ğ½,https://uk.tgstat.com/channel/@qrstybl,https://t.me/qrstybl
ğŸ‡ºğŸ‡¦ğ–€ğ–ğ–—ğ–†ğ–ğ–“ğ–ğ–†ğ–“ ğ–‡ğ–‘ğ–”ğ–ˆğŸ‡ºğŸ‡¦,https://uk.tgstat.com/channel/@ukrainian_bloc,https://t.me/ukrainian_bloc
Ğ†ÑÑ‚Ğ¾Ñ€Ñ–ÑĞ»ÑŒĞ½Ğ¸Ğ¹ Ğ»Ñ–Ñ‚Ğ¾Ğ¿Ğ¸Ñ,https://uk.tgstat.com/channel/@istorialna,https://t.me/istorialna
Ğ´Ñ–Ñ‚Ğ¸ Ğ°Ğ½Ğ´ĞµĞ³Ñ€Ğ°ÑƒĞ½Ğ´Ñƒ,https://uk.tgstat.com/channel/@underkidsx,https://t.me/underkidsx
Ğ¦Ğ¸Ñ‚Ğ°Ñ‚Ğ¸ Ğ·Ñ– ÑĞ²Ñ–Ñ‚Ñƒ Ğ²ĞµĞ»Ğ¸ĞºĞ¸Ñ…ğŸ‡ºğŸ‡¦,https://uk.tgstat.com/channel/@philosophiesReflections,https://t.me/philosophiesReflections
ğ“Ÿğ“ªğ“»ğ“ªğ“­ğ“²ğ“¼ğ“®ğŸ¤ğŸ¤™ğŸ¿,https://uk.tgstat.com/channel/@paradiseiam,https://t.me/paradiseiam
momenti di buio,https://uk.tgstat.com/channel/@something_amore,https://t.me/something_amore
Ğ³Ğ¾Ğ»ÑƒĞ±Ğ¸,https://uk.tgstat.com/channel/@golybinayazhizn,https://t.me/golybinayazhizn
Ğ¡Ğ•Ğ Ğ¦Ğ• Ğ”Ğ–Ğ•ĞĞĞ†Ğ¤Ğ•Ğ  / FLAVA FAM,https://uk.tgstat.com/channel/@flavafam,https://t.me/flavafam
Ğ¡ÑƒĞºĞ° Ğ»ÑĞ±Ğ¾Ğ²ÑŒğŸ‘¿,https://uk.tgstat.com/channel/@SUKA_LUBOOV,https://t.me/SUKA_LUBOOV
â™›,https://uk.tgstat.com/channel/@sondelamundres,https://t.me/sondelamundres
`TTATHğŸ†‡: Ğ°Ñ€Ñ…Ñ–Ğ²,https://uk.tgstat.com/channel/@ttathx,https://t.me/ttathx
Ğ Ğ°Ğ´Ğ°Ñ€ Ğ£ĞºÑ€Ğ°Ñ—Ğ½Ğ¸,https://uk.tgstat.com/channel/@radarukrnews,https://t.me/radarukrnews
Ñ†Ğ¸Ğ³Ğ°Ñ€ĞºĞ¸ Ñ‚Ğ²Ğ¾Ñ”Ñ— ĞºĞ¾Ñ…Ğ°Ğ½ĞºĞ¸.,https://uk.tgstat.com/channel/@beartisi,https://t.me/beartisi
ğ–ğ–”ğ–“ğ–Šğ– ğŸ‡ºğŸ‡¦,https://uk.tgstat.com/channel/@honeychill,https://t.me/honeychill
Ã©tranger.,https://uk.tgstat.com/channel/@davi1eht,https://t.me/davi1eht
Ğ§Ğ¸Ñ‚Ğ°Ğ½Ğ½Ñ Ğ· Ğ¾Ğ»Ñ–Ğ²Ñ†ĞµĞ¼,https://uk.tgstat.com/channel/@readwp,https://t.me/readwp
â„³á‚®â„›â„›â„›ğŸ’—,https://uk.tgstat.com/channel/@murrrworld,https://t.me/murrrworld
Logo Branding Uz,https://uk.tgstat.com/channel/@LogoBranding_uz,https://t.me/LogoBranding_uz
â€» Ğ¡Ğ²Ñ–Ñ‚ Ğ¼Ğ¾Ñ”Ñ— Ğ´ÑƒÑˆÑ– â€»,https://uk.tgstat.com/channel/@svit_moeji_dushi,https://t.me/svit_moeji_dushi
Ğ¦Ğ•Ğ¥`22,https://uk.tgstat.com/channel/@cehkharkiv,https://t.me/cehkharkiv
DophaminğŸŒ¿ğŸƒ,https://uk.tgstat.com/channel/@dophamin_n,https://t.me/dophamin_n
Ñ†Ğ¸Ñ‚Ğ°Ñ‚Ñ‹ | Ğ¿Ğ¾Ğ´Ğ¿Ğ¸ÑĞ¸ Ğº Ñ„Ğ¾Ñ‚Ğ¾ | Ğ¾Ñ‚Ñ€Ñ‹Ğ²ĞºĞ¸ ğŸ–‡,https://uk.tgstat.com/channel/@podpisiphoto,https://t.me/podpisiphoto
Ğ·Ğ°Ñ…Ğ»ĞµĞ±Ğ½ÑƒĞ»Ğ°ÑÑŒ Ğ² Ğ»ÑĞ±Ğ²Ğ¸,https://uk.tgstat.com/channel/@errviopse,https://t.me/errviopse
ğŸ•¸ï¸ á´‹á´€á´˜á´˜á´€ ğŸ‡ºğŸ‡¦ á´á´œsÉªá´„ ğŸ•¸ï¸,https://uk.tgstat.com/channel/@kappamusiic,https://t.me/kappamusiic
Ñ‚Ğµ Ñ‰Ğ¾ Ñ‚Ğ¾Ñ€ĞºĞ°Ñ”Ñ‚ÑŒÑÑâ€¦.,https://uk.tgstat.com/channel/@guiiiiiiitar,https://t.me/guiiiiiiitar
ĞœĞ¾Ñ‚Ğ¸Ğ²Ğ°Ñ†Ğ¸Ñ. Ğ£ÑĞ¿ĞµÑ…. Ğ£Ğ²ĞµÑ€ĞµĞ½Ğ½Ğ¾ÑÑ‚ÑŒ.,https://uk.tgstat.com/channel/@motivOksay,https://t.me/motivOksay
ğšğš˜ğš› ğšğš‘ğš ğšœğš˜ğšğš•ğŸ¤,https://uk.tgstat.com/channel/@ffforthesoul,https://t.me/ffforthesoul
Ğ¢Ğ²Ğ¾Ñ‘ Ğ½Ğ°ÑÑ‚Ñ€Ğ¾ĞµĞ½Ğ¸ĞµğŸ¤™,https://uk.tgstat.com/channel/@tvoenastroenie4_20,https://t.me/tvoenastroenie4_20
Ğ¤Ğ˜Ğ›ĞĞ¡ĞĞ¤Ğ˜Ğ¯,https://uk.tgstat.com/channel/@philosophy_for,https://t.me/philosophy_for
ÑĞ¸Ğ½Ğ³ÑƒĞ»ÑÑ€Ğ½Ğ¾ÑÑ‚ÑŒ.,https://uk.tgstat.com/channel/@ssiingularittyy,https://t.me/ssiingularittyy
Ğ¦Ğ¸Ñ‚Ğ°Ñ‚Ñ‹âœ¨,https://uk.tgstat.com/channel/@mythoughtsssssssss,https://t.me/mythoughtsssssssss
ukr woopie pie,https://uk.tgstat.com/channel/@whoopiepiePHY,https://t.me/whoopiepiePHY
ğ’»ğ’¶ğ“ƒğ“‰ğ’¶ğ“ˆğ“‰ğ’¾ğ’¸,https://uk.tgstat.com/channel/@faaaaaantastic,https://t.me/faaaaaantastic
DVOROVIY DVIZHNYK,https://uk.tgstat.com/channel/@NOU_NEIM_MUZON,https://t.me/NOU_NEIM_MUZON
Ğ—Ğ°Ğ¿Ñ€Ğ¾ÑˆÑƒÑ Ğ´Ğ¾ Ğ—Ğ°Ğ±Ğ°Ğ²Ğ¸,https://uk.tgstat.com/channel/@zabavno_write,https://t.me/zabavno_write
ğŸ¤™ ĞŸĞ°Ñ†Ğ°Ğ½ÑĞºĞ¸Ğ¹ Ğ¦Ğ¸Ñ‚Ğ°Ñ‚Ğ½Ğ¸Ğº Ğ¸ ĞœÑƒĞ·Ñ‹ĞºĞ° ğŸ˜ˆ,https://uk.tgstat.com/channel/@pacanskiye,https://t.me/pacanskiye
Ğ¡Ğ¾Ñ…Ñ€Ğ°Ğ½ĞµĞ½ĞºĞ¸ğŸ˜,https://uk.tgstat.com/channel/@soxranenck,https://t.me/soxranenck
ğŒ‘á¥²á§˜á¥±á¥´á¥±Ğ½ÑŒÎºá¥™á¥” ÎºÑƒá´›á§Ñ‡á§Îº Ğ´ÑƒÉ¯Ñ– â™¥ï¸,https://uk.tgstat.com/channel/@maiia_edinak,https://t.me/maiia_edinak
"Ğ–ĞµĞ¼Ñ‡ÑƒĞ¶Ğ½Ñ‹Ğµ Ğ¼Ñ‹ÑĞ»Ğ¸. Ğ¤Ğ¸Ğ»Ğ¾ÑĞ¾Ñ„Ğ¸Ñ: Ñ„Ñ€Ğ°Ğ·Ñ‹, Ñ†Ğ¸Ñ‚Ğ°Ñ‚Ñ‹ Ğ¸ Ğ¼Ñ‹ÑĞ»Ğ¸",https://uk.tgstat.com/channel/@frazochkaOksay,https://t.me/frazochkaOksay
gnb'sğŸª,https://uk.tgstat.com/channel/@gnsofi,https://t.me/gnsofi
Ğ’ Ğ¿ÑƒĞ°Ğ½Ñ‚Ğ°Ñ… Ğ¿Ğ¾ Ğ¼Ñ–Ğ½Ğ°Ñ… â™¡/ÏŸ,https://uk.tgstat.com/channel/@ig_lyrics,https://t.me/ig_lyrics
~ Think about it ~,https://uk.tgstat.com/channel/@tvoja_swoboda,https://t.me/tvoja_swoboda
galerie de mÃ©moire (archive),https://uk.tgstat.com/channel/@sme1aldo,https://t.me/sme1aldo
ğ•¿ğ–—ğ–ğ–•ğ–•ğ–‘ğ–Š ğ•­ğ–ğ–™ğ–ˆğ– ğ•¸ğ–†ğ–‹ğ–ğ–†,https://uk.tgstat.com/channel/@tripplebitchmafia,https://t.me/tripplebitchmafia
ĞÑ€Ğ¾Ğ¼Ğ°Ñ‚ ĞºĞ°ĞºĞ°Ğ¾,https://uk.tgstat.com/channel/@ByChimera,https://t.me/ByChimera
Ñ‚ĞµÑ€Ğ½Ğ¾Ğ²Ğ¸Ğ¹ Ğ²Ñ–Ğ½Ğ¾Ğº,https://uk.tgstat.com/channel/@wnxoxo,https://t.me/wnxoxo
"ĞŸĞ¾ÑĞ¾Ğ±Ğ½Ğ¸Ğº ""ĞĞ´Ğ¸Ğ½Ğ¾Ñ‡ĞµÑÑ‚Ğ²Ğ¾""â¤ï¸â€ğŸ©¹",https://uk.tgstat.com/channel/@stihongudzonna,https://t.me/stihongudzonna
[LB] Ğ¡Ğ°Ğ¼Ğ¾Ñ‚Ğ½Ñ–Ğ¹ Ñ…Ğ»Ğ¾Ğ¿Ñ‡Ğ¸Ğ½Ğ°,https://uk.tgstat.com/channel/@nooseneck,https://t.me/nooseneck
ğŸ¦‹ğŸ¦‹ğŸ¦‹,https://uk.tgstat.com/channel/@Moood_booster,https://t.me/Moood_booster
Ğ®ĞĞĞ¡Ğ¢Ğ¬,https://uk.tgstat.com/channel/@privet_yunost69,https://t.me/privet_yunost69
ğœğ¨ğŸğŸğğ ğ°ğ¢ğ­ğ¡ ğ¦ğ¢ğ¥ğ¤ğŸ’”.,https://uk.tgstat.com/channel/AAAAAE141BslYZd97dMDIQ,https://t.me/joinchat/AAAAAE141BslYZd97dMDIQ
ğ–ºğ—†ğ—‰ğ—…ğ–¾ğ—‘ğ—ğ—Œ,https://uk.tgstat.com/channel/@amplexuss,https://t.me/amplexuss
ğŸŒº â“ï¸â“„ï¸â“ï¸â“ï¸â’¾ï¸â“…ï¸â“„ï¸â“…ï¸ ğŸŒº,https://uk.tgstat.com/channel/@lollypop_pop,https://t.me/lollypop_pop
Ñ‡Ğ¸ÑÑ‚Ñ‹Ğµ ÑÑ‚Ñ€Ğ°Ğ½Ğ¸Ñ†Ñ‹.,https://uk.tgstat.com/channel/@chi_page,https://t.me/chi_page
Ğ´ÑƒĞ±Ğ»ÑŒ,https://uk.tgstat.com/channel/@ourfila,https://t.me/ourfila
N E A R B Y,https://uk.tgstat.com/channel/@home_stay,https://t.me/home_stay
"ĞĞ°Ğ²ÑĞµĞ³Ğ´Ğ°, Ğ¿Ğ¾Ğ¼Ğ½Ğ¸ÑˆÑŒ ğŸ§¸ğŸ’˜",https://uk.tgstat.com/channel/@grust231,https://t.me/grust231
ğŸ–¤ä¸¨ åŒšå‚å‡  ä¸‚ä¹‡ä¹‡ ã„šã„–ã„© ğŸ–¤,https://uk.tgstat.com/channel/@O_colque,https://t.me/O_colque
ğŸ–¤Ğ¦Ğ¸Ñ‚Ğ°Ñ‚Ñ‹ğŸ–¤,https://uk.tgstat.com/channel/@quotation08122020,https://t.me/quotation08122020
citazioni per la vita,https://uk.tgstat.com/channel/@citazionivita,https://t.me/citazionivita
Lost SatelliteğŸª,https://uk.tgstat.com/channel/@Lost_Satellite,https://t.me/Lost_Satellite
v.mood design,https://uk.tgstat.com/channel/@vvvvmood,https://t.me/vvvvmood
Notes,https://uk.tgstat.com/channel/@notesofmysoul,https://t.me/notesofmysoul
Ğ¦Ğ¸Ñ‚Ğ°Ñ‚Ğ¸ Ğ²Ğ¸Ğ´Ğ°Ñ‚Ğ½Ğ¸Ñ… ÑƒĞºÑ€Ğ°Ñ—Ğ½Ñ†Ñ–Ğ²,https://uk.tgstat.com/channel/@QuotationsFromUkraine,https://t.me/QuotationsFromUkraine
vi moodğŸ–¤,https://uk.tgstat.com/channel/@vimmood,https://t.me/vimmood
Ğ¾Ñ‚Ñ€Ğ¸Ñ†Ğ°Ñ‚ĞµĞ»ÑŒĞ½Ñ‹Ğ¹ Ğ³ĞµÑ€Ğ¾Ğ¹;,https://uk.tgstat.com/channel/@fightmeee,https://t.me/fightmeee
Nochnoi reis ğŸ•Š,https://uk.tgstat.com/channel/@pepelproshlogo,https://t.me/pepelproshlogo
Ğ¦Ğ¸Ñ‚Ğ°Ñ‚Ğ¸ ĞšÑƒÑ€ĞµĞ¹Ñ‡Ğ¸ĞºĞ°,https://uk.tgstat.com/channel/id1467564415,https://t.me/joinchat/id1467564415
"Ğ¦Ğ¸Ñ‚Ğ°Ñ‚Ğ¸, Ğ»ÑĞ´Ğ¸, Ğ½Ğ°Ñ‚Ñ…Ğ½ĞµĞ½Ğ½Ñ",https://uk.tgstat.com/channel/@breathe_in_and_out,https://t.me/breathe_in_and_out
ScheiÃŸe | ĞÑƒ Ñ‰Ğ¾ Ğ¶ Ñ‚Ğ¸ ÑĞºĞ°Ğ¶ĞµÑˆ!,https://uk.tgstat.com/channel/@scheisse_oma,https://t.me/scheisse_oma
/thread .,https://uk.tgstat.com/channel/@threadshooter,https://t.me/threadshooter
My soul ğŸŒ·ğŸ’ğŸ•Š,https://uk.tgstat.com/channel/@aestheticbykkate,https://t.me/aestheticbykkate
Ğ’Ğ°ÑĞ¸Ğ»ÑŒ Ğ¡Ñ‚ÑƒÑ,https://uk.tgstat.com/channel/@vasyl_stuss,https://t.me/vasyl_stuss
ĞÑ„Ğ¾Ñ€Ğ¸Ğ·Ğ¼Ğ¸ | Ğ¦Ğ¸Ñ‚Ğ°Ñ‚Ğ¸ | Ğ–Ğ¸Ñ‚Ñ‚Ñ”Ğ²Ğ¸Ğ¹ Ğ³ÑƒĞ¼Ğ¾Ñ€,https://uk.tgstat.com/channel/@aphorism0s,https://t.me/aphorism0s
ki.vi,https://uk.tgstat.com/channel/@kiviiviku,https://t.me/kiviiviku
ByBooksğŸ“–,https://uk.tgstat.com/channel/@bybooks,https://t.me/bybooks
Ğ¦Ğ¸Ñ‚Ğ°Ñ‚Ğ¸ ğŸ¥€ğŸŒ¹,https://uk.tgstat.com/channel/@love_you_234,https://t.me/love_you_234
ĞĞ¾Ñ‡Ğ½Ğ°Ñ Ğ´ĞµÑ€ĞµĞ²Ğ½Ñ/Ğ¼Ğ°Ğ³Ğ¸Ñ,https://uk.tgstat.com/channel/id1530310431,https://t.me/joinchat/id1530310431
â€¢ ordinary life â€¢,https://uk.tgstat.com/channel/@ordinarylifepls,https://t.me/ordinarylifepls
