–•—Ä–∏—Å—Ç–∏—è–Ω–∏–Ω‚Ä†,https://uk.tgstat.com/channel/@hnatiuk_ivan_christian,https://t.me/hnatiuk_ivan_christian
–°–ü–ñ - –Ω–æ–≤–æ—Å—Ç–∏ –ü—Ä–∞–≤–æ—Å–ª–∞–≤–∏—è,https://uk.tgstat.com/channel/@pravoslavie,https://t.me/pravoslavie
–£–∫—Ä–∞—ó–Ω—Å—å–∫–∞ –ü—Ä–∞–≤–æ—Å–ª–∞–≤–Ω–∞ –¶–µ—Ä–∫–≤–∞,https://uk.tgstat.com/channel/@upc_news,https://t.me/upc_news
–ú–∏—Å—Å–∏—è –≤—ã–ø–æ–ª–Ω–∏–º–∞ yesHEis,https://uk.tgstat.com/channel/@yesheis,https://t.me/yesheis
–•—Ä–∏—Å—Ç–∏—è–Ω—Å—å–∫—ñ –ø—ñ—Å–Ω—ñ,https://uk.tgstat.com/channel/@ChristianMusicChannel,https://t.me/ChristianMusicChannel
—Ö—Ä–∏—Å—Ç–∏—è–Ω—Å—å–∫—ñ –≤—ñ—Ä—à—ñ üá∫üá¶,https://uk.tgstat.com/channel/@virsh_online,https://t.me/virsh_online
–ì—É–º–∞–Ω—ñ—Ç–∞—Ä–Ω–∞ –¥–æ–ø–æ–º–æ–≥–∞ –¥–ª—è –ø–µ—Ä–µ—Å–µ–ª–µ–Ω—Ü—ñ–≤,https://uk.tgstat.com/channel/@dopomohadniprokatolic,https://t.me/dopomohadniprokatolic
HOLYCHORDS.pro | –Ω–æ–≤–∏–Ω–∫–∏ —Ö—Ä–∏—Å—Ç–∏–∞–Ω—Å–∫–∏—Ö –ø–µ—Å–µ–Ω —Å –∞–∫–∫–æ—Ä–¥–∞–º–∏,https://uk.tgstat.com/channel/@holychords,https://t.me/holychords
–ñ–∏–∑–Ω–µ—Ä–∞–¥–æ—Å—Ç–Ω—ã–π –ê—Ä—Ö–∏–¥–∏–∞–∫–æ–Ω –ê–Ω–¥—Ä–µ–π –ü–∞–ª—å—á—É–∫,https://uk.tgstat.com/channel/@postnoemenypalchuk,https://t.me/postnoemenypalchuk
–ë–æ–≥–æ–±–ª–æ–≥,https://uk.tgstat.com/channel/@bogoblog,https://t.me/bogoblog
–ó—Ä–æ—Å—Ç–∞–π –∑–∞–≤–∂–¥–∏ | –ê—É–¥—ñ–æ–∫–Ω–∏–≥–∏ —Ö—Ä–∏—Å—Ç–∏—è–Ω—Å—å–∫—ñ,https://uk.tgstat.com/channel/@audio_bookZR,https://t.me/audio_bookZR
–û–í–ß–ê,https://uk.tgstat.com/channel/@ovchapriest,https://t.me/ovchapriest
–•—Ä–∏—Å—Ç–∏–∞–Ω—Å–∫–∞—è –º—É–∑—ã–∫–∞ | –•—Ä–∏—Å—Ç–∏—è–Ω—Å—å–∫–∞ –º—É–∑–∏–∫–∞,https://uk.tgstat.com/channel/@ChristianMusic_HK,https://t.me/ChristianMusic_HK
Padre Poltava,https://uk.tgstat.com/channel/@padrePoltava,https://t.me/padrePoltava
–•—Ä–∏—Å—Ç–∏—è–Ω—Å—å–∫–∞ –º—É–∑–∏–∫–∞ –ø—ñ—Å–Ω—ñ,https://uk.tgstat.com/channel/@musichrist,https://t.me/musichrist
–ü—Ä–æ—Ç–æ—ñ—î—Ä–µ–π –û–ª–µ–∫—Å–∞–Ω–¥—Ä –ö–ª–∏–º–µ–Ω–∫–æ,https://uk.tgstat.com/channel/@protoijerey,https://t.me/protoijerey
–ü—Ä–∞–≤–±–ª–æ–≥,https://uk.tgstat.com/channel/@pravblog1,https://t.me/pravblog1
–£–ö–†–ê–ò–ù–ê –ü–†–ê–í–û–°–õ–ê–í–ù–ê–Ø/–£–ö–†–ê–Ü–ù–ê –ü–†–ê–í–û–°–õ–ê–í–ù–ê,https://uk.tgstat.com/channel/@pravosukr,https://t.me/pravosukr
Road to God,https://uk.tgstat.com/channel/@road_to_god_official,https://t.me/road_to_god_official
WORSHIP-LIFE,https://uk.tgstat.com/channel/@worshiplife,https://t.me/worshiplife
–ë–ê–ó–ê –î–ê–ù–ò–• –¥–æ–ø–æ–º–æ–≥–∏ –±—ñ–∂–µ–Ω—Ü—è–º,https://uk.tgstat.com/channel/@help_of_christians_UA,https://t.me/help_of_christians_UA
–°–≤—è—Ç–æ-–£—Å–ø–µ–Ω—Å–∫–∏–π –ù–∏–∫–æ–ª–æ-–í–∞—Å–∏–ª—å–µ–≤—Å–∫–∏–π –º–æ–Ω–∞—Å—Ç—ã—Ä—å,https://uk.tgstat.com/channel/@Zosima_Monastery,https://t.me/Zosima_Monastery
–ß–µ—Ä–Ω—ñ–≤–µ—Ü—å–∫–æ-–ë—É–∫–æ–≤–∏–Ω—Å—å–∫–∞ —î–ø–∞—Ä—Ö—ñ—è –£–ü–¶,https://uk.tgstat.com/channel/@orthobuk,https://t.me/orthobuk
–í–µ—Å–µ–ª–∏–π –ø—ñ–ø,https://uk.tgstat.com/channel/@veseliy_pip,https://t.me/veseliy_pip
–¶–µ—Ä–∫–≤–∞ –ë—ñ–±–ª—ñ—è —ñ –∂–∏—Ç—Ç—è - –ë–ª–∞–≥–æ–¥—ñ–π–Ω–∞ –¥–æ–ø–æ–º–æ–≥–∞ —Ç–∞ –∑–∞—Ö–æ–¥–∏,https://uk.tgstat.com/channel/@bizh_help,https://t.me/bizh_help
–ù–æ—Ç–∞—Ç–∫–∏ –í—ñ–∫–∏,https://uk.tgstat.com/channel/@vikiny_zametki,https://t.me/vikiny_zametki
–ë–ò–ë–õ–ò–Ø –û–ù–õ–ê–ô–ù,https://uk.tgstat.com/channel/@tobible,https://t.me/tobible
–ì—É–º–∞–Ω—ñ—Ç–∞—Ä–Ω–∞ –¥—ñ—è –†–∏–º–æ-–∫–∞—Ç–æ–ª–∏—Ü—å–∫–æ—ó —Ü–µ—Ä–∫–≤–∏ (–ó–∞–ø–æ—Ä—ñ–∂–∂—è –ë–∞–±—É—Ä–∫–∞),https://uk.tgstat.com/channel/@dopomohakatolikbaburka,https://t.me/dopomohakatolikbaburka
–û–õ–¨–ì–ê –ë–ï–†–õ–Ü–ù–°–¨–ö–ê –í–û–õ–•–í–ê –ú–û–õ–ò–¢–í–ê,https://uk.tgstat.com/channel/@VolxvaUk,https://t.me/VolxvaUk
–Ñ–•–ë | –ë—Ä–∞—Ç—Å—Ç–≤–æ,https://uk.tgstat.com/channel/@baptystsUA,https://t.me/baptystsUA
yesHEis —Å–æ–ª–æ–≤‚Äò—ó–Ω–æ—é üá∫üá¶,https://uk.tgstat.com/channel/@yesheisua,https://t.me/yesheisua
–•—Ä–∏—Å—Ç–∏—è–Ω—Å—å–∫—ñ –≤—ñ—Ä—à—ñ,https://uk.tgstat.com/channel/@virshi_for_God,https://t.me/virshi_for_God
–•—Ä–∏—Å—Ç–∏—è–Ω—Å—å–∫–∞ —Ü–µ—Ä–∫–≤–∞ –Ω–∞ –õ—ñ—Å–æ–≤–æ–º—É –º–∞—Å–∏–≤—ñ,https://uk.tgstat.com/channel/@Dim_Arhitektora,https://t.me/Dim_Arhitektora
üìñ–ò—Å—Å–ª–µ–¥—É–π—Ç–µ –ü–∏—Å–∞–Ω–∏—èüìñ,https://uk.tgstat.com/channel/@BibelStudium,https://t.me/BibelStudium
–ö–ê–¢–ê–õ–û–ì –•–†–ò–°–¢–ò–ê–ù,https://uk.tgstat.com/channel/@FullChristianCatalog,https://t.me/FullChristianCatalog
–ë–Ü–ë–õ–Ü–Ø –ó–ê 2023 –†–Ü–ö,https://uk.tgstat.com/channel/@bibliaforyear,https://t.me/bibliaforyear
‚úô Churcher ‚úô,https://uk.tgstat.com/channel/@churcher_info,https://t.me/churcher_info
üÖ≤üÖ∑üÖºüÜÑüÜÇüÜÇüÖ∏üÖ≤,https://uk.tgstat.com/channel/@chmussic,https://t.me/chmussic
–ù–ê–î–Ü–Ø –Ñ! |–•–∞—Ä–∫—ñ–≤ –î–æ–ø–æ–º–æ–≥–∞,https://uk.tgstat.com/channel/@NadiiayeKharkiv,https://t.me/NadiiayeKharkiv
–ë—ñ–±–ª—ñ–π–Ω—ñ –∑–∞–≥–∞–¥–∫–∏ —Ç–∞ –∫–æ–Ω–∫—É—Ä—Å–∏ UA,https://uk.tgstat.com/channel/@bible_quest,https://t.me/bible_quest
üïä—Ç–∏—Ö–∏–π –∫—É—Ç–æ—á–æ–∫ –º–æ—î—ó –¥—É—à—ñüïä,https://uk.tgstat.com/channel/@tyhyikutochok,https://t.me/tyhyikutochok
–ë–∏–±–ª–µ–π—Å–∫–∏–µ –≤–æ–ø—Ä–æ—Å—ã,https://uk.tgstat.com/channel/@biblemystery,https://t.me/biblemystery
–ì—É—Ä—Ç ¬´–£ –•–†–ò–°–¢–Ü¬ª - official,https://uk.tgstat.com/channel/@gurt_U_HRYSTI,https://t.me/gurt_U_HRYSTI
"–ë–∏–±–ª–∏—è ""The Message""",https://uk.tgstat.com/channel/@msg_rus,https://t.me/msg_rus
"“ê–æ—É, –º–æ–ª–æ–¥—å! üöÄ",https://uk.tgstat.com/channel/@gomolod,https://t.me/gomolod
Spiritual Stories,https://uk.tgstat.com/channel/@spiritual_stories,https://t.me/spiritual_stories
‚úô –ù–¢–ü ‚úô,https://uk.tgstat.com/channel/@nt_orthodox,https://t.me/nt_orthodox
–û–¥–µ—Å—Å–∫–∞—è –µ–ø–∞—Ä—Ö–∏—è,https://uk.tgstat.com/channel/@odeparh,https://t.me/odeparh
Raskolam.net,https://uk.tgstat.com/channel/@antiraskol,https://t.me/antiraskol
islam.ua - –Ü—Å–ª–∞–º –≤ –£–∫—Ä–∞—ó–Ω—ñ,https://uk.tgstat.com/channel/@islam_ua_dumu,https://t.me/islam_ua_dumu
–ú–∏–∫–æ–ª–∞–π –î–∞–Ω–∏–ª–µ–≤–∏—á,https://uk.tgstat.com/channel/@MykolayDanylevych,https://t.me/MykolayDanylevych
–î–æ–ø–æ–º–æ–≥–∞ –ø–µ—Ä–µ—Å–µ–ª–µ–Ω—Ü—è–º –ö–∞–º‚Äò—è–Ω—Å—å–∫–æ–≥–æ,https://uk.tgstat.com/channel/@dop_peresel_Kamyanskoho,https://t.me/dop_peresel_Kamyanskoho
W·ßêr·•£…ó ·ßêf s·¥õy·•£is…¶ ‚≤ô·•ôsi·•¥ üéß,https://uk.tgstat.com/channel/@ariso4ka,https://t.me/ariso4ka
–ß–∏—Ç–∞–π —ñ –ü–µ—Ä–µ–º–∞–≥–∞–π,https://uk.tgstat.com/channel/@spasinnya,https://t.me/spasinnya
–ü–†–û–ß–ò–¢–ê–ô –ë–Ü–ë–õ–Ü–Æ –ó–ê –†–Ü–ö,https://uk.tgstat.com/channel/@bibleforyear,https://t.me/bibleforyear
"""–ò—Å—Å–ª–µ–¥—É—è –ü–∏—Å–∞–Ω–∏–µ"" | –ó–ê–ì–ê–î–ö–ò –ò –í–ò–ö–¢–û–†–ò–ù–´",https://uk.tgstat.com/channel/@christian_riddles,https://t.me/christian_riddles
Hodorchuk BLOG ‚úçÔ∏è,https://uk.tgstat.com/channel/@HodorchukBLOG,https://t.me/HodorchukBLOG
–°–ü–ñ ¬´–°–ø—ñ–ª–∫–∞ –ø—Ä–∞–≤–æ—Å–ª–∞–≤–Ω–∏—Ö –∂—É—Ä–Ω–∞–ª—ñ—Å—Ç—ñ–≤¬ª,https://uk.tgstat.com/channel/@SPG_ukr,https://t.me/SPG_ukr
–•—Ä–∏—Å—Ç–∏—è–Ω–∏,https://uk.tgstat.com/channel/@christiansua,https://t.me/christiansua
–û–Ñ–û–£ | –û–ï–û–£ | UJCU,https://uk.tgstat.com/channel/@UJCUkraine,https://t.me/UJCUkraine
–ö–∏—ó–≤—Å—å–∫–∞ –¥—É—Ö–æ–≤–Ω–∞ –∞–∫–∞–¥–µ–º—ñ—è,https://uk.tgstat.com/channel/@kdaiskievua,https://t.me/kdaiskievua
–•—Ä–∏—Å—Ç–∏—è–Ω—Å—å–∫—ñ –≤—ñ—Ä—à—ñ,https://uk.tgstat.com/channel/@poemss_christian,https://t.me/poemss_christian
–¶–µ–Ω—Ç—Ä —ñ–Ω—Ñ–æ—Ä–º–∞—Ü—ñ—ó –£–ü–¶,https://uk.tgstat.com/channel/@church_information_center,https://t.me/church_information_center
–†—ñ–≤–Ω–µ. –ì–æ–ª–æ—Å –¶–µ—Ä–∫–≤–∏,https://uk.tgstat.com/channel/@golostserkvy,https://t.me/golostserkvy
–ü–†–ê–ú–Ü–•–ê,https://uk.tgstat.com/channel/@pramykha,https://t.me/pramykha
–ü—Å–∞–ª—Ç–∏—Ä,https://uk.tgstat.com/channel/@molutvaPsaltur,https://t.me/molutvaPsaltur
‚Ä¢–ò–°–õ–ê–ú‚Ä¢–î–ï–¢–Ø–ú‚Ä¢,https://uk.tgstat.com/channel/@IslamDetyamUA,https://t.me/IslamDetyamUA
–û–±–æ–¥—Ä—è—é—â–∞—è –∏—Å—Ç–æ—Ä–∏—è —Ö—Ä–∏—Å—Ç–∏–∞–Ω—Å—Ç–≤–∞,https://uk.tgstat.com/channel/@ObodrenieHistory,https://t.me/ObodrenieHistory
–ü–û–ß–ê–á–í–°–¨–ö–ò–ô –õ–ò–°–¢–û–ö,https://uk.tgstat.com/channel/@pochaivlistok,https://t.me/pochaivlistok
–°–ê–õ–¢–ê–ù–ï–ù–ö–û,https://uk.tgstat.com/channel/@saltanenko,https://t.me/saltanenko
–ö–û–õ–û,https://uk.tgstat.com/channel/RrqZ4lQK80szYjMy,https://t.me/joinchat/RrqZ4lQK80szYjMy
–î —É –º –∫ –∏ ‚ô°Ô∏é —Å –µ —Ä —Ü —è,https://uk.tgstat.com/channel/@thoughts_heart,https://t.me/thoughts_heart
–ú–æ–ª–∏—Ç–æ–≤–Ω–∏–∫ –£–ì–ö–¶,https://uk.tgstat.com/channel/@prayer_ugcc,https://t.me/prayer_ugcc
ùëæùíêùíìùíçùíÖ ùíêùíá ùë∂ùíìùíïùíâùíêùíÖùíêùíôùíöüåçüïä –°–≤—ñ—Ç –ü—Ä–∞–≤–æ—Å–ª–∞–≤'—è üïäÔ∏è,https://uk.tgstat.com/channel/@world_orthodoxy,https://t.me/world_orthodoxy
–ß–æ—Ä–Ω–∏–π –≥–∞–π–¥–∞–º–∞–∫–∞,https://uk.tgstat.com/channel/@secretukraine7,https://t.me/secretukraine7
–ú–æ–Ω–∞—Å—Ç–∏—Äc—å–∫–∏–π –≤—ñ—Å–Ω–∏–∫ –£–∫—Ä–∞—ó–Ω–∏,https://uk.tgstat.com/channel/@monasteriesofuoc,https://t.me/monasteriesofuoc
–î—ã—à—É –º–æ–ª–∏—Ç–≤–æ–πüôèüèªüôèüèªüôèüèª,https://uk.tgstat.com/channel/@molitvaza,https://t.me/molitvaza
–í–æ–∏–Ω—Å—Ç–≤—É—é—â–∏–π –∞—Ç–µ–∏—Å—Ç,https://uk.tgstat.com/channel/@AtheistW,https://t.me/AtheistW
Christian musicüå∏,https://uk.tgstat.com/channel/@Christiannn_music,https://t.me/Christiannn_music
–î–∂–æ–Ω –ë–∏–≤–µ—Ä,https://uk.tgstat.com/channel/@johnbevere,https://t.me/johnbevere
–ù–æ—Ç–∞—Ç–∫–∏ —Ö—Ä–∏—Å—Ç–∏—è–Ω–∏–Ω–∞,https://uk.tgstat.com/channel/@notes_christian,https://t.me/notes_christian
–í—ñ—Ä—É—Å–Ω—ñ –º–∏—Ç–∞—Ä—Å—Ç–≤–∞,https://uk.tgstat.com/channel/@religus,https://t.me/religus
–ì–û–õ–û–° –©–û –ö–õ–ò–ß–ï...,https://uk.tgstat.com/channel/@golos_bible,https://t.me/golos_bible
"–¢–∏–º –ö–µ–ª–ª–µ—Ä: –º—ã—Å–ª–∏, —Ü–∏—Ç–∞—Ç—ã, –≤–¥–æ—Ö–Ω–æ–≤–µ–Ω–∏–µ",https://uk.tgstat.com/channel/@ObodrenieTimKeller,https://t.me/ObodrenieTimKeller
–†–æ–±–æ—Ç–∞ –≤ —Ö—Ä–∏—Å—Ç–∏—è–Ω—Å—å–∫–∏—Ö –æ—Ä–≥–∞–Ω—ñ–∑–∞—Ü—ñ—è—Ö,https://uk.tgstat.com/channel/@cvjobs,https://t.me/cvjobs
–ê—Ä—Ö—ñ—î–ø–∏—Å–∫–æ–ø –í—ñ–∫—Ç–æ—Ä (–ö–æ—Ü–∞–±–∞),https://uk.tgstat.com/channel/@bishopvictor,https://t.me/bishopvictor
–ö–∞—Ä—ñ—Ç–∞—Å –°–ø–µ—Å –£–º–∞–Ω—å,https://uk.tgstat.com/channel/@CARITAS_UMAN,https://t.me/CARITAS_UMAN
–û—Å–æ–±–ª–∏–≤—ñ —Ö—Ä–∏—Å—Ç–∏—è–Ω—Å—å–∫—ñ –≤—ñ—Ä—à—ñ üôè‚ù§Ô∏è,https://uk.tgstat.com/channel/@virhuk,https://t.me/virhuk
"üíõ –î–ê–í–ê–ô –°–¨–û–ì–û–î–ù–Ü üíô —î–≤–∞–Ω–≥–µ–ª—ñ–∑–∞—Ü—ñ—è, –º—ñ—Å—ñ—è, —Ö—Ä–∏—Å—Ç–∏—è–Ω—Å—å–∫—ñ, –±–ª–∞–≥–æ–≤—ñ—Å—Ç—è, –ë—ñ–±–ª—ñ—è",https://uk.tgstat.com/channel/@davayukraine,https://t.me/davayukraine
–ö–ª–∞–π–≤ –°—Ç–µ–π–ø–ª–∑ –õ—å—é—ó—Åüá∫üá¶,https://uk.tgstat.com/channel/@cslewisua,https://t.me/cslewisua
–í–ª–∞–¥–∏—Å–ª–∞–≤ –ö–æ–≤—ã–Ω–µ–≤,https://uk.tgstat.com/channel/@kovyniev_blog,https://t.me/kovyniev_blog
–£–∫—Ä–∞—ó–Ω—Å—å–∫—ñ –ø—ñ—Å–Ω—ñ - –°–ø—ñ–≤—É—á–∏–π —Å—Ç—Ä—É–º–æ–∫ üéµ,https://uk.tgstat.com/channel/@UkrainianSongs9,https://t.me/UkrainianSongs9
–•—Ä–∏—Å—Ç–∏–∞–Ω—Å–∫–∏–µ online –º–æ–ª–æ–¥—ë–∂–∫–∏üïä,https://uk.tgstat.com/channel/d3ggiRfVm1lhNjdi,https://t.me/joinchat/d3ggiRfVm1lhNjdi
–©–æ–¥–µ–Ω–Ω–∏–∫ –Ω–∞–¥—ñ—ó. –°–µ—Ä–≥—ñ–π –°—Ç–µ–ø–∞–Ω—é–∫,https://uk.tgstat.com/channel/@steptv,https://t.me/steptv
–ù–æ–≤–∏–Ω–∏ –£–ì–ö–¶,https://uk.tgstat.com/channel/@news_ugcc,https://t.me/news_ugcc
üèî–ë—É–¥–∏–Ω–æ–∫ –Ω–∞ –≥–æ—Ä—ñüèî,https://uk.tgstat.com/channel/@lifeisnicegood,https://t.me/lifeisnicegood
Baptist Youth Ukraine,https://uk.tgstat.com/channel/@baptistyouthua,https://t.me/baptistyouthua
–©–æ–¥–µ–Ω–Ω–∏–∫ –ø–∞—Å—Ç–æ—Ä–∞,https://uk.tgstat.com/channel/@pastorsdiary,https://t.me/pastorsdiary
–û –¶–µ—Ä–∫–≤–∏ –∏ –æ –ª—é–¥—è—Ö,https://uk.tgstat.com/channel/@churchpeople,https://t.me/churchpeople
–ó–∞—Å—Ç—É–ø–Ω–∏–∫–∏ –£–∫—Ä–∞—ó–Ω–∏,https://uk.tgstat.com/channel/@pray_for_ua,https://t.me/pray_for_ua
–û–¢–†–û–ö.ua,https://uk.tgstat.com/channel/@otrokUA,https://t.me/otrokUA
–ü—Ä–æ–ø–æ–≤—ñ–¥—ñ —Å–µ–º—ñ–Ω–∞—Ä–∏,https://uk.tgstat.com/channel/@prosermon,https://t.me/prosermon
–ë—ñ–±–ª—ñ—è on I i n e ‚úàÔ∏è –æ–Ω–ª–∞–π–Ω,https://uk.tgstat.com/channel/0UWHX9lKv7sxMWVi,https://t.me/joinchat/0UWHX9lKv7sxMWVi
–ü–µ—Ä–µ–∫–ª–∞–¥–∏ —Ö—Ä–∏—Å—Ç–∏—è–Ω—Å—å–∫–∏—Ö –ø—ñ—Å–µ–Ω—å,https://uk.tgstat.com/channel/QK2a49kDzoo5OTIy,https://t.me/joinchat/QK2a49kDzoo5OTIy
–£–∫—Ä–∞—ó–Ω—Å—å–∫–∞ –¶–µ—Ä–∫–≤–∞ –•—Ä–∏—Å—Ç–∏—è–Ω –í—ñ—Ä–∏ –Ñ–≤–∞–Ω–≥–µ–ª—å—Å—å–∫–æ—ó,https://uk.tgstat.com/channel/@uapentecostal,https://t.me/uapentecostal
–°–ª–æ–≤–æ –ø—Ä–æ –°–ª–æ–≤–æ,https://uk.tgstat.com/channel/@slovopro,https://t.me/slovopro
MESSAGE: –±–ª–æ–≥ –ü–∞–≤–ª–∞ –§–µ–¥–æ—Ä—É–∫–∞,https://uk.tgstat.com/channel/@p_fedoruk,https://t.me/p_fedoruk
–¢–µ—Ä—Ä–∏—Ç–æ—Ä–∏—è –≤–µ—Ä—ã üëèüëèüëè,https://uk.tgstat.com/channel/@TerritoriaFaith,https://t.me/TerritoriaFaith
+padrelive,https://uk.tgstat.com/channel/@padre_live,https://t.me/padre_live
–°—Ç—É–¥—ñ—è –ó–∞—Ö—ñ–¥–Ω–æ—É–∫—Ä–∞—ó–Ω—Å—å–∫–æ–≥–æ –æ–±'—î–¥–Ω–∞–Ω–Ω—è –ú–°–¶ –Ñ–•–ë,https://uk.tgstat.com/channel/@westukrstudio,https://t.me/westukrstudio
–ü–∞—Å—Ç–æ—Ä—Å—å–∫–∏–π —â–æ–¥–µ–Ω–Ω–∏–∫,https://uk.tgstat.com/channel/@pastormykola,https://t.me/pastormykola
–ê–±–µ—Ç–∫–∞ –ü–æ–∫–ª–æ–Ω—ñ–Ω–Ω—è,https://uk.tgstat.com/channel/@abcworship,https://t.me/abcworship
Channel for the soul üñáÔ∏è,https://uk.tgstat.com/channel/@psalmmay,https://t.me/psalmmay
–í—ñ–¥—Ä–∞–¥–Ω–∏–π –•—Ä–∏—Å—Ç–∏—è–Ω–∏–Ω ‚Ä†,https://uk.tgstat.com/channel/@vidradnyichristianin,https://t.me/vidradnyichristianin
–¶–µ—Ä–∫–≤–∞ –°–ø–∞—Å—ñ–Ω–Ω—è –î–æ–ø–æ–º–æ–≥–∞,https://uk.tgstat.com/channel/@Salvation_church_help,https://t.me/Salvation_church_help
–ù—ñ–∂–∏–Ω—Å—å–∫–∞ —î–ø–∞—Ä—Ö—ñ—è –£–ü–¶,https://uk.tgstat.com/channel/@nizhin_eparkhia,https://t.me/nizhin_eparkhia
–ù–¢–ü –ù–æ–≤–∏–Ω–∏,https://uk.tgstat.com/channel/@orthodox_news,https://t.me/orthodox_news
"“ê–æ—É, –ª—ñ–¥–µ—Ä! üöÄ - –ø—Ä–æ—Å—Ç—ñ—Ä —Ç–≤–æ–≥–æ –∑—Ä–æ—Å—Ç–∞–Ω–Ω—è!",https://uk.tgstat.com/channel/@golider,https://t.me/golider
BibleQuest. –ü—Ä–æ –ë—ñ–±–ª—ñ—é —É–∫—Ä–∞—ó–Ω—Å—å–∫–æ—é,https://uk.tgstat.com/channel/@BibleQuest,https://t.me/BibleQuest
CREDO,https://uk.tgstat.com/channel/@CREDOpro,https://t.me/CREDOpro
–í–ª–∞—Å–Ω–∏–π –ø–æ–≥–ª—è–¥ - GENISSH,https://uk.tgstat.com/channel/@genissh_blogspot,https://t.me/genissh_blogspot
–ü–æ–∫–ª–∏–∫–∞–Ω–∞ –Ω–µ—Å—Ç–∏ –∂–∏—Ç—Ç—è,https://uk.tgstat.com/channel/@womenministry_ua,https://t.me/womenministry_ua
–¶–µ—Ä–∫–≤–∞ –¥–æ–ø–æ–º–∞–≥–∞—î,https://uk.tgstat.com/channel/@blago_church_ua,https://t.me/blago_church_ua
–§—ñ–ª—å—Ç—Ä –∑ –ø–∞—Å—Ç–æ—Ä–æ–º,https://uk.tgstat.com/channel/@shtundacoffee,https://t.me/shtundacoffee
Song_christian,https://uk.tgstat.com/channel/@song_christian,https://t.me/song_christian
Islamic Media Ukraine Ô∏èÔ∏è- –Ü—Å–ª–∞–º –≤ –£–∫—Ä–∞—ó–Ω—ñ,https://uk.tgstat.com/channel/@islamicmediaukraine,https://t.me/islamicmediaukraine
–í—ñ–Ω–Ω–∏—Ü—å–∫–∞ —î–ø–∞—Ä—Ö—ñ—è –£–ü–¶,https://uk.tgstat.com/channel/@UOCVin,https://t.me/UOCVin
TWR UA | Info,https://uk.tgstat.com/channel/@twrua_info,https://t.me/twrua_info
‚ûï–ü—Ä–æ—Ç–µ—Å—Ç–∞–Ω—Ç–∏ –£–∫—Ä–∞—ó–Ω–∏ üíôüíõ,https://uk.tgstat.com/channel/@Protestantizm,https://t.me/Protestantizm
–ú–æ–ª–∏—Å—å –∑–∞ –£–∫—Ä–∞—ó–Ω—É,https://uk.tgstat.com/channel/@prayer_is_power,https://t.me/prayer_is_power
"–¶–µ—Ä–∫–≤–∞ ""–ü—Ä–µ–æ–±—Ä–∞–∂–µ–Ω–Ω—è""",https://uk.tgstat.com/channel/@PreoChurch,https://t.me/PreoChurch
Coffee House,https://uk.tgstat.com/channel/@coffeehouse_cv,https://t.me/coffeehouse_cv
"–¶–µ—Ä–∫–≤–∞ ""–ï–º–º–∞–Ω—É—ó–ª"" | –º. –ö–∏—ó–≤",https://uk.tgstat.com/channel/@emmanuilchurch,https://t.me/emmanuilchurch
Khcc.center,https://uk.tgstat.com/channel/@KhccCenter,https://t.me/KhccCenter
–û–ø–∏—É–º –¥–ª—è –Ω–∞—Ä–æ–¥–∞ | –ò–Ω—Ç–µ—Ä–µ—Å–Ω—ã–π –∫–∞–Ω–∞–ª –æ —Ä–µ–ª–∏–≥–∏–∏ –∏ –Ω–µ —Ç–æ–ª—å–∫–æ,https://uk.tgstat.com/channel/@opium_dlya_naroda,https://t.me/opium_dlya_naroda
‚Ä† –£–∫—Ä–∞—ó–Ω—Å—å–∫–∞ –¶–µ—Ä–∫–≤–∞ –≤ –Ü—Ä–ª–∞–Ω–¥—ñ—ó (–£–ì–ö–¶).,https://uk.tgstat.com/channel/@UGCCIreland,https://t.me/UGCCIreland
Bible English_WUN,https://uk.tgstat.com/channel/@BibleEnglish_WUN,https://t.me/BibleEnglish_WUN
–°—Å—ã–ª–∫–∏ —Ö—Ä–∏—Å—Ç–∏–∞–Ω,https://uk.tgstat.com/channel/@linksChristians,https://t.me/linksChristians
–í–µ–ª–∏–∫–µ –≤ –º–∞–ª–æ–º—É üåê,https://uk.tgstat.com/channel/@big_in_small,https://t.me/big_in_small
–ë—ñ–±–ª—ñ—è üôè –í—ñ—Ä—à –î–Ω—è,https://uk.tgstat.com/channel/@virshdnya,https://t.me/virshdnya
–ê—É–¥–∏–æ–∑–∞–ø–∏—Å–∏ –ò–æ–Ω–∏–Ω—Å–∫–æ–π –º–æ–ª–æ–¥–µ–∂–∫–∏,https://uk.tgstat.com/channel/@iona_molodezhka,https://t.me/iona_molodezhka
–•—Ä–∏—Å—Ç–∏—è–Ω—Å—å–∫—ñ –∫–∞–Ω–∞–ª–∏ –£–∫—Ä–∞—ó–Ω–∏,https://uk.tgstat.com/channel/@Bible_channels_UA,https://t.me/Bible_channels_UA
–¢–∞–Ω–∏—è –∏ –¢–æ—Ä–∞ - –•–∏–¢–∞–°,https://uk.tgstat.com/channel/@TaniaHitas,https://t.me/TaniaHitas
Youth Adventist Ukraine (official channel),https://uk.tgstat.com/channel/@adventistyouth,https://t.me/adventistyouth
–°–ª—É–∂—ñ–Ω–Ω—è –∂–∏—Ç—Ç—è,https://uk.tgstat.com/channel/@ministryoflife,https://t.me/ministryoflife
"–•—Ä–∏—Å—Ç–∏—è–Ω—Å—å–∫–∞ —Ü–µ—Ä–∫–≤–∞ ""–§—ñ–ª–∞–¥–µ–ª—å—Ñ—ñ—è""",https://uk.tgstat.com/channel/@philadkyiv,https://t.me/philadkyiv
MinuteJoy,https://uk.tgstat.com/channel/@minutejoy,https://t.me/minutejoy
–î–æ–±—Ä–∏–π —Å–∞–º–∞—Ä—è–Ω–∏–Ω –í–∏–Ω–Ω–∏–∫–∏,https://uk.tgstat.com/channel/@good_samaritan_lviv,https://t.me/good_samaritan_lviv
–ë–æ–≥ –ø–æ—Ä—É—áüïä,https://uk.tgstat.com/channel/@bog_poruch,https://t.me/bog_poruch
–ù–µ–±–µ—Å–Ω–∏–π –¢–∞—Ç–æ,https://uk.tgstat.com/channel/@nebesniy_tato,https://t.me/nebesniy_tato
HolyBibleüìñua,https://uk.tgstat.com/channel/@BibleHolyUkr,https://t.me/BibleHolyUkr
–°–∏–Ω–æ–¥–∞–ª—å–Ω–∞ –ª—ñ—Ç—É—Ä–≥—ñ—á–Ω–∞ –∫–æ–º—ñ—Å—ñ—è –£–ü–¶,https://uk.tgstat.com/channel/@LitDep_UOC,https://t.me/LitDep_UOC
–¶–µ—Ä–∫–æ–≤—å DIGITAL,https://uk.tgstat.com/channel/@ocu_live,https://t.me/ocu_live
–í–µ–ª–µ—Å–æ–≤—å –≤–Ω—É–∫—ä,https://uk.tgstat.com/channel/@VlslvShpt,https://t.me/VlslvShpt
–•—Ä–∏—Å—Ç–∏—è–Ω—Å—å–∫—ñ –ø—Å–∞–ª–º–∏üòä,https://uk.tgstat.com/channel/@tet1245,https://t.me/tet1245
Forpost —Å–ªi–¥–æ–ø–∏—Ç–∞,https://uk.tgstat.com/channel/@forpostpathfinder,https://t.me/forpostpathfinder
–ö–∞–º—ñ–Ω–Ω–∏–π —Ö—Ä–µ—Å—Ç,https://uk.tgstat.com/channel/@diasporiana,https://t.me/diasporiana
–ö–∞—Ñ–µ–¥—Ä–∞–ª—å–Ω–∏–π —Å–æ–±–æ—Ä –º. –ß–µ—Ä–Ω—ñ–≤—Ü—ñ,https://uk.tgstat.com/channel/@chernivtsi_cathedral,https://t.me/chernivtsi_cathedral
–§–û–ú–ê –≤ –£–∫—Ä–∞–∏–Ω–µ,https://uk.tgstat.com/channel/@FOMA_in_Ukraine,https://t.me/FOMA_in_Ukraine
DDMkp,https://uk.tgstat.com/channel/@ddmkp,https://t.me/ddmkp
üå∫–•—Ä–∏—Å—Ç–∏—è–Ω—Å—å–∫–∞ –º—É–∑–∏–∫–∞üëç,https://uk.tgstat.com/channel/@storenki,https://t.me/storenki
–°–ª—É–∂—ñ–Ω–Ω—è ¬´–ë–ª–∞–≥–æ–¥–∞—Ç—Ç—é —á–µ—Ä–µ–∑ –≤—ñ—Ä—É¬ª,https://uk.tgstat.com/channel/@GraceFaith_ministry,https://t.me/GraceFaith_ministry
"–•–†–ò–°–¢–ò–ê–ù–°–ö–ê–Ø –¶–ï–†–ö–û–í–¨ –ù–ê–î–ï–ñ–î–ê –ü–û–ö–û–õ–ï–ù–ò–ô –ó–ê–ü–û–†–û–ñ–¨–ï, –£–ö–†–ê–ò–ù–ê",https://uk.tgstat.com/channel/@hg_church,https://t.me/hg_church
CIUA _Christian International –£–∫—Ä–∞—ó–Ω–∞,https://uk.tgstat.com/channel/@CI_UA,https://t.me/CI_UA
Baptist Youth Rivne,https://uk.tgstat.com/channel/@BAPTISTRV,https://t.me/BAPTISTRV
–¶–µ—Ä–∫–≤–∞ ¬´–î—ñ–º –•–ª—ñ–±–∞¬ª –ö—Ä–∏–≤–∏–π –†—ñ–≥,https://uk.tgstat.com/channel/@domhleba_kr,https://t.me/domhleba_kr
Spasinnya Youth,https://uk.tgstat.com/channel/@spasinnyayouth,https://t.me/spasinnyayouth
Baptist Youth Chernivtsi,https://uk.tgstat.com/channel/@bukovinabaptist,https://t.me/bukovinabaptist
üïä·¥Ñ ú Ä…™s·¥õ…™·¥Ä…¥_·¥ç·¥ús…™·¥ãùü∏ùü∂ùü∏ùüπü§ç,https://uk.tgstat.com/channel/@Christian_musik2023,https://t.me/Christian_musik2023
–°—Ç—É–¥–µ–Ω—Ç—Å—å–∫–∞ –¶–µ—Ä–∫–≤–∞,https://uk.tgstat.com/channel/@studentchurch_adventist_ua,https://t.me/studentchurch_adventist_ua
–ü–æ–ª—å—Å—å–∫–∏–π –ë—ñ–±–ª—ñ–π–Ω–∏–π –∫–∞–Ω–∞–ª: Pismo/jƒôzyk,https://uk.tgstat.com/channel/@Studium_Biblii,https://t.me/Studium_Biblii
–ó–∞–º–µ—Ç–∫–∏ –æ —Ä–∞–∑–Ω–æ–º ‚öì,https://uk.tgstat.com/channel/@systematictheology,https://t.me/systematictheology
–ë—ñ–±–ª—ñ–π–Ω–∞ —Å–µ–º—ñ–Ω–∞—Ä—ñ—è –±–ª–∞–≥–æ–¥–∞—Ç—ñ,https://uk.tgstat.com/channel/@Pastor_community,https://t.me/Pastor_community
–ù–æ–≤–∏–Ω–∏/–ü–æ–¥—ñ—ó –ö–¶–• / KCOC üì¨,https://uk.tgstat.com/channel/@KCOC_news,https://t.me/KCOC_news
PHL YOUTH,https://uk.tgstat.com/channel/@philadyouth,https://t.me/philadyouth
–î—É—Ö–æ–≤–Ω–∞ –∞—Ä–º—ñ—è –£–∫—Ä–∞—ó–Ω–∏ üá∫üá¶,https://uk.tgstat.com/channel/@holy_army_of_ukraine,https://t.me/holy_army_of_ukraine
üá∫üá¶ –ü—ñ—Å–Ω—ñ —Ç–∞ ‚úùÔ∏è —Ñ–æ–Ω–æ–≥—Ä–∞–º–∏,https://uk.tgstat.com/channel/@cristmusik,https://t.me/cristmusik
God is life!ü§ç,https://uk.tgstat.com/channel/@Godisslife,https://t.me/Godisslife
"–¶–µ—Ä–∫–≤–∞ ""–î—ñ–º –Ñ–≤–∞–Ω–≥–µ–ª—ñ—è""",https://uk.tgstat.com/channel/@BaptistVnUa,https://t.me/BaptistVnUa
–ö–∏—ó–≤—Å—å–∫–∞ –ê—Ä—Ö–∏—î–ø–∞—Ä—Ö—ñ—è –£–ì–ö–¶,https://uk.tgstat.com/channel/@ugcckyiv,https://t.me/ugcckyiv
–ñ–∏—Ç—Ç—è –∑ –ë–æ–≥–æ–º,https://uk.tgstat.com/channel/@POEMSSCHRISTIAN,https://t.me/POEMSSCHRISTIAN
–ë—ñ–±–ª—ñ–π–Ω–∞ –∫–Ω–∏–≥–∞—Ä–Ω—è üá∫üá¶,https://uk.tgstat.com/channel/@biblesLviv,https://t.me/biblesLviv
–©–û–î–ï–ù–ù–Ü –†–û–ó–î–£–ú–ò –ü–†–û –ü–û–ö–õ–û–ù–Ü–ù–ù–Ø,https://uk.tgstat.com/channel/@worship_daily,https://t.me/worship_daily
–•—Ä–∏—Å—Ç–∏—è–Ω–∫–∞ –ø—Ä–æ —Å—Ç–æ—Å—É–Ω–∫–∏,https://uk.tgstat.com/channel/@family_with_God,https://t.me/family_with_God
–ï–≤–∞–Ω–≥–µ–ª–∏—Å—Ç,https://uk.tgstat.com/channel/@evangelllist,https://t.me/evangelllist
–∞–ª–∏–Ω–∞ —Å–æ—É–ª—Å–∏–¥–µ–¥,https://uk.tgstat.com/channel/@soulcided,https://t.me/soulcided
–ê–§–ï–†–ò–°–¢–´ –ú–û–®–ï–ù–ù–ò–ö–ò –§–ê–†–ú–ê–ó–û–ù–´,https://uk.tgstat.com/channel/@AfMoFa,https://t.me/AfMoFa
–Ü—Å—Ç–æ—Ä—ñ—è –¶–µ—Ä–∫–≤–∏: –∫–Ω–∏–≥–∏ —Ç–∞ –¥–æ–∫—É–º–µ–Ω—Ç–∏,https://uk.tgstat.com/channel/@history_Adventism,https://t.me/history_Adventism
–ú–û–õ–û–î–¨ –Ñ–í–†–û–ü–ò,https://uk.tgstat.com/channel/@Molod_in_Europe,https://t.me/Molod_in_Europe
Freedom of Jesus,https://uk.tgstat.com/channel/@freedomofjesus,https://t.me/freedomofjesus
üå∏Life with God üå∏,https://uk.tgstat.com/channel/@christians_anna,https://t.me/christians_anna
–•—Ä–∏—Å—Ç–∏—è–Ω—Å—å–∫—ñ —Ü–∏—Ç–∞—Ç–∏,https://uk.tgstat.com/channel/@hrustianska,https://t.me/hrustianska
–ú–∞–Ω—É—Å–∫—Ä–∏–ø—Ç,https://uk.tgstat.com/channel/@barvu,https://t.me/barvu
–•–µ–Ω—Ç–∞–π–Ω–∏–π –ö—Ä–æ–∫ üá∫üá¶,https://uk.tgstat.com/channel/@h_krock,https://t.me/h_krock
BeLightBC news,https://uk.tgstat.com/channel/@eLightBc,https://t.me/eLightBc
Saviourü§ç,https://uk.tgstat.com/channel/@mmasaviour,https://t.me/mmasaviour
–ï–ª–µ–Ω–∞ –£–∞–π—Ç,https://uk.tgstat.com/channel/@EllenWhiteASD,https://t.me/EllenWhiteASD
–Ü–Ω—Ç–µ—Ä–Ω–µ—Ç-–∫–Ω–∏–≥–∞—Ä–Ω—è BOOKSON,https://uk.tgstat.com/channel/@bookson_com,https://t.me/bookson_com
–¢–∞–∫ –Ω–∞–ø–∏—Å–∞–Ω–æ,https://uk.tgstat.com/channel/@Taknapysano,https://t.me/Taknapysano
–•—Ä–∏—Å—Ç–∏—è–Ω—Å—å–∫–∏–π —Ñ–æ—Ä—É–º,https://uk.tgstat.com/channel/@christianforumua,https://t.me/christianforumua
Autokephalia,https://uk.tgstat.com/channel/@autocephalia,https://t.me/autocephalia
–¶–µ—Ä–∫–≤–∞ ¬´–ù–û–í–ê –ù–ê–î–Ü–Ø¬ª / –£–∂–≥–æ—Ä–æ–¥,https://uk.tgstat.com/channel/@NewHopeUzh,https://t.me/NewHopeUzh
armchurch_kyiv,https://uk.tgstat.com/channel/@armchurchkiev,https://t.me/armchurchkiev
–¢–∞–±—ñ—Ä–Ω–µ —Å–ª—É–∂—ñ–Ω–Ω—è,https://uk.tgstat.com/channel/@kidscamprv,https://t.me/kidscamprv
–ß–¢–û –ë–û–ì –°–æ—á–µ—Ç–∞–ª,https://uk.tgstat.com/channel/@WhatGodcombined,https://t.me/WhatGodcombined
–ì–æ–ª–æ—Å –≤—ñ—Ä—É—é—á–æ–≥–æ,https://uk.tgstat.com/channel/@sv_vera,https://t.me/sv_vera
–¢—ñ–º–æ—Ç—ñ –ö–µ–ª–ª–µ—Ä,https://uk.tgstat.com/channel/@Tkeller,https://t.me/Tkeller
–ê–Ñ–° üéì,https://uk.tgstat.com/channel/@aes_lviv,https://t.me/aes_lviv
üé∂AVmusicüé∂,https://uk.tgstat.com/channel/@avmusiiic,https://t.me/avmusiiic
–ö–æ–≤—á–µ–≥-ArkSingers-Kovcheg,https://uk.tgstat.com/channel/@kovcheg,https://t.me/kovcheg
–ß–ï–†–ö–ê–°–°–ö–ò–ô –ë–õ–ê–ì–û–í–ï–°–¢–ù–ò–ö,https://uk.tgstat.com/channel/@Cherkasy_Blagovestnyk,https://t.me/Cherkasy_Blagovestnyk
Light Up Channel,https://uk.tgstat.com/channel/@lightupclub,https://t.me/lightupclub
–û—Ç–µ—Ü—å –ô–æ—Ö–∞–Ω–∞–Ω,https://uk.tgstat.com/channel/@otec_yohanan,https://t.me/otec_yohanan
House of Salvation,https://uk.tgstat.com/channel/@HouseofSalvationChurch,https://t.me/HouseofSalvationChurch
–†–∞–¥—ñ–æ ¬´–ì–æ–ª–æ—Å –ù–∞–¥—ñ—ó¬ª,https://uk.tgstat.com/channel/@golosnadii,https://t.me/golosnadii
–°–≤—è—Ç–æ-–í–∞—Å–∏–ª—ñ—ó–≤—Å—å–∫—ñ –∫—É—Ä—Å–∏,https://uk.tgstat.com/channel/@stvsl,https://t.me/stvsl
–í—ñ–¥—á—É–≤–∞–π –¥—É—à–µ—éüíúüïä,https://uk.tgstat.com/channel/@zapysnyk01,https://t.me/zapysnyk01
Jesus is always nearü§ç,https://uk.tgstat.com/channel/@Je_Jesus1,https://t.me/Je_Jesus1
–¶—ñ–Ω—É–π–º–æ —á–∞—Å‚è≥üï∞- –π–æ–≥–æ –Ω–µ –ø–æ–≤–µ—Ä–Ω—É—Ç–∏‚åõÔ∏è,https://uk.tgstat.com/channel/@TimeNotReturn,https://t.me/TimeNotReturn
–ñ–∞–≥–∞ –¥–æ –∂–∏—Ç—Ç—è üå±,https://uk.tgstat.com/channel/@marry_heidi,https://t.me/marry_heidi
–†–æ–∑–¥—É–º–∏ –ø–∞—Å—Ç–æ—Ä–∞ | –†–æ–º–∞ –®–µ–≤—á—É–∫,https://uk.tgstat.com/channel/@pastor_shevchuk,https://t.me/pastor_shevchuk
–î–Ω–µ—Å—å,https://uk.tgstat.com/channel/@dnes_info,https://t.me/dnes_info
–ß–ï–†–ö–ê–°–¨–ö–ò–ô –ë–õ–ê–ì–û–í–Ü–°–ù–ò–ö,https://uk.tgstat.com/channel/@Cherkasy_Blagovest,https://t.me/Cherkasy_Blagovest
üåû–í–æ–∑–≤—Ä–∞—â–µ–Ω–∏–µ –∫ –ò—Å—Ç–æ–∫–∞–ºüå≥,https://uk.tgstat.com/channel/@slavyanskoe_mirovozrenie,https://t.me/slavyanskoe_mirovozrenie
Teletransfer,https://uk.tgstat.com/channel/@realityisanenemy,https://t.me/realityisanenemy
–ü–∞—Å—Ç–æ—Ä –ê–Ω–¥—Ä—ñ–π –ì—Ä–∏–Ω–µ–Ω–∫–æ,https://uk.tgstat.com/channel/@pastor_grin,https://t.me/pastor_grin
5 —Ö–≤–∏–ª–∏–Ω –¥–ª—è –∑–º—ñ–Ω‚åõÔ∏è,https://uk.tgstat.com/channel/@five5minutes,https://t.me/five5minutes
–•—Ä–∏—Å—Ç–∏—è–Ω—Å—å–∫–∏–π –§—Ä–æ–Ω—Ç,https://uk.tgstat.com/channel/@cristo_front,https://t.me/cristo_front
Theravada_UA,https://uk.tgstat.com/channel/@TheravadaUA,https://t.me/TheravadaUA
–±–æ–≥–æ—Å–ª–æ–≤–∏ –ø—Ä–∞–¥–∞–ª–∂–∞—é—Ç—å —à—É—Ç—ñ—Ç—å 2,https://uk.tgstat.com/channel/@phjokes,https://t.me/phjokes
–í—ñ–Ω–Ω–∏—Ü—å–∫–æ-–ë–∞—Ä—Å—å–∫–∞ —î–ø–∞—Ä—Ö—ñ—è –ü–¶–£,https://uk.tgstat.com/channel/@upcvinnica,https://t.me/upcvinnica
–¢–≤–æ—è –ø—Ä–æ–≤–∏–∑–∏—è,https://uk.tgstat.com/channel/@zad1444,https://t.me/zad1444
Kan√≥na P√≠steos,https://uk.tgstat.com/channel/@pravilovery,https://t.me/pravilovery
–°–ª–æ–≤–æ –ñ–∏—Ç—Ç—è. –ü–æ–ª—Ç–∞–≤–∞,https://uk.tgstat.com/channel/@wolpl,https://t.me/wolpl
"–ö–ê–õ–ï–ù–î–ê–† 2023 ""–Ü–õ–Æ–°–¢–†–ê–¶–Ü–Ø –•–ê–†–ê–ö–¢–ï–†–ê –ó –ü–ò–°–ê–ù–ù–Ø""",https://uk.tgstat.com/channel/@Biblical_Character,https://t.me/Biblical_Character
–ü–æ —Å—Ç—Ä—É–Ω–∞—Ö –¥—É—à—ñüéª,https://uk.tgstat.com/channel/@on_the_strings_of_the_soul,https://t.me/on_the_strings_of_the_soul
–ú–æ–ª–æ–¥–∞ –ë–æ—Ä–æ–¥–∞,https://uk.tgstat.com/channel/@youngbeard,https://t.me/youngbeard
üåê–ö–ê–ù–ê–õ –•–†–ò–°–¢–ò–Ø–ù–ö–ò üìñ,https://uk.tgstat.com/channel/@cristians_grup,https://t.me/cristians_grup
–ö–æ–ª–µ–ª—å –¢–æ—Ä–∞ - —É—Ä–æ–∫–∏ –¢–æ—Ä—ã –∞–Ω–æ–Ω—Å—ã,https://uk.tgstat.com/channel/@maamar_org,https://t.me/maamar_org
–ü—Ä–æ–ø–æ–≤–µ–¥–∏ –º–∏—Ç—Ä–æ–ø–æ–ª–∏—Ç–∞ –§–µ–æ–¥–æ—Å–∏—è (–°–Ω–∏–≥–∏—Ä—ë–≤–∞),https://uk.tgstat.com/channel/@EpTheodosius,https://t.me/EpTheodosius
–°–∞–¥ –º–æ—î—ó –¥—É—à—ñ ‚ùÄ,https://uk.tgstat.com/channel/@my_soul_garden,https://t.me/my_soul_garden
–©–æ–¥–µ–Ω–Ω–∏–∫ —Ö—Ä–∏—Å—Ç–∏—è–Ω–∏–Ω–∞ üìñ,https://uk.tgstat.com/channel/@lapisoffensionis,https://t.me/lapisoffensionis
–£—Ä–æ–∫–∏,https://uk.tgstat.com/channel/Ntr-vb8eDzMwMDc0,https://t.me/joinchat/Ntr-vb8eDzMwMDc0
Get Organized,https://uk.tgstat.com/channel/@get_organized,https://t.me/get_organized
CBN Emmanuil,https://uk.tgstat.com/channel/@cbn_emmanuil,https://t.me/cbn_emmanuil
–ú–æ–ª–æ–¥—å –¶–ë–ñ,https://uk.tgstat.com/channel/@clgyouth,https://t.me/clgyouth
"–ì—Ä–æ–º–∞–¥–∞ ""–ë–µ–π—Ç —à–∞–ª–æ–º""",https://uk.tgstat.com/channel/@beitshalomkyiv,https://t.me/beitshalomkyiv
–î–æ—Å–ª—ñ–¥–∂—É—é—á–∏ –ü–∏—Å–∞–Ω–Ω—è üìö,https://uk.tgstat.com/channel/@Study_Holly_Scriptures,https://t.me/Study_Holly_Scriptures
Svitle Radio,https://uk.tgstat.com/channel/@svitle,https://t.me/svitle
–ë—ñ–±–ª—ñ–π–Ω–∏–π —ñ–≤—Ä–∏—Ç,https://uk.tgstat.com/channel/@biblical_hebrew,https://t.me/biblical_hebrew
Grace of God,https://uk.tgstat.com/channel/AAAAAE2gdxTEus-fISoF9Q,https://t.me/joinchat/AAAAAE2gdxTEus-fISoF9Q
House Of Shekinah,https://uk.tgstat.com/channel/@houseofshekinah,https://t.me/houseofshekinah
–¢—Ä–∞–Ω—Å–ª—è—Ü—ñ—ó ‚óè –ü–æ–¥—ñ—ó –≤ —Å–æ–±–æ—Ä—ñ,https://uk.tgstat.com/channel/@sobor_voskresinna,https://t.me/sobor_voskresinna
–í–∏—Ö—ñ–¥ —î!,https://uk.tgstat.com/channel/@bogblagodat,https://t.me/bogblagodat
üåê| –ú–æ–ª–∏—Ç–≤–∏ –∑–∞ –£–∫—Ä–∞—ó–Ω—Éüá∫üá¶,https://uk.tgstat.com/channel/@fotoinform,https://t.me/fotoinform
–ñ–∏–≤–æ–π –†–æ–¥–Ω–∏–∫üö∞,https://uk.tgstat.com/channel/@living_spring,https://t.me/living_spring
–¢–≤–æ—è –¶–µ—Ä–∫–≤–∞,https://uk.tgstat.com/channel/@tvoya_tserkva,https://t.me/tvoya_tserkva
–î—ñ–ª—é—Å—å üíö|bohdanakrykota,https://uk.tgstat.com/channel/@franknessheart,https://t.me/franknessheart
–í–≤–µ–¥–µ–Ω—Å–∫–∏–π –û–±—ã–¥–µ–Ω–Ω—ã–π —Ö—Ä–∞–º –≤ –≥.–ö–∏–µ–≤–µ,https://uk.tgstat.com/channel/@Obydennyj_hram,https://t.me/Obydennyj_hram
.:–ù–∞–¥–∏—Ö–∞—é—á—ñ_–ß–∏—Ç–∞–Ω–Ω—è:.,https://uk.tgstat.com/channel/@live_readings,https://t.me/live_readings
–ë–æ–≥ - –ß–æ–ª–æ–≤—ñ–∫ - –î—Ä—É–∂–∏–Ω–∞,https://uk.tgstat.com/channel/@God_husband_wife,https://t.me/God_husband_wife
–°–æ–≤–µ—Ç—Å–∫–∏–π –•—Ä–∏—Å—Ç–∏–∞–Ω–∏–Ω,https://uk.tgstat.com/channel/@sovetskiy_hristianin,https://t.me/sovetskiy_hristianin
–ë—ñ–±–ª—ñ–π–Ω—ñ —Ä–æ–∑–≤–∞–∂–∞–Ω–Ω—è –°–∫–∏–Ω—ñ—ó,https://uk.tgstat.com/channel/@skynia_biblia,https://t.me/skynia_biblia
–£–ü–¶ –Ü—á–Ω—è–Ω—â–∏–Ω–∏,https://uk.tgstat.com/channel/@pravoslawni,https://t.me/pravoslawni
–û–¥–Ω–∞ –º—ã—Å–ª—å,https://uk.tgstat.com/channel/@singlethought,https://t.me/singlethought
–•–æ—á—É –≤—ñ—Ä–∏—Ç–∏ —è–∫ —Ç–∞—Ç–æ —Ç–∞ –º–∞–º–∞,https://uk.tgstat.com/channel/@christian_upbringing_children,https://t.me/christian_upbringing_children
–ù–∞—Ç—Ö–Ω–µ–Ω–Ω—ñ –Ü—Å—É—Å–æ–º‚ú®,https://uk.tgstat.com/channel/@inspiretochanges,https://t.me/inspiretochanges
–•—Ä–∞–º –ø—Ä–µ–ø–æ–¥–æ–±–Ω–æ–≥–æ –ê—Ñ–∞–Ω–∞—Å–∏—è –ê—Ñ–æ–Ω—Å–∫–æ–≥–æ,https://uk.tgstat.com/channel/@St_Afanasiy_Church,https://t.me/St_Afanasiy_Church
–í–µ—Ä—É—é ‚ò¶Ô∏è –ó–∞–ø–æ—Ä–æ–∂—Å–∫–∞—è –æ–±–ª–∞—Å—Ç—å,https://uk.tgstat.com/channel/@provoslavnoe_zo,https://t.me/provoslavnoe_zo
–ú–∞–ª–µ–Ω—å–∫–∏–π —Å–≤—ñ—Ç –≤–µ–ª–∏–∫–æ—ó –¥—É—à—ñüíô,https://uk.tgstat.com/channel/@inspired_by_God,https://t.me/inspired_by_God
–Ü–ª—ñ—Ç–Ω—ñ –¢—è–Ω–æ—á–∫–∏,https://uk.tgstat.com/channel/@ilitegirls,https://t.me/ilitegirls
–•—Ä–∞–º –†—ñ–∑–¥–≤–∞ –ë–æ–∂–æ—ó –ú–∞—Ç–µ—Ä—ñ,https://uk.tgstat.com/channel/@HramRBM,https://t.me/HramRBM
11 –∫—Ä–æ–∫,https://uk.tgstat.com/channel/@shags11,https://t.me/shags11
–ü—Ä–∞–≤–æ—Å–ª–∞–≤–Ω–∞ —Ü–µ—Ä–∫–≤–∞ –£–∫—Ä–∞—ó–Ω–∏,https://uk.tgstat.com/channel/@uaorthodoxy,https://t.me/uaorthodoxy
·¥õ ú·¥á ·¥ç·¥è·¥ç·¥á…¥·¥õ's,https://uk.tgstat.com/channel/@the_moment_s,https://t.me/the_moment_s
morosophos,https://uk.tgstat.com/channel/@morosophos_public,https://t.me/morosophos_public
–ë–æ–≥ –µ—Å—Ç—å –õ—é–±–æ–≤—å,https://uk.tgstat.com/channel/@Bogestlubow,https://t.me/Bogestlubow
Ecumena,https://uk.tgstat.com/channel/@ecumena,https://t.me/ecumena
"–ì–æ–ª–æ—Å_–æ–¥–Ω—ñ—î—ó_–∑_–£–∫—Ä–∞—ó–Ω–∏ #the_voice_of_one_from_Ukraine –•—Ä–∏—Å—Ç–∏—è–Ω—Å—å–∫—ñ –ø—ñ—Å–Ω—ñ, –≤—ñ—Ä—à—ñ, –≤—ñ–¥–µ–æüé∂ü§î–õ—è—Å–∫–æ–≤—Å—å–∫–∞_–Ü—Ä–∏–Ω–∞üá∫üá¶ Liaskovska _Iryna",https://uk.tgstat.com/channel/@dream_feel_with_your_heart,https://t.me/dream_feel_with_your_heart
–°–∞—Ç–∞–Ω–∏–∑–º –õ–∞–≤–µ—è #—É–∫—Ä—Ç“ë,https://uk.tgstat.com/channel/@ukrsatanism,https://t.me/ukrsatanism
–Ñ–í–ê–ù–ì–ï–õ–Ü–Ñ - –¶–ï –î–û–ë–†–ê –ù–û–í–ò–ù–ê,https://uk.tgstat.com/channel/@YEVANHELIYE_TSE_DOBRA_NOVYNA,https://t.me/YEVANHELIYE_TSE_DOBRA_NOVYNA
–ü–†–ê–í–û–°–õ–ê–í–ù–´–ô –í—¢–°–¢–ù–ò–ö –ü–û–î–ö–ê–†–ü–ê–¢–°–¨–ö–´–• –†–£–°–ò–ù–û–í,https://uk.tgstat.com/channel/@Prav_Rusyn,https://t.me/Prav_Rusyn
