Ğ¢Ñ€ÑƒÑ…Ğ°âš¡ï¸Ğ–ĞµÑÑ‚ÑŒ 18+,https://uk.tgstat.com/channel/wG_7DLJPj0swY2Qy,https://t.me/joinchat/wG_7DLJPj0swY2Qy
Ğ‘Ğ”Ğ¡Ğ 18+ | Ğ’Ğ¾Ğ¹Ğ½Ğ° 2022,https://uk.tgstat.com/channel/4Ah9CB_xrls5Nzhi,https://t.me/joinchat/4Ah9CB_xrls5Nzhi
ĞœĞµÑ€Ñ‚Ğ²Ñ‹Ğµ Ñ€ÑƒÑÑĞºĞ¸Ğµ 200,https://uk.tgstat.com/channel/ig1PrHHHtTg4MDIy,https://t.me/joinchat/ig1PrHHHtTg4MDIy
RAGNAROCK PRIVET,https://uk.tgstat.com/channel/@ragnarockkyiv,https://t.me/ragnarockkyiv
ĞĞ¼Ğ¾Ñ€Ğ°Ğ»ÑŒĞ½Ğ° UKRAINE 18+,https://uk.tgstat.com/channel/oVe-KHOgz1ozMWIy,https://t.me/joinchat/oVe-KHOgz1ozMWIy
Ğ§ĞĞ ĞĞ˜Ğ™ Ğ›Ğ˜Ğ¡Ğ¢,https://uk.tgstat.com/channel/@blacknews_ua,https://t.me/blacknews_ua
ĞšĞ°Ñ‚Ğ°Ñ€ÑĞ¸Ñ âœ™,https://uk.tgstat.com/channel/RxIrdJdffxIKAWTn,https://t.me/joinchat/RxIrdJdffxIKAWTn
Ğ“Ñ€ÑƒĞ· 200 ê‘­ Ğ’Ğ¾Ğ¹Ğ½Ğ° Ğ² Ğ£ĞºÑ€Ğ°Ğ¸Ğ½Ğµ ğŸ‡ºğŸ‡¦ ï¸ï¸,https://uk.tgstat.com/channel/@kanal_gruz200,https://t.me/kanal_gruz200
Ğ ĞµĞ°Ğ»ÑŒĞ½Ğ°Ñ Ğ’Ğ¾Ğ¹Ğ½Ğ° 18+,https://uk.tgstat.com/channel/@voynareal_ua,https://t.me/voynareal_ua
Ğ“Ğ¸Ğ»ÑŒĞ¾Ñ‚Ğ¸Ä¦Ğ° 18+,https://uk.tgstat.com/channel/CeWFty9kl-I1NGIy,https://t.me/joinchat/CeWFty9kl-I1NGIy
Ğ‘ĞĞĞ”Ğ•Ğ Ğ 18+ | ĞšĞĞĞ¢Ğ ĞĞĞ¡Ğ¢Ğ£ĞŸ,https://uk.tgstat.com/channel/KE_GR0PY0JA3Yzg6,https://t.me/joinchat/KE_GR0PY0JA3Yzg6
WARSHAL âœ™,https://uk.tgstat.com/channel/@thewarshal,https://t.me/thewarshal
ĞœĞ°Ñ€ÑˆĞ°Ğ» ğŸ”¥âœŠï¸ğŸ‡ºğŸ‡¦,https://uk.tgstat.com/channel/@marshalvdv,https://t.me/marshalvdv
Ğ£ĞŸĞ 18âœ™,https://uk.tgstat.com/channel/BvPiQcqZTd9lNjBi,https://t.me/joinchat/BvPiQcqZTd9lNjBi
HKR,https://uk.tgstat.com/channel/Tx51LJRFBWge9BiQ,https://t.me/joinchat/Tx51LJRFBWge9BiQ
Ğ¥Ğ¸Ğ¿Ğ¸ÑˆÑŒ 18+,https://uk.tgstat.com/channel/TRGL-inBhaFhODgy,https://t.me/joinchat/TRGL-inBhaFhODgy
CRAZY SHIT,https://uk.tgstat.com/channel/MzayMaE3DdVhMTI0,https://t.me/joinchat/MzayMaE3DdVhMTI0
Ğ¡Ğ¿Ğ¾ÑÑ‚ĞµÑ€Ñ–Ğ³Ğ°Ñ‡ UA ğŸ‡ºğŸ‡¦,https://uk.tgstat.com/channel/gt3m6lkiCO5iNGFi,https://t.me/joinchat/gt3m6lkiCO5iNGFi
ĞŸĞ•Ğ Ğ£Ğâš¡ï¸| ĞšĞĞĞ¢Ğ ĞĞĞ¡Ğ¢Ğ£ĞŸ,https://uk.tgstat.com/channel/CLW6wssw1DZiMTky,https://t.me/joinchat/CLW6wssw1DZiMTky
ĞĞ¼ĞµÑ€Ğ¸ĞºĞ°Ğ½ÑÑŒĞºĞ¸Ğ¹ ğŸ† Ğ¿Ñ–Ñ…Ğ¾Ñ‚Ğ¸Ğ½ĞµÑ†ÑŒ,https://uk.tgstat.com/channel/@usinfantryman1,https://t.me/usinfantryman1
ĞŸĞ•Ğ Ğ’Ğ«Ğ™ Ğ£ĞºÑ€Ğ°Ğ¸Ğ½ÑĞºĞ¸Ğ¹,https://uk.tgstat.com/channel/VysqU-QdyIDCb2ip,https://t.me/joinchat/VysqU-QdyIDCb2ip
Ğ”ĞĞ¥Ğ›Ğ† Ğ ĞĞ¡Ğ†Ğ¯ĞĞ„ âœ™,https://uk.tgstat.com/channel/jYULBSgzTiNjYWYy,https://t.me/joinchat/jYULBSgzTiNjYWYy
Ğ”ĞĞ¥Ğ›ĞğŸ§Ÿâ€â™‚Ğ Ğ£Ğ¡ĞĞ¯,https://uk.tgstat.com/channel/lVzgSSRvNKxmYmMy,https://t.me/joinchat/lVzgSSRvNKxmYmMy
Ğ£ĞºÑ€Ğ°Ğ¸Ğ½ÑĞºĞ°Ñ Ğ¿Ğ¸Ğ»Ğ° ğŸ”,https://uk.tgstat.com/channel/4EUZcpWq8vRmNDFi,https://t.me/joinchat/4EUZcpWq8vRmNDFi
âœ™Ğ”Ñ‹Ğ±Ğ¸Ğ»ÑÑ‚ĞºĞ¾.ua ğŸ‡ºğŸ‡¦,https://uk.tgstat.com/channel/U62CMYkZw72gwKqN,https://t.me/joinchat/U62CMYkZw72gwKqN
Ğ¡Ğ²Ğ¸Ğ½Ğ¾Ğ¿ÑĞ°Ñ€Ğ½Ñ 18+,https://uk.tgstat.com/channel/mpFBSY5ilygzNjYy,https://t.me/joinchat/mpFBSY5ilygzNjYy
ĞœĞ¸Ñ€Ğ¾Ğ²Ğ°Ñ Ğ’Ğ¾Ğ¹Ğ½Ğ° 18 âœ™,https://uk.tgstat.com/channel/k4rV4aohJcUxNDc6,https://t.me/joinchat/k4rV4aohJcUxNDc6
ĞĞºĞ¾ Ğ¡Ğ°ÑƒÑ€Ğ¾Ğ½Ğ°,https://uk.tgstat.com/channel/@okosars,https://t.me/okosars
Ğ“ĞĞ Ğ˜ĞĞ˜Ğ§ | Ğ–Ğ•Ğ¡Ğ¢Ğ¬ ğŸ”,https://uk.tgstat.com/channel/Y4Sif0mcqEwwNmYy,https://t.me/joinchat/Y4Sif0mcqEwwNmYy
WarLife 18+ Ğ Ğ¾ÑÑĞ¸Ñ Ğ£ĞºÑ€Ğ°Ğ¸Ğ½Ğ° Ğ’Ğ¾Ğ¹Ğ½Ğ° 18+,https://uk.tgstat.com/channel/@Voyna18,https://t.me/Voyna18
ĞĞ¿Ğ¾ĞºĞ°Ğ»Ğ¸Ğ¿Ñ ğŸ”,https://uk.tgstat.com/channel/lWmeBLXZI1g4OTQy,https://t.me/joinchat/lWmeBLXZI1g4OTQy
ĞŸÑ€ĞµĞ¼Ñ–Ñ Ğ”Ğ°Ñ€Ğ²Ñ–Ğ½Ğ°,https://uk.tgstat.com/channel/yv6x47IZ7W9hODZi,https://t.me/joinchat/yv6x47IZ7W9hODZi
Ğ¢Ñ€ÑƒÑ…Ğ°âš¡ï¸Ğ–ĞµÑÑ‚ÑŒ 18+,https://uk.tgstat.com/channel/@truexazhest,https://t.me/truexazhest
Ğ Ğ²Ğ°Ğ½Ğ° Ğ‘Ğ°Ğ²Ğ¾Ğ²Ğ½Ğ° ğŸ”,https://uk.tgstat.com/channel/FazwtEzsVug1ZGE0,https://t.me/joinchat/FazwtEzsVug1ZGE0
Ğ£ĞºÑ€Ğ°Ñ—Ğ½Ğ° Ğ—Ğ¡Ğ£ 18âœ™ğŸ‡ºğŸ‡¦,https://uk.tgstat.com/channel/D_6blgxbllkzNDYy,https://t.me/joinchat/D_6blgxbllkzNDYy
âœ™ - Ğ Ğ°Ğ´Ğ¸ĞºĞ°Ğ»ÑŒĞ½Ñ - âœ™,https://uk.tgstat.com/channel/AvA4MiL_tgU2NmIy,https://t.me/joinchat/AvA4MiL_tgU2NmIy
Ğ‘Ğ°Ğ²Ğ¾Ğ²Ğ½Ğ°ğŸ’¥ | 18 âœ™,https://uk.tgstat.com/channel/kN7qbcERyhM5MGMy,https://t.me/joinchat/kN7qbcERyhM5MGMy
ĞšĞ£Ğ Ğ¡ĞĞĞ¢,https://uk.tgstat.com/channel/Jzpl-l7Na3I1ZWQ6,https://t.me/joinchat/Jzpl-l7Na3I1ZWQ6
Ğ–ĞµÑÑ‚ÑŒ Ğ®Ğ,https://uk.tgstat.com/channel/U67nRiH0y_o1MzNi,https://t.me/joinchat/U67nRiH0y_o1MzNi
Ğ”Ğ²Ñ–Ğ©,https://uk.tgstat.com/channel/@dvish_alive,https://t.me/dvish_alive
Ğ”Ñ–Ğ´ÑŒĞºĞ¾ğŸ‘¹,https://uk.tgstat.com/channel/DS8EV9hLNeRhMDEy,https://t.me/joinchat/DS8EV9hLNeRhMDEy
Crazy News ğŸ”,https://uk.tgstat.com/channel/tzoGGCjED-lmZjYy,https://t.me/joinchat/tzoGGCjED-lmZjYy
Ğ†Ñ€Ğ¸Ğ½Ğ° Ğ£ĞºÑ€Ğ°Ñ—Ğ½Ğ°Â©ï¸,https://uk.tgstat.com/channel/@cfddffhu4rt,https://t.me/cfddffhu4rt
ĞŸĞ¾Ğ²Ñ–ÑÑ‚ĞºĞ¸ ĞšĞ¸Ñ—Ğ² / ĞŸĞ¾Ğ²ĞµÑÑ‚ĞºĞ¸ ĞšĞ¸ĞµĞ²,https://uk.tgstat.com/channel/@kyiv_povestka,https://t.me/kyiv_povestka
Ğ“Ñ€Ğ¾Ğ·Ğ° 18 + ğŸ‡ºğŸ‡¦,https://uk.tgstat.com/channel/G9fiNLcZtWIzMWI8,https://t.me/joinchat/G9fiNLcZtWIzMWI8
"Ğ”Ğ¾Ğ±Ñ€Ğ¾Ğ³Ğ¾ Ğ²ĞµÑ‡Ğ¾Ñ€Ğ°, Ğ¼Ğ¸ Ğ· Ğ’Ñ–Ğ½Ğ½Ğ¸Ñ†Ñ–ğŸ‘‹ğŸ»",https://uk.tgstat.com/channel/yJJ7rsKrNhoyNTMy,https://t.me/joinchat/yJJ7rsKrNhoyNTMy
Confrontation,https://uk.tgstat.com/channel/@ua_confrontation,https://t.me/ua_confrontation
ĞĞ´ĞµĞ¿Ñ‚Ğ¸ ĞšĞ¾Ğ½Ñ‚Ñ€Ğ½Ğ°ÑÑ‚ÑƒĞ¿Ñƒ,https://uk.tgstat.com/channel/@killpukin,https://t.me/killpukin
Ğ¥ĞĞ‘ĞĞ  18 +,https://uk.tgstat.com/channel/U0sfVt-8f0k2MTU6,https://t.me/joinchat/U0sfVt-8f0k2MTU6
ZALIZNYAK,https://uk.tgstat.com/channel/5g8rELkXop0wZmRi,https://t.me/joinchat/5g8rELkXop0wZmRi
PizdeÑ†0k 18+,https://uk.tgstat.com/channel/Y5objmrupgIzNzgy,https://t.me/joinchat/Y5objmrupgIzNzgy
Ğ§Ğ¾Ñ€Ğ½Ğ¸Ğ¹ Ğ¡Ğ¿Ğ¸ÑĞ¾Ğº 18+,https://uk.tgstat.com/channel/TDq7M76fcsAyMjFi,https://t.me/joinchat/TDq7M76fcsAyMjFi
ZĞĞ§Ğ˜Ğ¡Ğ¢ĞšĞ,https://uk.tgstat.com/channel/@zachistka_ua,https://t.me/zachistka_ua
ĞœĞµÑ€Ñ‚Ğ²Ñ‹Ğµ Ñ€ÑƒÑÑĞºĞ¸Ğµ | Ğ“Ñ€ÑƒĞ· 200,https://uk.tgstat.com/channel/@deadrussiansss,https://t.me/deadrussiansss
Ğ£Ğ›Ğ˜Ğ§ĞĞ«Ğ• Ğ”Ğ ĞĞšĞ˜ | FIGHT NIGHTğŸ”,https://uk.tgstat.com/channel/@fnight18,https://t.me/fnight18
NURNBERG-2022,https://uk.tgstat.com/channel/@nurnberg2022,https://t.me/nurnberg2022
Ğ’Ñ–Ğ½Ğ½Ğ¸Ñ†Ñ Online,https://uk.tgstat.com/channel/3pcDyMGFzadmNDRi,https://t.me/joinchat/3pcDyMGFzadmNDRi
ĞŸĞ¸Ñ‚ĞµÑ€,https://uk.tgstat.com/channel/90TwZIXpI_M3NjIy,https://t.me/joinchat/90TwZIXpI_M3NjIy
ĞĞ¸ĞºĞ¾Ğ»Ğ°ĞµĞ² Ğ½Ğ° ÑĞ²ÑĞ·Ğ¸,https://uk.tgstat.com/channel/PLWK0r4q1xRjOGJi,https://t.me/joinchat/PLWK0r4q1xRjOGJi
ĞšĞĞŸĞ§Ğ•ĞĞ† â” ĞœĞĞ¡ĞšĞĞ›Ğ†,https://uk.tgstat.com/channel/@kopchenimoskalu,https://t.me/kopchenimoskalu
Ğ”ĞĞ¥Ğ›Ğ Ğ Ğ£Ğ¡ĞĞ¯ â”‚ âœ™,https://uk.tgstat.com/channel/@rysnya200,https://t.me/rysnya200
Ğ¨Ğ¾ Ñ‚Ğ°Ğ¼ Ğ² Ğ£ĞºÑ€Ğ°Ğ¸Ğ½Ğµ? ğŸ‡ºğŸ‡¦,https://uk.tgstat.com/channel/otv8d24VqAwxODYy,https://t.me/joinchat/otv8d24VqAwxODYy
Ğ£ĞºÑ€Ğ°Ğ¸Ğ½Ğ°: Ğ’Ğ¸Ğ´ĞµĞ¾,https://uk.tgstat.com/channel/@ua_video,https://t.me/ua_video
Ğ†Ğ´Ñƒ Ğ½Ğ° Ğ’Ğ¸ âš”ï¸ Ğ‘Ğ°Ñ…Ğ¼ÑƒÑ‚ | ĞĞ°ÑÑ‚ÑƒĞ¿ ğŸ‡ºğŸ‡¦,https://uk.tgstat.com/channel/pnP87eY6Wx9iODhi,https://t.me/joinchat/pnP87eY6Wx9iODhi
ĞœÑ–Ğ¹ Ğ¥Ğ°Ñ€ĞºÑ–Ğ² | ĞĞ¾Ğ²Ğ¾ÑÑ‚Ğ¸ Ğ¥Ğ°Ñ€ÑŒĞºĞ¾Ğ²Ğ°,https://uk.tgstat.com/channel/ScQztEX4xfHQvmZY,https://t.me/joinchat/ScQztEX4xfHQvmZY
ğ™¨ğ™ªğ™§ğ™¤ğ™«ğ™–ğ™®ğ™–.ğ™¥ğ™§ğ™–ğ™«ğ™™ğ™–,https://uk.tgstat.com/channel/AAAAAEo0DyWxwlg-dZ5dvQ,https://t.me/joinchat/AAAAAEo0DyWxwlg-dZ5dvQ
Made in Ukraine ğŸ‡ºğŸ‡¦,https://uk.tgstat.com/channel/@Made_inUkraine,https://t.me/Made_inUkraine
Ğ’Ğ£Ğ›Ğ˜ĞšğŸ18+,https://uk.tgstat.com/channel/dXnxY8gJ9hdlY2Y6,https://t.me/joinchat/dXnxY8gJ9hdlY2Y6
ĞœĞĞšĞ£Ğ¥Ğ 18+,https://uk.tgstat.com/channel/_xa-IYI5-9FhNzA8,https://t.me/joinchat/_xa-IYI5-9FhNzA8
Ğ‘Ñ€Ğ¾ÑĞ¾Ğº ĞœĞ°Ğ½Ğ³ÑƒÑÑ‚Ğ° ğŸ‡ºğŸ‡¦ 18 âœ™,https://uk.tgstat.com/channel/9Ux51mF88uozYWUy,https://t.me/joinchat/9Ux51mF88uozYWUy
Ğ¡ĞĞšĞ˜Ğ Ğ 18+,https://uk.tgstat.com/channel/Y2eTrgvSCM1mNTg6,https://t.me/joinchat/Y2eTrgvSCM1mNTg6
ĞšĞĞ—ĞĞ§ĞĞš 18+,https://uk.tgstat.com/channel/bVf4KtAn8uBlODJi,https://t.me/joinchat/bVf4KtAn8uBlODJi
DEADğŸ’€RUSSIAN,https://uk.tgstat.com/channel/tnA92WxldawyZjQy,https://t.me/joinchat/tnA92WxldawyZjQy
ĞšĞ¸ĞµĞ²ÑĞºĞ¾Ğµ Ğ§Ñ‚Ğ¸Ğ²Ğ¾,https://uk.tgstat.com/channel/EglsptgVi74wMDYy,https://t.me/joinchat/EglsptgVi74wMDYy
TERRA Ğ Ğ¾Ğ·Ğ²Ñ–Ğ´ĞºĞ° Ğ†Ğ½Ñ„Ğ¾,https://uk.tgstat.com/channel/@terraops,https://t.me/terraops
Mister Frostovik,https://uk.tgstat.com/channel/@mrfrostoviklive,https://t.me/mrfrostoviklive
ğŸ‡ºğŸ‡¦ĞšĞ£Ğ Ğ‘ĞĞĞĞ’ĞğŸ‡ºğŸ‡¦,https://uk.tgstat.com/channel/@KurbanovaNEWS,https://t.me/KurbanovaNEWS
Ğ¢Ñ€ĞµĞ¹Ğ´Ğ¸Ğ½Ğ³ | Ğ˜Ğ½Ğ²ĞµÑÑ‚Ğ¸Ñ†Ğ¸Ğ¸,https://uk.tgstat.com/channel/cjBoGqNRgrllNDli,https://t.me/joinchat/cjBoGqNRgrllNDli
Ğ—Ğ»Ğ¾Ğ¹ ĞºĞ²Ğ°Ğ´Ñ€Ğ°Ñ‚ 18+,https://uk.tgstat.com/channel/sRTHyMdOriAyYmMy,https://t.me/joinchat/sRTHyMdOriAyYmMy
âœ™ĞĞ½Ñ‚Ğ¸Ğ ÑƒÑĞ½Ñâœ™,https://uk.tgstat.com/channel/bto1ixOUX4sxMDli,https://t.me/joinchat/bto1ixOUX4sxMDli
NAPALM 18âœ™,https://uk.tgstat.com/channel/3l_SbS09Lcs4ZWYy,https://t.me/joinchat/3l_SbS09Lcs4ZWYy
Ğ£ĞšĞ ĞĞ‡ĞĞ ğŸ Ğ–Ğ•Ğ¡Ğ¢Ğ¬,https://uk.tgstat.com/channel/GSVpUlze-H9hYWE6,https://t.me/joinchat/GSVpUlze-H9hYWE6
Ğ£ĞšĞ ĞĞ‡ĞĞ¡Ğ¬ĞšĞ Ğ›Ğ®Ğ¢Ğ¬ - Ñ‚Ñ€ĞµÑˆ ÑƒĞºÑ€Ğ°Ñ—Ğ½ÑÑŒĞºĞ¾Ğ³Ğ¾ Ñ–Ğ½Ñ‚ĞµÑ€Ğ½ĞµÑ‚Ñƒ,https://uk.tgstat.com/channel/Vkr4O9iQF0U4MjNi,https://t.me/joinchat/Vkr4O9iQF0U4MjNi
âœ™Bloody Warâœ™,https://uk.tgstat.com/channel/AAAAAFbjsRvivZs4AYTLSg,https://t.me/joinchat/AAAAAFbjsRvivZs4AYTLSg
Ğ¢Ñ€ĞµĞ¹Ğ´Ğ¸Ğ½Ğ³ | Ğ˜Ğ½Ğ²ĞµÑÑ‚Ğ¸Ñ†Ğ¸Ğ¸,https://uk.tgstat.com/channel/wnxnv3r82cM0M2Ey,https://t.me/joinchat/wnxnv3r82cM0M2Ey
Ğ¢Ñ€ÑƒÑ…Ğ° âš¡ï¸ĞšÑ€ĞµĞ¼ĞµĞ½Ñ‡ÑƒĞº,https://uk.tgstat.com/channel/@truha_18,https://t.me/truha_18
Ğ¢Ñ€ĞµĞ¹Ğ´Ğ¸Ğ½Ğ³ | Ğ˜Ğ½Ğ²ĞµÑÑ‚Ğ¸Ñ†Ğ¸Ğ¸,https://uk.tgstat.com/channel/1RW1Ob_Ks2RhNGE6,https://t.me/joinchat/1RW1Ob_Ks2RhNGE6
ĞĞ¾Ğ²Ğ¸Ğ½Ğ¸ Ğ£ĞºÑ€Ğ°Ñ—Ğ½Ğ° | UA,https://uk.tgstat.com/channel/MqxbHtMs0DI1NjJi,https://t.me/joinchat/MqxbHtMs0DI1NjJi
âœ™Ğ£ĞšĞ ĞĞ Ğ•Ğ™Ğ¥ğŸ‡ºğŸ‡¦â”,https://uk.tgstat.com/channel/fnrt2ljn-4gzM2Ji,https://t.me/joinchat/fnrt2ljn-4gzM2Ji
Ğ’Ğ¾Ñ—Ğ½Ğ¸ Ğ£ĞºÑ€Ğ°Ñ—Ğ½Ğ¸,https://uk.tgstat.com/channel/@SoldiersofUkraine,https://t.me/SoldiersofUkraine
Ğ¨Ğ âœ™,https://uk.tgstat.com/channel/kaEjwwIfMMswNTAy,https://t.me/joinchat/kaEjwwIfMMswNTAy
Ğ“ĞĞ ĞœĞĞ¢Ğ 18 âœ™,https://uk.tgstat.com/channel/Wws3E5JBNQtlNTcy,https://t.me/joinchat/Wws3E5JBNQtlNTcy
Ğ¥ÑƒĞ¹Ğ¾Ğ²Ğ¸Ğ¹ Ğ§ĞµÑ€Ğ½Ñ–Ğ³Ñ–Ğ² | Ğ§ĞµÑ€Ğ½Ğ¸Ğ³Ğ¾Ğ²,https://uk.tgstat.com/channel/@h_chernihiv,https://t.me/h_chernihiv
Ğ‘Ğ£Ğ›ĞĞ’Ğ 18+,https://uk.tgstat.com/channel/1_uzf1lf1sQ2YWIy,https://t.me/joinchat/1_uzf1lf1sQ2YWIy
Ğ”ĞµĞ½Ğ¸Ñ Ğ•Ğ»Ğ¸ÑĞµĞ²Ğ¸Ñ‡,https://uk.tgstat.com/channel/FbZgcHcQIPVkNDQy,https://t.me/joinchat/FbZgcHcQIPVkNDQy
"Ğ—Ñ€Ğ°Ğ´Ğ½Ğ¸ĞºĞ¸ ĞĞš,ĞšĞ°Ñ…Ğ¾Ğ²ĞºĞ°,Ğ‘ĞµÑ€Ğ¸ÑĞ»Ğ°Ğ²7",https://uk.tgstat.com/channel/@koloborantNK,https://t.me/koloborantNK
ĞœĞ•Ğ Ğ¢Ğ’Ğ† ĞĞ ĞšĞ˜ ğŸ”¥,https://uk.tgstat.com/channel/@mertviorku,https://t.me/mertviorku
ĞœĞ¾Ñ Ğ£ĞºÑ€Ğ°Ğ¸Ğ½Ğ° | ĞĞ¾Ğ²Ğ¾ÑÑ‚Ğ¸ğŸ‡ºğŸ‡¦,https://uk.tgstat.com/channel/uBGuP-dinSRlN2My,https://t.me/joinchat/uBGuP-dinSRlN2My
Ğ¢ĞµĞ¼Ğ½Ğ° Ğ†ÑÑ‚Ğ¾Ñ€Ñ–Ñ,https://uk.tgstat.com/channel/dllOjMuxD4AzNGEy,https://t.me/joinchat/dllOjMuxD4AzNGEy
ğŸ‡ºğŸ‡¦ĞœĞĞ™ĞĞ  ĞŸĞ•Ğ™Ğ UAğŸ‡ºğŸ‡¦,https://uk.tgstat.com/channel/3gQTGwa_K1sxYzg6,https://t.me/joinchat/3gQTGwa_K1sxYzg6
Ğ¢Ğ Ğ•Ğ¨ TV,https://uk.tgstat.com/channel/_H6g9SC2MzthMDY6,https://t.me/joinchat/_H6g9SC2MzthMDY6
ğŸ‡ºğŸ‡¦AEROBOMBERğŸ‡ºğŸ‡¦,https://uk.tgstat.com/channel/@aerobomber,https://t.me/aerobomber
Ğ”ĞĞ¥Ğ›Ğ† Ğ ĞĞ¡Ğ†Ğ¯ĞĞ„ 2.0,https://uk.tgstat.com/channel/1_Eby7fvreRmYWFi,https://t.me/joinchat/1_Eby7fvreRmYWFi
Ğ”Ğ’ĞĞ¥Ğ¡ĞĞ¢Ğ˜Ğ™ ğŸ´â€â˜ ï¸,https://uk.tgstat.com/channel/@dvuhsoty,https://t.me/dvuhsoty
Ğ£ĞºÑ€Ğ°Ñ—Ğ½ÑÑŒĞºÑ– Ğ¿Ğ¾Ğ»Ğ¾Ğ½ĞµĞ½Ñ– Ñ‚Ğ° Ğ·Ğ½Ğ¸ĞºĞ»Ñ– Ğ±ĞµĞ·Ğ²Ñ–ÑÑ‚Ğ¸,https://uk.tgstat.com/channel/@poloneniukr,https://t.me/poloneniukr
UKRAINE WAR Video ğŸ‡ºğŸ‡¦ğŸ”,https://uk.tgstat.com/channel/@militarywarvideo,https://t.me/militarywarvideo
ĞĞ°Ñ€Ğ¾Ğ´Ğ½Ğ¾Ğµ Ğ¡Ğ¾Ğ¿Ñ€Ğ¾Ñ‚Ğ¸Ğ²Ğ»ĞµĞ½Ğ¸Ğµ Ğ£ĞºÑ€Ğ°Ğ¸Ğ½Ñ‹ (ĞĞ¡Ğ£),https://uk.tgstat.com/channel/@NS_Ukraine,https://t.me/NS_Ukraine
WTF,https://uk.tgstat.com/channel/hOhZV5IcGtNiYzUy,https://t.me/joinchat/hOhZV5IcGtNiYzUy
ĞŸĞ¾Ñ‚ÑƒĞ¶Ğ½Ğ¸Ğ¹ Ğ½Ğ¾ĞºĞ°ÑƒÑ‚ ğŸ‘Š,https://uk.tgstat.com/channel/Y_dVKnIbcyQ5ZDIy,https://t.me/joinchat/Y_dVKnIbcyQ5ZDIy
Ğ“Ğ¾Ñ€ÑÑˆĞºĞ¾,https://uk.tgstat.com/channel/@pechalbeda200,https://t.me/pechalbeda200
Muchnoy âœ™ Jugend,https://uk.tgstat.com/channel/@muchnoy25airborn,https://t.me/muchnoy25airborn
âœ™ ĞœĞµÑ€Ñ‚Ğ²Ğ° Ñ€ÑƒÑĞ½Ñ âœ™,https://uk.tgstat.com/channel/@mertvarysnya,https://t.me/mertvarysnya
Ğ¢Ñ€ĞµĞ¹Ğ´Ğ¸Ğ½Ğ³ | Ğ˜Ğ½Ğ²ĞµÑÑ‚Ğ¸Ñ†Ğ¸Ğ¸,https://uk.tgstat.com/channel/Pqv41IyFNr1mNWM6,https://t.me/joinchat/Pqv41IyFNr1mNWM6
ĞĞ•Ğ—Ğ›ĞĞœĞĞ† 18+ ĞĞ•,https://uk.tgstat.com/channel/RzgJJhLwAChhYWZi,https://t.me/joinchat/RzgJJhLwAChhYWZi
ğ†ğğƒ ğƒğ€ğŒğ ğ…ğ”ğ‹ğ‹'ğ’ ğŸ¥©,https://uk.tgstat.com/channel/cDjvuX7c_NcxZTZi,https://t.me/joinchat/cDjvuX7c_NcxZTZi
Ukrainian War Footage,https://uk.tgstat.com/channel/@ukrainianwarfootage,https://t.me/ukrainianwarfootage
Ğ˜Ğ½Ñ†Ğ¸Ğ´ĞµĞ½Ñ‚ - ĞĞ¾Ğ²Ğ¾ÑÑ‚Ğ¸,https://uk.tgstat.com/channel/@incident18,https://t.me/incident18
CheAnD TV - ĞĞ½Ğ´Ñ€ĞµĞ¹ Ğ§ĞµÑ…Ğ¼ĞµĞ½Ğ¾Ğº ğŸ¬,https://uk.tgstat.com/channel/@cheand_tv,https://t.me/cheand_tv
Ğ–Ğ¼ÑƒÑ€Ñ–Ğ½Ñ„Ğ¾Ñ€Ğ¼Ğ±ÑÑ€Ğ¾ğŸ’™ğŸ’›,https://uk.tgstat.com/channel/@kyrylo_nedria,https://t.me/kyrylo_nedria
Ğ£ĞºÑ€Ğ°Ğ¸Ğ½Ğ° Ğ’Ğ¾Ğ¹Ğ½Ğ° 18+ Ğ¤Ğ¾Ñ‚Ğ¾/Ğ²Ğ¸Ğ´ĞµĞ¾,https://uk.tgstat.com/channel/@UkraineWarsNews,https://t.me/UkraineWarsNews
spetsnazer,https://uk.tgstat.com/channel/@spetsnazer_TG,https://t.me/spetsnazer_TG
ORJEUNESSE,https://uk.tgstat.com/channel/@orjeunesseofficial,https://t.me/orjeunesseofficial
ĞĞ°Ñ†Ñ–Ğ¾Ğ½Ğ°Ğ»Ñ–ÑÑ‚ +18 ğŸ‘¹,https://uk.tgstat.com/channel/Y4Q_1-N2YFVkN2Zi,https://t.me/joinchat/Y4Q_1-N2YFVkN2Zi
Wasabi,https://uk.tgstat.com/channel/h20OTlgdVdczYWRk,https://t.me/joinchat/h20OTlgdVdczYWRk
OMEGA COMPANY,https://uk.tgstat.com/channel/@omega_company3,https://t.me/omega_company3
Velmet Â® - ĞÑ„Ñ–Ñ†Ñ–Ğ¹Ğ½Ğ¸Ğ¹ ĞºĞ°Ğ½Ğ°Ğ» ĞºĞ¾Ğ¼Ğ¿Ğ°Ğ½Ñ–Ñ—,https://uk.tgstat.com/channel/@velmet,https://t.me/velmet
ĞœÑƒÑ‚Ğ¾Ñ€Ğ½Ñ–ÑÑ‚ÑŒ,https://uk.tgstat.com/channel/@mutornost,https://t.me/mutornost
Ğ¡Ğ°Ğ½Ğ¸Ñ‡ Ğ±ĞµĞ· Ñ†ĞµĞ½Ğ·ÑƒÑ€Ğ¸ ğŸ‡ºğŸ‡¦,https://uk.tgstat.com/channel/@sanych_no_censure,https://t.me/sanych_no_censure
Ğ‘Ğ°Ñ…Ğ¼ÑƒÑ‚,https://uk.tgstat.com/channel/@rossiaz,https://t.me/rossiaz
PHILANTHROPIC DIVISION ğŸ’€,https://uk.tgstat.com/channel/MySAZ2yHUvY5ZGYy,https://t.me/joinchat/MySAZ2yHUvY5ZGYy
North Side Group,https://uk.tgstat.com/channel/@NSDviz,https://t.me/NSDviz
ĞœĞ¾Ñ ĞĞ´ĞµÑÑĞ° | ĞĞ´ĞµÑĞ°,https://uk.tgstat.com/channel/RhQDsZbtbgNiMzM0,https://t.me/joinchat/RhQDsZbtbgNiMzM0
Telegram Ğ¡ĞµĞ²ĞµÑ€Ğ¾Ğ´Ğ¾Ğ½ĞµÑ†Ğº,https://uk.tgstat.com/channel/@Tel_CEB,https://t.me/Tel_CEB
ĞÑ…Ñ‚ÑƒĞ½Ğ³- Ğ¼Ñ–Ğ½Ğ¸!,https://uk.tgstat.com/channel/@Ahtung_minen,https://t.me/Ahtung_minen
Ğ’Ñ–Ğ¹Ğ½Ğ° Ğ·Ğ° ĞœĞ¸Ñ€ ğŸ”,https://uk.tgstat.com/channel/ZAyg4xdLJ2MxNTQy,https://t.me/joinchat/ZAyg4xdLJ2MxNTQy
ĞŸĞ°Ñ‚Ğ¾Ğ»Ğ¾Ğ³Ğ¸Ñ ğŸ’‰ğŸ©¸,https://uk.tgstat.com/channel/@PATologiamedic,https://t.me/PATologiamedic
Fatality Ğ¿Ğ¾ Ğ£ĞºÑ€Ğ°Ñ—Ğ½ÑÑŒĞºĞ¸ 18+,https://uk.tgstat.com/channel/taOOgv-_-uM3NzMy,https://t.me/joinchat/taOOgv-_-uM3NzMy
ĞŸĞ»ĞµĞ½Ğ½Ñ‹Ğµ Ğ¸ Ğ»Ğ¸ĞºĞ²Ğ¸Ğ´Ğ¸Ñ€Ğ¾Ğ²Ğ°Ğ½Ğ½Ñ‹Ğµ Ñ€ÑƒÑÑĞºĞ¸Ğµ ÑĞ¾Ğ»Ğ´Ğ°Ñ‚Ñ‹. Ğ£ĞºÑ€Ğ°Ğ¸Ğ½Ğ°. 2022,https://uk.tgstat.com/channel/@plenrus2022,https://t.me/plenrus2022
Ğ¥Ğ” Ğ–Ğ•Ğ¡Ğ¢Ğ¬ğŸ‡ºğŸ‡¦ 18+,https://uk.tgstat.com/channel/Tt0u76R5I5thODhi,https://t.me/joinchat/Tt0u76R5I5thODhi
â” Ğ¦Ğµ ÑˆĞ¾ Ğ¡ÑƒĞ½ÑŒ Ğ¦Ğ·Ğ¸?,https://uk.tgstat.com/channel/@necyryl,https://t.me/necyryl
Ğ”Ğ¾Ñ…Ğ»Ğ°Ñ Ñ€ÑƒÑĞ½Ñ â˜ ï¸ 18+,https://uk.tgstat.com/channel/@rusaki_200,https://t.me/rusaki_200
Ğ¢Ñ€ĞµĞ¹Ğ´Ğ¸Ğ½Ğ³ | Ğ˜Ğ½Ğ²ĞµÑÑ‚Ğ¸Ñ†Ğ¸Ğ¸,https://uk.tgstat.com/channel/ixhGS38KVfRmYTUy,https://t.me/joinchat/ixhGS38KVfRmYTUy
âš¡Ğ¢Ğ¸Ğ¿Ğ¾Ğ²Ğµ Ğ¡Ğ°Ñ€Ğ½Ğ¸,https://uk.tgstat.com/channel/@tipove_sarny,https://t.me/tipove_sarny
Ğ‘Ñ€ÑƒÑ‚Ğ°Ğ»ÑŒĞ½Ñ‹Ğ¹ Ğ—Ğ¾Ğ»Ğ¾Ñ‡ĞµĞ² â•ğŸ¦…,https://uk.tgstat.com/channel/@BrutalM7777,https://t.me/BrutalM7777
ĞœĞ°Ğ¹Ğ½ĞºÑ€Ğ°Ñ„Ñ‚ĞµÑ€ Ğ² Ğ¾ĞºĞ¾Ğ¿Ñ– â”,https://uk.tgstat.com/channel/@DemocracyIsComeIn,https://t.me/DemocracyIsComeIn
ĞšĞ Ğ•ĞœĞĞ¢Ã˜Ğ Ğ†Ğ™ ğŸ”¥,https://uk.tgstat.com/channel/__M40pphP-QzYWVi,https://t.me/joinchat/__M40pphP-QzYWVi
Ğ”ĞĞ¥Ğ›Ğ† Ğ Ğ£Ğ¡ĞĞšĞ˜ 18âœ™,https://uk.tgstat.com/channel/M0p7mGN5II1jYTAy,https://t.me/joinchat/M0p7mGN5II1jYTAy
ĞŸĞ¾Ğ·Ğ¸Ğ²Ğ½Ğ¸Ğ¹ ĞšĞ°Ğ¿Ğ¿Ğ°,https://uk.tgstat.com/channel/BnOkKYMHynRlZjg0,https://t.me/joinchat/BnOkKYMHynRlZjg0
KRAKEN 18+ ğŸ‡ºğŸ‡¦,https://uk.tgstat.com/channel/mCY5e6nxv8w1N2Iy,https://t.me/joinchat/mCY5e6nxv8w1N2Iy
Krypto/UA,https://uk.tgstat.com/channel/s3OTDo-eG0M5OWVi,https://t.me/joinchat/s3OTDo-eG0M5OWVi
ĞšĞ¸ÑĞ½Ğ¸Ğ½ 204,https://uk.tgstat.com/channel/@kyianyn204,https://t.me/kyianyn204
ĞŸĞ†Ğ ĞĞĞ¬Ğ‡ 18+,https://uk.tgstat.com/channel/@piranhi,https://t.me/piranhi
Ğ—Ğ»Ğ¾Ğ¹ ĞºĞ²Ğ°Ğ´Ñ€Ğ°Ñ‚ 18+,https://uk.tgstat.com/channel/@zloy_kvadratt,https://t.me/zloy_kvadratt
sexy_mood_news,https://uk.tgstat.com/channel/@sexy_mood_news,https://t.me/sexy_mood_news
Ğ¢Ğ Ğ•Ğ¨ Ğ£ĞšĞ ĞĞ‡ĞĞ +18,https://uk.tgstat.com/channel/@trashkrainy,https://t.me/trashkrainy
Ğ‘Ğ°Ñ‚Ğ°Ğ»ÑŒĞ¾Ğ½ Â«ĞœĞ¾Ğ½Ğ°ĞºĞ¾Â» ğŸ’,https://uk.tgstat.com/channel/@batalonmonaco,https://t.me/batalonmonaco
Ğ˜ĞĞšĞ£Ğ‘ĞĞ¢ĞĞ  Ğ¥ĞĞ¥Ğ›ĞĞ’,https://uk.tgstat.com/channel/@incato2,https://t.me/incato2
Ğ¢Ñ€ĞµÑˆ Ğ¢Ğ°Ğ¹Ğ¼,https://uk.tgstat.com/channel/e4ZTqyX4lrsyY2Ni,https://t.me/joinchat/e4ZTqyX4lrsyY2Ni
ORDER96,https://uk.tgstat.com/channel/@order_armv,https://t.me/order_armv
CIKAPIO,https://uk.tgstat.com/channel/@ssikarioo,https://t.me/ssikarioo
ÎBÃ˜SH UKR ğŸ”,https://uk.tgstat.com/channel/7DGAnXde8d40MDgy,https://t.me/joinchat/7DGAnXde8d40MDgy
Ğ”Ğ¶Ğ¾ĞºĞµÑ€. ĞŸĞ¸ÑÑŒĞ¼Ğ° Ğ¿Ğ¾Ğ´Ğ¿Ğ¸ÑÑ‡Ğ¸ĞºĞ¾Ğ².,https://uk.tgstat.com/channel/@joker_history,https://t.me/joker_history
Ğ¥ĞĞ¥Ğ›Ğ¯ĞĞ”Ğ˜Ğ¯ Ğ’ Ğ£ĞšĞ ĞĞŸĞ• ğŸš¨,https://uk.tgstat.com/channel/@xoxol_net,https://t.me/xoxol_net
ĞšÑ€Ğ¸Ğ¼Ñ–Ğ½Ğ°Ğ»ÑŒĞ½Ğ¸Ğ¹ ĞšÑ€ĞµĞ¼ĞµĞ½Ñ‡ÑƒĞºâš”ï¸,https://uk.tgstat.com/channel/LH6zQQ4auFkxOTEy,https://t.me/joinchat/LH6zQQ4auFkxOTEy
Ğ’ĞĞ”Ğ˜Ğ›Ğ ĞŸĞ Ğ˜Ğ’Ğ•Ğ¢ ğŸ‘‹ğŸ¼ğŸ‡ºğŸ‡¦,https://uk.tgstat.com/channel/@vadila_priivet,https://t.me/vadila_priivet
ĞŸĞ•Ğ Ğ•Ğ¥Ğ’ĞĞ¢,https://uk.tgstat.com/channel/@perehvatua,https://t.me/perehvatua
KONGLOMORAğŸ‡ºğŸ‡¦,https://uk.tgstat.com/channel/AAAAAETS_4cXOazeFUZuJg,https://t.me/joinchat/AAAAAETS_4cXOazeFUZuJg
ĞĞ Ğ¢Ğ®Ğ¥,https://uk.tgstat.com/channel/@raspisnoyredaktor,https://t.me/raspisnoyredaktor
Ğ Ğ°Ğ±Ğ¾Ñ‚Ğ° ĞĞ¾Ñ€Ğ²ĞµĞ³Ğ¸Ñ Ğ”Ğ°Ğ½Ğ¸Ñ Ğ¨Ğ²ĞµÑ†Ğ¸Ñ ğŸ‡³ğŸ‡´ğŸ‡©ğŸ‡°ğŸ‡¸ğŸ‡ª,https://uk.tgstat.com/channel/@jobnorway,https://t.me/jobnorway
ğŸ’€PUNISHERğŸ’€ UA ğŸ‡ºğŸ‡¦,https://uk.tgstat.com/channel/@punisherATO,https://t.me/punisherATO
Ğ£ĞšĞ ĞĞ˜ĞĞâ€¼ï¸ĞĞĞ’ĞĞ¡Ğ¢Ğ˜ 24/7â€¼ï¸Ğ’ĞĞ™ĞĞâ€¼ï¸Ğ“Ğ Ğ£Ğ— 200â€¼ï¸,https://uk.tgstat.com/channel/@xonexss,https://t.me/xonexss
ĞŸĞĞ›Ğ†Ğ¦Ğ†Ğ¯ ĞšĞ˜Ğ‡Ğ’Ğ©Ğ˜ĞĞ˜,https://uk.tgstat.com/channel/@policekyivregion,https://t.me/policekyivregion
Ğ›Ğ°Ğ½ĞºĞ° Ğ—Ğ¡Ğ£ ğŸ‡ºğŸ‡¦ | ĞĞ°Ñ€Ğ¾Ğ´Ğ½Ğ¸Ğ¹ Ñ€ÑƒÑ…,https://uk.tgstat.com/channel/@lankazsu,https://t.me/lankazsu
ê‘­ á´ á´€ÊŸÊœÃ¶ÊŸÊŸ âœ™,https://uk.tgstat.com/channel/@vallholl,https://t.me/vallholl
Ğ—Ğ»Ğ°Ñ Ñ‚Ğ¸ĞºĞ²Ğ° 18+ ğŸƒ,https://uk.tgstat.com/channel/BqRwYtvYWog3ZWFi,https://t.me/joinchat/BqRwYtvYWog3ZWFi
Ğ‘Ğ£ĞĞ 110 ĞĞœĞ‘Ñ€,https://uk.tgstat.com/channel/@BUAR110ombr,https://t.me/BUAR110ombr
Ğ–ĞĞ’Ğ§ 18+,https://uk.tgstat.com/channel/GLWEAqLcURtiMGQy,https://t.me/joinchat/GLWEAqLcURtiMGQy
8 ĞĞ“Ğ¨Ğ‘,https://uk.tgstat.com/channel/@ogshb8,https://t.me/ogshb8
Ğ¢Ñ€ÑƒÑ…Ğ° âš¡ Ğ“Ğ¾Ñ€Ñ–ÑˆĞ½Ñ– ĞŸĞ»Ğ°Ğ²Ğ½Ñ–,https://uk.tgstat.com/channel/@gor_pl,https://t.me/gor_pl
Ğ¡Ğ•ĞšĞ¡ ĞœĞĞ¡ĞšĞ’Ğ ĞŸĞ Ğ˜Ğ’ĞĞ¢Ğ«,https://uk.tgstat.com/channel/@moscovptivate,https://t.me/moscovptivate
Ğ¢Ñ€ĞµĞ¹Ğ´Ğ¸Ğ½Ğ³ | Ğ˜Ğ½Ğ²ĞµÑÑ‚Ğ¸Ñ†Ğ¸Ğ¸,https://uk.tgstat.com/channel/WNokjPcUKak2NWRk,https://t.me/joinchat/WNokjPcUKak2NWRk
Ğ’Ğ¾Ñ”Ğ½ĞºĞ° | ĞšĞ¾Ğ½Ñ‚Ñ€Ğ½Ğ°ÑÑ‚ÑƒĞ¿,https://uk.tgstat.com/channel/@UA_soldier,https://t.me/UA_soldier
Ğ¢ÑƒÑ…Ñ‡Ğ°Ñ€ÑĞºĞ°Ñ Ñ€ĞµĞ·Ğ½ÑğŸ”,https://uk.tgstat.com/channel/@reznyau,https://t.me/reznyau
ğŸ‡ºğŸ‡¦âœ™ĞšĞĞ ĞĞ¢Ğ•Ğ›Ğ¬âœ™ğŸ‡ºğŸ‡¦,https://uk.tgstat.com/channel/@karatelua,https://t.me/karatelua
Ğ¥ĞµÑ€ÑĞ¾Ğ½ ONLINE,https://uk.tgstat.com/channel/@khersonOnlines,https://t.me/khersonOnlines
Ğ©Ğ˜Ğ©Ğª,https://uk.tgstat.com/channel/@jericho_swarm,https://t.me/jericho_swarm
ĞœĞ•Ğ Ğ¢Ğ’ĞĞ¯ Ğ Ğ£Ğ¡ĞĞ¯ 18+ ĞœĞĞ‘Ğ˜Ğ›Ğ˜Ğ—ĞĞ¦Ğ˜Ğ¯ ĞĞ ĞšĞĞ’,https://uk.tgstat.com/channel/@ukraine_news_voyna,https://t.me/ukraine_news_voyna
Sumy Defense,https://uk.tgstat.com/channel/@sumydefense,https://t.me/sumydefense
ĞĞ¾Ğ²Ğ¾ÑĞ¸Ğ»ĞµÑ†ÑŒĞºĞ¸Ğ¹ Ğ½Ğ° Ğ´Ğ¸Ğ²Ğ°Ğ½Ñ–,https://uk.tgstat.com/channel/@novosileckij,https://t.me/novosileckij
ĞšĞĞŸĞšĞĞ 18+,https://uk.tgstat.com/channel/DoEsOKcYzCFhMDNi,https://t.me/joinchat/DoEsOKcYzCFhMDNi
Nord Ã— Storm.,https://uk.tgstat.com/channel/@nord_x_storm,https://t.me/nord_x_storm
Ğ¢Ñ€ĞµÑˆ Ğ¥Ğ¼ĞµĞ»ÑŒĞ½Ğ¸Ñ†ÑŒĞºĞ¸Ğ¹ğŸ¤¯,https://uk.tgstat.com/channel/9lw07l-ANnEyNGFi,https://t.me/joinchat/9lw07l-ANnEyNGFi
ĞĞĞ¦Ğ†ĞĞĞĞ›Ğ†Ğ¡Ğ¢ NEWS ğŸ‡ºğŸ‡¦âœŠ,https://uk.tgstat.com/channel/@NNational,https://t.me/NNational
Ğ§Ğ¾Ñ€Ğ½Ğ¸Ğ¹ 93 Ğ±Ñ€Ğ¸Ğ³Ğ°Ğ´Ğ°,https://uk.tgstat.com/channel/@black_93ombr,https://t.me/black_93ombr
Airdrop | AirDroperğŸ”¥,https://uk.tgstat.com/channel/@airdrop0022,https://t.me/airdrop0022
ĞŸĞµÑ€ĞµÑ…Ğ²Ğ°Ñ‚ğŸ“¡,https://uk.tgstat.com/channel/@WARperehvat,https://t.me/WARperehvat
Ğ”Ğ²Ğ¸Ğ¶ 18+,https://uk.tgstat.com/channel/VjKJ8IIDFG5hMzIy,https://t.me/joinchat/VjKJ8IIDFG5hMzIy
Ğ ÑƒÑÑĞºĞ¸Ğµ ÑĞ¾Ğ»Ğ´Ğ°Ñ‚Ñ‹ ÑƒĞ±Ğ¸Ñ‚Ñ‹Ğµ Ğ¸ Ğ¿Ğ»ĞµĞ½Ğ½Ñ‹Ğµ Ğ² Ğ£ĞºÑ€Ğ°Ğ¸Ğ½Ğµ,https://uk.tgstat.com/channel/@PUvUA,https://t.me/PUvUA
"Ğ“Ğ Ğ£Ğ— 200 ğŸ‡ºğŸ‡¦ | Ğ’ĞĞ™ĞĞ, ĞĞĞ’ĞĞ¡Ğ¢Ğ˜",https://uk.tgstat.com/channel/@gruz_200u,https://t.me/gruz_200u
ĞœÑ‹ - Ğ”Ğ¾Ğ½ĞµÑ†ĞºĞ°Ñ ĞŸĞµÑ‚Ñ€Ğ¾Ğ²ĞºĞ°,https://uk.tgstat.com/channel/@dprpetrovkaclub,https://t.me/dprpetrovkaclub
ĞšĞ¾Ğ½Ñ†ĞµĞ½Ñ‚Ñ€Ğ°Ñ†Ğ¸Ğ°Ñ‚Ğ¾Ñ€,https://uk.tgstat.com/channel/@MordorRF,https://t.me/MordorRF
Ğ¡Ñ‚Ğ°Ğ»ĞµĞ²Ğ¸Ğ¹ Ğ¤Ñ€Ğ¾Ğ½Ñ‚ ğŸ”,https://uk.tgstat.com/channel/NFV5ltbqAXc3ZTEy,https://t.me/joinchat/NFV5ltbqAXc3ZTEy
ĞŸĞ Ğ£Ğ¤ | Ğ‘ĞµĞ· Ğ¦ĞµĞ½Ğ·ÑƒÑ€Ñ‹ ğŸ”,https://uk.tgstat.com/channel/Bteaml9FAMRlYjky,https://t.me/joinchat/Bteaml9FAMRlYjky
Ğ‘Ğ°Ğ²Ğ¾Ğ²Ğ½Ğ° ĞŸÑ–Ğ´â€™Ñ—Ñ…Ğ°Ğ»Ğ° ğŸ§¨,https://uk.tgstat.com/channel/@bavovnapidyikhala,https://t.me/bavovnapidyikhala
ZĞ°ÑˆĞ»Ğ¸ OÑ‚ÑĞ¾ÑĞ°Ñ‚ÑŒ,https://uk.tgstat.com/channel/@zashli_otsosat,https://t.me/zashli_otsosat
SHOT 18+,https://uk.tgstat.com/channel/KJBbJQsjdOU5NzQy,https://t.me/joinchat/KJBbJQsjdOU5NzQy
Ğ¡Ğ°Ñ€Ğ°Ğ¹ Ğ”ĞµĞ´Ğ° | ĞŸĞ¾Ğ´ĞºĞ°Ñ‚Ñ‹,https://uk.tgstat.com/channel/@zalletnuy,https://t.me/zalletnuy
Ğ¢Ñ€ĞµĞ¹Ğ´Ğ¸Ğ½Ğ³ | Ğ˜Ğ½Ğ²ĞµÑÑ‚Ğ¸Ñ†Ğ¸Ğ¸,https://uk.tgstat.com/channel/MEZfypveC780OWQy,https://t.me/joinchat/MEZfypveC780OWQy
KJ-GUNS. ĞŸĞµÑ€Ğ²Ñ‹Ğ¹ Ğ¿Ğ¸ÑÑ‚Ğ¾Ğ»ĞµÑ‚Ğ½Ñ‹Ğ¹ ĞºĞ°Ğ½Ğ°Ğ» UA,https://uk.tgstat.com/channel/@kjguns,https://t.me/kjguns
"Ñ‚Ñ€ÑƒĞ¿Ñ‹, Ğ¿Ğ»ĞµĞ½Ğ½Ñ‹Ğµ Ğ Ğ¤.Ğ¡ĞœĞ˜ UA. Ğ¼ĞµÑ€Ñ‚Ğ²Ğ¸Ğ¹ Ğ Ğ¾ÑÑ–ÑĞ½Ğ¸Ğ½",https://uk.tgstat.com/channel/@rasha_parashaa,https://t.me/rasha_parashaa
ğŸ” ğ™Šğ™ğ™‰ ğŸ”,https://uk.tgstat.com/channel/@ukrnovostyii,https://t.me/ukrnovostyii
ğŸ‡ºğŸ‡¦ KUPYANSK â” ĞĞĞ’Ğ˜ĞĞ˜ ğŸ‡ºğŸ‡¦,https://uk.tgstat.com/channel/@kupyansknews,https://t.me/kupyansknews
ğŸ”ĞœĞĞ™ĞĞ  ĞŸĞ•Ğ™Ğ 18+ğŸ”,https://uk.tgstat.com/channel/EDd1vSxD9aAyMTAy,https://t.me/joinchat/EDd1vSxD9aAyMTAy
ğ—›ğ—¬ğ—£ğ—˜ğ—¥,https://uk.tgstat.com/channel/@onehyper,https://t.me/onehyper
Ğ£ĞšĞ ĞĞŸ ĞšĞ¸Ñ—Ğ²ÑÑŒĞºĞ¸Ğ¹,https://uk.tgstat.com/channel/@ukropukrop,https://t.me/ukropukrop
Black Pirat shop,https://uk.tgstat.com/channel/@blackpiratesnews,https://t.me/blackpiratesnews
Ğ¡Ñ‚Ğ°Ğ»ĞµĞ²Ñ– Ğ¨ĞµÑ€ÑˆĞ½Ñ–,https://uk.tgstat.com/channel/@steelhornets,https://t.me/steelhornets
Heretic Surface ğŸ‡ºğŸ‡¦,https://uk.tgstat.com/channel/@guroarts,https://t.me/guroarts
Ğ¨Ğ¾Ğ¡Ñ–Ğ¡Ñ‚Ğ°Ğ»Ğ¾?,https://uk.tgstat.com/channel/@shosistalo,https://t.me/shosistalo
ĞĞ»ĞµĞºÑĞ°Ğ½Ğ´Ñ€ Ğ ÑƒÑĞ¸Ñ‡,https://uk.tgstat.com/channel/@rusich_01,https://t.me/rusich_01
ĞœĞ¾Ğ¹ ĞšĞ¸ĞµĞ²,https://uk.tgstat.com/channel/@moikiev,https://t.me/moikiev
Ğ—Ğ»Ğ°Ñ Ñ‚Ğ¸ĞºĞ²Ğ° 18+,https://uk.tgstat.com/channel/@zla_tikva_18,https://t.me/zla_tikva_18
"24-Ğ¹ ĞĞ¨Ğ‘ ""ĞĞ¹Ğ´Ğ°Ñ€"" | ĞÑ„Ñ–Ñ†Ñ–Ğ¹Ğ½Ğ¸Ğ¹ ĞºĞ°Ğ½Ğ°Ğ»",https://uk.tgstat.com/channel/@aidar_24,https://t.me/aidar_24
ĞœĞµÑ€Ñ‚Ğ²Ñ– Ğ¾Ñ€ĞºĞ¸âš°ï¸,https://uk.tgstat.com/channel/@dohliorki,https://t.me/dohliorki
P.H.O.E.N.I.X. (iOS banned),https://uk.tgstat.com/channel/@ph8eniXX,https://t.me/ph8eniXX
Ğ‘ÑƒĞ¼ĞµÑ€Ğ°Ğ½Ğ³ âœ™,https://uk.tgstat.com/channel/YaU3J0ZziPZkOWU6,https://t.me/joinchat/YaU3J0ZziPZkOWU6
Ğ¡Ğ¿ĞµÑ†Ğ¿Ñ–Ğ´Ñ€Ğ¾Ğ·Ğ´Ñ–Ğ» Â«Ğ ĞµĞ³Ğ±Ñ–ÑÑ‚Ğ¸Â»,https://uk.tgstat.com/channel/@rugbygroup,https://t.me/rugbygroup
92 Ğ‘Ñ€Ğ¸Ğ³Ğ°Ğ´Ğ° Ñ–Ğ¼.Ğ†.Ğ¡Ñ–Ñ€ĞºĞ°,https://uk.tgstat.com/channel/@brigada92_war,https://t.me/brigada92_war
UAsnipers_channel,https://uk.tgstat.com/channel/@ua_snipers,https://t.me/ua_snipers
Best Ukraine ğŸ‡ºğŸ‡¦,https://uk.tgstat.com/channel/ONEyjXwD9aw1MDUy,https://t.me/joinchat/ONEyjXwD9aw1MDUy
18+ Ğ’Ğ†Ğ™ĞĞ Ğ’ Ğ£ĞšĞ ĞĞ‡ĞĞ† | Ğ‘ĞĞĞ”Ğ•Ğ Ğ†Ğ’Ğ¦Ğ† | Ğ¢Ğ Ğ£ĞŸĞ˜ | Ğ“Ñ€ÑƒĞ· 200,https://uk.tgstat.com/channel/@niviyny,https://t.me/niviyny
âœ™ Ğ‘Ğ¸Ğ¾Ğ¼ÑƒÑĞ¾Ñ€Ğ½Ñ‹Ğ¹ Ğ¿Ğ°ĞºĞµÑ‚ âœ™ | Ğ“Ñ€ÑƒĞ·-200 | Ğ”Ğ¾Ñ…Ğ»Ğ°Ñ Ñ€ÑƒÑĞ½Ñ | ZOV Ğ¼Ğ°ÑÑĞ¾Ğ²Ğ¾Ğ³Ğ¾ ÑÑƒĞ¸Ñ†Ğ¸Ğ´Ğ° Ğ¼Ğ¾ĞºÑˆĞ°Ğ½,https://uk.tgstat.com/channel/@crematory200,https://t.me/crematory200
ğŸ“£Ğ‘ĞµÑ€Ğ´ÑĞ½ÑĞº|Ğ‘Ğ•Ğ— Ğ¦Ğ•ĞĞ—Ğ£Ğ Ğ«,https://uk.tgstat.com/channel/@ber_bez_cen,https://t.me/ber_bez_cen
Ğ–Ğ´Ğ°Ğ½Ñ Ğ³Ğ¾Ğ²Ğ¾Ñ€Ğ¸Ñ‚ÑŒ,https://uk.tgstat.com/channel/@zhdanya_h,https://t.me/zhdanya_h
Ğ¢Ğ Ğ£Ğ¥Ğâš¡ï¸Ğ—Ğ°Ğ¿Ğ¾Ñ€Ğ¾Ğ¶ÑŒĞµ,https://uk.tgstat.com/channel/@truexa_zp,https://t.me/truexa_zp
Ğ‘ÑƒĞ´Ğ½Ñ– ĞœĞµĞ´Ğ¸ĞºĞ° 18+ğŸ‡ºğŸ‡¦,https://uk.tgstat.com/channel/@Budni_Medica,https://t.me/Budni_Medica
TARNAVSKYI âœ™,https://uk.tgstat.com/channel/@tarnavskyiVolyn,https://t.me/tarnavskyiVolyn
ĞšĞ¸Ñ—Ğ² ĞĞ¿ĞµÑ€Ğ°Ñ‚Ğ¸Ğ²Ğ½Ğ¸Ğ¹ ğŸ˜±18+,https://uk.tgstat.com/channel/2BO4PkXxhf9lYjQy,https://t.me/joinchat/2BO4PkXxhf9lYjQy
Ğ“ĞµĞ½Ğ° Ğ¦Ğ¸Ñ‚Ñ€ÑƒÑ ĞĞ†,https://uk.tgstat.com/channel/l9sP28_9xcE1MTJk,https://t.me/joinchat/l9sP28_9xcE1MTJk
TERRORCITYğŸ‡ºğŸ‡¦,https://uk.tgstat.com/channel/kDcQzw_8GIFiNTky,https://t.me/joinchat/kDcQzw_8GIFiNTky
Ğ’Ğ¾Ñ—Ğ½Ğ¸ Ğ£ĞºÑ€Ğ°Ñ—Ğ½Ğ¸ ğŸ” Ğ Ğ°Ğ·Ğ¾Ğ¼ Ğ´Ğ¾ Ğ¿ĞµÑ€ĞµĞ¼Ğ¾Ğ³Ğ¸!ğŸ‘£ğŸ‘£ğŸ‘£,https://uk.tgstat.com/channel/@warriorsofUkraine2022,https://t.me/warriorsofUkraine2022
ğŸ” Ğ”ĞµĞ²ÑƒÑˆĞºĞ° Ğ¸Ğ· Ğ Ğ¾ÑÑ‚Ğ¾Ğ²Ğ° Ğ¿Ğ¾Ğ²ĞµÑĞ¸Ğ»Ğ°ÑÑŒ Ğ¸Ğ·-Ğ·Ğ° Ğ¿Ğ°Ñ€Ğ½Ñ,https://uk.tgstat.com/channel/@devushka_povesilas,https://t.me/devushka_povesilas
ĞœÑ‘Ñ€Ñ‚Ğ²Ñ‹Ğµ Ğ¾Ñ€ĞºĞ¸ | Ğ“Ñ€ÑƒĞ· 200,https://uk.tgstat.com/channel/@metocknickbutilka,https://t.me/metocknickbutilka
Ğ“Ğ¾Ñ€Ğ¸Ñ‚ÑŒ Ğ¼Ğ¾ÑĞºĞ²Ğ°ğŸ”¥,https://uk.tgstat.com/channel/@Gorit_moskwa,https://t.me/Gorit_moskwa
Ğ¥Ğ Ğ•ĞĞĞ¢Ğ•ĞĞ¬,https://uk.tgstat.com/channel/AtswPqyaBy1jZThi,https://t.me/joinchat/AtswPqyaBy1jZThi
ĞŸĞµĞºĞ»Ğ¾,https://uk.tgstat.com/channel/jHR0TzvbJxk5ODJi,https://t.me/joinchat/jHR0TzvbJxk5ODJi
ĞŸĞ Ğ˜Ğ’Ğ˜Ğ” Ğ‘ĞĞ¥ĞœĞ£Ğ¢Ğ,https://uk.tgstat.com/channel/@privid_0222,https://t.me/privid_0222
Ğ”Ğ¾Ñ…Ğ»Ñ– ĞœĞ¾ÑĞºĞ°Ğ»Ñ– 18+,https://uk.tgstat.com/channel/@deadmoskali,https://t.me/deadmoskali
Ğ¡ĞµĞºÑ€ĞµÑ‚ Ğ˜Ğ½Ñ„Ğ¾ - ĞĞ¾Ğ²Ğ¾ÑÑ‚Ğ¸ Ğ£ĞºÑ€Ğ°Ğ¸Ğ½Ñ‹ | War in Ukraine | Ğ¡ĞµĞºÑ€ĞµÑ‚ Ğ†Ğ½Ñ„Ğ¾ - ĞĞ¾Ğ²Ğ¸Ğ½Ğ¸ Ğ£ĞºÑ€Ğ°Ñ—Ğ½Ğ¸,https://uk.tgstat.com/channel/@sekret_info,https://t.me/sekret_info
Ğ”ÑƒĞ¼Ğ°Ğ¹Ğ¢Ğ•,https://uk.tgstat.com/channel/@narodnijtil,https://t.me/narodnijtil
ğŸ†Ğ”Ğ¾Ğ±Ñ€Ğ¾ Ğ¿Ğ¾Ğ¶Ğ°Ğ»Ğ¾Ğ²Ğ°Ñ‚ÑŒ Ğ² ĞĞ´ ğŸ†,https://uk.tgstat.com/channel/@ruZZia_200,https://t.me/ruZZia_200
_Ukraine_ TOP_,https://uk.tgstat.com/channel/@Ukraine_TOP_2022,https://t.me/Ukraine_TOP_2022
Ğ§ĞµÑ€Ğ½Ğ¾Ğ±Ğ°ĞµĞ²ÑĞºĞ°Ñ Ğ²ĞµĞ´ÑŒĞ¼Ğ°,https://uk.tgstat.com/channel/@chernobaw,https://t.me/chernobaw
ĞĞ’Ğ¡Ğ¯ĞĞšĞ,https://uk.tgstat.com/channel/@offsynka,https://t.me/offsynka
Russoldat.Info - ĞÑ„Ğ¸Ñ†Ğ¸Ğ°Ğ»ÑŒĞ½Ñ‹Ğ¹ ĞºĞ°Ğ½Ğ°Ğ»,https://uk.tgstat.com/channel/@russoldat_info,https://t.me/russoldat_info
Ğ”Ğ–ĞĞœĞ‘ĞğŸ¤™ğŸ» | Ğ’ĞĞ“ĞĞ•Ğ  18+ | Ğ’ĞĞ™ĞĞ ĞĞ Ğ£ĞšĞ ĞĞ˜ĞĞ• ğŸ‡ºğŸ‡¦,https://uk.tgstat.com/channel/bCr7sTB3WkBlNzg6,https://t.me/joinchat/bCr7sTB3WkBlNzg6
Ğ£Ğ–ĞĞ¡Ğ« 18+,https://uk.tgstat.com/channel/@dtp18plus,https://t.me/dtp18plus
âœ™ Ğ¡Ğ¼Ğ°Ğ¶ĞµĞ½Ğ¸Ğ¹ ĞšĞĞ¦ĞĞŸ ê‘­,https://uk.tgstat.com/channel/@KACAP200,https://t.me/KACAP200
Ğ¥ÑƒĞµĞ²Ğ°Ñ Ğ’Ğ¸Ğ½Ğ½Ğ¸Ñ†Ğ°,https://uk.tgstat.com/channel/@vinniza88,https://t.me/vinniza88
Chicago_trost,https://uk.tgstat.com/channel/@chicago_trosr,https://t.me/chicago_trosr
"Ğ’ĞµÑ‡Ğ½Ğ¾Ğ³Ğ¾ Ğ¿Ğ¾Ğ»ĞµÑ‚Ğ°, Ğ±Ñ€Ğ°Ñ‚ÑŒÑ",https://uk.tgstat.com/channel/@Robomanus_Based,https://t.me/Robomanus_Based
Ğ¢ĞµĞ½ÑŒ ĞšĞ¾Ñ‚Ğ°ğŸ‘,https://uk.tgstat.com/channel/@kotovoff,https://t.me/kotovoff
Ğ¤Ğ°Ğ¹Ğ½Ğ¾ Ñ” | Ğ“Ğ Ğ£Ğ— 200 ğŸ§Œ,https://uk.tgstat.com/channel/@rusnya200,https://t.me/rusnya200
âœ™Ğ”Ğ¾Ñ…Ğ»Ñ‹Ğµ Ñ€Ğ°Ğ±ÑĞµÑĞ½Ğµ ğŸ‡·ğŸ‡º,https://uk.tgstat.com/channel/@doxlayarusnya,https://t.me/doxlayarusnya
Ğ—Ğ±Ñ€ÑƒÑ‡,https://uk.tgstat.com/channel/@vsia_pravda,https://t.me/vsia_pravda
Ğ¢Ñ€ÑƒÑ…Ğ°âš¡Ğ¥ĞµÑ€ÑĞ¾Ğ½,https://uk.tgstat.com/channel/@truexanewsuaherson,https://t.me/truexanewsuaherson
ğŸ‡ºğŸ‡¦ Ğ”Ğ¾Ñ…Ğ»Ğ° Ñ€ÑƒÑĞ½Ñ ğŸ’€ ğŸ”¥ğŸ”¥ 18+ ğŸ”ğŸ”,https://uk.tgstat.com/channel/@upatelegram,https://t.me/upatelegram
Wi.S.F.U âœ™,https://uk.tgstat.com/channel/@UKRannihilation,https://t.me/UKRannihilation
Ğ‘Ğ°Ñ‚Ğ°Ğ»ÑŒĞ¾Ğ½ Â«ĞœĞ¾Ğ½Ğ°ĞºĞ¾Â» ğŸ’,https://uk.tgstat.com/channel/@batalonmonako,https://t.me/batalonmonako
Ğ”Ğ½ĞµĞ¿Ñ€ Ğ¥ĞĞ‘,https://uk.tgstat.com/channel/@dnepr_hub,https://t.me/dnepr_hub
Anatomy World,https://uk.tgstat.com/channel/@anatomy_wor,https://t.me/anatomy_wor
Ğ“ĞµĞ½ĞµÑ€Ğ°Ğ» kaMANTO âœŸ ğŸ”,https://uk.tgstat.com/channel/H74mU_dNz49hMmEy,https://t.me/joinchat/H74mU_dNz49hMmEy
Lilinetkor / Ğ›ÑŒĞ²Ñ–Ğ² â€¢ Ğ’Ñ–Ğ¹Ğ½Ğ° 464 Ğ´ĞµĞ½ÑŒ,https://uk.tgstat.com/channel/@lilinetkor,https://t.me/lilinetkor
ĞšĞ°Ğ²ÑƒĞ½ÑÑ‡Ğ° Ğ±Ğ°Ğ·Ğ° ğŸ‰,https://uk.tgstat.com/channel/@im_slverchuk,https://t.me/im_slverchuk
Ğ”ÑĞº ĞĞ Ğ¡Ğ’Ğ¯Ğ—Ğ˜ | Ğ£ĞºÑ€Ğ°Ğ¸Ğ½Ğ° ğŸ‡ºğŸ‡¦,https://uk.tgstat.com/channel/@slavadukraine,https://t.me/slavadukraine
ĞÑ„Ñ–Ñ†Ñ–Ğ¹Ğ½Ğ¸Ğ¹ ĞºĞ°Ğ½Ğ°Ğ» Ğ¡Ñ‚ĞµĞ¿Ğ½Ğ¾Ğ³Ñ–Ñ€ÑÑŒĞºĞ¾Ñ— Ğ¢Ğ“,https://uk.tgstat.com/channel/@stepnogirskTG,https://t.me/stepnogirskTG
Ğ§Ğ¾Ñ€Ğ½Ğ° Ñ€Ğ¾Ñ‚Ğ° 72ĞĞœĞ‘Ñ€ğŸ«¡ğŸ‡ºğŸ‡¦ğŸ‡ºğŸ‡¦,https://uk.tgstat.com/channel/@ua_black_company,https://t.me/ua_black_company
ĞŸĞµÑĞ¾Ñ‡Ğ½Ñ‹Ğµ Ñ‡Ğ°ÑÑ‹ Ğ’Ğ¾Ğ¹Ğ½Ğ° Ğ² Ğ£ĞºÑ€Ğ°Ğ¸Ğ½Ğµ. Ğ ÑƒÑÑĞºĞ¸Ğµ 200. ĞŸĞ»ĞµĞ½Ğ½Ñ‹Ğµ. Ğ“Ñ€Ğ°Ğ¹Ğ²Ğ¾Ñ€Ğ¾Ğ½. Ğ‘ĞµĞ»Ğ³Ğ¾Ñ€Ğ¾Ğ´. Ğ Ğ”Ğš,https://uk.tgstat.com/channel/@sand_time_war,https://t.me/sand_time_war
ğšŠğšŸğšŠğšœğš‘ğšŠğš›ğš™ğšŠ,https://uk.tgstat.com/channel/@avasharpa1,https://t.me/avasharpa1
ĞŸĞ»Ñ‘Ğ½ĞºĞ° Ñ‡ĞµÑÑ‚Ğ¸,https://uk.tgstat.com/channel/@plenka4esti,https://t.me/plenka4esti
War in Ukraine [18+] Real footage,https://uk.tgstat.com/channel/@PrayForUa,https://t.me/PrayForUa
Ğ”Ğ¾Ñ…Ğ»Ñ‹Ğµ Ğ¾Ñ€ĞºĞ¸ 18+,https://uk.tgstat.com/channel/@dohliygruz,https://t.me/dohliygruz
Ğ“ĞĞ ĞĞĞ¡Ğ¢ĞĞ‡Ğ’Ğ¡Ğ¬ĞšĞ˜Ğ™ Ğ Ğ£Ğ¥,https://uk.tgstat.com/channel/@hornostaivskiiruh,https://t.me/hornostaivskiiruh
Ğ£ĞºÑ€Ğ°Ñ—Ğ½ÑÑŒĞºĞ¸Ğ¹ ÑĞ°Ğ¼Ğ°ÑˆĞµĞ´ÑˆĞ¸Ğ¹ ğŸ‡ºğŸ‡¦,https://uk.tgstat.com/channel/gBuMWupOx3QyM2Y0,https://t.me/joinchat/gBuMWupOx3QyM2Y0
Ğ¿ÑƒÑ‚Ğ¸Ğ½ Ñ…ÑƒĞ¹Ğ»Ğ¾,https://uk.tgstat.com/channel/@pukinxuylo,https://t.me/pukinxuylo
TRIZUB 18+,https://uk.tgstat.com/channel/Xgty6Tmx9yhiZDEy,https://t.me/joinchat/Xgty6Tmx9yhiZDEy
Ğ’Ğ»Ğ°Ğ´Ğ¸ÑĞ»Ğ°Ğ² ĞšĞ¾Ğ·Ğ¸Ñ€Ñ”Ğ²,https://uk.tgstat.com/channel/@kozirev_vl,https://t.me/kozirev_vl
ĞĞ•Ğ‘Ğ•Ğ¡ĞĞ ĞšĞĞ Ğâ˜ ï¸ğŸ‡ºğŸ‡¦,https://uk.tgstat.com/channel/@nebesna_kara_ukraine,https://t.me/nebesna_kara_ukraine
ĞšĞĞ¢Ğ˜Ğš ĞŸĞĞ¢Ğ Ğ†ĞĞ¢Ğ˜ĞšğŸ‡ºğŸ‡¦,https://uk.tgstat.com/channel/@cotpatriot,https://t.me/cotpatriot
ğŸš€Ğ’Ñ–Ğ¹Ğ½Ğ°ğŸ‡ºğŸ‡¦ 18+,https://uk.tgstat.com/channel/@war_news_ukr,https://t.me/war_news_ukr
Ğ‘Ğ†Ğ›ĞĞ¦Ğ•Ğ ĞšĞ†Ğ’Ğ¡Ğ¬ĞšĞ Ğ’ĞĞ›ĞĞĞ¢Ğ•Ğ Ğ¡Ğ¬ĞšĞ Ğ“Ğ Ğ£ĞŸĞ,https://uk.tgstat.com/channel/@bvgbc,https://t.me/bvgbc
Ğ“Ğ Ğ˜Ğ¤ĞĞ501,https://uk.tgstat.com/channel/@GRIFON501,https://t.me/GRIFON501
ĞœĞµÑ€Ñ‚Ğ²Ñ– Ğ¾Ñ€ĞºĞ¸ Ğ½Ğµ Ğ³ÑƒĞ´ÑƒÑ‚ÑŒ|Ğ—ĞŸ,https://uk.tgstat.com/channel/@mertviorku_200,https://t.me/mertviorku_200
Teivaz Military,https://uk.tgstat.com/channel/@teivazmilitary,https://t.me/teivazmilitary
Ğ¯ĞºĞ¸Ğ¼Ñ–Ğ²ĞºĞ° 18+ğŸ”,https://uk.tgstat.com/channel/@akimovskiydviz,https://t.me/akimovskiydviz
Face âš¡Ukraine,https://uk.tgstat.com/channel/@faceukraine,https://t.me/faceukraine
ĞœĞµÑ€Ñ‚Ğ²Ñ‹Ğµ Ñ€ÑƒÑÑĞºĞ¸Ğµ 18+,https://uk.tgstat.com/channel/@mertvieryckie,https://t.me/mertvieryckie
ğŸ‡ºğŸ‡¦ ğ™‰ğ™¤ğ™‰ğ™–ğ™¢ğ™š ğ™ˆğ™ğ™¡ğ™ğ™©ğ™–ğ™§ğ™ğ™¨ğ™© ğŸ‡ºğŸ‡¦,https://uk.tgstat.com/channel/@Nonamemilitarist,https://t.me/Nonamemilitarist
Ğ‘Ğ°Ğ½Ğ´ĞµÑ€Ğ° ĞĞ´Ğ¾Ğ±Ñ€ÑÑ”,https://uk.tgstat.com/channel/@bandera_1662,https://t.me/bandera_1662
Ğ¢Ğ¾Ğ¿Ğ¸Ğ¼?ğŸ‘ŠğŸ»ğŸ”,https://uk.tgstat.com/channel/@tyt_topyat,https://t.me/tyt_topyat
ĞšĞ Ğ˜Ğ›ĞĞ¢Ğ ĞŸĞ†Ğ¥ĞĞ¢Ğ,https://uk.tgstat.com/channel/@airborne_80,https://t.me/airborne_80
Êœá´œÊ€Ê€Ê€á´‡ÉªÊ€á´€,https://uk.tgstat.com/channel/@hurrreira,https://t.me/hurrreira
ĞŸÑ‚Ğ°ÑˆĞºĞ¸ ĞœĞ°Ğ´ÑŒÑÑ€Ğ°,https://uk.tgstat.com/channel/@PtashkyMadiara,https://t.me/PtashkyMadiara
Ğ¢Ñ‘Ğ¼Ğ½Ğ¾Ğµ ĞœĞµÑÑ‚Ğ¾,https://uk.tgstat.com/channel/@temnoe_mesto18,https://t.me/temnoe_mesto18
Ğ”Ğ¾Ğ½ĞµÑ†ĞºĞ°Ñ Ğ‘Ñ€Ğ°Ñ‚Ğ²Ğ° ğŸ”,https://uk.tgstat.com/channel/Cl65UBs0rbgwYzIy,https://t.me/joinchat/Cl65UBs0rbgwYzIy
ĞĞ½Ğ´Ñ€Ñ–Ğ¹ Ğ¡ĞµÑ€Ğ³Ğ°Ğ½ (XoXoL),https://uk.tgstat.com/channel/@xoxolandreii,https://t.me/xoxolandreii
Ğ—Ğ°Ğ±Ğ¾Ñ€Ğ¾Ğ½ĞµĞ½Ñ– Ğ½Ğ¾Ğ²Ğ¸Ğ½Ğ¸ | 18+,https://uk.tgstat.com/channel/q6bI9tr4zMQ4YTYy,https://t.me/joinchat/q6bI9tr4zMQ4YTYy
Ğ¥ÑƒĞµĞ²Ğ°Ñ ĞŸĞ¾Ğ±ĞµĞ´Ğ° ğŸ‡ºğŸ‡¦,https://uk.tgstat.com/channel/@hyevaya_pobeda,https://t.me/hyevaya_pobeda
âš”ï¸radical culturĞµâš”ï¸,https://uk.tgstat.com/channel/@radicalculture,https://t.me/radicalculture
Ğ¥Ğ°Ğ¹ ÑĞ¼Ñ–Ğ»Ğ¸Ğ²Ğ¸Ñ… ÑĞ¼ĞµÑ€Ñ‚ÑŒ Ğ¾Ğ±Ñ…Ğ¾Ğ´Ğ¸Ñ‚ÑŒ ğŸ‡ºğŸ‡¦ğŸ—¡,https://uk.tgstat.com/channel/@ukrwar_1,https://t.me/ukrwar_1
Ğ¼Ğ¾Ğ·ĞµÑ Ğ½ĞµĞ½Ğ°Ğ²Ğ¸Ğ´Ğ¸Ñ‚ÑŒ Ñ€Ğ¾ÑÑ–ÑĞ½ 18+,https://uk.tgstat.com/channel/@mozeshaterussians,https://t.me/mozeshaterussians
Ğ¤Ñ€Ğ¾Ğ½Ñ‚18+,https://uk.tgstat.com/channel/@Frontline18,https://t.me/Frontline18
SHOT (18+) | ĞšĞ¾Ğ½Ñ‚Ñ€Ğ½Ğ°ÑÑ‚ÑƒĞ¿Ğ»ĞµĞ½Ğ¸Ğµ Ğ’Ğ¡Ğ£ Ğ½Ğ¾Ğ²Ğ¾ÑÑ‚Ğ¸,https://uk.tgstat.com/channel/@shot_18,https://t.me/shot_18
Ğ”Ğ ĞĞŸĞ¨Ğ˜ĞŸĞ†ĞĞ“/ĞĞŸĞ¢/Ğ ĞĞ—Ğ”Ğ Ğ†Ğ‘ Ñ‚Ğ°ĞºÑ‚Ğ¸Ñ‡Ğ½Ñ– Ñ‚Ğ¾Ğ²Ğ°Ñ€Ğ¸,https://uk.tgstat.com/channel/@dropshippingSXE,https://t.me/dropshippingSXE
Soulfol_ua (Ğ”Ğ¾Ñ…Ğ»Ñ– ĞºĞ°Ñ†Ğ°Ğ¿Ğ¸ Ñ– Ğ½Ğµ Ñ‚Ñ–Ğ»ÑŒĞºĞ¸),https://uk.tgstat.com/channel/@soulfolua,https://t.me/soulfolua
"Ñ‚Ñ€ÑƒĞ¿Ñ‹ Ğ Ğ¤, Ğ¸Ñ‰Ğ¸ ÑĞ²Ğ¾Ğ¸Ñ…, Ğ¼ÑÑĞ¾",https://uk.tgstat.com/channel/@ffjdjdjsjfnxkdk,https://t.me/ffjdjdjsjfnxkdk
ĞŸĞ¾Ñ‚ĞµÑ€ÑŒ Ğ½ĞµÑ‚,https://uk.tgstat.com/channel/@ruspot_net,https://t.me/ruspot_net
ĞœĞ¾Ğ³Ğ¸Ğ»Ğ¸Ğ·Ğ°Ñ†Ğ¸Ñ,https://uk.tgstat.com/channel/@lossesinwar,https://t.me/lossesinwar
Ğ¸Ğ»ÑÑˆĞµĞ²Ğ¸Ñ‡ Ğ² Ñ…Ğ°Ñ€ÑŒĞºĞ¾Ğ²Ğµ,https://uk.tgstat.com/channel/@ilya057,https://t.me/ilya057
Regestrato_ua,https://uk.tgstat.com/channel/@regestrato,https://t.me/regestrato
ĞĞ¾Ğ²Ğ¸Ğ½Ğ¸ Ğ· Ğ¿ĞµÑ€ĞµĞ´Ğ¾Ğ²Ğ¾Ñ— ğŸ‡ºğŸ‡¦,https://uk.tgstat.com/channel/Uao1ZabBZ15mMDg6,https://t.me/joinchat/Uao1ZabBZ15mMDg6
ĞœĞµÑ€Ñ‚Ğ²Ğ° Ñ€ÑƒÑĞ½Ñâ¤ï¸,https://uk.tgstat.com/channel/@Russia_suco,https://t.me/Russia_suco
Protorchenko.UA,https://uk.tgstat.com/channel/@Protorchenko,https://t.me/Protorchenko
@antiputler_news,https://uk.tgstat.com/channel/@mkkavkaz,https://t.me/mkkavkaz
Banditskiy_Nestor,https://uk.tgstat.com/channel/@banditskiy_nestor,https://t.me/banditskiy_nestor
ĞœĞ¸ĞºÑƒĞ»Ğ¸Ñ‡ UNCENSORED,https://uk.tgstat.com/channel/@mikulichuncensored,https://t.me/mikulichuncensored
ĞœĞ¾Ğ»Ğ¾Ğ´Ñ– Ğ¿Ñ–Ñ‚Ğ±ÑƒĞ»Ñ– âš¡ï¸âš¡ï¸,https://uk.tgstat.com/channel/@vidmorozki,https://t.me/vidmorozki
Ğ”Ğ²Ğ° Ğ½Ğ°Ñ€Ğ¾Ğ´Ğ°-Ğ¿Ñ–Ğ´Ğ°Ñ€Ğ° ĞºÑ€Ğ°Ğ´Ğµ Ñ– Ğ½Ğµ Ñ†ÑƒÑ€Ğ°Ñ”Ñ‚ÑŒÑÑ âœ™,https://uk.tgstat.com/channel/@dva_naroda_pidora,https://t.me/dva_naroda_pidora
Ğ¨Ğ¾ Ğ· Ñ—Ğ±Ğ°Ğ»Ğ¾Ğ¼ ?ğŸ£,https://uk.tgstat.com/channel/@dima_shmotochkin,https://t.me/dima_shmotochkin
ĞšĞ’ĞĞ Ğ¢Ğ˜Ğ Ğ 42,https://uk.tgstat.com/channel/@room_42,https://t.me/room_42
ĞšĞ°Ğ½Ğ°Ğ» Ğ¡Ñ‚ĞµĞ¿Ğ°Ğ½Ğ° Ğ‘Ğ°Ğ½Ğ´ĞµÑ€Ğ¸,https://uk.tgstat.com/channel/@banderauacom,https://t.me/banderauacom
dikiy_zapad_production,https://uk.tgstat.com/channel/@dikiy_zapad_production,https://t.me/dikiy_zapad_production
Ğ¥Ğ°Ğ¹Ğ¼Ğ°Ñ€ÑĞ¾Ğ¼ Ğ¿Ğ¾ Ñ”Ğ±Ğ°Ğ»Ñƒ,https://uk.tgstat.com/channel/@himars_on_the_russian_ebalo,https://t.me/himars_on_the_russian_ebalo
ĞœÑ‘Ñ€Ñ‚Ğ²Ğ°Ñ Ğ ÑƒzzĞ½ÑğŸ¥°,https://uk.tgstat.com/channel/@polkazovv,https://t.me/polkazovv
Ğ£Ğ´Ğ¾Ğ±Ñ€ĞµĞ½Ğ¸Ñ,https://uk.tgstat.com/channel/@russian_fertilizers,https://t.me/russian_fertilizers
ĞÑ€ĞºĞ¸ Ğ Ğ¤ Ğ² Ğ£ĞºÑ€Ğ°Ñ—Ğ½Ñ– - ĞšĞ¾Ğ½Ñ‚Ñ€Ğ½Ğ°ÑÑ‚ÑƒĞ¿ Ğ—Ğ¡Ğ£ - ĞĞ¾Ğ²Ğ¸Ğ½Ğ¸,https://uk.tgstat.com/channel/@Rashisty_v_plenu,https://t.me/Rashisty_v_plenu
Ğ¡Ñ‚Ñ€Ğ¸Ğ¹ÑÑŒĞºĞ° Ğ¡Ğ¾Ñ‚Ğ½Ñ Ğ¡Ñ–Ñ‡Ğ¾Ğ²Ñ– Ğ¡Ñ‚Ñ€Ñ–Ğ»ÑŒÑ†Ñ–,https://uk.tgstat.com/channel/@sichovi_strilci_stryi,https://t.me/sichovi_strilci_stryi
Ğ Ğ†Ğ– Ğ Ğ£Ğ¡ĞĞ® âœ™,https://uk.tgstat.com/channel/@ebyyrusnyu,https://t.me/ebyyrusnyu
68 Ğ¾ĞºÑ€ĞµĞ¼Ğ° Ñ”Ğ³ĞµÑ€ÑÑŒĞºĞ° Ğ±Ñ€Ğ¸Ğ³Ğ°Ğ´Ğ° | 68 ĞĞ„Ğ‘,https://uk.tgstat.com/channel/@OEB68,https://t.me/OEB68
Ğ”Ğ¾Ñ…Ğ»Ğ°Ñ Ñ€ÑƒÑĞ½Ñ,https://uk.tgstat.com/channel/@Dohliyrusskiy,https://t.me/Dohliyrusskiy
Z â€“ Ğ·Ğ½Ğ°Ñ‡Ğ¸Ñ‚ Ğ·Ğ°Ñ‰ĞµĞºĞ°Ğ½Ñ†Ñ‹ ğŸ‡ºğŸ‡¦,https://uk.tgstat.com/channel/@PutinVZ,https://t.me/PutinVZ
ĞœĞ°Ñ€Ğ¾Ğ´ĞµÑ€Ñ‹ Ğ£ĞºÑ€Ğ°Ğ¸Ğ½Ğ°,https://uk.tgstat.com/channel/@Marodery1,https://t.me/Marodery1
Ğ›Ğ°Ğ³Ğ¾Ğ´Ğ°&Ğ›Ğ°Ğ³Ğ¾Ğ´Ğ°,https://uk.tgstat.com/channel/@maxnadezhdalagoda,https://t.me/maxnadezhdalagoda
ĞœÑ–ÑÑ†ĞµĞ²Ğ¸Ğ¹ ĞĞ½Ñ‚Ğ¾Ğ½ÑĞº,https://uk.tgstat.com/channel/@yanyuk,https://t.me/yanyuk
ĞœĞµÑ€Ñ‚Ğ²Ñ– ĞºĞ°Ñ†Ğ°Ğ¿Ğ¸,https://uk.tgstat.com/channel/@agonyOffRussia,https://t.me/agonyOffRussia
âš”ï¸Military hub UAğŸ‡ºğŸ‡¦,https://uk.tgstat.com/channel/@mhub_ua,https://t.me/mhub_ua
Ğ¢Ğ Ğ­Ğ¨ NEWS,https://uk.tgstat.com/channel/vCgSS3zgNZQyNDI9,https://t.me/joinchat/vCgSS3zgNZQyNDI9
Ğ—Ğ´Ğ¾Ñ…ÑˆĞ° Ñ€ÑƒÑĞ½Ñ ğŸ”,https://uk.tgstat.com/channel/@russdox,https://t.me/russdox
Fuck Off. Ğ¡Ñ‚Ñ€Ğ°Ñ‚ĞµĞ³Ñ–Ñ— Ğ½Ğ° ĞºĞ°Ğ·Ğ¸Ğ½Ğ¾ ĞŸĞ°Ñ€Ñ– Ğ¼Ğ°Ñ‚Ñ‡. Ğ¡Ñ‚Ñ€Ğ°Ñ‚ĞµĞ³Ñ–Ñ— Ğ½Ğ° ÑĞ»Ğ¾Ñ‚Ğ¸ ĞŸĞ°Ñ€Ñ– Ğ¼Ğ°Ñ‚Ñ‡.,https://uk.tgstat.com/channel/@Fu_ck_off01,https://t.me/Fu_ck_off01
Ğ“ĞµÑ€Ñ†ÑŒ 18+,https://uk.tgstat.com/channel/@rgtvoyna,https://t.me/rgtvoyna
Ñ…Ğ¾Ñ€Ğ¾ÑˆĞ¸Ğ¹ Ñ€ÑƒÑÑĞºĞ¸Ğ¹,https://uk.tgstat.com/channel/@goodrussiandeadrussian,https://t.me/goodrussiandeadrussian
Ğ›Ğ®Ğ¢Ğ¬,https://uk.tgstat.com/channel/@ukrainefury,https://t.me/ukrainefury
ĞÑ‡Ñ– Ñ‚Ğ° Ğ–Ğ°Ğ»Ğ¾,https://uk.tgstat.com/channel/@o4itagalo,https://t.me/o4itagalo
ğŸ‡²ğŸ‡¦ĞœĞ°Ñ€Ğ¾ĞºĞºĞ°Ğ½ÑĞºĞ¸Ğ¹ ĞšĞ¾Ğ·Ğ°ĞºğŸ‡ºğŸ‡¦,https://uk.tgstat.com/channel/@moroccankozak,https://t.me/moroccankozak
ĞšÑƒĞ¼ĞµĞ´Ğ½Ğ° Ñ€ÑƒÑĞ½Ñ | #Ğ£ĞºÑ€Ğ¢Ò‘,https://uk.tgstat.com/channel/@destroyvoronezh,https://t.me/destroyvoronezh
Ñ‚Ğ²Ğ¾Ñ Ğ¿Ğ¾Ğ´Ñ€ÑƒĞ¶ĞºĞ° lebudka,https://uk.tgstat.com/channel/@friendly_lebudka,https://t.me/friendly_lebudka
Ğ’Ğ¡Ğ• ĞŸĞ Ğ Ğ’Ğ¡Ğ†Ğ¥,https://uk.tgstat.com/channel/@Vse_proVsikh,https://t.me/Vse_proVsikh
AutoCrach | Ğ”Ğ¢ĞŸ,https://uk.tgstat.com/channel/@dtp_avto_crach,https://t.me/dtp_avto_crach
Ukraine News,https://uk.tgstat.com/channel/@ukraine_24news,https://t.me/ukraine_24news
âœ™ASGARDRĞ•IDâœ™,https://uk.tgstat.com/channel/@asgardreid_division,https://t.me/asgardreid_division
Jack Zombie,https://uk.tgstat.com/channel/@JackZommbie,https://t.me/JackZommbie
ê‘­ Ğ¡Ğ¾Ñ†Ñ–Ğ°Ğ»-Ğ½Ğ°Ñ†Ñ–Ğ¾Ğ½Ğ°Ğ»ÑŒĞ½Ğ¸Ğ¹ ĞºĞ¾Ñ€Ğ¿ÑƒÑ ê‘­,https://uk.tgstat.com/channel/@yoursoulsfm,https://t.me/yoursoulsfm
SPYRE_X,https://uk.tgstat.com/channel/@SPYRE_X,https://t.me/SPYRE_X
War in Ukraine: MediaUkraine ğŸ‡ºğŸ‡¦,https://uk.tgstat.com/channel/@media2022ukraine,https://t.me/media2022ukraine
ĞœÑÑĞ¾ Ğ¡Ğ²Ğ¸Ğ½Ğ¾Ğ³Ğ¾Ñ€ÑŒÑ,https://uk.tgstat.com/channel/@PiggybackRU,https://t.me/PiggybackRU
YourShopper ğŸ‡ºğŸ‡¦ğŸ‡©ğŸ‡ªğŸ‡®ğŸ‡¹,https://uk.tgstat.com/channel/@StitchShop420,https://t.me/StitchShop420
psychopath,https://uk.tgstat.com/channel/@redanua,https://t.me/redanua
Ğ¥Ğ¾Ğ·ÑĞ¸Ğ½ Ğ‘Ğ°Ñ€Ğ¸Ğ½,https://uk.tgstat.com/channel/@legajan,https://t.me/legajan
ğŸ’€ĞœĞµÑ€Ñ‚Ğ²Ñ– Ğ¼Ğ¾ÑĞºĞ°Ğ»Ñ– | ĞĞ¾Ğ²Ğ¸Ğ½Ğ¸ğŸ‡ºğŸ‡¦,https://uk.tgstat.com/channel/@mertvi_moskalli,https://t.me/mertvi_moskalli
"ĞĞĞ¢Ğ˜ Ğ§Ğ’Ğš ""Ğ Ğ•Ğ”ĞĞ"" Ğ¥ĞĞ Ğ¬ĞšĞĞ’ ğŸ’€ğŸ•·ï¸",https://uk.tgstat.com/channel/@antichvkredankharkiv,https://t.me/antichvkredankharkiv
Ğ£ĞºÑ€Ğ°Ğ¸Ğ½Ğ° Online ğŸ‡ºğŸ‡¦ ĞĞ¾Ğ²Ğ¾ÑÑ‚Ğ¸,https://uk.tgstat.com/channel/@UAonliiii,https://t.me/UAonliiii
ğŸ”¥Ğ¡ĞµĞºÑ‚Ğ° ÑĞ²Ğ¸Ğ´ĞµÑ‚ĞµĞ»ĞµĞ¹ ÑĞ¾Ğ¶Ğ¶ĞµĞ½Ğ¸Ñ ĞœĞ¾ÑĞºĞ¾Ğ²Ğ¸Ğ¸,https://uk.tgstat.com/channel/@russia_404,https://t.me/russia_404
parav0zik pods,https://uk.tgstat.com/channel/@paravozik_pods,https://t.me/paravozik_pods
Ğ ÑƒÑÑĞºĞ¸Ğµ ÑƒĞ¶Ğµ Ğ² ĞšĞ¸ĞµĞ²Ğµ! ĞÑƒ Ğ¿Ğ¾Ñ‡Ñ‚Ğ¸...,https://uk.tgstat.com/channel/@stop_russia_occupation,https://t.me/stop_russia_occupation
Ğ“ĞµÑ€Ğ¾Ğ¸ Ğ Ğ¾ÑÑĞ¸Ğ¸,https://uk.tgstat.com/channel/@russianheroi,https://t.me/russianheroi
ĞœÑÑĞ¾Ñ€ÑƒĞ±ĞºĞ° 18+,https://uk.tgstat.com/channel/@blodmeat,https://t.me/blodmeat
$_Fr1tsch666_$,https://uk.tgstat.com/channel/@russak1,https://t.me/russak1
ÑĞ¾Ñ† [ÑĞµĞ·Ğ¾Ğ½ Ğ¿Ğ¾Ğ½ĞµĞ²Ñ–Ñ€ÑĞ½ÑŒ Ğ¿Ğ¾ Ğ¶Ğ°Ğ±Ğ¾ÑˆĞ°Ğ¿Ñ†Ñ–],https://uk.tgstat.com/channel/@sociophobique,https://t.me/sociophobique
Ukraine-Russia War Diary,https://uk.tgstat.com/channel/@UkraineAttack,https://t.me/UkraineAttack
à¥ğ‘ğ‘œğ‘šğ‘’ ğ‘ğ‘ğ‘ğ‘˜ ğ‘¡ğ‘œ ğ‘Ÿğ‘’ğ‘ğ‘™ ğ‘™ğ‘–ğ‘“ğ‘’à¥,https://uk.tgstat.com/channel/@MuzykaKakOrgazn,https://t.me/MuzykaKakOrgazn
ĞºĞ»Ğ°Ğ´Ğ±Ğ¸Ñ‰Ğµ Ğ½Ğ°Ğ´ĞµĞ¶Ğ´.,https://uk.tgstat.com/channel/@shawttyrest,https://t.me/shawttyrest
Ğ ÑƒĞ¿Ğ¾Ñ€ Ğ†Ğ¡-01,https://uk.tgstat.com/channel/VAu53mpzx7U1gzsp,https://t.me/joinchat/VAu53mpzx7U1gzsp
ĞÑ‡Ğ°ĞºĞ¾Ğ²Ğ¾-ĞœĞ°Ñ‚Ğ²ĞµĞµĞ²ÑĞºĞ¾Ğµ,https://uk.tgstat.com/channel/@ochakovo_telegram,https://t.me/ochakovo_telegram
Ğ¤Ñ€Ğ¾Ğ½Ñ‚Ğ¾Ğ²Ğ° Ğ–ĞµÑÑ‚ÑŒ 18+ ğŸ‡ºğŸ‡¦,https://uk.tgstat.com/channel/@frontjest,https://t.me/frontjest
Ğ‘Ğ•Ğ— Ğ¦Ğ•ĞĞ—Ğ£Ğ Ğ«ğŸ˜±ğŸ˜±ğŸ˜±,https://uk.tgstat.com/channel/@cotton54,https://t.me/cotton54
DeadRussia,https://uk.tgstat.com/channel/@deathrussianworld,https://t.me/deathrussianworld
Ğ•Ğ±Ğ°Ñ‚ÑŒ Ğ Ñƒ$ĞÑ,https://uk.tgstat.com/channel/@NotAvailable2u,https://t.me/NotAvailable2u
ğŸ’¢ KO'rama - Ğ¡Ğ²Ğ°Ñ€ĞºĞ¸ / Ğ‘Ñ–Ğ¹ĞºĞ¸ / Ğ’ÑƒĞ»Ğ¸Ñ‡Ğ½Ñ– Ğ‘Ñ–Ğ¹ĞºĞ¸ ğŸ¥Š,https://uk.tgstat.com/channel/@street_fights_UKR,https://t.me/street_fights_UKR
ĞĞ Ğ§Ğ˜Ğ™ Ğ¤ĞĞ Ğ¨ 18+,https://uk.tgstat.com/channel/@orc_farsh,https://t.me/orc_farsh
Ğ”Ğ˜ĞœĞ Ğ ĞĞšĞ•Ğ¢Ğ,https://uk.tgstat.com/channel/@dima_133777,https://t.me/dima_133777
Researching dno | Ğ˜ÑÑĞ»ĞµĞ´ÑƒÑ Ğ´Ğ½Ğ¾,https://uk.tgstat.com/channel/@researching_dno,https://t.me/researching_dno
