–¢—Ä—É—Ö–∞‚ö°Ô∏è–°–ø–æ—Ä—Ç,https://uk.tgstat.com/channel/@truexassport,https://t.me/truexassport
–§–£–¢–ë–û–õ –£–ö–†–ê–á–ù–ò,https://uk.tgstat.com/channel/AAAAAEINWUlnVBecTPT7eA,https://t.me/joinchat/AAAAAEINWUlnVBecTPT7eA
–ê–Ω–¥—Ä—ñ–π –ö–æ–ª—ñ—Å–Ω–∏–∫,https://uk.tgstat.com/channel/@kolisnyck,https://t.me/kolisnyck
Sport.ua,https://uk.tgstat.com/channel/AAAAAE8zcQnOLlcavItbTQ,https://t.me/joinchat/AAAAAE8zcQnOLlcavItbTQ
–§–£–¢–ë–û–õ –£–ö–†–ê–á–ù–ò,https://uk.tgstat.com/channel/AAAAAEMAvpkAydOAFze7iA,https://t.me/joinchat/AAAAAEMAvpkAydOAFze7iA
–§—É—Ç–±–æ–ª –£–∫—Ä–∞—ó–Ω–∏ —Ç–∞ —Å–≤—ñ—Ç—É,https://uk.tgstat.com/channel/@theukrainefootball,https://t.me/theukrainefootball
Tribuna.com –£–∫—Ä–∞—ó–Ω–∞,https://uk.tgstat.com/channel/@uatribuna,https://t.me/uatribuna
–ü–ª–∞–Ω–µ—Ç–∞ –§—É—Ç–±–æ–ª–∞,https://uk.tgstat.com/channel/AAAAAEtwnfwwFVqFOixPMQ,https://t.me/joinchat/AAAAAEtwnfwwFVqFOixPMQ
VAR,https://uk.tgstat.com/channel/ICaJ-DS4fetkMzIy,https://t.me/joinchat/ICaJ-DS4fetkMzIy
–î–ò–ù–ê–ú–û –ö–ò–á–í,https://uk.tgstat.com/channel/AAAAAFHqR-s6_wzQ0jG4Zg,https://t.me/joinchat/AAAAAFHqR-s6_wzQ0jG4Zg
F1 with Maks Podzigun üá∫üá¶,https://uk.tgstat.com/channel/@MaksPodzigun,https://t.me/MaksPodzigun
–¢—Ä–µ–Ω–¥–µ—Ü—å,https://uk.tgstat.com/channel/AAAAAFhIjweVajpOfH7Rrg,https://t.me/joinchat/AAAAAFhIjweVajpOfH7Rrg
–ë—Ä—É—Ç–∞–ª—å–Ω–∏–π –§—É—Ç–±–æ–ª ‚öΩÔ∏è,https://uk.tgstat.com/channel/@brutfoot,https://t.me/brutfoot
UA-Football.com,https://uk.tgstat.com/channel/AAAAAE_E1886NImeHMThaw,https://t.me/joinchat/AAAAAE_E1886NImeHMThaw
–ë–û–ö–° –£–ö–†–ê–á–ù–ò,https://uk.tgstat.com/channel/AAAAAEZ8CGf5dUxZ0jKCBQ,https://t.me/joinchat/AAAAAEZ8CGf5dUxZ0jKCBQ
Boxing Ukraine,https://uk.tgstat.com/channel/AAAAAEZruZlz-kBMVU-pnQ,https://t.me/joinchat/AAAAAEZruZlz-kBMVU-pnQ
–§—É—Ç–±–æ–ª 2.0,https://uk.tgstat.com/channel/@football20ua,https://t.me/football20ua
MONTE GANG üî´,https://uk.tgstat.com/channel/@monte_esports,https://t.me/monte_esports
–ú–ò–† –§–£–¢–ë–û–õ–ê,https://uk.tgstat.com/channel/78N3kNVB1PxiNThi,https://t.me/joinchat/78N3kNVB1PxiNThi
It's a good trip,https://uk.tgstat.com/channel/@igtrip,https://t.me/igtrip
Setanta Sports Ukraine,https://uk.tgstat.com/channel/@setantaukraine,https://t.me/setantaukraine
Sport UA,https://uk.tgstat.com/channel/@ukraina_sport_news_futbol,https://t.me/ukraina_sport_news_futbol
–£–∫—Ä–∞—ó–Ω—Å—å–∫–∏–π —Ñ—É—Ç–±–æ–ª 3.0,https://uk.tgstat.com/channel/UyIsUQIp1Kp0X459,https://t.me/joinchat/UyIsUQIp1Kp0X459
–§–ö ¬´–î–∏–Ω–∞–º–æ¬ª –ö–∏—ó–≤,https://uk.tgstat.com/channel/@DynamoKyiv,https://t.me/DynamoKyiv
üîπ ùóôùó¢ùó¢ùóßùóöùó¢ùóîùóü üîπ,https://uk.tgstat.com/channel/mjiDg7LfO_AxMzU6,https://t.me/joinchat/mjiDg7LfO_AxMzU6
FOOTBALL.UA,https://uk.tgstat.com/channel/@footballuaonline,https://t.me/footballuaonline
–§–£–¢–ë–û–õ –£–ö–†–ê–á–ù–ò | –Ñ–í–†–û–ö–£–ë–ö–ò,https://uk.tgstat.com/channel/@ukraini_futbol,https://t.me/ukraini_futbol
Fanatico ‚öΩÔ∏è,https://uk.tgstat.com/channel/@fanaticoua,https://t.me/fanaticoua
–£–õ–¨–¢–†–ê–° –£–ö–†–ê–á–ù–ò üá∫üá¶‚úô,https://uk.tgstat.com/channel/@ua_ultras,https://t.me/ua_ultras
–§—É—Ç–±–æ–ª—å–Ω—ã–µ –æ–±–æ–∏ ‚öΩÔ∏è,https://uk.tgstat.com/channel/@footballWallpaperphone,https://t.me/footballWallpaperphone
Troublemakers & Ultras Action,https://uk.tgstat.com/channel/@TroublemakersUkraine,https://t.me/TroublemakersUkraine
–ö—É–ª—å—Ç –§—É—Ç–±–æ–ª–∞,https://uk.tgstat.com/channel/TpHPt4T6IhE4YTYy,https://t.me/joinchat/TpHPt4T6IhE4YTYy
–¢—Ä–∞–Ω—Å—Ñ–µ—Ä–∏,https://uk.tgstat.com/channel/aVNICbN4yDZhNmRi,https://t.me/joinchat/aVNICbN4yDZhNmRi
"–î–æ–±—Ä–æ–≥–æ –≤–µ—á–æ—Ä–∞, —Å–ø–æ—Ä—Ç –£–∫—Ä–∞—ó–Ω–∏",https://uk.tgstat.com/channel/kY5XKaSMM5gyMDMy,https://t.me/joinchat/kY5XKaSMM5gyMDMy
‚öí –§–ö ¬´–®–∞—Ö—Ç–∞—Ä¬ª,https://uk.tgstat.com/channel/@fcshakhtar_news,https://t.me/fcshakhtar_news
Setanta Sports –£–ü–õ,https://uk.tgstat.com/channel/@SetantaSportsUPL,https://t.me/SetantaSportsUPL
Art√´m Frankov official,https://uk.tgstat.com/channel/@footballandartemfrankov,https://t.me/footballandartemfrankov
–§–£–¢–ë–û–õ|–¢–†–ê–ù–°–õ–Ø–¶–ò–ò –ú–ê–¢–ß–ï–ô,https://uk.tgstat.com/channel/fJiYEzwQ4iJmZDQy,https://t.me/joinchat/fJiYEzwQ4iJmZDQy
–¢–∞–¢–æ–¢–∞–∫–µ,https://uk.tgstat.com/channel/@tatotake_ua,https://t.me/tatotake_ua
–§–£–¢–ëOLD ‚öΩÔ∏è,https://uk.tgstat.com/channel/AAAAAE4uQqtLvpkPZJZeGQ,https://t.me/joinchat/AAAAAE4uQqtLvpkPZJZeGQ
–¶–ï –ú–û–¢–û–ë–õ–û–ö?,https://uk.tgstat.com/channel/@l0330300916,https://t.me/l0330300916
Live –§—É—Ç–±–æ–ª üá∫üá¶,https://uk.tgstat.com/channel/@translyatsia_pryama,https://t.me/translyatsia_pryama
–î–∂–∞–Ω–ª—É–∫–∞–õ–∞–ø–∞–¥—É–ª–∞,https://uk.tgstat.com/channel/@GianlucaLapadula,https://t.me/GianlucaLapadula
–î–∏–Ω–∞–º–æ –ö–∏–µ–≤ Inside,https://uk.tgstat.com/channel/@dinamosluhi,https://t.me/dinamosluhi
üá∫üá¶–§–£–¢–ë–û–õ –£–ö–†–ê–á–ù–òüá∫üá¶,https://uk.tgstat.com/channel/@fytbol_ukraine,https://t.me/fytbol_ukraine
Sport Life,https://uk.tgstat.com/channel/@sportlife_ua_official,https://t.me/sportlife_ua_official
–§—É—Ç–±–æ–ª 24,https://uk.tgstat.com/channel/@football24ua,https://t.me/football24ua
F1 Insider | –§–æ—Ä–º—É–ª–∞ 1 | –ì—Ä–∞–Ω –ü—Ä–∏ üá™üá∏ –ò—Å–ø–∞–Ω–∏–∏ | Formula 1,https://uk.tgstat.com/channel/@f1insider,https://t.me/f1insider
üéô–ü—Ä–æ—Å—Ç–æ –§—É—Ç–±–æ–ª,https://uk.tgstat.com/channel/@ProstoFootballMedia,https://t.me/ProstoFootballMedia
Sportarena.com,https://uk.tgstat.com/channel/@sportarena_com,https://t.me/sportarena_com
FOOTBALL‚ö°Ô∏èLIVE,https://uk.tgstat.com/channel/CuH-w_-aqWliNmQy,https://t.me/joinchat/CuH-w_-aqWliNmQy
FootballHub,https://uk.tgstat.com/channel/SCVqvP6wEpuVQ3yY,https://t.me/joinchat/SCVqvP6wEpuVQ3yY
Biathlon.UAüá∫üá¶,https://uk.tgstat.com/channel/@UkranianBiathlonFederation,https://t.me/UkranianBiathlonFederation
–£–∫—Ä–∞—ó–Ω—Å—å–∫–∏–π —Å–ø–æ—Ä—Ç,https://uk.tgstat.com/channel/@ukrainian_sportua,https://t.me/ukrainian_sportua
–ê–ü–õ | –§—É—Ç–±–æ–ª –ê–Ω–≥–ª—ñ—ó,https://uk.tgstat.com/channel/WvnKtHDDVyAxMzYy,https://t.me/joinchat/WvnKtHDDVyAxMzYy
V_Pas | –í–µ—Å—å –∞–Ω–≥–ª–∏–π—Å–∫–∏–π —Ñ—É—Ç–±–æ–ª –Ω–∞ –æ–¥–Ω–æ–º –∫–∞–Ω–∞–ª–µ,https://uk.tgstat.com/channel/@V_Pas,https://t.me/V_Pas
MEGOGOFAN,https://uk.tgstat.com/channel/bRPWTv9kAYA0MjIy,https://t.me/joinchat/bRPWTv9kAYA0MjIy
–ù–û–í–û–°–¢–ò | –ü–†–û–ì–ù–û–ó–´ | –≠–ö–°–ü–†–ï–°–°–´ | –ú–ú–ê | UFC | OCTAGON,https://uk.tgstat.com/channel/AAAAAEWFcmOeLtU0vcd2EA,https://t.me/joinchat/AAAAAEWFcmOeLtU0vcd2EA
–ù–ë–ê l –£–∫—Ä–∞—ó–Ω—Å—å–∫–∏–π –±–∞—Å–∫–µ—Ç–±–æ–ª,https://uk.tgstat.com/channel/@basket_ukraine,https://t.me/basket_ukraine
–§—É—Ç–±–æ–ª—å–Ω—ã–µ –Ω–æ–≤–æ—Å—Ç–∏,https://uk.tgstat.com/channel/ntXu_x2_xao2NTVi,https://t.me/joinchat/ntXu_x2_xao2NTVi
Kuba Ibra,https://uk.tgstat.com/channel/AAAAAEelKZucJCc8MUgq5A,https://t.me/joinchat/AAAAAEelKZucJCc8MUgq5A
–£–∫—Ä–∞—ó–Ω–∞ –°–ø–æ—Ä—Ç–∏–≤–Ω–∞ üá∫üá¶ –ü—Ä–∞–≤–∏–π –Ü–Ω—Å–∞–π–¥ ‚öΩÔ∏è,https://uk.tgstat.com/channel/@right_inside_ua,https://t.me/right_inside_ua
FC Metalist | OFFICIAL,https://uk.tgstat.com/channel/@fcmetalist,https://t.me/fcmetalist
"–£–∫—Ä–∞—ó–Ω–∞ - —Å–ø–æ—Ä—Ç, –Ω–æ–≤–∏–Ω–∏, —Ç—Ä–∞–Ω—Å–ª—è—Ü—ñ—ó –º–∞—Ç—á—ñ–≤.",https://uk.tgstat.com/channel/@ua365livesport,https://t.me/ua365livesport
–î–∏–Ω–∞–º–æ –ö–∏—ó–≤ - 1927,https://uk.tgstat.com/channel/@dynamo_news_1927,https://t.me/dynamo_news_1927
–ë–∏–π‚ûû–±—ñ–∂–∏,https://uk.tgstat.com/channel/@byi_bizhy,https://t.me/byi_bizhy
–ë—ñ–∞—Ç–ª–æ–Ω —Ç–∞ –∑–∏–º–æ–≤—ñ –≤–∏–¥–∏ —Å–ø–æ—Ä—Ç—É,https://uk.tgstat.com/channel/@uabiathlonua,https://t.me/uabiathlonua
–§–ö ¬´–ü–æ–ª—ñ—Å—Å—è¬ª –ñ–∏—Ç–æ–º–∏—Ä,https://uk.tgstat.com/channel/@fcpolissya,https://t.me/fcpolissya
WBC | –£–ª—å—Ç—Ä–∞—Å –î–∏–Ω–∞–º–æ,https://uk.tgstat.com/channel/@wbc_kyiv,https://t.me/wbc_kyiv
–í–ó–ë–Ü–†–ù–ê,https://uk.tgstat.com/channel/@vzbirna,https://t.me/vzbirna
–ù–æ–≤–æ—Å—Ç–∏ –±–æ–∫—Å–∞ü•äBOXING NEWS - –§–ë–£ ü•ä,https://uk.tgstat.com/channel/@boxingukr,https://t.me/boxingukr
Ukrainian Tennis,https://uk.tgstat.com/channel/@TennisUa,https://t.me/TennisUa
–§–£–¢–ë–û–õ–¨–ù–ò–ô –ù–ê –ì–û–õ–û–í–£,https://uk.tgstat.com/channel/@FOOTBALLFORNOK,https://t.me/FOOTBALLFORNOK
BOX! BOX! BOX!,https://uk.tgstat.com/channel/@BoxBoxBoxF1,https://t.me/BoxBoxBoxF1
GymBeam,https://uk.tgstat.com/channel/8j80BZPyr_tmYzRi,https://t.me/joinchat/8j80BZPyr_tmYzRi
El_pezdabol üóûÔ∏è,https://uk.tgstat.com/channel/@el_pezdabol,https://t.me/el_pezdabol
–ú–∞–Ω—á–µ—Å—Ç–µ—Ä –Æ–Ω–∞–π—Ç–µ–¥,https://uk.tgstat.com/channel/9WgMhOc-U9dlM2My,https://t.me/joinchat/9WgMhOc-U9dlM2My
–í–µ–ª–æ –ü–æ–∫–∞—Ç—É—à–∫–∏ –ö–∏—ó–≤,https://uk.tgstat.com/channel/@Velo_kyiv_rides,https://t.me/Velo_kyiv_rides
"–ö–æ–Ω—Å—Ç—Ä—É–∫—Ç–æ—Ä, —è–∫–∏–π –º–∏ –∑–∞—Å–ª—É–∂–∏–ª–∏ ‚úôüçâüêÜ",https://uk.tgstat.com/channel/@footballconstructor,https://t.me/footballconstructor
NK VERES RIVNE,https://uk.tgstat.com/channel/@veresclub,https://t.me/veresclub
LokoTV | –¢—Ä–∞–Ω—Å–ª—è—Ü–∏–∏,https://uk.tgstat.com/channel/@loko_live,https://t.me/loko_live
MMA l UFC-Boxing-Muay Thai-Grappling –ù–æ–≤–æ—Å—Ç–∏,https://uk.tgstat.com/channel/@mma_ufc_boxing_news,https://t.me/mma_ufc_boxing_news
–£–∫—Ä–∞—ó–Ω—Å—å–∫–∏–π —Ñ—É—Ç–±–æ–ª ·êâ –Ω–æ–≤–∏–Ω–∏ —Ñ—É—Ç–±–æ–ª—É –£–∫—Ä–∞—ó–Ω–∏,https://uk.tgstat.com/channel/@upleague,https://t.me/upleague
–ë–∞—Ä—Å–µ–ª–æ–Ω–∞ | Barcelona Fans,https://uk.tgstat.com/channel/@barcelona_cule,https://t.me/barcelona_cule
Lapadula news,https://uk.tgstat.com/channel/@LapadulaNews,https://t.me/LapadulaNews
–£–∫—Ä–∞—ó–Ω—Å—å–∫–∞ –ü—Ä–µ–º'—î—Ä-–ª—ñ–≥–∞,https://uk.tgstat.com/channel/@premier_leaugeua,https://t.me/premier_leaugeua
–¢–µ–Ω—ñ—Å –Ω–∞ Sport.ua,https://uk.tgstat.com/channel/z-8LRwKttt40NzRi,https://t.me/joinchat/z-8LRwKttt40NzRi
–°–í–Ü–¢ –§–£–¢–ë–û–õ–£ 24/7,https://uk.tgstat.com/channel/4ewCBceNPAg1NDEy,https://t.me/joinchat/4ewCBceNPAg1NDEy
–§–£–¢–ë–û–õ ONLINE,https://uk.tgstat.com/channel/@footballonlineua,https://t.me/footballonlineua
–§—É—Ç–±–æ–ª—å–Ω—ñ –¢—É–∑–∏ ü§ü,https://uk.tgstat.com/channel/Q3LXfbLZF0gwN2My,https://t.me/joinchat/Q3LXfbLZF0gwN2My
–§–ö –®–∞—Ö—Ç–µ—Ä –î–æ–Ω–µ—Ü–∫ ‚öí,https://uk.tgstat.com/channel/@ShakhtarD,https://t.me/ShakhtarD
–ì–µ–π–º –°–µ–≤–µ–Ω,https://uk.tgstat.com/channel/@gamesevenua,https://t.me/gamesevenua
FC Vorskla Poltava,https://uk.tgstat.com/channel/@fcvorsklapoltava,https://t.me/fcvorsklapoltava
–§–µ–¥–µ—Ä–∞—Ü—ñ—è –ë–∞—Å–∫–µ—Ç–±–æ–ª—É –£–∫—Ä–∞—ó–Ω–∏ üá∫üá¶üèÄ,https://uk.tgstat.com/channel/@fbubasket,https://t.me/fbubasket
–§–∞—Ä—Ç–ª–µ–∫ üá∫üá¶ –°–ø–æ—Ä—Ç—ñ–≤–µ–Ω—Ç–∏,https://uk.tgstat.com/channel/@fartlekua,https://t.me/fartlekua
–ü–ª–∞–Ω–µ—Ç–∞ –§—É—Ç–±–æ–ª—É,https://uk.tgstat.com/channel/@planeta_football_ua,https://t.me/planeta_football_ua
LATERAL | –§—É—Ç–±–æ–ª –£–∫—Ä–∞—ó–Ω–∏,https://uk.tgstat.com/channel/rHV9X_D2bTw1NTRi,https://t.me/joinchat/rHV9X_D2bTw1NTRi
–§—É—Ç–±–æ–ª –£–∫—Ä–∞—ó–Ω–∏üá∫üá¶,https://uk.tgstat.com/channel/TydHPBBX1Dit_IPF,https://t.me/joinchat/TydHPBBX1Dit_IPF
KDK,https://uk.tgstat.com/channel/@kdk_ua,https://t.me/kdk_ua
–°–º–æ–ª–æ–≤–∏–π,https://uk.tgstat.com/channel/@smolovyi,https://t.me/smolovyi
Mr. Raumdeuter –Ü –Ñ–≤–≥–µ–Ω –ö—É–∑—å–º–µ–Ω–∫–æ,https://uk.tgstat.com/channel/@bundesshow,https://t.me/bundesshow
–ê–Ω–≥–ª—ñ–π—Å—å–∫–∞ –ü—Ä–µ–º'—î—Ä –õ—ñ–≥–∞ | –ê–ü–õü¶Å,https://uk.tgstat.com/channel/R0qGFuddEpphY2Iy,https://t.me/joinchat/R0qGFuddEpphY2Iy
F1 Honestly! –ê–Ω–∞–ª—ñ—Ç–∏–∫–∞ –§–æ—Ä–º—É–ª–∏-1 –£–∫—Ä–∞—ó–Ω—Å—å–∫–æ—é üá∫üá¶,https://uk.tgstat.com/channel/@f1honestly,https://t.me/f1honestly
–ê—Å–∏—Å—Ç –ú–∞–ª—ñ–Ω–æ–≤—Å—å–∫–æ–≥–æ ‚úô,https://uk.tgstat.com/channel/@asistmalinovskogo,https://t.me/asistmalinovskogo
–£–∫—Ä–∞—ó–Ω—Å—å–∫–∏–π –ö–∞–ø–ø–µ—Ä | –°—Ç–∞–≤–∫–∏ –Ω–∞ —Å–ø–æ—Ä—Ç,https://uk.tgstat.com/channel/4rfNS9Ny0WZhYzE6,https://t.me/joinchat/4rfNS9Ny0WZhYzE6
Lowpriceboots,https://uk.tgstat.com/channel/@Lowpriceboots,https://t.me/Lowpriceboots
‚úô Base of Ukrainian sports üçâ,https://uk.tgstat.com/channel/@ukrsportbase,https://t.me/ukrsportbase
White Blue Team | –î–∏–Ω–∞–º–æ –ö–∏—ó–≤,https://uk.tgstat.com/channel/XR71I-P8N1ozOThi,https://t.me/joinchat/XR71I-P8N1ozOThi
–î–ò–ù–ê–ú–û –ö–ò–á–í,https://uk.tgstat.com/channel/@fc_dynamokiev,https://t.me/fc_dynamokiev
Full House Khreschatyk,https://uk.tgstat.com/channel/@fullhousekyiv,https://t.me/fullhousekyiv
–°—Ç–∞—Å–∏–∫–∏ —Ç—É—Ç,https://uk.tgstat.com/channel/@stason_Sychev,https://t.me/stason_Sychev
Fight Club TV üá∫üá¶,https://uk.tgstat.com/channel/@fight_club_tv01,https://t.me/fight_club_tv01
ISPORT.UA,https://uk.tgstat.com/channel/@isportualive,https://t.me/isportualive
Channel One –íoxing,https://uk.tgstat.com/channel/@CO_BoxingNews,https://t.me/CO_BoxingNews
–§—É—Ç–±–æ–ª –¢–í –£–∫—Ä–∞—ó–Ω–∞üá∫üá¶,https://uk.tgstat.com/channel/@footballtvukraine,https://t.me/footballtvukraine
–ö—Ä—ã–∂–∞–Ω–æ–≤—Å–∫–∏–π live,https://uk.tgstat.com/channel/@kkchannel79,https://t.me/kkchannel79
–§–ö –ú–µ—Ç–∞–ª—ñ—Å—Ç,https://uk.tgstat.com/channel/@metalist_kh,https://t.me/metalist_kh
–§–ö –®–∞—Ö—Ç–∞—Ä –î–æ–Ω–µ—Ü—å–∫,https://uk.tgstat.com/channel/@shakhtar_life,https://t.me/shakhtar_life
üá∫üá¶CASHBETSüá∫üá¶,https://uk.tgstat.com/channel/DveuYuRANDM5Mjky,https://t.me/joinchat/DveuYuRANDM5Mjky
Ukrainian ‚ûî Formula,https://uk.tgstat.com/channel/@ua_formula,https://t.me/ua_formula
–õ—å–≤—ñ–≤—Å—å–∫–∞ –ê—Å–æ—Ü—ñ–∞—Ü—ñ—è –§—É—Ç–±–æ–ª—É,https://uk.tgstat.com/channel/@lvivfootball,https://t.me/lvivfootball
Ukrainian RG Team,https://uk.tgstat.com/channel/@teamukraineRG,https://t.me/teamukraineRG
–ú—É–∞–π-–¢–∞–π –£–∫—Ä–∞—ó–Ω–∏ —Ç–∞ —Å–≤—ñ—Ç—É,https://uk.tgstat.com/channel/@muaythaiukraine,https://t.me/muaythaiukraine
DidenKO ü•ä,https://uk.tgstat.com/channel/@didenko_boxing,https://t.me/didenko_boxing
–¢—Ä–∞–Ω—Å–ª—è—à–∫–∞,https://uk.tgstat.com/channel/6bP_Wrk6R6owYzQy,https://t.me/joinchat/6bP_Wrk6R6owYzQy
–ö–∞—Ä–ø–∞—Ç–∏ –õ—å–≤—ñ–≤ ü¶Å Official,https://uk.tgstat.com/channel/@fc_karpaty_lviv,https://t.me/fc_karpaty_lviv
PROF1Group¬Æ,https://uk.tgstat.com/channel/@prof1group,https://t.me/prof1group
–ö–∞—Ä–ø–∞—Ç–∏ –õ—å–≤—ñ–≤,https://uk.tgstat.com/channel/@karpatylviv,https://t.me/karpatylviv
TeamMMAWld,https://uk.tgstat.com/channel/xgGc7UaDL544OWJi,https://t.me/joinchat/xgGc7UaDL544OWJi
–§–£–¢–ë–û–õ –£–ö–†–ê–á–ù–ò –¢–ê –ï–≤—Ä–æ–ø–∏,https://uk.tgstat.com/channel/@ukraina_football,https://t.me/ukraina_football
–§—Ä–∞–Ω—Å–§—É—Ç–±–æ–ª,https://uk.tgstat.com/channel/@AllezFrance,https://t.me/AllezFrance
volleyball.ua,https://uk.tgstat.com/channel/@volleyballua,https://t.me/volleyballua
‚õ≥Ô∏è–ö–£–¢–û–í–ò–ôüá∫üá¶,https://uk.tgstat.com/channel/@kytovuj,https://t.me/kytovuj
–ë–ê–¢–≠ | –ù–∞ –∂–æ—û—Ç–∞-—Å—ñ–Ω—è–π —Ö–≤–∞–ª—ñ,https://uk.tgstat.com/channel/@fcbatebarysau,https://t.me/fcbatebarysau
–¢–æ—Ç —Å–∞–º—ã–π –ú–µ—Ç–∞–ª–ª–∏—Å—Ç,https://uk.tgstat.com/channel/@metalist_kharkiv,https://t.me/metalist_kharkiv
üî• –õ–Ü–ì–ê –ß–ï–ú–ü–Ü–û–ù–Ü–í üî•,https://uk.tgstat.com/channel/@Ligacsempion,https://t.me/Ligacsempion
–§–ö ¬´–ú–µ—Ç–∞–ª—ñ—Å—Ç¬ª –•–∞—Ä–∫—ñ–≤,https://uk.tgstat.com/channel/@metalistkh,https://t.me/metalistkh
–û—Ñ—ñ—Ü—ñ–π–Ω–∏–π –∫–∞–Ω–∞–ª USPF - –§–µ–¥–µ—Ä–∞—Ü—ñ—ó –°–ø–æ—Ä—Ç–∏–≤–Ω–æ–≥–æ –ü–æ–∫–µ—Ä–∞ –£–∫—Ä–∞—ó–Ω–∏,https://uk.tgstat.com/channel/@USPF_INFO,https://t.me/USPF_INFO
üîµüî¥ –ë–∞—Ä—Å–µ–ª–æ–Ω–∞ üá∫üá¶,https://uk.tgstat.com/channel/@blaugranas_top,https://t.me/blaugranas_top
–ù–û–ö –£–∫—Ä–∞—ó–Ω–∏ —Ç–∞ –æ–ª—ñ–º–ø—ñ–π—Å—å–∫–∞ –∫–æ–º–∞–Ω–¥–∞/NOC of Ukraine and the Olympic Team,https://uk.tgstat.com/channel/@nocukraine,https://t.me/nocukraine
üè¥Û†ÅßÛ†Å¢Û†Å•Û†ÅÆÛ†ÅßÛ†Åøü¶Å –ê–ü–õ | –ê–Ω–≥–ª—ñ–π—Å—å–∫–∞ –ü—Ä–µ–º'—î—Ä-–õ—ñ–≥–∞üá∫üá¶,https://uk.tgstat.com/channel/@apl_ukraine,https://t.me/apl_ukraine
Status Drop,https://uk.tgstat.com/channel/@status_drop,https://t.me/status_drop
Kundalini for all,https://uk.tgstat.com/channel/@kundaliniforall,https://t.me/kundaliniforall
–ü—Ä–æ—Ç–∏–≤–Ω–∏–π –≥–æ–ª–æ—Å,https://uk.tgstat.com/channel/@boikovoice,https://t.me/boikovoice
üèùÔ∏èMDS Family,https://uk.tgstat.com/channel/TBEfdDhVSqszMmQ6,https://t.me/joinchat/TBEfdDhVSqszMmQ6
–î–∏–Ω–∞–º–æ –æ—Ç –®—É—Ä–∏–∫–∞ / Dynamo.kiev.ua,https://uk.tgstat.com/channel/@dynamo_kiev_ua,https://t.me/dynamo_kiev_ua
–§–µ–¥–µ—Ä–∞—Ü–∏—è –¥–∑—é–¥–æ –î–ù–†,https://uk.tgstat.com/channel/@judo_dnr,https://t.me/judo_dnr
–§–ö –ß–µ–ª—Å—ñ | Chelsea | –ú—É–¥—Ä–∏–∫ | –ß–µ–ª—Å–∏,https://uk.tgstat.com/channel/@chelsea_newsblue,https://t.me/chelsea_newsblue
Obozrevatel Sport,https://uk.tgstat.com/channel/@obozrevatelsport,https://t.me/obozrevatelsport
–°–ö –î–Ω—ñ–ø—Ä–æ-1 / SC Dnipro-1,https://uk.tgstat.com/channel/@sportclubdnipro1,https://t.me/sportclubdnipro1
Secret MMA,https://uk.tgstat.com/channel/@secretMMA,https://t.me/secretMMA
–§–ö –ë–∞—Ä—Å–µ–ª–æ–Ω–∞ | –ù–æ–≤–∏–Ω–∏ üá∫üá¶,https://uk.tgstat.com/channel/RTn4lgku0hE0MzFi,https://t.me/joinchat/RTn4lgku0hE0MzFi
El Futb√≥lic–æ,https://uk.tgstat.com/channel/@elfutbolico,https://t.me/elfutbolico
–û–≤–µ—Ä—Ç–∞–π–º —ñ–∑ –°–∞–∂–∫–æ–º,https://uk.tgstat.com/channel/@overtime_sazhko,https://t.me/overtime_sazhko
üá∫üá¶–§—É—Ç–±–æ–ª –£–∫—Ä–∞—ó–Ω–∏ —ñ –°–≤—ñ—Ç—É üá∫üá¶,https://uk.tgstat.com/channel/@footballukraineworld,https://t.me/footballukraineworld
–ü–∏–≤–Ω–∞ –ö–µ–≥–∞ –ê—Ä—Ä—ñ—Å–∞–±–∞–ª–∞–≥–∞ ‚öΩÔ∏èüçª,https://uk.tgstat.com/channel/@kegatelega,https://t.me/kegatelega
–î–Ω—ñ–ø—Ä—è–Ω–∏–Ω ‚Ä¢ –°–ö –î–Ω—ñ–ø—Ä–æ-1 ‚Ä¢ –§–ö –î–Ω—ñ–ø—Ä–æ,https://uk.tgstat.com/channel/@dnipryanin20,https://t.me/dnipryanin20
–í–æ—Å—å–º–∏–π –≥—Ä–∞–≤–µ—Ü—å,https://uk.tgstat.com/channel/@eighthplayerhandball,https://t.me/eighthplayerhandball
F1 Odessa club,https://uk.tgstat.com/channel/@f1odessaclub,https://t.me/f1odessaclub
–ë—ñ–∞—Ç–ª–æ–Ω –£–∫—Ä–∞—ó–Ω–∏,https://uk.tgstat.com/channel/@biatlon_ua,https://t.me/biatlon_ua
–§–ö ¬´–ó–æ—Ä—è¬ª –õ—É–≥–∞–Ω—Å—å–∫ | zoryafc.com,https://uk.tgstat.com/channel/@zoryafc,https://t.me/zoryafc
–ù–æ–≤–∏–Ω–∏ –§—É—Ç–±–æ–ª—É –£–∫—Ä–∞—ó–Ω–∏ —Ç–∞ —Å–≤—ñ—Ç—É —Å—å–æ–≥–æ–¥–Ω—ñ,https://uk.tgstat.com/channel/@football_ukraine,https://t.me/football_ukraine
ICE HOCKEY FEDERATION OF UKRAINE,https://uk.tgstat.com/channel/@IHFUA,https://t.me/IHFUA
–ú—É–¥—Ä–∏–∫ | –ß–µ–ª—Å—ñ –ë—Ä—ñ–¥–∂,https://uk.tgstat.com/channel/@M15Mudryk,https://t.me/M15Mudryk
FORZA MILAN üá∫üá¶,https://uk.tgstat.com/channel/@ForzaMilan_ua,https://t.me/ForzaMilan_ua
Igor Burbas,https://uk.tgstat.com/channel/@burbuzz,https://t.me/burbuzz
"–ö–∞–º–æ–Ω, –ü–ª–µ–π!",https://uk.tgstat.com/channel/@KamonPlay1,https://t.me/KamonPlay1
Evgeniy Special One,https://uk.tgstat.com/channel/@EvgeniySpecialOne,https://t.me/EvgeniySpecialOne
–ë—ñ–∞—Ç–ª–æ–Ω –£–∫—Ä–∞—ó–Ω–∞,https://uk.tgstat.com/channel/@biatlonUkraina,https://t.me/biatlonUkraina
–†—ã—Ü–∞—Ä—å –§—Ä–µ–¥üëπ,https://uk.tgstat.com/channel/@ryitzarfred,https://t.me/ryitzarfred
90s Football,https://uk.tgstat.com/channel/AAAAAFK5NDAzyTTz5Gm6qQ,https://t.me/joinchat/AAAAAFK5NDAzyTTz5Gm6qQ
LeBron James,https://uk.tgstat.com/channel/@kingjamesLA,https://t.me/kingjamesLA
"–•—ñ–±–∞ —Ä–µ–≤—É—Ç—å –≤–æ–ª–∏, —è–∫ ¬´–ß–µ–ª—Å—ñ¬ª –≤ —Ñ–æ—Ä–º—ñ?",https://uk.tgstat.com/channel/@ukrainechelsea,https://t.me/ukrainechelsea
–§–ö –î–∏–Ω–∞–º–æ –ö–∏—ó–≤,https://uk.tgstat.com/channel/@fcdynamokyiv,https://t.me/fcdynamokyiv
–§—É—Ç–±–æ–ª ‚öΩÔ∏è –ù–æ–≤–æ—Å—Ç–∏,https://uk.tgstat.com/channel/@football_novosti_ua,https://t.me/football_novosti_ua
–û–ª–µ –õ—É–∫–æ–≤–æ–µ üá∫üá¶ | –õ–æ–Ω–≥—Ä–∏–¥—ã –∏ –∞–Ω–∞–ª–∏—Ç–∏–∫–∞,https://uk.tgstat.com/channel/@olelukovoe,https://t.me/olelukovoe
HC Donbass,https://uk.tgstat.com/channel/@hcdonbass,https://t.me/hcdonbass
"SportHub. –ü–æ–¥–∫–∞—Å—Ç–∏ –ø—Ä–æ –±–∞—Å–∫–µ—Ç–±–æ–ª, —Ñ—É—Ç–±–æ–ª, NFL —Ç–∞ –≤–µ–ª–æ—Å–ø–æ—Ä—Ç!",https://uk.tgstat.com/channel/@Sporthubmedia,https://t.me/Sporthubmedia
–î–∏–Ω–∞–º–æ–º–∞–Ω—ñ—è,https://uk.tgstat.com/channel/@dynamomania_com,https://t.me/dynamomania_com
UARUNNER,https://uk.tgstat.com/channel/@uarunner,https://t.me/uarunner
LEGIONERS.UA,https://uk.tgstat.com/channel/@legioners_ua,https://t.me/legioners_ua
HIV + channel,https://uk.tgstat.com/channel/@HIV_plus_channel,https://t.me/HIV_plus_channel
–§–ï–†–ì–Ü –¢–ê–ô–ú,https://uk.tgstat.com/channel/@FergieTimes,https://t.me/FergieTimes
KosiGazon,https://uk.tgstat.com/channel/@kosigazon,https://t.me/kosigazon
–ú—ñ–Ω—ñ—Å—Ç–µ—Ä—Å—Ç–≤–æ –º–æ–ª–æ–¥—ñ —Ç–∞ —Å–ø–æ—Ä—Ç—É –£–∫—Ä–∞—ó–Ω–∏,https://uk.tgstat.com/channel/@minmolodsport,https://t.me/minmolodsport
virginwall,https://uk.tgstat.com/channel/@virginwall,https://t.me/virginwall
SPECTATOR | –§–£–¢–ë–û–õ,https://uk.tgstat.com/channel/QaxSoD548KZjMzEy,https://t.me/joinchat/QaxSoD548KZjMzEy
FUT ‚öΩÔ∏è,https://uk.tgstat.com/channel/mNZ0YmvoMWQ1Mzli,https://t.me/joinchat/mNZ0YmvoMWQ1Mzli
–ö–ê–õ–Ü–¢–ö–ê | ¬´–õ—ñ–≤–µ—Ä–ø—É–ª—å¬ª –Ω–∞,https://uk.tgstat.com/channel/@moya_kalitka,https://t.me/moya_kalitka
üá∫üá¶ –ñ—ñ–Ω–æ—á–∏–π —Ñ—É—Ç–±–æ–ª –£–∫—Ä–∞—ó–Ω–∏ –£–ê–§,https://uk.tgstat.com/channel/@uafwomen,https://t.me/uafwomen
–§—É—Ç–∑–∞–ª –î–Ω—ñ–ø—Ä–æ–ø–µ—Ç—Ä–æ–≤—Å—å–∫–æ—ó –æ–±–ª.,https://uk.tgstat.com/channel/@dniprofutsal,https://t.me/dniprofutsal
TMS LEAGUE,https://uk.tgstat.com/channel/@tms_bjj,https://t.me/tms_bjj
24FootballTactics | –ú–∞–∫—Å–∏–º –¶–≤–∏—Ä–µ–Ω–∫–æ,https://uk.tgstat.com/channel/@footballtactics24,https://t.me/footballtactics24
–¢–≤–æ—è –ü—Ä–∏–≥–æ–¥–∞ - –ù–æ–≤–∏–Ω–∏,https://uk.tgstat.com/channel/@tvoiapryhoda,https://t.me/tvoiapryhoda
–Ñ–≤—Ä–æ—Ñ—É—Ç–±–æ–ª,https://uk.tgstat.com/channel/@eurofootballpodcast,https://t.me/eurofootballpodcast
Chernomorets Odessa Fan Page,https://uk.tgstat.com/channel/@fcco1936,https://t.me/fcco1936
Channel Bike Sport Activ–µ,https://uk.tgstat.com/channel/@bikesportactive,https://t.me/bikesportactive
Ukrainian Dance Forum 2023,https://uk.tgstat.com/channel/@udf2023,https://t.me/udf2023
–°–ø–æ—Ä—Ç –ú–µ–¥—ñ–∞,https://uk.tgstat.com/channel/@aftr2021,https://t.me/aftr2021
–ö—ñ–º–Ω–∞—Ç–∞ —Ç—Ä–∞–Ω—Å—Ñ–µ—Ä—ñ–≤,https://uk.tgstat.com/channel/@TransferNewsUA,https://t.me/TransferNewsUA
–î—É–º–∫–∏ –î–∏–≤–∞–Ω–Ω–æ–≥–æ –ï–∫—Å–ø–µ—Ä—Ç–∞,https://uk.tgstat.com/channel/@FootballDyvan,https://t.me/FootballDyvan
–¢–†–ê–ù–°–õ–Ø–¶–ò–Ø –ú–ê–ù–ß–ï–°–¢–ï–† –°–ò–¢–ò –ú–Æ,https://uk.tgstat.com/channel/@translyatsia_futbol,https://t.me/translyatsia_futbol
ufua_project | –£–∫—Ä–∞—ó–Ω—Å—å–∫–∏–π —Ñ—É—Ç–±–æ–ª –∑ –Ω–∏–∑—ñ–≤,https://uk.tgstat.com/channel/@ufuaproject,https://t.me/ufuaproject
–•—Ç–æ –∑–∞–±‚Äò—î?,https://uk.tgstat.com/channel/@whowillscore,https://t.me/whowillscore
–§–õ–ê–£,https://uk.tgstat.com/channel/@uaf_ukaraine,https://t.me/uaf_ukaraine
–£–°–õ 3—Ö3,https://uk.tgstat.com/channel/@usl3x3,https://t.me/usl3x3
–ê—Ä—Ç–µ–º –ü–∞–Ω—á–µ–Ω–∫–æ üá∫üá¶,https://uk.tgstat.com/channel/@nbaua,https://t.me/nbaua
–§–£–¢–ë–û–õ 24/7,https://uk.tgstat.com/channel/@ftball24_7,https://t.me/ftball24_7
–†–µ–∞–ª –ú–∞–¥—Ä–∏–¥ | –£–∫—Ä–∞—ó–Ω–∞ üá∫üá¶,https://uk.tgstat.com/channel/@realmadrid_ukr,https://t.me/realmadrid_ukr
Juventus | –£–∫—Ä–∞—ó–Ω–∞ (UA) –Æ–≤–µ–Ω—Ç—É—Å,https://uk.tgstat.com/channel/@juventusUA,https://t.me/juventusUA
Boxing news üî•,https://uk.tgstat.com/channel/@boxingnews77,https://t.me/boxingnews77
UA Chess | –®–∞—Ö–∏,https://uk.tgstat.com/channel/@uachess,https://t.me/uachess
–ë–û–ö–°,https://uk.tgstat.com/channel/@tkoboxing,https://t.me/tkoboxing
ü§§üÑµüÖÅüÑ¥üÑ¥ üÑ¥üÑ≥üÑ∏üÖÉüÖÇü•∂,https://uk.tgstat.com/channel/@footballinside2020,https://t.me/footballinside2020
FC Internazionale | –§–ö –Ü–Ω—Ç–µ—Ä | FC Inter üñ§üíôüá∫üá¶,https://uk.tgstat.com/channel/@fcinterua,https://t.me/fcinterua
–î–Ω—ñ–ø—Ä–æ–≤—Å—å–∫–∏–π —Ñ—É—Ç–±–æ–ª‚öΩÔ∏è,https://uk.tgstat.com/channel/@dniprofootball,https://t.me/dniprofootball
–§–ö –õ–ù–óüá∫üá¶,https://uk.tgstat.com/channel/@fclnz,https://t.me/fclnz
FC Internazionale | F–° Inter | –§–ö –ò–Ω—Ç–µ—Ä v2.0,https://uk.tgstat.com/channel/@fcInter1,https://t.me/fcInter1
This is America,https://uk.tgstat.com/channel/@this_isamerica,https://t.me/this_isamerica
–ó–æ–Ω–∞ DRS üá∫üá¶üèé,https://uk.tgstat.com/channel/@drs_zone,https://t.me/drs_zone
Fanme‚Ñ¢ / Xtone‚Ñ¢ ‚ú¥Ô∏è–°–ø–æ—Ä—Ç–∏–≤–Ω–∏–π –æ–¥—è–≥ –≤—ñ–¥ –≤–∏—Ä–æ–±–Ω–∏–∫–∞‚ú¥Ô∏è–î—Ä–æ–ø—à–∏–ø–ø—ñ–Ω–≥,https://uk.tgstat.com/channel/@xspotrs_drop,https://t.me/xspotrs_drop
GolardoUAüá∫üá¶,https://uk.tgstat.com/channel/@golardoua,https://t.me/golardoua
–ú–§–ö –ú–µ—Ç–∞–ª—É—Ä–≥ –ó–∞–ø–æ—Ä—ñ–∂–∂—è,https://uk.tgstat.com/channel/@MFCMetalurg,https://t.me/MFCMetalurg
–§—É—Ç–±–æ–ª –°–µ–≥–æ–¥–Ω—è‚öΩÔ∏è Football Today,https://uk.tgstat.com/channel/@footballtoday433,https://t.me/footballtoday433
"""–ó–û–†–Ø"" –õ–£–ì–ê–ù–°–¨–ö - –ó –õ—É–≥–∞–Ω—Å—å–∫–æ–º —É —Å–µ—Ä—Ü—ñ !",https://uk.tgstat.com/channel/@zaryalug,https://t.me/zaryalug
Ramos 90+3 | Real Madrid üá∫üá¶,https://uk.tgstat.com/channel/@ramos903,https://t.me/ramos903
Tactical Nation,https://uk.tgstat.com/channel/@tacticalnation,https://t.me/tacticalnation
–°—Ç–∞–º–±—É–ª—å—Å—å–∫–µ –¥–∏–≤–æ | –õ—ñ–≤–µ—Ä–ø—É–ª—å,https://uk.tgstat.com/channel/@liverpool_ukr,https://t.me/liverpool_ukr
Team Ukraine Chess.com,https://uk.tgstat.com/channel/@Team_Ukraine_chesscom,https://t.me/Team_Ukraine_chesscom
#–§–°–õ–£ (–∫–∞–Ω–∞–ª),https://uk.tgstat.com/channel/@UArchery,https://t.me/UArchery
Footboom,https://uk.tgstat.com/channel/@footboomcom,https://t.me/footboomcom
–í–§–¢–° –æ—Ñ—ñ—Ü—ñ–π–Ω–∏–π –∫–∞–Ω–∞–ª,https://uk.tgstat.com/channel/@audsfofficial,https://t.me/audsfofficial
Ukrainian Dragon Boat Federation üá∫üá¶,https://uk.tgstat.com/channel/@UkrainianDragonBoatFederation,https://t.me/UkrainianDragonBoatFederation
üá∫üá¶ –§—É—Ç–±–æ–ª—å–Ω—ñ –¢—Ä–∞–Ω—Å—Ñ–µ—Ä–∏ | 2023,https://uk.tgstat.com/channel/@transferenko_tg,https://t.me/transferenko_tg
"–°–ø–æ—Ä—Ç–∏–≤–Ω—ã–π –∫–ª—É–± ""–°—Ç–∏–º—É–ª""",https://uk.tgstat.com/channel/@stimul_mrpl,https://t.me/stimul_mrpl
S.S.Lazio | –õ–∞—Ü–∏–æ,https://uk.tgstat.com/channel/@lazioonline,https://t.me/lazioonline
ü¶ä FC Minaj | OFFICIAL,https://uk.tgstat.com/channel/@fc_minaj,https://t.me/fc_minaj
Gool_ua,https://uk.tgstat.com/channel/@gool_ua,https://t.me/gool_ua
Boxing Time | –£–∫—Ä–∞—ó–Ω–∞,https://uk.tgstat.com/channel/G0O9WR4gHVhiMDIy,https://t.me/joinchat/G0O9WR4gHVhiMDIy
MyTrail üë£,https://uk.tgstat.com/channel/@mytrail,https://t.me/mytrail
La Galernaüá∫üá¶,https://uk.tgstat.com/channel/@LaGalerna,https://t.me/LaGalerna
–°–æ–±–æ–ª–µ–Ω–∫–æ —ñ —Ñ—É—Ç–±–æ–ª –£–º–∞–Ω—â–∏–Ω–∏,https://uk.tgstat.com/channel/@sobolenkoumfootball,https://t.me/sobolenkoumfootball
FIGHTING UA üá∫üá¶,https://uk.tgstat.com/channel/@UKRMMA,https://t.me/UKRMMA
NBAsket | –ù–æ–≤–∏–Ω–∏ | –ë–∞—Å–∫–µ—Ç–±–æ–ª,https://uk.tgstat.com/channel/@NBAsket_ua,https://t.me/NBAsket_ua
–§—É—Ç–±–æ–ª—å–Ω–∏–π –í—Å–µ—Å–≤—ñ—Ç üá∫üá¶,https://uk.tgstat.com/channel/@football_universe21,https://t.me/football_universe21
–£–ø—Ä–∞–≤–ª—ñ–Ω–Ω—è –º–æ–ª–æ–¥—ñ —Ç–∞ —Å–ø–æ—Ä—Ç—É –õ—å–≤—ñ–≤—Å—å–∫–æ—ó –û–î–ê,https://uk.tgstat.com/channel/@sportlvivoda,https://t.me/sportlvivoda
–ü–æ–ª–µ–∑–Ω–æ–µ –∏–∑ –ú–ß–¢–¢,https://uk.tgstat.com/channel/@LogoICTT,https://t.me/LogoICTT
Bonus Hub,https://uk.tgstat.com/channel/@bonus_hub,https://t.me/bonus_hub
–î–∂–µ—Ä—Å—ñ –î–∂–æ—Ä–¥–∞–Ω–∞ | NBA –£–∫—Ä–∞—ó–Ω–∞ | –ù–æ–≤–∏–Ω–∏ –±–∞—Å–∫–µ—Ç–±–æ–ª—É | –ù–ë–ê —É–∫—Ä–∞—ó–Ω—Å—å–∫–æ—é | –ë–∞—Å–∫–µ—Ç–±–æ–ª,https://uk.tgstat.com/channel/@jordan_jersey23,https://t.me/jordan_jersey23
"–°–∫–µ–ª–µ–¥—Ä–æ–º ""–ö–ü–Ü—Å–∫–∞–ª–∞""",https://uk.tgstat.com/channel/@kpiclimbing,https://t.me/kpiclimbing
Ultras Odessa #20üîµ‚ö´Ô∏è,https://uk.tgstat.com/channel/@fc1936co,https://t.me/fc1936co
–°–ø–æ—Ä—Ç–∏–≤–Ω–∞ –±—ñ–±–ª—ñ–æ—Ç–µ–∫–∞ 2.0,https://uk.tgstat.com/channel/@go_evgen,https://t.me/go_evgen
–†–∞—Ö—É–Ω–æ–∫ –Ω–∞ —Ç–∞–±–ª–æ,https://uk.tgstat.com/channel/@rakhunok,https://t.me/rakhunok
–°—É–¥–¥—ñ–≤—Å—å–∫–∏–π –±–µ–∑–ª–∞–¥,https://uk.tgstat.com/channel/@suddivskiybezpridel,https://t.me/suddivskiybezpridel
‚öí –§–ö –®–∞—Ö—Ç–∞—Ä –î–æ–Ω–µ—Ü—å–∫ ‚öí,https://uk.tgstat.com/channel/@fcsd_shakhtar,https://t.me/fcsd_shakhtar
–¢–∞–±—ñ—è - —à–∞—Ö–∏ –≤ –ö–ü–Ü,https://uk.tgstat.com/channel/@KPIchess_Tabia,https://t.me/KPIchess_Tabia
–ö–û–õ–Ø–î–êü§ûüèª,https://uk.tgstat.com/channel/@koliada4,https://t.me/koliada4
Touchdown / üá∫üá¶ Football in UA,https://uk.tgstat.com/channel/@touchdawnchanel,https://t.me/touchdawnchanel
"–§–ö ""–Ü–ù–ì–£–õ–ï–¶–¨""",https://uk.tgstat.com/channel/@inhulets,https://t.me/inhulets
–ö–ª—É–± —É–∫—Ä–∞—ó–Ω—Å—å–∫–∏—Ö —à–∞—Ö—ñ—Å—Ç—ñ–≤,https://uk.tgstat.com/channel/@ukrainian_chess_club,https://t.me/ukrainian_chess_club
Football Worldüåé,https://uk.tgstat.com/channel/@ftblw7,https://t.me/ftblw7
Packers News,https://uk.tgstat.com/channel/@PackersNews,https://t.me/PackersNews
–î–∏–Ω–∞–º–∏–∫–∞ –§—É—Ç–±–æ–ª—å–Ω—ã—Ö –í–ø–µ—á–∞—Ç–ª–µ–Ω–∏–π,https://uk.tgstat.com/channel/@dinfootvp,https://t.me/dinfootvp
üåú–ö–∏—ó–≤—Å—å–∫–∏–π SUP‚òÄÔ∏è,https://uk.tgstat.com/channel/@supkyivinfo,https://t.me/supkyivinfo
Champions Spirit,https://uk.tgstat.com/channel/@Champions_Spirit,https://t.me/Champions_Spirit
–ö–æ–≤–∑–∞–Ω–∫–∞ ‚ÄúICE RINK‚Äù –ö—Ä–µ–º–µ–Ω—á—É–∫,https://uk.tgstat.com/channel/@icerink_kremen,https://t.me/icerink_kremen
Monday Run ‚Äì –ë—ñ–≥ —è–∫ –ü—Ä–∏–≥–æ–¥–∞,https://uk.tgstat.com/channel/@mondayrun,https://t.me/mondayrun
SPECTATOR | (–†–ï–ó–ï–†–í) –§–£–¢–ë–û–õ,https://uk.tgstat.com/channel/gwcJ04ndTGsyNDYy,https://t.me/joinchat/gwcJ04ndTGsyNDYy
–§–ö ¬´–°–∫–∞–ª–∞ 1911¬ª | OFFICIAL,https://uk.tgstat.com/channel/@fcskala1911,https://t.me/fcskala1911
–í–µ–ª–æ–ø–æ—Ö–æ–¥–∏ –≤–∏—Ö—ñ–¥–Ω–æ–≥–æ –¥–Ω—è,https://uk.tgstat.com/channel/@vvd_routes,https://t.me/vvd_routes
SDC Ternopil NEWS,https://uk.tgstat.com/channel/@sdcternopilnews,https://t.me/sdcternopilnews
–û–†–Ü–û–ù –Ü–Ω—Ñ–æ,https://uk.tgstat.com/channel/@ttorion,https://t.me/ttorion
–§—É—Ç–±–æ–ª –î–æ–ª–∏–Ω—â–∏–Ω–∏ üèÜ‚öΩÔ∏è,https://uk.tgstat.com/channel/@dolynafootball,https://t.me/dolynafootball
–ó–æ–Ω–∞ —Ç—Ä–µ–∫–≤–∞—Ä—Ç–∏ | –§—É—Ç–±–æ–ª –ò—Ç–∞–ª–∏–∏,https://uk.tgstat.com/channel/@trequartista,https://t.me/trequartista
"–§–ö ""–ù–∏–≤–∞"" –¢–µ—Ä–Ω–æ–ø—ñ–ª—å",https://uk.tgstat.com/channel/@nyvaternopil,https://t.me/nyvaternopil
FUTGOL | –§–£–¢–ë–û–õ üá∫üá¶,https://uk.tgstat.com/channel/@FUTGOL_UA,https://t.me/FUTGOL_UA
Football_HILL | –ß–µ–º–ø—ñ–æ–Ω–∞—Ç –°–≤—ñ—Ç—É 2022,https://uk.tgstat.com/channel/@Football_HILL,https://t.me/Football_HILL
–ß–µ—Ä–Ω—ñ–≥—ñ–≤—Å—å–∫–∏–π —Å–ø–æ—Ä—Ç,https://uk.tgstat.com/channel/@chesport_cn,https://t.me/chesport_cn
–£–∫—Ä–∞–∏–Ω—Å–∫–∏–π –Ω–æ–≥–æ–º—è—á,https://uk.tgstat.com/channel/@nogomyachh,https://t.me/nogomyachh
VARning | EPL,https://uk.tgstat.com/channel/@varningepl,https://t.me/varningepl
HC Kremenchuk,https://uk.tgstat.com/channel/@kremenchuk_hc,https://t.me/kremenchuk_hc
LVIV SPORT CAPITAL üá∫üá¶,https://uk.tgstat.com/channel/@lvivsports,https://t.me/lvivsports
–ö–∞—é—Ç–∞ –°—Ç–∞–≤–æ–∫ üè¥‚Äç‚ò†Ô∏è,https://uk.tgstat.com/channel/@kstavka,https://t.me/kstavka
üéÉ CUCURBITA | —Ñ—É—Ç–±–æ–ª,https://uk.tgstat.com/channel/@cucurbita_football,https://t.me/cucurbita_football
–í—ñ–Ω–Ω–∏—Ü—å–∫–∞ —Ä–∞–π–æ–Ω–Ω–∞ –∞—Å–æ—Ü—ñ–∞—Ü—ñ—è —Ñ—É—Ç–±–æ–ª—É,https://uk.tgstat.com/channel/@vinnrff,https://t.me/vinnrff
–ü—Ä–µ–º'—î—Ä –õ—ñ–≥–∞ –£–∫—Ä–∞—ó–Ω–∏ | –ü–§–õ,https://uk.tgstat.com/channel/@uplpfl,https://t.me/uplpfl
PitStop F1 üá∫üá¶,https://uk.tgstat.com/channel/@f_1_ua,https://t.me/f_1_ua
shpackk,https://uk.tgstat.com/channel/@dshpack,https://t.me/dshpack
Shakhtar News | FC Shakhtar,https://uk.tgstat.com/channel/@FCShakhtar_UA,https://t.me/FCShakhtar_UA
HITMAN,https://uk.tgstat.com/channel/@hitmanshopua,https://t.me/hitmanshopua
E:/archive/cycling,https://uk.tgstat.com/channel/@cyclingarchive,https://t.me/cyclingarchive
–°–ø–æ—Ä—Ç–∏–≤–Ω–∏–π –ö—É—Ç–æ–∫,https://uk.tgstat.com/channel/@sportrooma,https://t.me/sportrooma
Kyiv Blues,https://uk.tgstat.com/channel/@kyivblues,https://t.me/kyivblues
–®–∞—Ö–∏ –≤ –æ–Ω–ª–∞–π–Ω—ñ,https://uk.tgstat.com/channel/@chess_checkers_ukraine,https://t.me/chess_checkers_ukraine
–í–æ—Ä—Å–∫–ª–∞ –ü–æ–ª—Ç–∞–≤–∞ (Vorskla Poltava) - –∫–∞–Ω–∞–ª –¥–ª—è –≤–±–æ–ª—ñ–≤–∞–ª—å–Ω–∏–∫—ñ–≤,https://uk.tgstat.com/channel/@fcvorskla1955,https://t.me/fcvorskla1955
–ì–µ–≥–µ–Ω–ø—Ä–µ—Å–∏–Ω–≥ üá∫üá¶‚öΩÔ∏è,https://uk.tgstat.com/channel/@parsley_gegenpressing,https://t.me/parsley_gegenpressing
Bike | Cycling|Accessories| Aliexpress,https://uk.tgstat.com/channel/@bike_carbon_frame,https://t.me/bike_carbon_frame
Hungary.origs,https://uk.tgstat.com/channel/@hungar27,https://t.me/hungar27
Atletico Ukraine,https://uk.tgstat.com/channel/@atleti_ua,https://t.me/atleti_ua
–§—É—Ç–±–æ–ª –£–∫—Ä–∞—ó–Ω–∏ —Ç–∞ —Å–≤—ñ—Ç—É,https://uk.tgstat.com/channel/TSGJISe1blAxMzJi,https://t.me/joinchat/TSGJISe1blAxMzJi
–ù–æ–≤–∏–Ω–∏ –§–ö ¬´–ê–ª—å—è–Ω—Å¬ª,https://uk.tgstat.com/channel/@fcallianceld,https://t.me/fcallianceld
"""–•–ê–†–ö–Ü–í–°–¨–ö–ò–ô –°–ü–†–û–¢–ò–í""",https://uk.tgstat.com/channel/@kharkov_resistance,https://t.me/kharkov_resistance
–î–∏–Ω–∞–º–æ –ö–∏—ó–≤ | –î–∏–Ω–∞–º–æ –ö–∏–µ–≤,https://uk.tgstat.com/channel/@fc_dk_ua,https://t.me/fc_dk_ua
KHARKIV SPORT CITY üá∫üá¶,https://uk.tgstat.com/channel/@KharkivSportCity,https://t.me/KharkivSportCity
üá∫üá¶ –í–ª–∞–¥–µ—Ä–æ–≤–∏—á TeamUA - —Å–ø—ñ–ª—å–Ω–æ—Ç–∞ –æ–¥–Ω–æ–¥—É–º—Ü—ñ–≤ | –¢—Ä–µ–Ω—É–≤–∞–Ω–Ω—è –≤–æ—Ä–∫–∞—É—Ç | –°–∞–º–æ—Ä–æ–∑–≤–∏—Ç–æ–∫ | –ú–æ—Ç–∏–≤–∞—Ü—ñ—è,https://uk.tgstat.com/channel/@vladerovichua,https://t.me/vladerovichua
Ultras Oleksandriya,https://uk.tgstat.com/channel/@ultras_oleksandriya,https://t.me/ultras_oleksandriya
Barstylers official,https://uk.tgstat.com/channel/@barstylers_official,https://t.me/barstylers_official
–î–∏–Ω–∞–º–æ –ö–∏–µ–≤ | –î–∏–Ω–∞–º–æ –ö–∏—ó–≤ | Dynamo Kiev,https://uk.tgstat.com/channel/@fcdinamokievfan,https://t.me/fcdinamokievfan
–û–û–§–ê-–æ—Ñ—ñ—Ü—ñ–π–Ω–∏–π –∫–∞–Ω–∞–ª,https://uk.tgstat.com/channel/@odesafootball,https://t.me/odesafootball
Tanksportüñ§‚ù§Ô∏è,https://uk.tgstat.com/channel/@tanksport,https://t.me/tanksport
–°–ø–æ—Ä—Ç–∏–≤–Ω–∏–π –•–∞—Ä–∫—ñ–≤ —Ç–∞ –£–∫—Ä–∞—ó–Ω–∞ üá∫üá¶,https://uk.tgstat.com/channel/@s_kharkov,https://t.me/s_kharkov
StavkaVekaÔ∏è üü°üîµ –ù–æ–≤–∏–Ω–∏ —Ç–∞ –ø—Ä–æ–≥–Ω–æ–∑–∏ –Ω–∞ —Å–ø–æ—Ä—Ç,https://uk.tgstat.com/channel/@st_veka,https://t.me/st_veka
PRO MMA | UFC 288,https://uk.tgstat.com/channel/@PRO_MMA_UFC,https://t.me/PRO_MMA_UFC
Ryan Garsia | –†–∞–π–∞–Ω –ì–∞—Ä—Å–∏—è,https://uk.tgstat.com/channel/@KingRyanFan,https://t.me/KingRyanFan
LATERAL | –ë–û–ö–° / UFC,https://uk.tgstat.com/channel/VGuvFHOYJz43OGJi,https://t.me/joinchat/VGuvFHOYJz43OGJi
–§–ö –ù–∏–≤–∞ –í—ñ–Ω–Ω–∏—Ü—è,https://uk.tgstat.com/channel/@NyvaVinnytsya,https://t.me/NyvaVinnytsya
–¢–µ–º–ø –®–µ–ø–µ—Ç—ñ–≤–∫–∞,https://uk.tgstat.com/channel/@TEMPSHEPETIVKA,https://t.me/TEMPSHEPETIVKA
–î–ê–í–ê–ô –ü–†–û –§–£–¢–ë–û–õ!,https://uk.tgstat.com/channel/@davayprofootboll,https://t.me/davayprofootboll
–ë–∞–π–µ—Ä 04 –õ–µ–≤–µ—Ä–∫—É–∑–µ–Ω ‚Ä¢ Bayer Leverkusen,https://uk.tgstat.com/channel/@BayerFanChannel,https://t.me/BayerFanChannel
–§—É—Ç–±–æ–ª—å–Ω–∞ –ø–ª–∞–Ω–µ—Ç–∞,https://uk.tgstat.com/channel/@footballplanet666,https://t.me/footballplanet666
Dmytro Vienkov,https://uk.tgstat.com/channel/@vienkov,https://t.me/vienkov
ùîæùï£ùï†ùï´ùïüùï™ ùï•ùï£ùïíùïîùïúü•∑üèΩ,https://uk.tgstat.com/channel/@groznytrack,https://t.me/groznytrack
Premier League LIVE,https://uk.tgstat.com/channel/@UPLLIVE,https://t.me/UPLLIVE
Funattic,https://uk.tgstat.com/channel/@funattic,https://t.me/funattic
FREE RATE,https://uk.tgstat.com/channel/SCNcZVxqh-dlYzZi,https://t.me/joinchat/SCNcZVxqh-dlYzZi
–î–∏–Ω–∞–º–æ –ö–∏—ó–≤ Outside,https://uk.tgstat.com/channel/@otsosurkis,https://t.me/otsosurkis
MM1Ô∏è‚É£5Ô∏è‚É£,https://uk.tgstat.com/channel/@MudryK15ua,https://t.me/MudryK15ua
–§–§–£ –ê–¢–û - –õ–Ü–ì–ê –ê–¢–û,https://uk.tgstat.com/channel/@LIGA_ATO,https://t.me/LIGA_ATO
–ù–û–í–û–°–¢–ò BUNDESLIGA,https://uk.tgstat.com/channel/@bundesliga4,https://t.me/bundesliga4
VARning | FPL,https://uk.tgstat.com/channel/@varning_fpl,https://t.me/varning_fpl
Real Pilates –°—Ç—É–¥–∏—è N1,https://uk.tgstat.com/channel/@realpilates1,https://t.me/realpilates1
üî¥ FULLBULL,https://uk.tgstat.com/channel/@fullbull,https://t.me/fullbull
TKOBoxing | –ë–æ–∫—Å,https://uk.tgstat.com/channel/@boxing_abouts,https://t.me/boxing_abouts
–¢—Ä–µ–Ω—É–≤–∞–Ω–Ω—è KIT,https://uk.tgstat.com/channel/@kittriathlonteam,https://t.me/kittriathlonteam
Football time,https://uk.tgstat.com/channel/@lobzikf,https://t.me/lobzikf
–§—Ä—ñ–¥—ñ–π–≤—ñ–Ω–≥ –£–∫—Ä–∞—ó–Ω–∞ | Deep Division,https://uk.tgstat.com/channel/@freedivingukraine,https://t.me/freedivingukraine
BodyBuilding & FITNESS,https://uk.tgstat.com/channel/@BodyBuildingMuscles,https://t.me/BodyBuildingMuscles
–ù–¢–ö | –ù–∞—Å—Ç—ñ–ª—å–Ω–∏–π —Ç–µ–Ω—ñ—Å –ö–∏—î–≤–∞ üèì,https://uk.tgstat.com/channel/@ttkiev,https://t.me/ttkiev
ZFSI,https://uk.tgstat.com/channel/@ZFSI7,https://t.me/ZFSI7
Saul Canelo Alvarez | –°–∞—É–ª—å –ê–ª—å–≤–∞—Ä–µ—Å,https://uk.tgstat.com/channel/@canelotaem,https://t.me/canelotaem
LEARN KARATE,https://uk.tgstat.com/channel/@learn_karate1,https://t.me/learn_karate1
–ë—Ä–∏—Ç–∞–Ω—Å–∫–∏–π –ï–∂–µ–¥–Ω–µ–≤–Ω–∏–∫,https://uk.tgstat.com/channel/@footballd1ary,https://t.me/footballd1ary
–ú–∏–∫–æ–ª–∞ –•–∞–π—Ç—É–ª –ü–†–û –§–£–¢–ë–û–õ ‚öΩÔ∏è,https://uk.tgstat.com/channel/@football_khaitul,https://t.me/football_khaitul
ALL-IN | –°—Ç–∞–≤–∫–∏ –Ω–∞ –§—É—Ç–±–æ–ª,https://uk.tgstat.com/channel/@allin_football,https://t.me/allin_football
–ü–†–û–§–£–¢–ë–û–õ üá∫üá¶ HIGHLIGHTS,https://uk.tgstat.com/channel/@profootball_highlights,https://t.me/profootball_highlights
üîû–û–ë–ï–†–ï–ñ–ù–û! –§–£–¢–ë–û–õ!üîû,https://uk.tgstat.com/channel/@dangerously_football,https://t.me/dangerously_football
YUNUS COACHü´°,https://uk.tgstat.com/channel/@YUNUSCOACH,https://t.me/YUNUSCOACH
SNIG –ü–æ–ª–∏—Ç–µ—Ö,https://uk.tgstat.com/channel/@snig_politeh,https://t.me/snig_politeh
üá´üá∑ùôãùôÅùôçùòæ ùòºùôáùôáùôÑùòºùôâùòæùôÄ ùôàùòºùôçùôéùôÄùôÑùôáùôáùôÄüá´üá∑,https://uk.tgstat.com/channel/@pfrcalliance,https://t.me/pfrcalliance
–ü–æ–º—ñ–∂ –Ω—ñ–≥,https://uk.tgstat.com/channel/@pomig_nig,https://t.me/pomig_nig
Red Side Of Manchester | –ú–∞–Ω—á–µ—Å—Ç–µ—Ä –Æ–Ω–∞–π—Ç–µ–¥,https://uk.tgstat.com/channel/@redsideofmanchester,https://t.me/redsideofmanchester
Sport. –ú–æ—Ç–∏–≤–∞—Ü–∏—è,https://uk.tgstat.com/channel/@sportiklis,https://t.me/sportiklis
Divers.Life | Dive Center,https://uk.tgstat.com/channel/@diverslife,https://t.me/diverslife
–°–ø–æ—Ä—Ç–∏–≤–Ω–∞ —Ñ–∞—Ä–º–∞–∫–æ–ª–æ–≥—ñ—è –≤ –£–∫—Ä–∞—ó–Ω—ñ üá∫üá¶,https://uk.tgstat.com/channel/@sportfarma_gormonrosta,https://t.me/sportfarma_gormonrosta
–ü—Ä–∞–∫—Ç–∏—á–µ—Å–∫–∞—è –∫–∏–Ω–µ–∑–∏–æ- –π–æ–≥–∞—Ç–µ—Ä–∞–ø–∏—èüßò‚Äç‚ôÇüìö,https://uk.tgstat.com/channel/@kinezioyoga,https://t.me/kinezioyoga
–°–ø–æ—Ä—Ç –∞–Ω–∞–ª–∏—Ç–∏–∫–∞,https://uk.tgstat.com/channel/@sportalanalitika,https://t.me/sportalanalitika
ESTELI‚Ñ¢üá∫üá¶,https://uk.tgstat.com/channel/@esteli_ua,https://t.me/esteli_ua
EXTREME STAR CLUB,https://uk.tgstat.com/channel/@exstarclub,https://t.me/exstarclub
–ë–ª–æ–≥ –ù–µ—Ñ—É—Ç–±–æ–ª—ñ—Å—Ç–∞,https://uk.tgstat.com/channel/@blognefutbolista,https://t.me/blognefutbolista
Pole Zen: –í—Å–µ –ø—Ä–æ –≤—Å–µ üí≠,https://uk.tgstat.com/channel/@pz_talk,https://t.me/pz_talk
–°–∞–ª–µ—Ä–Ω–∏—Ç–∞–Ω–∞ / Salernitana News,https://uk.tgstat.com/channel/@salernitana_calcio,https://t.me/salernitana_calcio
–ë–æ—Ä—É—Å—Å–∏—è –ú–µ–Ω—Ö–µ–Ω–≥–ª–∞–¥–±–∞—Ö | Borussia M√∂nchengladbach,https://uk.tgstat.com/channel/@borussiamnews,https://t.me/borussiamnews
–°–∏—Å—é–ª–∏–∫[–ñ–ï–°–¢–¨üîû],https://uk.tgstat.com/channel/WVpv82kc6502NTUy,https://t.me/joinchat/WVpv82kc6502NTUy
ùôèùôñùôßùôûùô†_ùôãùôßùô§ùôô ü§§,https://uk.tgstat.com/channel/@tarasikprod,https://t.me/tarasikprod
–ì–æ–ª–æ–≤–Ω–∏–π —É–¥–∞—Ä: –§—É—Ç–±–æ–ª—å–Ω–∞ –£–∫—Ä–∞—ó–Ω–∞,https://uk.tgstat.com/channel/@udar_gol,https://t.me/udar_gol
S.S.Lazio | –õ–∞—Ü—ñ–æ,https://uk.tgstat.com/channel/@lazio_ua,https://t.me/lazio_ua
"–§–ö ""–í–æ—Ä—Å–∫–ª–∞"" –ü–æ–ª—Ç–∞–≤–∞ üá∫üá¶",https://uk.tgstat.com/channel/@FC_Vorskla,https://t.me/FC_Vorskla
12Climb - OneTwoClimb,https://uk.tgstat.com/channel/@OneTwoClimb,https://t.me/OneTwoClimb
HUB Formula Student,https://uk.tgstat.com/channel/@fsonpuhub,https://t.me/fsonpuhub
–ø–∞–¥–∞–ª–∫–æ –∏ —Ñ—É—Ç–±–æ–ª.txt,https://uk.tgstat.com/channel/@foot4chan,https://t.me/foot4chan
–°—Ç—Ä—ñ–ª—å–±–∞ –∑ –ª—É–∫–∞ üèπ,https://uk.tgstat.com/channel/@archery_shootout,https://t.me/archery_shootout
FutLife,https://uk.tgstat.com/channel/@life_of_fut,https://t.me/life_of_fut
–ß–µ–ª—Å—ñ | Chelsea UA üá∫üá¶,https://uk.tgstat.com/channel/@Chelsea_UA,https://t.me/Chelsea_UA
OstroNews,https://uk.tgstat.com/channel/@ostroumovnews,https://t.me/ostroumovnews
–ó–æ–Ω–∞ —Ç—Ä–µ–∫–≤–∞—Ä—Ç—ñ | –§—É—Ç–±–æ–ª –Ü—Ç–∞–ª—ñ—ó,https://uk.tgstat.com/channel/@trequarti_calcio,https://t.me/trequarti_calcio
–û–±–æ –≤—Å—ë–º —Ñ—É—Ç–±–æ–ª—å–Ω–æ–º‚öΩÔ∏è,https://uk.tgstat.com/channel/@anmir2021,https://t.me/anmir2021
üî¥ –ú–Ü–õ–ê–ù - –Ü–ù–¢–ï–† –¢–†–ê–ù–°–õ–Ø–¶–Ü–á –ú–ê–¢–ß–Ü–í,https://uk.tgstat.com/channel/@uafutbol2020,https://t.me/uafutbol2020
–ó–∞—Ö—ñ–¥–Ω—ñ –ó–ú–Ü –ø—Ä–æ —É–∫—Ä–∞—ó–Ω—Å—å–∫–∏–π —Ñ—É—Ç–±–æ–ª,https://uk.tgstat.com/channel/@ua_soccer,https://t.me/ua_soccer
Olympic Village,https://uk.tgstat.com/channel/@olympicvillageua,https://t.me/olympicvillageua
New Boxing Studio,https://uk.tgstat.com/channel/@newboxingstudio,https://t.me/newboxingstudio
Pro Wrestling AEW UA üá∫üá¶,https://uk.tgstat.com/channel/@aewua,https://t.me/aewua
–ö—É—Ö–Ω—è –§—É—Ç–±–æ–ª—É,https://uk.tgstat.com/channel/@sportukrained,https://t.me/sportukrained
–°–ø–æ—Ä—Ç–∏–≤–Ω–∏–π –∫–∞–Ω–∞–ª,https://uk.tgstat.com/channel/@sportinukraine,https://t.me/sportinukraine
NFT —Ñ—É—Ç–±–æ–ª Sorare StandWithUkraine üá∫üá¶,https://uk.tgstat.com/channel/@sorare_ru_ua,https://t.me/sorare_ru_ua
Fantazista,https://uk.tgstat.com/channel/@fantazista22,https://t.me/fantazista22
–§–£–¢–ë–û–õ NEWS üá∫üá¶,https://uk.tgstat.com/channel/@Football_NewsUA,https://t.me/Football_NewsUA
üö¥‚Äç‚ôÄ–í–µ–ª–æ—Å–∏–ø–µ–¥–∏—Å—Ç—ã –û–¥–µ—Å—Å—ã,https://uk.tgstat.com/channel/@bike_odessa,https://t.me/bike_odessa
NAVI ALREIN,https://uk.tgstat.com/channel/@alrein93,https://t.me/alrein93
–§–∫ –õ–∞—Ü–∏–æ | S.S. Lazio,https://uk.tgstat.com/channel/@tglazio,https://t.me/tglazio
Wing Chun Master,https://uk.tgstat.com/channel/@wingchun_master,https://t.me/wingchun_master
Original ManCity,https://uk.tgstat.com/channel/@manc1ty,https://t.me/manc1ty
campeones.ua,https://uk.tgstat.com/channel/@campeones_ua,https://t.me/campeones_ua
–§–∞–Ω–∞—Ç –§—É—Ç–±–æ–ª–∞üèÜ,https://uk.tgstat.com/channel/@fanatfytbola,https://t.me/fanatfytbola
–¢—Ä–∞–Ω—Å—Ñ–µ—Ä–Ω–µ –≤—ñ–∫–Ω–æ | LIVE,https://uk.tgstat.com/channel/@transferdeadline,https://t.me/transferdeadline
FTBL.LIVE,https://uk.tgstat.com/channel/@ftbllive,https://t.me/ftbllive
–ü—Ä–∞–≤–¥–∏–≤–∞ —ñ—Å—Ç–æ—Ä—ñ—è –£–∫—Ä–∞—ó–Ω–∏,https://uk.tgstat.com/channel/@footballstories95,https://t.me/footballstories95
White Blue Minds,https://uk.tgstat.com/channel/@whiteblueminds,https://t.me/whiteblueminds
Fresh‚ö°Ô∏èFootball,https://uk.tgstat.com/channel/@fresh_football,https://t.me/fresh_football
üèÄ NBA HIGHLIGHTS,https://uk.tgstat.com/channel/@highlights_nba,https://t.me/highlights_nba
"""–¢–∞–π—Ñ—É–Ω"" –°–ø–æ—Ä—Ç–∏–≤–Ω—ñ –∑–±–æ—Ä–∏ 2023",https://uk.tgstat.com/channel/4-WEQpA2I0BkMTNi,https://t.me/joinchat/4-WEQpA2I0BkMTNi
–ù—å—é–∫–∞—Å–ª –Æ–Ω–∞–π—Ç–µ–¥ | Newcastle United üá∫üá¶,https://uk.tgstat.com/channel/@newcastle_ua,https://t.me/newcastle_ua
–ú–§–ö –ö—Ä–µ–º—ñ–Ω—å,https://uk.tgstat.com/channel/@mfc_kremin,https://t.me/mfc_kremin
üèÄ –ë–ê–°–ö–ï–¢–ë–û–õ IRPIN BUCHA GOSTOMEL,https://uk.tgstat.com/channel/@basketball_irpin_bucha,https://t.me/basketball_irpin_bucha
–ë—É–¥–µ–º–æ —Ä–æ–∑–±–∏—Ä–∞—Ç–∏—Å—åüá∫üá¶üçâ,https://uk.tgstat.com/channel/@olegrykhal1,https://t.me/olegrykhal1
V D 1 4‚ö°Ô∏è,https://uk.tgstat.com/channel/@volodymyrdyatlov,https://t.me/volodymyrdyatlov
–§—É—Ç–±–æ–ª—å–Ω–∞—è —Ñ–æ—Ä–º–∞,https://uk.tgstat.com/channel/@ffcstore,https://t.me/ffcstore
MMA UKRAINEü•ä,https://uk.tgstat.com/channel/@mma_ukraine1,https://t.me/mma_ukraine1
Gool365,https://uk.tgstat.com/channel/@gooll365,https://t.me/gooll365
–ö—É—Ç–æ–≤–∏–π –î—ñ–≤–æ–∫–∞ –û—Ä—ñ–≥—ñ,https://uk.tgstat.com/channel/@SuperSubDivock,https://t.me/SuperSubDivock
üá∫üá¶ –õ—å–≤—ñ–≤ Taekwon-do ITF,https://uk.tgstat.com/channel/@taekwondo_itf_lviv_ua,https://t.me/taekwondo_itf_lviv_ua
–†–∞–±–æ—Ç–∞ –¥–ª—è –≤—Å–µ—Ö,https://uk.tgstat.com/channel/@rob_ota_online,https://t.me/rob_ota_online
–¢–û–ü –°–¢–†–ê–¢–ï–ì–ò–Ø,https://uk.tgstat.com/channel/@halftimescore,https://t.me/halftimescore
Skeleton & Bobsleigh 24,https://uk.tgstat.com/channel/@skeleton24,https://t.me/skeleton24
–ë–æ—Ä—å–±–∞ –î–Ω–µ–ø—Ä–∞,https://uk.tgstat.com/channel/@WrestlingDnepr,https://t.me/WrestlingDnepr
FRENCH OPEN 2023 TENNIS LIVE STREAMING FREE AND TENNIS TIPS,https://uk.tgstat.com/channel/@FRENCHOPEN2023LIVE,https://t.me/FRENCHOPEN2023LIVE
Fanstadium,https://uk.tgstat.com/channel/@fanstadium,https://t.me/fanstadium
Sky Sport –£–∫—Ä–∞—ó–Ω–∞,https://uk.tgstat.com/channel/@skysportua,https://t.me/skysportua
SportsDerbiesHub,https://uk.tgstat.com/channel/@SportsDerbiesHub,https://t.me/SportsDerbiesHub
‚ö°Ô∏è‚ö°Ô∏èMUSIC,https://uk.tgstat.com/channel/@galichinamusic,https://t.me/galichinamusic
–ú—ã—Å–ª–∏ –ß–µ–º–ø–∏–æ–Ω–∞,https://uk.tgstat.com/channel/@champathlet,https://t.me/champathlet
–§—É—Ç–±–æ–ª —Ç—É—Ç–∞!!,https://uk.tgstat.com/channel/@futboltuta,https://t.me/futboltuta
FT11,https://uk.tgstat.com/channel/@we_ft11,https://t.me/we_ft11
National Hockey League | –£–∫—Ä–∞—ó–Ω—Å—å–∫–æ—é,https://uk.tgstat.com/channel/@nhl_ukr,https://t.me/nhl_ukr
EuroHockey Arena,https://uk.tgstat.com/channel/@europeanhockey,https://t.me/europeanhockey
–£–∫—Ä–∞—ó–Ω—Å—å–∫–∏–πüá∫üá¶ –ú–ö,https://uk.tgstat.com/channel/@ukrmkk,https://t.me/ukrmkk
–§–ö –ù–∞–ø–æ–ª–∏ | FC NapoliüáÆüáπ‚öΩ,https://uk.tgstat.com/channel/@football_NapoliFC_news,https://t.me/football_NapoliFC_news
–§—É—Ç–±–æ–ª—å–Ω–∞ —Ä–µ—Å–ø—É–±–ª—ñ–∫–∞ –ù—ñ–º–µ—á—á–∏–Ω–∞,https://uk.tgstat.com/channel/@fussball_republik,https://t.me/fussball_republik
PRO –§–£–¢–ë–û–õ ‚öΩÔ∏è | –ü–†–û –§–£–¢–ë–û–õ —É–∫—Ä–∞—ó–Ω—Å—å–∫–æ—é |,https://uk.tgstat.com/channel/@ua_profootball,https://t.me/ua_profootball
–£—Å–∞—Ç—ã–π –°–ø–æ—Ä—Çü¶æ,https://uk.tgstat.com/channel/@ysatii_sport,https://t.me/ysatii_sport
–§–æ—Ä–º—É–ª–∞ 1 UA üá∫üá¶,https://uk.tgstat.com/channel/@f1_Ukraine_tg,https://t.me/f1_Ukraine_tg
Latest Football News,https://uk.tgstat.com/channel/@LFNua,https://t.me/LFNua
–ù–æ–≤–æ—Å—Ç–∏ –º–∏—Ä–æ–≤–æ–≥–æ —Ç–µ–Ω–Ω–∏—Å–∞,https://uk.tgstat.com/channel/@tennisworldnews,https://t.me/tennisworldnews
–¢—Ä—É—Ö–∞‚ö°Ô∏è–°–ø–æ—Ä—Ç | –ò–Ω—Ç–µ—Ä-–ú–∏–ª–∞–Ω / –ü–æ–ª—É—Ñ–∏–Ω–∞–ª –õ–ß,https://uk.tgstat.com/channel/@truexa_sport,https://t.me/truexa_sport
OUTLET_Petzl/ASSECURO/Climbing Technology/IKAR/INNOTECH/First Ascent/Singing Rock/Sinew_–°–ø–æ—Ä—è–¥–∂–µ–Ω–Ω—è –¥–ª—è –∞–ª—å–ø—ñ–Ω—ñ–∑–º—É –∑—ñ –∑–Ω–∏–∂–∫–æ—é!!!,https://uk.tgstat.com/channel/@sport_ukraine_outlet,https://t.me/sport_ukraine_outlet
–°–¢–ê–í–ö–ò –ó–õ–ê–¢–ê–ù–ê,https://uk.tgstat.com/channel/@stavky_zlatana,https://t.me/stavky_zlatana
V.tips,https://uk.tgstat.com/channel/@V_tips,https://t.me/V_tips
Football Expert,https://uk.tgstat.com/channel/@footballexpertua,https://t.me/footballexpertua
–£–∫—Ä–∞—ó–Ω—Å—å–∫–∏–π —Ñ—É—Ç–±–æ–ª,https://uk.tgstat.com/channel/@beybegee,https://t.me/beybegee
üá®üá¶ –ö–∞–Ω–∞–¥–∞ –¥–ª—è —É–∫—Ä–∞—ó–Ω—Ü—ñ–≤,https://uk.tgstat.com/channel/@ka4ay_popy,https://t.me/ka4ay_popy
–ù–∞—à —Ñ—É—Ç–±–æ–ª,https://uk.tgstat.com/channel/@vladimir_solncev,https://t.me/vladimir_solncev
–õ—å–≤–æ–≤,https://uk.tgstat.com/channel/AAAAAFkA9INr2RBXFYnyzw,https://t.me/joinchat/AAAAAFkA9INr2RBXFYnyzw
–°–ø–æ—Ä—Ç‚úñÔ∏è–°—å–æ–≥–æ–¥–Ω—ñ,https://uk.tgstat.com/channel/@sporttoday_ua,https://t.me/sporttoday_ua
–û–ª–∏–º–ø–∏–∫ –î–æ–Ω–µ—Ü–∫,https://uk.tgstat.com/channel/AAAAAEdeOMVP_d38zjahEA,https://t.me/joinchat/AAAAAEdeOMVP_d38zjahEA
–í–æ—Ä—Å–∫–ª–∞ –ü–æ–ª—Ç–∞–≤–∞,https://uk.tgstat.com/channel/AAAAAETgxzn_XbHxntshQQ,https://t.me/joinchat/AAAAAETgxzn_XbHxntshQQ
