üá∫üá¶ andro-price,https://uk.tgstat.com/channel/@andro_price,https://t.me/andro_price
–ù–æ–≤–∏–Ω–∏ —É —Å–≤—ñ—Ç—ñ IT üëæ,https://uk.tgstat.com/channel/@it_news_in_ua,https://t.me/it_news_in_ua
Andro News,https://uk.tgstat.com/channel/@andronews_official,https://t.me/andronews_official
XTB,https://uk.tgstat.com/channel/@XTN_channel,https://t.me/XTN_channel
Junior Developer,https://uk.tgstat.com/channel/@junior_developer_ua,https://t.me/junior_developer_ua
"–°—Ç–∞—Ä—Ç–∞–ø–µ–Ω–∫–æ: IT, —Ç–µ—Ö–Ω–æ–ª–æ–≥—ñ—ó",https://uk.tgstat.com/channel/w54vwrwYzBUxYTIy,https://t.me/joinchat/w54vwrwYzBUxYTIy
Store Odesa,https://uk.tgstat.com/channel/XXpngU7YMv9kMjRi,https://t.me/joinchat/XXpngU7YMv9kMjRi
MOYO | –ú–∞–≥–∞–∑–∏–Ω moyo.ua,https://uk.tgstat.com/channel/@uamoyo,https://t.me/uamoyo
TECH | –ª—é–∫—Å–æ–≤–∞ —Ç–µ—Ö–Ω—ñ–∫–∞ üá∫üá¶,https://uk.tgstat.com/channel/v0-ZiBHm-CA4N2Ji,https://t.me/joinchat/v0-ZiBHm-CA4N2Ji
"–¶–µ –Ω–µ –±–∞–≥, –∞ —Ñ—ñ—á–∞",https://uk.tgstat.com/channel/@fixabug,https://t.me/fixabug
IT —ñ–≤–µ–Ω—Ç–∏ & –≤–∞–∫–∞–Ω—Å—ñ—ó,https://uk.tgstat.com/channel/uNPlt6ouBXJmODdi,https://t.me/joinchat/uNPlt6ouBXJmODdi
–ú—ñ–Ω—Ü–∏—Ñ—Ä–∞,https://uk.tgstat.com/channel/@mintsyfra,https://t.me/mintsyfra
WAY,https://uk.tgstat.com/channel/Ny5BCzk5SMdhYTAy,https://t.me/joinchat/Ny5BCzk5SMdhYTAy
TECHGEN - IT,https://uk.tgstat.com/channel/@it_techgen,https://t.me/it_techgen
TECHNOZON,https://uk.tgstat.com/channel/@technozonofficial,https://t.me/technozonofficial
Energy UA,https://uk.tgstat.com/channel/0okYyQoA4p42Y2Ey,https://t.me/joinchat/0okYyQoA4p42Y2Ey
–ù–µ –∑–Ω–∞–≤ —Ü—é —Ñ—ñ—á—É,https://uk.tgstat.com/channel/VO3cjXjKv2c0NjAy,https://t.me/joinchat/VO3cjXjKv2c0NjAy
JavaScript üá∫üá¶,https://uk.tgstat.com/channel/@javascriptuk,https://t.me/javascriptuk
DOU,https://uk.tgstat.com/channel/@doucommunity,https://t.me/doucommunity
kramnytsya.com,https://uk.tgstat.com/channel/k9dRS6eK26s0ODgy,https://t.me/joinchat/k9dRS6eK26s0ODgy
EPAM University Programs UA,https://uk.tgstat.com/channel/@epamuniprogua,https://t.me/epamuniprogua
Python üá∫üá¶,https://uk.tgstat.com/channel/@pythonuk,https://t.me/pythonuk
Python | –¢–µ—Å—Ç—ã –¥–ª—è –ø—Ä–æ–≥—Ä–∞–º–º–∏—Å—Ç–æ–≤,https://uk.tgstat.com/channel/@tests_it,https://t.me/tests_it
Code Ukraine // –ü—Ä–æ–≥—Ä–∞–º—É–≤–∞–Ω–Ω—è,https://uk.tgstat.com/channel/Hq8PvKge-kozNWVi,https://t.me/joinchat/Hq8PvKge-kozNWVi
"–¢–µ—Ö–Ω–æ–ª–æ–≥—ñ—ó, –º–µ–¥—ñ–∞ —Ç–∞ —Å—É—Å–ø—ñ–ª—å—Å—Ç–≤–æ",https://uk.tgstat.com/channel/@brodetsky,https://t.me/brodetsky
–ö–∞–Ω–∞–ª –õ—É—á–∫–æ–≤–∞,https://uk.tgstat.com/channel/@LuchkovCh,https://t.me/LuchkovCh
OTAK | –°–º–∞—Ä—Ç—à–æ–ø,https://uk.tgstat.com/channel/@otak_ua,https://t.me/otak_ua
Dropshipping100üì≤ üí∏üá∫üá¶,https://uk.tgstat.com/channel/@dropshipping100,https://t.me/dropshipping100
IT & Digital Academy,https://uk.tgstat.com/channel/ChPr38TscoZiNWVi,https://t.me/joinchat/ChPr38TscoZiNWVi
–§—Ä—ñ–ª–∞–Ω—Å–µ—Ä –ø–æ –∂–∏—Ç—Ç—é üá∫üá¶,https://uk.tgstat.com/channel/@freelancer_lifestyle,https://t.me/freelancer_lifestyle
VadmanUkraine,https://uk.tgstat.com/channel/@VadenUkraine,https://t.me/VadenUkraine
ITVDN,https://uk.tgstat.com/channel/@itvdn1,https://t.me/itvdn1
–ù–û–í–´–ï –¢–ï–•–ù–û–õ–û–ì–ò–ò,https://uk.tgstat.com/channel/@technologynovosty,https://t.me/technologynovosty
AI News from Miamayka,https://uk.tgstat.com/channel/@hotainews,https://t.me/hotainews
"Young Coders Team |–ñ–¥–µ–º Apple WWDC: iOS 17 , iPadOS 17, macOS 14, xrOS –∏ –Ω–æ–≤—ã–µ mac",https://uk.tgstat.com/channel/@youngcodersteam_official,https://t.me/youngcodersteam_official
–¶—ñ–∫–∞–≤–µ IT,https://uk.tgstat.com/channel/@tsikave_it,https://t.me/tsikave_it
COMPX ‚Äî –°–ª–∞–≤–∞ –£–∫—Ä–∞—ó–Ω—ñ üá∫üá¶,https://uk.tgstat.com/channel/@compx_pc,https://t.me/compx_pc
–ù–µ–π—Ä–æ–º–µ—Ä–µ–∂—ñ,https://uk.tgstat.com/channel/@neiromerezhiUA,https://t.me/neiromerezhiUA
üì±üçè PixoPhone | Android | Apple,https://uk.tgstat.com/channel/@pixophone,https://t.me/pixophone
SoftServe Education,https://uk.tgstat.com/channel/@SoftServeEducation,https://t.me/SoftServeEducation
STYLUS¬Æ,https://uk.tgstat.com/channel/@stylus4you,https://t.me/stylus4you
–¢–≤—ñ–π —Ü–∏—Ñ—Ä–æ–≤–∏–π –¥—Ä—É–≥ [ChatGPT],https://uk.tgstat.com/channel/JuGlSjP5TPY3N2Vi,https://t.me/joinchat/JuGlSjP5TPY3N2Vi
ITbox.ua,https://uk.tgstat.com/channel/@Itboxua,https://t.me/Itboxua
DOU | QA,https://uk.tgstat.com/channel/@dou_qa,https://t.me/dou_qa
–ü–µ—Ä—à–∏–π –¢–µ—Ö–Ω–æ–ª–æ–≥—ñ—á–Ω–∏–π,https://uk.tgstat.com/channel/OEvHsh5JwigzNTRi,https://t.me/joinchat/OEvHsh5JwigzNTRi
GlobalLogic Ukraine,https://uk.tgstat.com/channel/@gl_education,https://t.me/gl_education
"IT —ñ–≤–µ–Ω—Ç–∏ –≤ –£–∫—Ä–∞—ó–Ω—ñ üßë‚Äçüíª –í–µ–±—ñ–Ω–∞—Ä–∏, –¢—Ä–µ–Ω—ñ–Ω–≥–∏, –ö—É—Ä—Å–∏",https://uk.tgstat.com/channel/@IT_v_UA,https://t.me/IT_v_UA
–í–∞–∫–∞–Ω—Å—ñ—ó IT üá∫üá¶,https://uk.tgstat.com/channel/@vacanciesua,https://t.me/vacanciesua
–Ø–±–ª—É—á–Ω–∏–π –ù—ñ–∫ Ô£ø,https://uk.tgstat.com/channel/@yabnick,https://t.me/yabnick
–Ω–æ–≤—ñ—Ç–Ω—ñ —Ç–µ—Ö–Ω–æ–ª–æ–≥—ñ—ó,https://uk.tgstat.com/channel/@technologiiua,https://t.me/technologiiua
–ë–ª–æG–Ω–æ—Ç,https://uk.tgstat.com/channel/@blognot,https://t.me/blognot
–ö–æ–º–ø‚Äò—é—Ç–µ—Ä–Ω–∞ –¢–µ—Ö–Ω—ñ–∫–∞ üíª,https://uk.tgstat.com/channel/@ktroom,https://t.me/ktroom
DOU #tech,https://uk.tgstat.com/channel/@dou_tech,https://t.me/dou_tech
TENET,https://uk.tgstat.com/channel/@tenet_official,https://t.me/tenet_official
YUHIMKA | –Æ—Ö—ñ–º–∫–∞,https://uk.tgstat.com/channel/@yuhimka,https://t.me/yuhimka
"–ù–µ–π—Ä–æ—î–Ω–æ—Ç | –ù–µ–π—Ä–æ–º–µ—Ä–µ–∂–∞ Midjourney, chat GPT —Ç–∞ —ñ–Ω—à—ñ",https://uk.tgstat.com/channel/AAAAAEx5FU789JlHwwzRuA,https://t.me/joinchat/AAAAAEx5FU789JlHwwzRuA
ELDORADO.UA,https://uk.tgstat.com/channel/@eldo_ua,https://t.me/eldo_ua
MATRIX. –¢–µ–ª–µ–∫–æ–º-–æ–ø–µ—Ä–∞—Ç–æ—Ä,https://uk.tgstat.com/channel/@matrix_donetsk,https://t.me/matrix_donetsk
JavaSkvirt // IT Memes,https://uk.tgstat.com/channel/XVlv--8Hu78xOTBi,https://t.me/joinchat/XVlv--8Hu78xOTBi
–§—Ä–µ–≥–∞—Ç 24/7,https://uk.tgstat.com/channel/@fregat,https://t.me/fregat
–ö–∏—ó–≤ –¶–∏—Ñ—Ä–æ–≤–∏–π,https://uk.tgstat.com/channel/@Kyiv_digital,https://t.me/Kyiv_digital
"–¢–µ—Ö–Ω–æ–ü–ª–∞–Ω–µ—Ç–∞, —Ç–æ–≤–∞—Ä—ã —Å AliExpress",https://uk.tgstat.com/channel/@tehnoplanetainua,https://t.me/tehnoplanetainua
DIFE,https://uk.tgstat.com/channel/@dife_news,https://t.me/dife_news
–ú—ñ–Ω—Ü–∏—Ñ—Ä–∏,https://uk.tgstat.com/channel/@min_cifra,https://t.me/min_cifra
citrus.ua,https://uk.tgstat.com/channel/@citrus_ua,https://t.me/citrus_ua
DOU Polska,https://uk.tgstat.com/channel/@dou_polska,https://t.me/dou_polska
PixelPlusUI - Device Updates,https://uk.tgstat.com/channel/@ppuich,https://t.me/ppuich
–ö—É–∫—É–º–±–µ—Ä üá∫üá¶üçâ,https://uk.tgstat.com/channel/@cucumberapps,https://t.me/cucumberapps
EbanoeIT,https://uk.tgstat.com/channel/@ebannoeIT,https://t.me/ebannoeIT
–ü—Ä–æ–≥—Ä–∞–º–º–∏—Ä–æ–≤–∞–Ω–∏–µ itProger ‚Ñ¢,https://uk.tgstat.com/channel/@itProger_official,https://t.me/itProger_official
SPEKA,https://uk.tgstat.com/channel/@spekamedia,https://t.me/spekamedia
AI –Ω–æ–≤–∏–Ω–∏ –≤—ñ–¥ Miamayka,https://uk.tgstat.com/channel/@aimiamayka,https://t.me/aimiamayka
Product Analytics,https://uk.tgstat.com/channel/@ProductAnalytics,https://t.me/ProductAnalytics
GameDev DOU,https://uk.tgstat.com/channel/@gamedev_dou,https://t.me/gamedev_dou
–ú–∏—à–∏–Ω –õ–µ—Ä–Ω–∏–Ω–≥ üá∫üá¶,https://uk.tgstat.com/channel/@mishin_learning,https://t.me/mishin_learning
–ù–æ–≤—ñ—Ç–Ω—ñ –¢–µ—Ö–Ω–æ–ª–æ–≥—ñ—ó | –ù–æ–≤–∏–Ω–∏,https://uk.tgstat.com/channel/@novitni_technologii,https://t.me/novitni_technologii
–°–≤—ñ—Ç–ª–æ –û–ª–µ–∫—Å–∞–Ω–¥—Ä—ñ–π—â–∏–Ω–∏,https://uk.tgstat.com/channel/@SvitloOleksandriyskohoRaionu,https://t.me/SvitloOleksandriyskohoRaionu
–ú–µ—Ä–µ–∂–∞ –õ–∞–Ω–µ—Ç,https://uk.tgstat.com/channel/@lanetua,https://t.me/lanetua
iSIGHT,https://uk.tgstat.com/channel/@ISIGHT_IT_news,https://t.me/ISIGHT_IT_news
iLounge üá∫üá¶,https://uk.tgstat.com/channel/@ilounge_official,https://t.me/ilounge_official
A/B testing,https://uk.tgstat.com/channel/@abtesting,https://t.me/abtesting
üá∫üá¶ automation-remarks.com,https://uk.tgstat.com/channel/@automation_remarks_ua,https://t.me/automation_remarks_ua
Keddr,https://uk.tgstat.com/channel/@keddr,https://t.me/keddr
Just Join IT | –í–∞–∫–∞–Ω—Å—ñ—ó –≤ –Ü–¢ –¥–ª—è —É–∫—Ä–∞—ó–Ω—Ü—ñ–≤,https://uk.tgstat.com/channel/@helloeast,https://t.me/helloeast
DOU Remote,https://uk.tgstat.com/channel/@dou_remote,https://t.me/dou_remote
–®–∫–æ–ª–∞ –ø—Ä–æ–≥—Ä–∞–º–º–∏—Å—Ç–æ–≤,https://uk.tgstat.com/channel/@Shkola_programmistov,https://t.me/Shkola_programmistov
–ü—ñ–¥—Å–ª—É—Ö–∞–Ω–æ –≤ –Ü–¢,https://uk.tgstat.com/channel/@fivekusd,https://t.me/fivekusd
Hillel IT School,https://uk.tgstat.com/channel/@ithillel,https://t.me/ithillel
ChatGPT | –®—Ç—É—á–Ω–∏–π –Ω–µ–π—Ä–æ–Ω,https://uk.tgstat.com/channel/@chatgptua,https://t.me/chatgptua
yKosmosi üá∫üá¶,https://uk.tgstat.com/channel/HwyKsNCuqEI4OGZi,https://t.me/joinchat/HwyKsNCuqEI4OGZi
–ö—Ä–µ–∫–µ—Ä,https://uk.tgstat.com/channel/@cracker_ua,https://t.me/cracker_ua
–ö'—é –ê–π ‚Äî —Ü–µ —Ü—ñ–∫–∞–≤–æ ‚ú®üá∫üá¶,https://uk.tgstat.com/channel/@QI_ukr,https://t.me/QI_ukr
Ô£ø Apple iPhone| –ê–∫—Å–µ—Å—Å—É–∞—Ä—ã |–î—Ä–æ–ø—à–∏–ø–ø–∏–Ω–≥Ô£ø,https://uk.tgstat.com/channel/@aplemiy,https://t.me/aplemiy
"UIT | –†–æ–±–æ—Ç–∞, –∑–∞—Ö–æ–¥–∏ —ñ –Ω–æ–≤–∏–Ω–∏ –≤ IT",https://uk.tgstat.com/channel/@UITua,https://t.me/UITua
–Ü–Ω—Ç–µ—Ä–Ω–µ—Ç-–ø—Ä–æ–≤–∞–π–¥–µ—Ä –ü—Ä–æ—Å—Ç–æ,https://uk.tgstat.com/channel/@prostonet_provider,https://t.me/prostonet_provider
¬´–ê—Å–≤–∞–±–∞–¥—ñ—Ç—î–ª—å¬ªü§∑üèª‚Äç‚ôÇÔ∏è| –ù–æ–≤–∏–Ω–∏ from Ukraine üá∫üá¶,https://uk.tgstat.com/channel/SCttJENIz6RraAPQ,https://t.me/joinchat/SCttJENIz6RraAPQ
Web Academy,https://uk.tgstat.com/channel/@webacademycomua,https://t.me/webacademycomua
"–°—Ç–∞—Ä—Ç –≤ IT üöÄ –¢—Ä–µ–Ω—ñ–Ω–≥–∏, –≤–µ–±—ñ–Ω–∞—Ä–∏, –∫—É—Ä—Å–∏, —Å—Ç–∞–∂—É–≤–∞–Ω–Ω—è",https://uk.tgstat.com/channel/@start_v_IT,https://t.me/start_v_IT
–¢—Ä–∞–∫—Ç–æ—Ä –Ω–∞ DOU,https://uk.tgstat.com/channel/@dou_relocate,https://t.me/dou_relocate
–Ø–±–∫–æ,https://uk.tgstat.com/channel/@jabko_store,https://t.me/jabko_store
iMag Shop,https://uk.tgstat.com/channel/@imag_shop_catalog,https://t.me/imag_shop_catalog
IT –î–≤—ñ–∂,https://uk.tgstat.com/channel/@it_dvizh_ua,https://t.me/it_dvizh_ua
"–Ω–µ–π—Ä–æ–∫–æ–º–µ–¥—ñ—è: –Ü–¢, –®–Ü —Ç–∞ ü§ñ",https://uk.tgstat.com/channel/GqFUrkBvidpkNDA6,https://t.me/joinchat/GqFUrkBvidpkNDA6
Frontend Info,https://uk.tgstat.com/channel/@frontend_info,https://t.me/frontend_info
BigQuery Insights,https://uk.tgstat.com/channel/@BigQuery,https://t.me/BigQuery
Campus,https://uk.tgstat.com/channel/@lifecell_campus,https://t.me/lifecell_campus
xpinjection,https://uk.tgstat.com/channel/@xpinjection_channel,https://t.me/xpinjection_channel
Pavlo Pedenko,https://uk.tgstat.com/channel/@pavlopedenko,https://t.me/pavlopedenko
Kahovka.Net,https://uk.tgstat.com/channel/@kahovkanet,https://t.me/kahovkanet
Skay BU (S-Stock) üá∫üá¶,https://uk.tgstat.com/channel/@skaybu,https://t.me/skaybu
–ú—ã –≤–∞–º –ø–µ—Ä–µ–∑–≤–æ–Ω–∏–º,https://uk.tgstat.com/channel/@callforward,https://t.me/callforward
ANYMAC,https://uk.tgstat.com/channel/@anymacua,https://t.me/anymacua
IT Eng | –ê–Ω–≥–ª—ñ–π—Å—å–∫–∞ –ø—Ä–æ–≥—Ä–∞–º—ñ—Å—Ç–∞,https://uk.tgstat.com/channel/@ITeng_ua,https://t.me/ITeng_ua
QATestLab Training Center,https://uk.tgstat.com/channel/@QATestLab_news,https://t.me/QATestLab_news
–¢–∏ –Ω–µ –∑–Ω–∞—î—à JavaScript,https://uk.tgstat.com/channel/@you_js,https://t.me/you_js
CatOps,https://uk.tgstat.com/channel/@catops,https://t.me/catops
Premium_Tabacco_jmüá∫üá¶,https://uk.tgstat.com/channel/@Volyn001,https://t.me/Volyn001
IntelliStart,https://uk.tgstat.com/channel/@intellistart,https://t.me/intellistart
–¢–µ—Ö–Ω–æ–ª–æ–≥—ñ—ó –±–µ–∑–ø–µ–∫–∏ | Secur.ua,https://uk.tgstat.com/channel/@securua,https://t.me/securua
Open Source Future üá∫üá¶üçâ,https://uk.tgstat.com/channel/zz1cBhcXmx5hZWEy,https://t.me/joinchat/zz1cBhcXmx5hZWEy
Overclockers.ua,https://uk.tgstat.com/channel/@overclockersua,https://t.me/overclockersua
–ù–µ–õ–∞–º–µ—Ä,https://uk.tgstat.com/channel/@Ne_Lamer,https://t.me/Ne_Lamer
Tokar.ua,https://uk.tgstat.com/channel/@tokar_ua,https://t.me/tokar_ua
Web Overflow üá∫üá¶,https://uk.tgstat.com/channel/@web_overflow,https://t.me/web_overflow
BUteh.net-–º–∞—Ä–∫–µ—Ç –∫–æ–º—ñ—Å—ñ–π–Ω–æ—ó —Ç–µ—Ö–Ω—ñ–∫–∏,https://uk.tgstat.com/channel/@comtehmarket,https://t.me/comtehmarket
devdigest // dot net,https://uk.tgstat.com/channel/@dncuug,https://t.me/dncuug
Roman Yakymchuk Consulting,https://uk.tgstat.com/channel/@ryconsulting,https://t.me/ryconsulting
–¢–µ—Ö–Ω–æ –á–∂–∞–∫,https://uk.tgstat.com/channel/@tehnoyizhak,https://t.me/tehnoyizhak
IT KPI,https://uk.tgstat.com/channel/@itkpi,https://t.me/itkpi
C# –Ω–∞—á–∞–ª–æ Kodblogerglobal –ü—Ä–æ–≥—Ä–∞–º–º–∏—Ä–æ–≤–∞–Ω–∏–µ,https://uk.tgstat.com/channel/@KodBlog,https://t.me/KodBlog
–ù–æ–≤—ñ —Ç–µ—Ö–Ω–æ–ª–æ–≥—ñ—ó,https://uk.tgstat.com/channel/@technologies_ua,https://t.me/technologies_ua
Prog Academy üá∫üá¶,https://uk.tgstat.com/channel/@progacademy,https://t.me/progacademy
Forsage,https://uk.tgstat.com/channel/AAAAAEk_Ljc8_Id6o68ENw,https://t.me/joinchat/AAAAAEk_Ljc8_Id6o68ENw
üá∫üá¶ Security QA,https://uk.tgstat.com/channel/@qa_security,https://t.me/qa_security
R4marketing | –∫–∞–Ω–∞–ª –ê–ª–µ–∫—Å–µ—è –°–µ–ª–µ–∑–Ω—ë–≤–∞ | –Ø–∑—ã–∫ R,https://uk.tgstat.com/channel/@R4marketing,https://t.me/R4marketing
–¢–µ—Ö–Ω–æ–ª–æ–≥—ñ—á–Ω—ñ —Ç—Ä–µ–Ω–¥–∏,https://uk.tgstat.com/channel/@tehnology_trends,https://t.me/tehnology_trends
üá∫üá¶ –ö–æ–º–æ—Ä–∞ —Ç–µ—Å—Ç—É–≤–∞–ª—å–Ω–∏–∫–∞ | QA Info,https://uk.tgstat.com/channel/@qainfo,https://t.me/qainfo
ITC.UA: IT-–Ω–æ–≤–∏–Ω–∏ —ñ —Ç–µ—Ö–Ω–æ–ª–æ–≥—ñ—ó üá∫üá¶,https://uk.tgstat.com/channel/@ITCUA,https://t.me/ITCUA
ChatGPT Hub / –ù–æ–≤–∏–Ω–∏ üá∫üá¶,https://uk.tgstat.com/channel/6peVPc4Xt343NmYy,https://t.me/joinchat/6peVPc4Xt343NmYy
QA_PRO | Modern testing,https://uk.tgstat.com/channel/@qa_pro,https://t.me/qa_pro
–®—Ç—É—á–Ω–∏–π –Ü–Ω—Ç–µ–ª–µ–∫—Ç (AI) üá∫üá¶ Chat GPT,https://uk.tgstat.com/channel/@ukraine_intelekt,https://t.me/ukraine_intelekt
UANDERDOG,https://uk.tgstat.com/channel/@uanderdog,https://t.me/uanderdog
Updates | OD,https://uk.tgstat.com/channel/@updatesOD,https://t.me/updatesOD
–û–æ–æ –Ω–µ–π—Ä–æ–º–µ—Ä–µ–∂–µ–≤–µ,https://uk.tgstat.com/channel/VN0N9KZ6H9QyZGJi,https://t.me/joinchat/VN0N9KZ6H9QyZGJi
Apple | Technopark,https://uk.tgstat.com/channel/@technopark_apple,https://t.me/technopark_apple
‚ù§Roblox I Scripts‚ù§,https://uk.tgstat.com/channel/@robloxscriptsx,https://t.me/robloxscriptsx
üá∫üá¶–§—ñ—à–∫–∏üì±IOS,https://uk.tgstat.com/channel/@iosfeatures,https://t.me/iosfeatures
ASTROPROXY [RU],https://uk.tgstat.com/channel/@astroproxy_info,https://t.me/astroproxy_info
PRO –§–†–û–ù–¢–ï–ù–î,https://uk.tgstat.com/channel/@pro_frontend_ua,https://t.me/pro_frontend_ua
Ô£øiGood-channel,https://uk.tgstat.com/channel/@iGood_channel,https://t.me/iGood_channel
I–Ω—Ç–µ—Ä–Ω–µ—Ç i–Ω—Ñ–æ | –î–æ–ø–æ–º–æ–≥–∞ –∞–±–æ–Ω–µ–Ω—Ç–∞–º,https://uk.tgstat.com/channel/o0NSBxZCboc2OWQy,https://t.me/joinchat/o0NSBxZCboc2OWQy
Altanet,https://uk.tgstat.com/channel/@Altanet,https://t.me/Altanet
IT-–≤–æ–ª–æ–Ω—Ç–µ—Ä—Å—Ç–≤–æ. DOU,https://uk.tgstat.com/channel/@itforua,https://t.me/itforua
–¢–µ—Ö–Ω–æ–ª–æ–≥—ñ—ó –ú–∞–π–±—É—Ç–Ω—å–æ–≥–æ,https://uk.tgstat.com/channel/@future365,https://t.me/future365
‚úôrozho)))k‚úôüá∫üá¶,https://uk.tgstat.com/channel/@full_of_hatred,https://t.me/full_of_hatred
–ù–µ–π—Ä–æ–º–µ—Ä–µ–∂–∞ –±–∞—á–∏—Ç—å,https://uk.tgstat.com/channel/@midjourney_uk,https://t.me/midjourney_uk
Highload ‚Äî –º–µ–¥—ñ–∞ –¥–ª—è —Ä–æ–∑—Ä–æ–±–Ω–∏–∫—ñ–≤,https://uk.tgstat.com/channel/@highloadtoday,https://t.me/highloadtoday
QAMania,https://uk.tgstat.com/channel/@qamania,https://t.me/qamania
"Audentes AI Solutions | –ù–µ–π—Ä–æ–º–µ—Ä–µ–∂—ñ, –®I —Ç–∞ DisruptiveTech",https://uk.tgstat.com/channel/@ChatGPT_andCo_UA,https://t.me/ChatGPT_andCo_UA
DataRoot Labs,https://uk.tgstat.com/channel/@datarootlabs,https://t.me/datarootlabs
–ù–µ—Ç–µ—Ö–Ω—ñ—á–Ω–µ IT,https://uk.tgstat.com/channel/@nontechnical_it,https://t.me/nontechnical_it
"–ü—Ä–æ IT –≤ –£–∫—Ä–∞—ó–Ω—ñ üá∫üá¶ –ù–æ–≤–∏–Ω–∏, —ñ–≤–µ–Ω—Ç–∏, —Å—Ç–∞—Ä—Ç–∞–ø–∏",https://uk.tgstat.com/channel/@uatech_info,https://t.me/uatech_info
–•–∞–ª—è–≤–Ω–µ –ÜT | –ü–æ–¥—ñ—ó‚ñ´Ô∏è–ö—É—Ä—Å–∏‚ñ´Ô∏è–í–∞–∫–∞–Ω—Å—ñ—ó,https://uk.tgstat.com/channel/@global_events,https://t.me/global_events
–ü–ª–æ—Ö–æ–π –ü—Ä–æ–¥—É–∫—Ç,https://uk.tgstat.com/channel/@badproductblog,https://t.me/badproductblog
iFruite Apple Store –õ—å–≤—ñ–≤,https://uk.tgstat.com/channel/@ifruitelviv,https://t.me/ifruitelviv
–£–∫—Ä–∞—ó–Ω—Å—å–∫–∞ –¥–µ–≤–æ–ø—Å–∞—Ä–Ω—è,https://uk.tgstat.com/channel/@UkropsDigest,https://t.me/UkropsDigest
–≠–∫—Å—Ç—Ä–∞–ø–æ–ª—è—Ü–∏—è IT,https://uk.tgstat.com/channel/@itextrapolation,https://t.me/itextrapolation
No Fluff Jobs | 100% IT-–≤–∞–∫–∞–Ω—Å—ñ–π —ñ–∑ –≤–∫–∞–∑–∞–Ω–∏–º —Ä—ñ–≤–Ω–µ–º –∑–∞—Ä–ø–ª–∞—Ç–∏,https://uk.tgstat.com/channel/@nofluffjobsukraine,https://t.me/nofluffjobsukraine
–ü–æ–ø–µ–ª—é—Ö–∞ | QA —Å–ø—ñ–ª—å–Ω–æ—Ç–∞,https://uk.tgstat.com/channel/@popeliuha,https://t.me/popeliuha
dou_kharkiv,https://uk.tgstat.com/channel/@dou_kharkiv,https://t.me/dou_kharkiv
Hosting Ukraine üá∫üá¶,https://uk.tgstat.com/channel/@ukrainecomua,https://t.me/ukrainecomua
–ü—Ä–æ—Å—Ç–∞ –Ω–∞—É–∫–∞ | –õ–∞–π—Ñ—Ö–∞–∫–∏ | –û–ø–∏—Ç—É–≤–∞–Ω–Ω—è | –§–∞–∫—Ç–∏,https://uk.tgstat.com/channel/@prosta_nauka,https://t.me/prosta_nauka
"–ö–ª—é—á–∏ ( Keys ) | ESET | Kaspersky | Avast | Norton | Kerish Doctor | Avira | AdGuard | Windows 7,10,11 | Office | VPN",https://uk.tgstat.com/channel/@key334,https://t.me/key334
–ù–µ–π—Ä–æ–º–µ—Ä–µ–∂—ñ | –®—Ç—É—á–Ω–∏–π —ñ–Ω—Ç–µ–ª–µ–∫—Ç | AI Eye,https://uk.tgstat.com/channel/AwyXAMNTjnpiMzZi,https://t.me/joinchat/AwyXAMNTjnpiMzZi
Ô£ø Apple iPhone | MacBook | –î—Ä–æ–ø—à–∏–ø–ø–∏–Ω–≥,https://uk.tgstat.com/channel/@myaple,https://t.me/myaple
BuildingTech,https://uk.tgstat.com/channel/@BuildingTech1,https://t.me/BuildingTech1
FoxmindEd | True Online Learning | by Sergey Nemchinskiy,https://uk.tgstat.com/channel/@nemchinskiyOnBusiness,https://t.me/nemchinskiyOnBusiness
Checkbox,https://uk.tgstat.com/channel/@checkbox_info,https://t.me/checkbox_info
LANA üá∫üá¶ –ü—Ä–æ –Ü–¢ –≤—ñ–¥ –ø—Ä–∞–∫—Ç–∏–∫–∞,https://uk.tgstat.com/channel/@it_with_lana,https://t.me/it_with_lana
–ñ–∞–±–∞—Å–∫—Ä–∏–ø—Ç (–≤–µ–¥–µ –í—ñ–∫—Ç–æ—Ä –¢—É—Ä—Å—å–∫–∏–π),https://uk.tgstat.com/channel/@jabascript,https://t.me/jabascript
DOU | Front-end,https://uk.tgstat.com/channel/@frontend_dou,https://t.me/frontend_dou
–¢–µ–ª–µ–∫–æ–º-–∫—Ä—É–∂–æ–∫,https://uk.tgstat.com/channel/@tk_group,https://t.me/tk_group
Web education,https://uk.tgstat.com/channel/@frontend_in_ukraine,https://t.me/frontend_in_ukraine
iComet –û–ü–¢,https://uk.tgstat.com/channel/@iC0MET_opt,https://t.me/iC0MET_opt
Good dev knows,https://uk.tgstat.com/channel/@gooddevknows,https://t.me/gooddevknows
–°—É—á–∞—Å–Ω—ñ —Ç–µ—Ö–Ω–æ–ª–æ–≥—ñ—ó,https://uk.tgstat.com/channel/@ua_technology,https://t.me/ua_technology
Just ITüá∫üá¶üçâ- –Ω–æ–≤–∏–Ω–∏,https://uk.tgstat.com/channel/@biblioteka_it,https://t.me/biblioteka_it
–ú–µ—Ä–µ–∂–∞ –ü–ê–í–£–¢–ò–ù–ê,https://uk.tgstat.com/channel/@pautina_ua,https://t.me/pautina_ua
QA (Testing) –æ—Å–≤—ñ—Ç–∞ üë®‚Äçüíª üá∫üá¶ | CURSOR.EDUCATION,https://uk.tgstat.com/channel/@junior_qa_cursor,https://t.me/junior_qa_cursor
Sysadmin Tools üá∫üá¶,https://uk.tgstat.com/channel/@sysadmin_tools,https://t.me/sysadmin_tools
–¢–µ—Ö–Ω–æ,https://uk.tgstat.com/channel/@techno_novyny,https://t.me/techno_novyny
Elmir.ua,https://uk.tgstat.com/channel/@elmir_ua,https://t.me/elmir_ua
webguild - —É–∫—Ä–∞—ó–Ω—Å—å–∫–∞ IT-—Å–ø—ñ–ª—å–Ω–æ—Ç–∞ üá∫üá¶,https://uk.tgstat.com/channel/@webguild,https://t.me/webguild
fedoruk.works,https://uk.tgstat.com/channel/@beardpm,https://t.me/beardpm
NovaLine(–ù–æ–≤–∞–ª–∞–π–Ω —ñ–Ω—Ç–µ—Ä–Ω–µ—Ç),https://uk.tgstat.com/channel/@nvln_ch,https://t.me/nvln_ch
BRIZ INFO,https://uk.tgstat.com/channel/@brizinfo,https://t.me/brizinfo
TonAI,https://uk.tgstat.com/channel/@TonAI_official,https://t.me/TonAI_official
–ö—Ä–∏—Å—Ç–∞–ª –¢–µ–ª–µ–∫–æ–º,https://uk.tgstat.com/channel/@crystal_telecom,https://t.me/crystal_telecom
–¢–µ—Ö–Ω–æ–ª–æ–≥—ñ—á–Ω—ñ –Ω–æ–≤–∏–Ω–∏ –£–∫—Ä–∞—ó–Ω–∏,https://uk.tgstat.com/channel/@technews_ukraine,https://t.me/technews_ukraine
Node.js Recipes,https://uk.tgstat.com/channel/@node_recipes,https://t.me/node_recipes
Improve Your Product,https://uk.tgstat.com/channel/@toceo,https://t.me/toceo
Mediasat,https://uk.tgstat.com/channel/@mediasat_info,https://t.me/mediasat_info
IT-–Ω–∞ —Ö–ª–æ–ø—Å—å–∫–∏–π —Ä–æ–∑—É–ºü•∑,https://uk.tgstat.com/channel/@IT_poProstomy,https://t.me/IT_poProstomy
DOU | DevOps,https://uk.tgstat.com/channel/@devops_dou,https://t.me/devops_dou
Yalantis Education,https://uk.tgstat.com/channel/@yalantiseducation,https://t.me/yalantiseducation
IT –Ω–æ–≤–∏–Ω–∏ —Ç–∞ —Ç–µ—Ö–Ω–æ–ª–æ–≥—ñ—ó,https://uk.tgstat.com/channel/@tehnology_ua,https://t.me/tehnology_ua
Wise.js | Frontend tips,https://uk.tgstat.com/channel/@frontend_tips,https://t.me/frontend_tips
Programming Mentor,https://uk.tgstat.com/channel/@programmingmentor,https://t.me/programmingmentor
From A to QA | –í—Å–µ –ø—Ä–æ —Ç–µ—Å—Ç—É–≤–∞–Ω–Ω—è,https://uk.tgstat.com/channel/@from_a_to_qa,https://t.me/from_a_to_qa
–¢–µ—Ö–Ω–æ–ª–æ–≥—ñ—ó –º–∞–π–±—É—Ç–Ω—å–æ–≥–æ,https://uk.tgstat.com/channel/@tehnologii_ua,https://t.me/tehnologii_ua
dou_kyiv_events,https://uk.tgstat.com/channel/@dou_kyiv_events,https://t.me/dou_kyiv_events
KIVI_TV_Ukraine,https://uk.tgstat.com/channel/@KIVI_TV_Ukraine,https://t.me/KIVI_TV_Ukraine
–ö–ü–Ü –¢–µ–ª–µ–∫–æ–º,https://uk.tgstat.com/channel/@kpitelecom,https://t.me/kpitelecom
SNTV_iptv,https://uk.tgstat.com/channel/TSCCCy6SKMg1ODgy,https://t.me/joinchat/TSCCCy6SKMg1ODgy
TELTEL.sell,https://uk.tgstat.com/channel/@teltelsell,https://t.me/teltelsell
[Growth Factory] –ù–∞–π–±—ñ–ª—å—à–∞ IT-—Å–ø—ñ–ª—å–Ω–æ—Ç–∞ –°–ï–û –≤ –£–∫—Ä–∞—ó–Ω—ñ,https://uk.tgstat.com/channel/@growthfactory,https://t.me/growthfactory
Aidful,https://uk.tgstat.com/channel/@aidfulmedia,https://t.me/aidfulmedia
TAP IT !,https://uk.tgstat.com/channel/@tapit,https://t.me/tapit
UA Cyber SHIELD (–£–∫—Ä–∞—ó–Ω—Å—å–∫–∏–π –∫—ñ–±–µ—Ä —â–∏—Ç),https://uk.tgstat.com/channel/@uashield,https://t.me/uashield
Radio Kottans,https://uk.tgstat.com/channel/@radio_kottans,https://t.me/radio_kottans
Luxoft Ukraine,https://uk.tgstat.com/channel/@Luxoft_Ukraine,https://t.me/Luxoft_Ukraine
Codica - –∫–æ—Ä–∏—Å–Ω–µ –ø—Ä–æ IT,https://uk.tgstat.com/channel/@codica,https://t.me/codica
Feature,https://uk.tgstat.com/channel/@technofeatureua,https://t.me/technofeatureua
–ê —è–∫ —Ç–æ –∑—Ä–æ–±–∏—Ç–∏? üá∫üá¶ (–ü–∏—Ç–∞–Ω–Ω—è),https://uk.tgstat.com/channel/@theborysofficial,https://t.me/theborysofficial
L4.ua —ñ–Ω—Ç–µ—Ä–Ω–µ—Ç-–ø—Ä–æ–≤–∞–π–¥–µ—Ä,https://uk.tgstat.com/channel/@lan4ever,https://t.me/lan4ever
–î—ñ—è.City,https://uk.tgstat.com/channel/@city_diia,https://t.me/city_diia
üì≤KATE PRO [MODS],https://uk.tgstat.com/channel/@katempro,https://t.me/katempro
ITExpert Recruiting,https://uk.tgstat.com/channel/@ITExpert_Recruiting,https://t.me/ITExpert_Recruiting
ITJob | –Ü–≤–µ–Ω—Ç–∏ | –í–∞–∫–∞–Ω—Å—ñ—ó,https://uk.tgstat.com/channel/eoQkt8SpSwE0ZWFi,https://t.me/joinchat/eoQkt8SpSwE0ZWFi
–ö—É–ø–∞–Ø–±–ª—É–∫ (ex. –í–Ø–±–ª–æ—á–∫–æ)üçèApple IPhone –ö–∏–µ–≤üì≤,https://uk.tgstat.com/channel/@kievvyablochko,https://t.me/kievvyablochko
Mezha.Media,https://uk.tgstat.com/channel/@mezhamedia,https://t.me/mezhamedia
Bite the Byte,https://uk.tgstat.com/channel/@bitethebyte,https://t.me/bitethebyte
iPeople‚Ñ¢ –û–ü–¢,https://uk.tgstat.com/channel/@iPeople_UA,https://t.me/iPeople_UA
–ó–∞—Å—Ç–∞–≤–∞.NET,https://uk.tgstat.com/channel/@zastavanet,https://t.me/zastavanet
Java –æ—Å–≤—ñ—Ç–∞ üë®‚Äçüíª üá∫üá¶ | CURSOR.EDUCATION,https://uk.tgstat.com/channel/@junior_java,https://t.me/junior_java
SEO.Tech,https://uk.tgstat.com/channel/@seo_tech,https://t.me/seo_tech
–ë–ï–°–¢-–õ–Ü–ù–ö - –í–∞—à —ñ–Ω—Ç–µ—Ä–Ω–µ—Ç –ø—Ä–æ–≤–∞–π–¥–µ—Ä,https://uk.tgstat.com/channel/@bestlinkllcchannel,https://t.me/bestlinkllcchannel
APOLLO,https://uk.tgstat.com/channel/@apollo_events,https://t.me/apollo_events
Technical Writing 101 üá∫üá¶,https://uk.tgstat.com/channel/@technical_writing,https://t.me/technical_writing
Tech Lead ‚Äì –Ω–∞–≤—É–∫–∞ —ñ —Ç—ç—Ö–Ω–∞–ª–æ–≥—ñ—ñ,https://uk.tgstat.com/channel/@techleadby,https://t.me/techleadby
AI Hub,https://uk.tgstat.com/channel/@aihubua,https://t.me/aihubua
LIGA.Tech,https://uk.tgstat.com/channel/@ligatech,https://t.me/ligatech
–°—Ç–∏–ª–µ—Ç ‚úô,https://uk.tgstat.com/channel/@Stilett_ua,https://t.me/Stilett_ua
ICOOLA.UA,https://uk.tgstat.com/channel/@icoola_ukraine,https://t.me/icoola_ukraine
–Ü–Ω—Ç–µ—Ä–Ω–µ—Ç –ø—Ä–æ–≤–∞–π–¥–µ—Ä M-Net,https://uk.tgstat.com/channel/@MNetInternetProvider,https://t.me/MNetInternetProvider
–ê–°–¢–†–ê - —ñ–Ω—Ñ–æ—Ä–º–µ—Ä,https://uk.tgstat.com/channel/@astraisp,https://t.me/astraisp
NV Tech,https://uk.tgstat.com/channel/@nv_tech,https://t.me/nv_tech
IT –Ω–æ–≤–∏–Ω–∏ –∑ —É—Å—å–æ–≥–æ —Å–≤—ñ—Ç—É,https://uk.tgstat.com/channel/@it_new_world,https://t.me/it_new_world
UAPROTECH üá∫üá¶,https://uk.tgstat.com/channel/@uaprotech,https://t.me/uaprotech
Triolan_Vyn–æhradarskyi,https://uk.tgstat.com/channel/@Triolan_Vinogradar,https://t.me/Triolan_Vinogradar
–í–∏–¥–µ–æ–∫–∞—Ä—Ç—ã 097-40-40-40-9,https://uk.tgstat.com/channel/@malina_red_video,https://t.me/malina_red_video
IT_VN,https://uk.tgstat.com/channel/@IT_VN,https://t.me/IT_VN
IT WAR UA _official,https://uk.tgstat.com/channel/@itwaruao,https://t.me/itwaruao
üá∫üá¶ Math.random(): javascript community,https://uk.tgstat.com/channel/@mathrandomcommunity,https://t.me/mathrandomcommunity
Triolan_HTZ,https://uk.tgstat.com/channel/@Triolan_HTZ,https://t.me/Triolan_HTZ
Triolan_Star,https://uk.tgstat.com/channel/@Triolan_Star,https://t.me/Triolan_Star
–ö—ñ–±–µ—Ä–Ω–µ—Ç–∏–∫–∏,https://uk.tgstat.com/channel/@Kibernetiki_Ukraine,https://t.me/Kibernetiki_Ukraine
IIT NUNG,https://uk.tgstat.com/channel/@iitnung,https://t.me/iitnung
–¢—Ä—ñ–æ–ª–∞–Ω –•–æ–ª–æ–¥–Ω–æ–≥—ñ—Ä—Å—å–∫–∏–π,https://uk.tgstat.com/channel/@triolan_holodnogorskij,https://t.me/triolan_holodnogorskij
üá∫üá¶ Go –Ω–∞ –¥–≤–æ–∏—Ö,https://uk.tgstat.com/channel/@golang_for_two,https://t.me/golang_for_two
Elmir.UA,https://uk.tgstat.com/channel/@Elmir_UA_official,https://t.me/Elmir_UA_official
100RE,https://uk.tgstat.com/channel/@GrayVogue,https://t.me/GrayVogue
GSMinfo,https://uk.tgstat.com/channel/@gsminfoUA,https://t.me/gsminfoUA
AI AGREGATOR,https://uk.tgstat.com/channel/@aiagregator,https://t.me/aiagregator
–ö–æ–º–ø–∞–Ω—ñ—è VIATEC,https://uk.tgstat.com/channel/@uaviatec,https://t.me/uaviatec
Sales Talk,https://uk.tgstat.com/channel/@sales_talk,https://t.me/sales_talk
Lampa,https://uk.tgstat.com/channel/@kpi_lampa,https://t.me/kpi_lampa
Ukraine IT Mania üá∫üá¶,https://uk.tgstat.com/channel/@ukraine_it_mania,https://t.me/ukraine_it_mania
"–¢–µ—Ö–Ω–æ–ª–æ–≥—ñ—ó, —è–∫—ñ –∑–º—ñ–Ω—è—Ç—å —Å–≤—ñ—Ç",https://uk.tgstat.com/channel/@teh_ua,https://t.me/teh_ua
devdigest // azure,https://uk.tgstat.com/channel/@azure_digest,https://t.me/azure_digest
–û—Å–≤—ñ—Ç–Ω—ñ –ø—Ä–∞–∫—Ç–∏–∫–∏ –≤—ñ–¥ –Ü–¢: –Ω–∞–≤—á–∞–π —Å–º—ñ–ª–∏–≤–æ,https://uk.tgstat.com/channel/@navchai_smilyvo,https://t.me/navchai_smilyvo
"Triolan, –ü–∞–≤–ª–æ–≤–æ –ü–æ–ª–µ, –¶–µ–Ω—Ç—Ä, –°–æ—Ä—Ç–∏—Ä–æ–≤–∫–∞, –®–∞—Ç–∏–ª–æ–≤–∫–∞, –°–æ—Å–Ω–æ–≤–∞—è –ì–æ—Ä–∫–∞",https://uk.tgstat.com/channel/@triolanpavlopolski,https://t.me/triolanpavlopolski
IT News UA,https://uk.tgstat.com/channel/@kharkivitcluster,https://t.me/kharkivitcluster
"–ê–π—Ç—ñ—à–Ω–∏–∫ | IT, Digital",https://uk.tgstat.com/channel/SggEOALMla83NTc6,https://t.me/joinchat/SggEOALMla83NTc6
Product Market Fat,https://uk.tgstat.com/channel/@wtf_is_pmf,https://t.me/wtf_is_pmf
GitHub Repositories,https://uk.tgstat.com/channel/twn_xwAcRx8xNjQ6,https://t.me/joinchat/twn_xwAcRx8xNjQ6
Pingvin Pro,https://uk.tgstat.com/channel/@pingvinpro,https://t.me/pingvinpro
artur_boyko_ihelpphone,https://uk.tgstat.com/channel/@Artur0028,https://t.me/Artur0028
Powercode Academy,https://uk.tgstat.com/channel/@powercodeconference,https://t.me/powercodeconference
–ï–∫–æ–≥—Ä–∞–º–µ—Ä,https://uk.tgstat.com/channel/U7kfyihWmhQdlMhI,https://t.me/joinchat/U7kfyihWmhQdlMhI
–ü–æ–∏–Ω—Ç –∏–Ω—Ç–µ—Ä–Ω–µ—Ç,https://uk.tgstat.com/channel/@point_brd,https://t.me/point_brd
Oper-GSM.Kharkiv,https://uk.tgstat.com/channel/@opergsm,https://t.me/opergsm
Google Developer Student Club KPI,https://uk.tgstat.com/channel/@dsc_kpi,https://t.me/dsc_kpi
KubiK Sales,https://uk.tgstat.com/channel/@kubik_sales,https://t.me/kubik_sales
–¢–û–ô–í–û | –ë–ª–æ–∫—á–µ–π–Ω,https://uk.tgstat.com/channel/@toiVo_blockchain,https://t.me/toiVo_blockchain
UA Product Managers Research,https://uk.tgstat.com/channel/@uapdm,https://t.me/uapdm
INNOVATOR,https://uk.tgstat.com/channel/@innovator_ua,https://t.me/innovator_ua
Soundmag.ua - –º–µ—Ä–µ–∂–∞ —Å–∞–ª–æ–Ω—ñ–≤ –ø–µ—Ä—Å–æ–Ω–∞–ª—å–Ω–æ–≥–æ –∞—É–¥—ñ–æ,https://uk.tgstat.com/channel/@soundmag_ua,https://t.me/soundmag_ua
–ù–µ–π—Ä–æ–ë–∞–Ω–∫ üìü,https://uk.tgstat.com/channel/YDiwvVGYD6M1NzYy,https://t.me/joinchat/YDiwvVGYD6M1NzYy
bool.dev,https://uk.tgstat.com/channel/@booldev,https://t.me/booldev
–¢+ Market,https://uk.tgstat.com/channel/U23KaaeLeWx5akd1,https://t.me/joinchat/U23KaaeLeWx5akd1
Zakupki.Prom,https://uk.tgstat.com/channel/@zakupki_prom_ua,https://t.me/zakupki_prom_ua
GECID.com,https://uk.tgstat.com/channel/@gecidcom,https://t.me/gecidcom
Triolan-–ò–Ω–¥—É—Å—Ç—Ä–∏–∞–ª—å–Ω—ã–π,https://uk.tgstat.com/channel/@TriolanDnepr,https://t.me/TriolanDnepr
Infopulse Education,https://uk.tgstat.com/channel/@Infopulse_Education,https://t.me/Infopulse_Education
dou_vinnytsia,https://uk.tgstat.com/channel/@dou_vinnytsia,https://t.me/dou_vinnytsia
"TC-Monkeyüá∫üá¶ | –¢–µ—Ö–Ω–æ–ª–æ–≥—ñ—ó, –ù–æ–≤–∏–Ω–∏",https://uk.tgstat.com/channel/@monkeytechblog,https://t.me/monkeytechblog
SmartShop.KR.ua,https://uk.tgstat.com/channel/@smartshopkrua,https://t.me/smartshopkrua
Chat GPT üá∫üá¶ INFO,https://uk.tgstat.com/channel/LIW-p7dawWNkMDYy,https://t.me/joinchat/LIW-p7dawWNkMDYy
–®–∫–æ–ª–∞ –ø—Ä–æ–≥—Ä–∞–º—É–≤–∞–Ω–Ω—è –®++,https://uk.tgstat.com/channel/@shppkr,https://t.me/shppkr
ISP Skyline Kharkov,https://uk.tgstat.com/channel/@skyline_kharkov,https://t.me/skyline_kharkov
SoftServe IT Tools,https://uk.tgstat.com/channel/@it_tools_softserve,https://t.me/it_tools_softserve
Ô£ø –î–Ü–®–û–í–ö–ê Ô£ø –ê–π—Ñ–æ–Ω–∏ –∑ –Ñ–≤—Ä–æ–ø–∏/–°–®–ê,https://uk.tgstat.com/channel/@dishovka_store,https://t.me/dishovka_store
Iptv –ø–ª–µ–π–ª–∏—Å—Ç—ã —É–∫—Ä–∞–∏–Ω–∞,https://uk.tgstat.com/channel/@Zabadaii1,https://t.me/Zabadaii1
–ö—ñ—Ç –Ω–∞ –¥—Ä–æ—Ç—ñ,https://uk.tgstat.com/channel/@kitnadroti,https://t.me/kitnadroti
TBM,https://uk.tgstat.com/channel/@tbm_announcements,https://t.me/tbm_announcements
"–ö–í–ê–î–†–ê–¢ ‚îÇ –ü—Ä–æ —Ç–µ—Ö–Ω–æ–ª–æ–≥—ñ—ó, –Ü–¢ —Ç–∞ –º–µ–¥—ñ–∞ –≤ –£–∫—Ä–∞—ó–Ω—ñ",https://uk.tgstat.com/channel/@DigiSquare,https://t.me/DigiSquare
LAMPOVE ITüá∫üá¶ - CHANNEL,https://uk.tgstat.com/channel/@lampovoeit,https://t.me/lampovoeit
TechNudes - –Ω–æ–≤–∏–Ω–∏ —Ç–µ—Ö–Ω–æ–ª–æ–≥—ñ–π —Ç–∞ –Ü–¢,https://uk.tgstat.com/channel/@TechNudes,https://t.me/TechNudes
Agile Space üíôüíõ,https://uk.tgstat.com/channel/@agile_space,https://t.me/agile_space
–Ü–≥—Ä–æ–≤—ñ –¥–µ–≤–∞–π—Å–∏,https://uk.tgstat.com/channel/@maxshelest,https://t.me/maxshelest
Hlib digest: üçâ,https://uk.tgstat.com/channel/@hlibdigest,https://t.me/hlibdigest
Triolan –ù–µ–º–∏—à–ª—è–Ω—Å—å–∫–∏–π,https://uk.tgstat.com/channel/@TriolanNemyshlyansk,https://t.me/TriolanNemyshlyansk
–¢–µ—Ö–Ω–æ–ù–æ–≤–∏–Ω–∏ UA,https://uk.tgstat.com/channel/@technonewsua,https://t.me/technonewsua
newton_dn,https://uk.tgstat.com/channel/@newton_dn,https://t.me/newton_dn
MOBIREM Kiev,https://uk.tgstat.com/channel/@Kiev_MOBIREM,https://t.me/Kiev_MOBIREM
–ó–∞–ø–∏—Ç–∞–π —É TechMission!,https://uk.tgstat.com/channel/@ask_techmission,https://t.me/ask_techmission
–ú–µ—Ä–µ–∂–∞ UTELS,https://uk.tgstat.com/channel/@utels,https://t.me/utels
–ö–æ–º–ø–∞–Ω—ñ—è starlink ¬´—Ç–≤—ñ–π —ñ–Ω—Ç–µ—Ä–Ω–µ—Ç24/7¬ª–ö–∏—ó–≤,https://uk.tgstat.com/channel/@starlinkkiev,https://t.me/starlinkkiev
IT Cluster Transcarpathia,https://uk.tgstat.com/channel/@itclustertranscarpathia,https://t.me/itclustertranscarpathia
Triolan –†–æ–≥–∞–Ω—å-–ß—É–≥—É—ó–≤,https://uk.tgstat.com/channel/@triolan_manager,https://t.me/triolan_manager
–ú–∏–Ω—Ü–∏—Ñ—Ä—ã –•–µ—Ä—Å–æ–Ω—Å–∫–æ–π –æ–±–ª–∞—Å—Ç–∏,https://uk.tgstat.com/channel/@Digital_ks,https://t.me/Digital_ks
üçè-store,https://uk.tgstat.com/channel/@yablokostore2,https://t.me/yablokostore2
üá∫üá¶JStify Communityüá∫üá¶,https://uk.tgstat.com/channel/@JStify_Community,https://t.me/JStify_Community
BW Swift,https://uk.tgstat.com/channel/@bwswift,https://t.me/bwswift
devdigest // data science,https://uk.tgstat.com/channel/@d_science,https://t.me/d_science
–Ü–Ω—Ç–µ—Ä–Ω–µ—Ç-–ø—Ä–æ–≤–∞–π–¥–µ—Ä ISTEC systemsüá∫üá¶,https://uk.tgstat.com/channel/@Istec_Ukraine,https://t.me/Istec_Ukraine
ISP OnLine,https://uk.tgstat.com/channel/@isp_online,https://t.me/isp_online
"–ê–ª–ª–æ, —Ü–µ HOSTiQ?",https://uk.tgstat.com/channel/@hostiq,https://t.me/hostiq
CenterSt0re,https://uk.tgstat.com/channel/@CenterSt0re,https://t.me/CenterSt0re
–ò–Ω—Ç–µ—Ä–Ω–µ—Ç –û–ø–µ—Ä–∞—Ç–æ—Ä OnLine,https://uk.tgstat.com/channel/@OnLineDonetsk,https://t.me/OnLineDonetsk
Evo Dev Club,https://uk.tgstat.com/channel/@evodevclub,https://t.me/evodevclub
–î–ù–ï–í–ù–ò–ö –§–†–ò–õ–ê–ù–°–ï–†–ê,https://uk.tgstat.com/channel/@dnevnik_freelancera,https://t.me/dnevnik_freelancera
WWCode Kyiv Opportunities,https://uk.tgstat.com/channel/@wwcodekyivopportunities,https://t.me/wwcodekyivopportunities
SmartUser | –¢–µ—Ö–Ω–æ–ª–æ–≥—ñ—ó,https://uk.tgstat.com/channel/@smartuseronline,https://t.me/smartuseronline
LECTRUM,https://uk.tgstat.com/channel/@lectrum,https://t.me/lectrum
PixelUA,https://uk.tgstat.com/channel/@usasaleua,https://t.me/usasaleua
ITEdu channel,https://uk.tgstat.com/channel/@IT_Educ,https://t.me/IT_Educ
SMARTCOM,https://uk.tgstat.com/channel/@smartcom_net,https://t.me/smartcom_net
SalesDrive.ua - CRM –¥–ª—è —ñ–Ω—Ç–µ—Ä–Ω–µ—Ç-–º–∞–≥–∞–∑–∏–Ω—ñ–≤,https://uk.tgstat.com/channel/@SalesDriveUkraine,https://t.me/SalesDriveUkraine
ApiX-Drive |–Ω–æ–≤–∏–Ω–∏ —Å–µ—Ä–≤—ñ—Å—É|,https://uk.tgstat.com/channel/@apix_drive,https://t.me/apix_drive
–ú–ñ,https://uk.tgstat.com/channel/@lifemt,https://t.me/lifemt
Dolboeb-driven Development,https://uk.tgstat.com/channel/@dddevelopment,https://t.me/dddevelopment
–í—ñ–Ω–µ—Ä –¢–µ–ª–µ–∫–æ–º,https://uk.tgstat.com/channel/@vinertelecom,https://t.me/vinertelecom
–ü–ê–í–ï–†–ë–ê–ù–ö–ò | Powerbank | –ü–û–í–ï–†–ë–ê–ù–ö–ò,https://uk.tgstat.com/channel/@powerbankiua,https://t.me/powerbankiua
"worKINGdrops.com - —Å—Å—ã–ª–∫–∏, –∫–æ—Ç–æ—Ä—ã–µ —Ä–∞–±–æ—Ç–∞—é—Ç",https://uk.tgstat.com/channel/@worKINGdrops,https://t.me/worKINGdrops
BEON,https://uk.tgstat.com/channel/@beon_store,https://t.me/beon_store
DC Link Group,https://uk.tgstat.com/channel/@dclink_group,https://t.me/dclink_group
Meta —Å–∫–∞—Ä–±üá∫üá¶,https://uk.tgstat.com/channel/@meta_skarb,https://t.me/meta_skarb
–¢—Ä–∞—Ñ—ñ–∫ —Ç—Ä–µ–±–∞?,https://uk.tgstat.com/channel/@traffic_treba,https://t.me/traffic_treba
–®—Ç—É—á–Ω–∏–π —ñ–Ω—Ç–µ–ª–µ–∫—Ç Bing | ChatGPT,https://uk.tgstat.com/channel/@msbingai,https://t.me/msbingai
Blacksea.official,https://uk.tgstat.com/channel/@blackseaua,https://t.me/blackseaua
–•–æ—Å—Ç–∏–Ω–≥ HostPro.ua,https://uk.tgstat.com/channel/@HostProUkraine,https://t.me/HostProUkraine
HUBBER,https://uk.tgstat.com/channel/@hubberteam,https://t.me/hubberteam
–ú–æ–π –ü—Ä–æ–≤–∞–π–¥–µ—Ä,https://uk.tgstat.com/channel/@moiprovaider_ua,https://t.me/moiprovaider_ua
Ô£ø MobilePart ~ –ê–∫—Å–µ—Å—Å—É–∞—Ä—ã Apple,https://uk.tgstat.com/channel/@made_for_iPhone,https://t.me/made_for_iPhone
–ö–∏—ó–≤—Å—Ç–∞—Ä –£–∫—Ä–∞—ó–Ω–∞,https://uk.tgstat.com/channel/@Kyivstar_Ukraine,https://t.me/Kyivstar_Ukraine
targer.dev üë®‚Äçüíªüßë‚Äçüíªüë©üèº‚Äçüíª,https://uk.tgstat.com/channel/@targer_dev,https://t.me/targer_dev
Belnet,https://uk.tgstat.com/channel/@belnet_net,https://t.me/belnet_net
Military 360,https://uk.tgstat.com/channel/@military_360,https://t.me/military_360
AppExpertParts,https://uk.tgstat.com/channel/8ymx4Lf-saI4OTIy,https://t.me/joinchat/8ymx4Lf-saI4OTIy
PRO –±–µ–∑–ø–µ–∫—É –±–µ–∑ –∫—Ä–∞–≤–∞—Ç–æ–∫,https://uk.tgstat.com/channel/@piplua,https://t.me/piplua
MidJourneyAI,https://uk.tgstat.com/channel/@midjourneynow,https://t.me/midjourneynow
HYS Events,https://uk.tgstat.com/channel/@hys_events,https://t.me/hys_events
Pro–ì–∞–¥–∂–µ—Ç UA,https://uk.tgstat.com/channel/@ProGadgetUA,https://t.me/ProGadgetUA
COLLIDER,https://uk.tgstat.com/channel/@collider_kyiv,https://t.me/collider_kyiv
Security Digest UA,https://uk.tgstat.com/channel/@secdigestua,https://t.me/secdigestua
portativ.ua,https://uk.tgstat.com/channel/@portativ_ua,https://t.me/portativ_ua
RITE [ –ü–†–û–ì–†–ê–ú–£–í–ê–ù–ù–Ø ],https://uk.tgstat.com/channel/@rite_it,https://t.me/rite_it
–î–æ—Å–ª—ñ–¥–Ω–∏–∫–∏ –Ω–µ–π—Ä–æ–º–µ—Ä–µ–∂ - AI CLUB üá∫üá¶,https://uk.tgstat.com/channel/@aiclubua,https://t.me/aiclubua
VSEMSMART - –ø—Ä–∏–∫–æ—Å–Ω–∏—Å—å –∫ —Ç–µ—Ö–Ω–æ–ª–æ–≥–∏—è–º!,https://uk.tgstat.com/channel/@vsemsmart,https://t.me/vsemsmart
[–Ω–µ]–ø—Ä–∞–≤–∏–ª—å–Ω–∏–π DevOps,https://uk.tgstat.com/channel/@deadopsclub,https://t.me/deadopsclub
–ö–æ–º–ø–ª–µ–∫—Ç—É—é—â–∏–µ –∏–∑ –°–®–ê (newegg/amazon/ebay) UA,https://uk.tgstat.com/channel/@electrodnepr,https://t.me/electrodnepr
Ruby üá∫üá¶,https://uk.tgstat.com/channel/@ruby4you,https://t.me/ruby4you
Popelnya.NET,https://uk.tgstat.com/channel/@popelnyanet,https://t.me/popelnyanet
Tesla –∏ –¥–æ—Ä–æ–≥–∞ –≤ –±—É–¥—É—â–µ–µ,https://uk.tgstat.com/channel/@TeslasFuture,https://t.me/TeslasFuture
iPhone_Dnepr.Ua,https://uk.tgstat.com/channel/@iPhone_Dnepr,https://t.me/iPhone_Dnepr
–ö–∞—Ä—Ç–æ—Ñ–∞–Ω—á–∏–∫,https://uk.tgstat.com/channel/@kartofanchyk,https://t.me/kartofanchyk
Usatech üá∫üá¶ üá∫üá∏,https://uk.tgstat.com/channel/@usatech,https://t.me/usatech
GSM-Forsage - –∑–∞–ø—á–∞—Å—Ç–∏–Ω–∏ —Ç–∞ –æ–±–ª–∞–¥–Ω–∞–Ω–Ω—è –¥–ª—è —Ä–µ–º–æ–Ω—Ç—É –º–æ–±—ñ–ª—å–Ω–∏—Ö –≥–∞–¥–∂–µ—Ç—ñ–≤,https://uk.tgstat.com/channel/Uz0E3U6CZGFbmpth,https://t.me/joinchat/Uz0E3U6CZGFbmpth
"–¢–µ—Ö–Ω–æ–ª–æ–≥—ñ—ó/–Ω–æ–≤–∏–Ω–∏/""–£–∫—Ä–∞—ó–Ω–∞""üëç",https://uk.tgstat.com/channel/@texn0new,https://t.me/texn0new
–ö–ª—è—Ç—ñ —Ç–µ—Ö–Ω–æ–ª–æ–≥—ñ—ó,https://uk.tgstat.com/channel/@kliatitechno,https://t.me/kliatitechno
IT ‚Äì —Ö—Ä–∏—Å—Ç–∏—è–Ω–∏–Ω,https://uk.tgstat.com/channel/@it_christian,https://t.me/it_christian
Total Commander - Freemen,https://uk.tgstat.com/channel/@tc_freemen,https://t.me/tc_freemen
NEMIcom chanel,https://uk.tgstat.com/channel/@NEMIcom,https://t.me/NEMIcom
Trenddrop,https://uk.tgstat.com/channel/@trend_drop_opt,https://t.me/trend_drop_opt
Touch,https://uk.tgstat.com/channel/@touchcomua,https://t.me/touchcomua
üçéApple Storeüçè,https://uk.tgstat.com/channel/@applestore_now,https://t.me/applestore_now
IT STEP ACADEMY,https://uk.tgstat.com/channel/@itstepacademyzp,https://t.me/itstepacademyzp
DC Link: –ú–µ—Ä–µ–∂–µ–≤–µ –æ–±–ª–∞–¥–Ω–∞–Ω–Ω—è —ñ —Å–∏—Å—Ç–µ–º–∏ –±–µ–∑–ø–µ–∫–∏,https://uk.tgstat.com/channel/@dclink_networks,https://t.me/dclink_networks
fomin,https://uk.tgstat.com/channel/@boringfrontend,https://t.me/boringfrontend
IT –ü—Ä–æ—Å—Ç–∏–º–∏ —Å–ª–æ–≤–∞–º–∏,https://uk.tgstat.com/channel/FwuonckcLPFhODRi,https://t.me/joinchat/FwuonckcLPFhODRi
SilverRain,https://uk.tgstat.com/channel/@Master_SilverRain,https://t.me/Master_SilverRain
ITC.ua ‚Äì –≤—Å—ñ —Ç–µ–∫—Å—Ç–∏ –≤–∏–¥–∞–Ω–Ω—è,https://uk.tgstat.com/channel/@itcuarss,https://t.me/itcuarss
CXDojo,https://uk.tgstat.com/channel/@cxdojo,https://t.me/cxdojo
NEWS ‚Äì Kyiv Legal Hackers,https://uk.tgstat.com/channel/@klhofficial,https://t.me/klhofficial
UiPservice,https://uk.tgstat.com/channel/@uipservice,https://t.me/uipservice
Triolan_Lukianivskyi,https://uk.tgstat.com/channel/@lukianovskyi_triolan,https://t.me/lukianovskyi_triolan
LogicPower | –£ —Å–≤—ñ—Ç—ñ —Ç–µ—Ö–Ω–æ–ª–æ–≥—ñ–π,https://uk.tgstat.com/channel/@LogicPowerBlog,https://t.me/LogicPowerBlog
–î–µ—à–µ–≤—ñ —Ç–æ–≤–∞—Ä–∏,https://uk.tgstat.com/channel/@besplatnouk,https://t.me/besplatnouk
–Ü–Ω—Ç–µ–ª–µ–∫—Ç—É–∞–ª—å–Ω–∏–π —Å–µ—Ä–≤—ñ—Å,https://uk.tgstat.com/channel/@intelserv,https://t.me/intelserv
"–¢–µ—Å—Ç–∏—Ä–æ–≤—â–∏–∫ (QA), –ö–∏–µ–≤ - –≤–∞–∫–∞–Ω—Å–∏–∏, —É–¥–∞–ª–µ–Ω–∫–∞ –∏ –ø–æ–¥—Ä–∞–±–æ—Ç–∫–∞",https://uk.tgstat.com/channel/AAAAAE5g1xq-Nq7FQC93fA,https://t.me/joinchat/AAAAAE5g1xq-Nq7FQC93fA
Developer Student Club NAU,https://uk.tgstat.com/channel/@dsc_nau,https://t.me/dsc_nau
–®–∫–æ–ª–∞ –∫–æ–Ω—Å—É–ª—å—Ç–∞–Ω—Ç—ñ–≤ ROZETKAüë®‚Äçüíª,https://uk.tgstat.com/channel/@RoZetkaStudy,https://t.me/RoZetkaStudy
BLC Internet,https://uk.tgstat.com/channel/@blcinet,https://t.me/blcinet
–ö–æ–Ω—Å—Ç—Ä—É–∫—Ç–æ—Ä—Å–∫–æ–µ –ë—é—Ä–æ,https://uk.tgstat.com/channel/@kpikb,https://t.me/kpikb
–ú–æ–±—ñPhone,https://uk.tgstat.com/channel/@mobi_phone_ua,https://t.me/mobi_phone_ua
Expented,https://uk.tgstat.com/channel/@expentedsoft,https://t.me/expentedsoft
–ú–æ–±–∏–ª—å–Ω—ã–µ —Ç–µ–ª–µ—Ñ–æ–Ω—ã,https://uk.tgstat.com/channel/@eibdekh,https://t.me/eibdekh
Trellix Community,https://uk.tgstat.com/channel/@trellix_community,https://t.me/trellix_community
"–í–ª–∞–¥ –°—Ç–∏—Ä–∞–Ω | –•–∞–∫–µ—Ä, —â–æ –±—ñ–∂–∏—Ç—å | –ö—ñ–±–µ—Ä–±–µ–∑–ø–µ–∫–∞, –ø—Ä–∏–≤–∞—Ç–Ω—ñ—Å—Ç—å, –±—ñ–≥, –º–µ–¥–∏—Ç–∞—Ü—ñ—è",https://uk.tgstat.com/channel/@arunningh4x0r,https://t.me/arunningh4x0r
Malware Analysis üá∫üá¶,https://uk.tgstat.com/channel/@malwareanalysisinua,https://t.me/malwareanalysisinua
Retail Study GROUP üöÄ,https://uk.tgstat.com/channel/k6AcpyXNOg5iNTUy,https://t.me/joinchat/k6AcpyXNOg5iNTUy
MTA.UA,https://uk.tgstat.com/channel/@mta_ua,https://t.me/mta_ua
Dev // Ops,https://uk.tgstat.com/channel/@devops_zone3000,https://t.me/devops_zone3000
Artmobile - –∫–æ–º–ø–ª–µ–∫—Ç—É—é—á—ñ –¥–ª—è —Ä–µ–º–æ–Ω—Ç—É –≥–∞–¥–∂–µ—Ç—ñ–≤,https://uk.tgstat.com/channel/@Artmobile_ua,https://t.me/Artmobile_ua
–®–æ—Å—å –ø—Ä–æ –∞–π—Ç—ñ—à–∫—É,https://uk.tgstat.com/channel/@frontender_clj,https://t.me/frontender_clj
üåçDiSaVi Line,https://uk.tgstat.com/channel/@disaviline,https://t.me/disaviline
devdigest // ua,https://uk.tgstat.com/channel/@devdigest_ua,https://t.me/devdigest_ua
Music Hall ‚Ä¢ –®–µ–¥–µ–≤—Ä–∏ Hi-Fi —Ç–∞ High-End —Ç–µ—Ö–Ω—ñ–∫–∏,https://uk.tgstat.com/channel/@musichallhifi,https://t.me/musichallhifi
App Store - Free Store,https://uk.tgstat.com/channel/@shara_soft,https://t.me/shara_soft
crm_i_um,https://uk.tgstat.com/channel/@crm_i_um,https://t.me/crm_i_um
local.com.ua,https://uk.tgstat.com/channel/@localcomua,https://t.me/localcomua
VPN –≤—ñ–¥ –£–∫—Ä–∞—ó–Ω—Ü—ñ–≤,https://uk.tgstat.com/channel/@karasiq_vpn,https://t.me/karasiq_vpn
üá∫üá¶ Python Programming –°hallenges,https://uk.tgstat.com/channel/@python_programming_challenges,https://t.me/python_programming_challenges
–£–∫—Ä–ú–µ—Ç–ú–∞—à,https://uk.tgstat.com/channel/@mashbud,https://t.me/mashbud
–¢–µ—Ö–Ω–æ –°—ñ–∫,https://uk.tgstat.com/channel/@technojuices,https://t.me/technojuices
RivneS - RivneSurfaces,https://uk.tgstat.com/channel/@rivnes,https://t.me/rivnes
–¢–µ—Ö–Ω—ñ—á–Ω–∏–π —Ñ–∞–∫—É–ª—å—Ç–µ—Ç | –ù–µ–π—Ä–æ–º–µ—Ä–µ–∂—ñ,https://uk.tgstat.com/channel/@techukr,https://t.me/techukr
Devs World,https://uk.tgstat.com/channel/@devs_world,https://t.me/devs_world
interVision,https://uk.tgstat.com/channel/@intervision,https://t.me/intervision
–ë—ñ—Å–µ—Ä–Ω—ñ —Å–∫–∞—Ä–±–∏‚ú®,https://uk.tgstat.com/channel/@biser_264,https://t.me/biser_264
–£–ö–û–° –æ—Ñ—ñ—Ü—ñ–π–Ω–∏–π –∫–∞–Ω–∞–ª,https://uk.tgstat.com/channel/@ukos_online,https://t.me/ukos_online
SUPERUSER HELP,https://uk.tgstat.com/channel/@superuser048,https://t.me/superuser048
ANTENITI,https://uk.tgstat.com/channel/@anteniti,https://t.me/anteniti
InwebPress | WordPress üá∫üá¶,https://uk.tgstat.com/channel/@inwebpress,https://t.me/inwebpress
–î–æ–Ω –ê–ø–µ–∫—Å - –ò–Ω—Ç–µ—Ä–Ω–µ—Ç –ø—Ä–æ–≤–∞–π–¥–µ—Ä,https://uk.tgstat.com/channel/@don_apex_dn,https://t.me/don_apex_dn
¬´–ö–æ–º–ø'—é—Ç–µ—Ä–Ω–∏–π –û–≥–ª—è–¥¬ª,https://uk.tgstat.com/channel/@ko_ua,https://t.me/ko_ua
devdigest // mobile,https://uk.tgstat.com/channel/@xamarin_digest,https://t.me/xamarin_digest
Noosphere,https://uk.tgstat.com/channel/@noospherecommunity,https://t.me/noospherecommunity
–æ–Ω–∏–ª—å–µ–∫—Å–µ,https://uk.tgstat.com/channel/@eblochel,https://t.me/eblochel
China Gadgets,https://uk.tgstat.com/channel/@chinagadgetscomua,https://t.me/chinagadgetscomua
O F F p o l i c e,https://uk.tgstat.com/channel/@OFFpoliceChannel,https://t.me/OFFpoliceChannel
UA DevOps,https://uk.tgstat.com/channel/@devops4ua,https://t.me/devops4ua
LogicPower‚ö°Ô∏è,https://uk.tgstat.com/channel/@logicpower_official,https://t.me/logicpower_official
Pinta IT üç∫,https://uk.tgstat.com/channel/@webpinta,https://t.me/webpinta
News ITself,https://uk.tgstat.com/channel/@newsitself,https://t.me/newsitself
AI Refraction,https://uk.tgstat.com/channel/@airefraction,https://t.me/airefraction
–¢–≤—ñ–π —Å—Ç–∞—Ä—Ç –≤ IT,https://uk.tgstat.com/channel/@tviystartvit,https://t.me/tviystartvit
–Ø–±–ª—É–∫–æ,https://uk.tgstat.com/channel/@appleflow,https://t.me/appleflow
"Sundries - –Ω–æ–≤–∏–Ω–∏, —Ç–µ—Ö–Ω–æ–ª–æ–≥—ñ—ó, —Å—É—Å–ø—ñ–ª—å—Å—Ç–≤–æ",https://uk.tgstat.com/channel/@sundriesUA,https://t.me/sundriesUA
MUK Group Channel,https://uk.tgstat.com/channel/@MUKGroup,https://t.me/MUKGroup
THE AI - –®—Ç—É—á–Ω–∏–π —ñ–Ω—Ç–µ–ª–µ–∫—Ç üá∫üá¶,https://uk.tgstat.com/channel/@AIappsUA,https://t.me/AIappsUA
–¢EXHO NEWS | –¢–µ—Ö–Ω–æ –Ω–æ–≤–æ—Å—Ç–∏,https://uk.tgstat.com/channel/@tech_news_ua,https://t.me/tech_news_ua
Dream Machines Ukraine üíª,https://uk.tgstat.com/channel/@DMUkraine,https://t.me/DMUkraine
–ú—É–ª—å—á–∏—Ç–∞—á: –¢–µ—Ö–Ω–æ–ª–æ–≥—ñ—ó / –ì–∞–¥–∂–µ—Ç–∏,https://uk.tgstat.com/channel/@mulchitach,https://t.me/mulchitach
–î–∂–∏–Ñ—Å –Ü—Å –ù–æ—Ç –î—ñ–¥ —ñ–Ω KYIV,https://uk.tgstat.com/channel/@punkjs,https://t.me/punkjs
It's not personal - it's strictly business,https://uk.tgstat.com/channel/@not_personal_strictly_business,https://t.me/not_personal_strictly_business
Zimbra chanel,https://uk.tgstat.com/channel/@zimbra_ru_ua,https://t.me/zimbra_ru_ua
–ö—ñ–±–µ—Ä–±–µ–∑–ø–µ—á–Ω–∏–π –õ–∏—Å ü¶ä,https://uk.tgstat.com/channel/l7nhE9U3oMVjYjQy,https://t.me/joinchat/l7nhE9U3oMVjYjQy
–ö—Ä—É—Ç–∏–π –ö–∞–Ω–∞–ª Kpyto,https://uk.tgstat.com/channel/@ikpyto,https://t.me/ikpyto
luckylink.kiev.ua,https://uk.tgstat.com/channel/@LuckyLink,https://t.me/LuckyLink
–ö–æ–º–ø–∞–Ω—ñ—è –û—Ö–æ—Ä–æ–Ω–∞ –°–µ—Ä–≤—ñ—Å,https://uk.tgstat.com/channel/@Ohorona_Service,https://t.me/Ohorona_Service
WebbyLab - –≤–∞–∫–∞–Ω—Å—ñ—ó,https://uk.tgstat.com/channel/@webbylab,https://t.me/webbylab
GigaCloud Partners,https://uk.tgstat.com/channel/@gigacloudpartners,https://t.me/gigacloudpartners
–Ü–Ω—Å–∞–π—Ç–µ—Ä (nikitatim),https://uk.tgstat.com/channel/@nikitatim_chl,https://t.me/nikitatim_chl
Open Source For Web Developers,https://uk.tgstat.com/channel/@opensourceforweb,https://t.me/opensourceforweb
GreenVision | –£ —Å–≤—ñ—Ç—ñ –≤—ñ–¥–µ–æ—Å–ø–æ—Å—Ç–µ—Ä–µ–∂–µ–Ω–Ω—è,https://uk.tgstat.com/channel/@greenvision_official,https://t.me/greenvision_official
AppleSpace Ô£ø –û–ü–¢ (Apple),https://uk.tgstat.com/channel/@applespaceopt,https://t.me/applespaceopt
üá∫üá¶ Te—Ö–Ω–æ–ª–æ–≥ üí•‚ö°Ô∏è–∫–∞–Ω–∞–ª –±—É–¥—ñ–≤–µ–ª—å–Ω–æ–≥–æ –µ–∫—Å–ø–µ—Ä—Ç–∞‚ÅâÔ∏èüá∫üá¶üá∫üá¶üá∫üá¶üèóüë∑‚Äç‚ôÇ,https://uk.tgstat.com/channel/@technolog_siltek,https://t.me/technolog_siltek
Vue Courses,https://uk.tgstat.com/channel/@vue_courses,https://t.me/vue_courses
ITitov,https://uk.tgstat.com/channel/@ITitovblog,https://t.me/ITitovblog
–ê—Ä—Ç-–ó–≤—ñ—Ç Pro,https://uk.tgstat.com/channel/@art_zvit,https://t.me/art_zvit
Start Test Copy,https://uk.tgstat.com/channel/@StartTestCopy,https://t.me/StartTestCopy
–ù–æ–≤–∏–Ω–∏ Appleüçè,https://uk.tgstat.com/channel/@applenews01,https://t.me/applenews01
Minute of life,https://uk.tgstat.com/channel/@minuteoflife,https://t.me/minuteoflife
–ü–û–®–¢–£–ß–ù–ò–ô –Ü–ù–¢–ï–õ–ï–ö–¢,https://uk.tgstat.com/channel/@pintelekt,https://t.me/pintelekt
üá∫üá¶ IT –¢–µ—Ä–º—ñ–Ω–∏ - –¢–µ—Ä–º—ñ–Ω–∞–ª–æ–¥–∂—ñ,https://uk.tgstat.com/channel/@it_terms,https://t.me/it_terms
ITOMYCH –ø—Ä–æ —Ä–æ–∑—Ä–æ–±–∫—É —ñ —Ñ—ñ–Ω—Ç–µ—Ö,https://uk.tgstat.com/channel/@itomychstudio,https://t.me/itomychstudio
Typical Frontend,https://uk.tgstat.com/channel/@typicalFrontend,https://t.me/typicalFrontend
–¢–ï–ü–õ–û-–ü–û–õ–Ü–° –õ–¢–î. –¢–µ–ø–ª–æ–æ–±–º—ñ–Ω–Ω–∏–∫–∏,https://uk.tgstat.com/channel/@teplo_polis,https://t.me/teplo_polis
–¢–µ—Ö–Ω–æ–≤–∏–Ω–∏ | –¢–µ—Ö–Ω–æ–≤–∏–Ω–∫–∏ üá∫üá¶,https://uk.tgstat.com/channel/@technews_ua,https://t.me/technews_ua
Bluetti üá∫üá¶ –ü–æ—Ä—Ç–∞—Ç–∏–≤–Ω—ñ –∑–∞—Ä—è–¥–Ω—ñ —Å—Ç–∞–Ω—Ü—ñ—ó üî•,https://uk.tgstat.com/channel/@ua_bluetti,https://t.me/ua_bluetti
Daily AI üá∫üá¶,https://uk.tgstat.com/channel/@dailyAIusage,https://t.me/dailyAIusage
5G&UA,https://uk.tgstat.com/channel/@fifthua,https://t.me/fifthua
NewTon Store,https://uk.tgstat.com/channel/@NewTonStore_ua,https://t.me/NewTonStore_ua
Flame as a Service,https://uk.tgstat.com/channel/@devops_as_is,https://t.me/devops_as_is
8 Voxel Grid,https://uk.tgstat.com/channel/@voxelgrid,https://t.me/voxelgrid
mi News Xiaomi,https://uk.tgstat.com/channel/@mi_news_xiaomi,https://t.me/mi_news_xiaomi
–ú–∞—Å—Ç–µ—Ä—Å–∫–∞—è –±–µ–∑—É–º–Ω–æ–≥–æ —Ç–æ–∫–∞—Ä—è,https://uk.tgstat.com/channel/@masterskaya_tokarya,https://t.me/masterskaya_tokarya
HTTP Response 418 #–£–∫—Ä–¢“ë,https://uk.tgstat.com/channel/@response418,https://t.me/response418
MacPaw Tech Talks,https://uk.tgstat.com/channel/@mtechtalks,https://t.me/mtechtalks
ITMindset,https://uk.tgstat.com/channel/@itmindset,https://t.me/itmindset
TechTricksGuideüá∫üá¶,https://uk.tgstat.com/channel/@guaide,https://t.me/guaide
–í–µ–ª–∏–∫–∏–π –ü–µ—Ä–µ–ª–æ–º,https://uk.tgstat.com/channel/@GreatFracture,https://t.me/GreatFracture
“ê–∞–¥–∂–µ—Ç–µ–Ω–∫–æ,https://uk.tgstat.com/channel/@gadgetenko,https://t.me/gadgetenko
Techno_Vision UA,https://uk.tgstat.com/channel/@Techno_Vision_UA,https://t.me/Techno_Vision_UA
FilmoScope Lab News,https://uk.tgstat.com/channel/@fslabnews,https://t.me/fslabnews
ASAP Developer,https://uk.tgstat.com/channel/@asapdeveloper,https://t.me/asapdeveloper
web mess,https://uk.tgstat.com/channel/@webmess,https://t.me/webmess
TRUE TECH UA,https://uk.tgstat.com/channel/@truetechua,https://t.me/truetechua
–ê–Ω–¥—Ä–æ—ó–¥ | Android üì±,https://uk.tgstat.com/channel/@love_windows_and_android,https://t.me/love_windows_and_android
"USEDNET LLC - –º–µ—Ä–µ–∂–µ–≤–µ, —Å–µ—Ä–≤–µ—Ä–Ω–µ —Ç–∞ –æ—Ñ—ñ—Å–Ω–µ –æ–±–ª–∞–¥–Ω–∞–Ω–Ω—è",https://uk.tgstat.com/channel/@usednet,https://t.me/usednet
–ò–Ω—Ç–µ—Ä–µ—Å–Ω–æ–µ –≤ IT,https://uk.tgstat.com/channel/@interestingit,https://t.me/interestingit
WEBCRAFT | –ì–æ–ª–æ–≤–Ω–∏–π –∫–∞–Ω–∞–ª,https://uk.tgstat.com/channel/@WebCraftChanel,https://t.me/WebCraftChanel
ReSpace - –°–µ—Ä–≤—ñ—Å–Ω–∏–π —Ü–µ–Ω—Ç—Ä,https://uk.tgstat.com/channel/@ReSpace,https://t.me/ReSpace
–ù–æ—Ç–∞—Ç–∫–∏ –•–µ–¥–æ—Ñ–∞ ‚öõÔ∏è,https://uk.tgstat.com/channel/@headofs_notes,https://t.me/headofs_notes
–í–µ–¥–µ–∫–æ–Ω,https://uk.tgstat.com/channel/@vedek_on,https://t.me/vedek_on
–®–æ –≤ –∞–π—Ç—ñ?,https://uk.tgstat.com/channel/snUXNVGKg65kZmM6,https://t.me/joinchat/snUXNVGKg65kZmM6
–°–æ–ª–æ–≤–µ–π –ê–ª–µ–∫—Å–µ–π,https://uk.tgstat.com/channel/@fe_stories,https://t.me/fe_stories
Veeam chanel,https://uk.tgstat.com/channel/@veeam_ru,https://t.me/veeam_ru
UkrVesPult,https://uk.tgstat.com/channel/@ukrvespult,https://t.me/ukrvespult
–ê–≥—Ä–æ-–ø—Ä–æ—Å—Ç—ñ—Ä üöúüìçüó∫Ô∏è,https://uk.tgstat.com/channel/@agro_workspace,https://t.me/agro_workspace
AI human,https://uk.tgstat.com/channel/@Aihumanblog,https://t.me/Aihumanblog
Dobrum Service,https://uk.tgstat.com/channel/@dobrum_service,https://t.me/dobrum_service
–°–ø–µ—Ü—Ç–µ—Ö–Ω—ñ–∫–∞ –≤ –£–∫—Ä–∞—ó–Ω—ñ,https://uk.tgstat.com/channel/@specmachinery_com_ua,https://t.me/specmachinery_com_ua
Telegram Proxy Ukraine ‚úôüá∫üá¶,https://uk.tgstat.com/channel/@proxyukraine,https://t.me/proxyukraine
–°–∏–º—Ñ–æ–Ω–∏—è –ü–ö,https://uk.tgstat.com/channel/@symphony_pc,https://t.me/symphony_pc
DevTestSecOps,https://uk.tgstat.com/channel/@DevTestSecOps,https://t.me/DevTestSecOps
–ö–æ—Ä–∏—Å–Ω–µ –∑ Telesens Academy,https://uk.tgstat.com/channel/@TelesensAcademy,https://t.me/TelesensAcademy
Agile.Live,https://uk.tgstat.com/channel/@agile_live,https://t.me/agile_live
–î–Ω–µ–≤–Ω–∏–∫ —Ñ—Ä–∏–ª–∞–Ω—Å–µ—Ä–∞ - Expweb,https://uk.tgstat.com/channel/@expweb_official,https://t.me/expweb_official
F-SYSTEM | –ò–Ω—Ñ–æ—Ä–º–∞—Ü–∏–æ–Ω–Ω–∞—è –±–µ–∑–æ–ø–∞—Å—Ç–Ω–æ—Å—Ç—å,https://uk.tgstat.com/channel/@fsystem_channel,https://t.me/fsystem_channel
Mr. ROBOT,https://uk.tgstat.com/channel/@computers555,https://t.me/computers555
maxsite,https://uk.tgstat.com/channel/@maxsite,https://t.me/maxsite
–ù–æ–≤–∏–Ω–∏ –Ü–¢,https://uk.tgstat.com/channel/@techn_world,https://t.me/techn_world
TechnoPage,https://uk.tgstat.com/channel/@technpage,https://t.me/technpage
2Smart Cloud,https://uk.tgstat.com/channel/@TooSmartCloud,https://t.me/TooSmartCloud
–°–∞–º–æ–∫–∞—Ç –¢–æ—Ä–∫–≤–µ–º–∞–¥–∏ üá∫üá¶,https://uk.tgstat.com/channel/@trkvmd,https://t.me/trkvmd
IT –†–µ–π—Ç–∏–Ω–≥ –£–∫—Ä–∞—ó–Ω–∏,https://uk.tgstat.com/channel/@itrating,https://t.me/itrating
Big Data Driven,https://uk.tgstat.com/channel/@bigdatadriven,https://t.me/bigdatadriven
SOFTPRO GIS,https://uk.tgstat.com/channel/@softprogis,https://t.me/softprogis
DevBranch,https://uk.tgstat.com/channel/@DevBranch,https://t.me/DevBranch
Vladalek,https://uk.tgstat.com/channel/@vladalek_channel,https://t.me/vladalek_channel
ChipChip,https://uk.tgstat.com/channel/@ChipChip_UA,https://t.me/ChipChip_UA
–ó–¥–æ—Ä–æ–≤–∞ –ú–µ–Ω—Ç–∞–ª—å–Ω—ñ—Å—Ç—å,https://uk.tgstat.com/channel/@mental11health,https://t.me/mental11health
KRS TRADE,https://uk.tgstat.com/channel/@krs_trade,https://t.me/krs_trade
–ö–æ–º–ø–∞–Ω—ñ—è –°–ï–ê üá∫üá¶ –ù–æ–≤–∏–Ω–∏,https://uk.tgstat.com/channel/@sea_company,https://t.me/sea_company
"“ê'—é—Å—Ç–æ–Ω, —É –Ω–∞—Å AI",https://uk.tgstat.com/channel/@ai_and_chatgpt,https://t.me/ai_and_chatgpt
Deep IT,https://uk.tgstat.com/channel/@deep_it_ua,https://t.me/deep_it_ua
Yurba,https://uk.tgstat.com/channel/@yurba_ua,https://t.me/yurba_ua
–ú–æ–ª–Ω–∏—è,https://uk.tgstat.com/channel/@weblightning,https://t.me/weblightning
GitHub Repositories,https://uk.tgstat.com/channel/@github_ukraine,https://t.me/github_ukraine
–®–æ —Ç–∞–º –≤ –∞–π—Ç—ñ,https://uk.tgstat.com/channel/@it_blazhko,https://t.me/it_blazhko
–ú–∞—Ä—Å—ñ–∞–Ω—Å—å–∫–∏–π –ß–∞–π–Ω–∏–∫,https://uk.tgstat.com/channel/@martianteapots,https://t.me/martianteapots
Nettech.ua,https://uk.tgstat.com/channel/@nettechua,https://t.me/nettechua
INIT UA üá∫üá¶,https://uk.tgstat.com/channel/@init_ua,https://t.me/init_ua
Crypto Joker,https://uk.tgstat.com/channel/@nuclearchiefs,https://t.me/nuclearchiefs
–ê–π–¢–∏ –øi—Å–ª—è 45,https://uk.tgstat.com/channel/@drupal_45,https://t.me/drupal_45
–≠–ª–µ–∫—Ç—Ä–∏–∫ –õ—É–≥–∞–Ω—Å–∫,https://uk.tgstat.com/channel/@volt_lab,https://t.me/volt_lab
–ö–æ–Ω—Å—Ç—Ä—É–∫—Ç–æ—Ä —á–∞—Ç-–±–æ—Ç—ñ–≤ Gerabot,https://uk.tgstat.com/channel/@gerabotua,https://t.me/gerabotua
–¢—Ä–µ–π–¥-–°–µ—Ä–≤—ñ—Å,https://uk.tgstat.com/channel/@TradeServiceGK,https://t.me/TradeServiceGK
Java Ukraine Information for Beginners,https://uk.tgstat.com/channel/@javajuniorwiki,https://t.me/javajuniorwiki
“ê–∞–π–¥ –ø–æ Looker Studio,https://uk.tgstat.com/channel/@lookerstudio,https://t.me/lookerstudio
–¢–µ—Ö–Ω–æ–î–∂–µ–¥–∞–π,https://uk.tgstat.com/channel/@technojediua,https://t.me/technojediua
"Trust und Security, yeah",https://uk.tgstat.com/channel/@TrustUndSecurity,https://t.me/TrustUndSecurity
Ukrainian android community,https://uk.tgstat.com/channel/@ukr_droid_community,https://t.me/ukr_droid_community
üñ§ rekamie_vibes üîÆ,https://uk.tgstat.com/channel/@rekamie_vibes,https://t.me/rekamie_vibes
RiKS CODE | JavaScript üá∫üá¶,https://uk.tgstat.com/channel/Lm116SCEazhmOWUy,https://t.me/joinchat/Lm116SCEazhmOWUy
Rescue Carts,https://uk.tgstat.com/channel/@rescuecarts,https://t.me/rescuecarts
–¢–µ—Ö–Ω–æ–º–∞–≥–∏—è,https://uk.tgstat.com/channel/@technomagic,https://t.me/technomagic
AI Insightsü§ñ,https://uk.tgstat.com/channel/@AI_guruUA,https://t.me/AI_guruUA
AIDOT,https://uk.tgstat.com/channel/@theaidreamer,https://t.me/theaidreamer
Delta Sonic –£–ª—å—Ç—Ä–∞–∑–≤—É–∫–æ–≤—ñ –≥–µ–Ω–µ—Ä–∞—Ç–æ—Ä–∏ –¥–ª—è –≤–∞–Ω–Ω,https://uk.tgstat.com/channel/@deltasonicgenerator,https://t.me/deltasonicgenerator
–û–í –¢–µ—Ö–Ω–æ–ª–æ–¥–∂–∏ ü¶æ,https://uk.tgstat.com/channel/@ov_tehnologi,https://t.me/ov_tehnologi
ITKozak,https://uk.tgstat.com/channel/@itkozak,https://t.me/itkozak
ChatGPT –ü—Ä–æ–º–ø—Ç–∏ –£–∫—Ä–∞—ó–Ω—Å—å–∫–æ—é,https://uk.tgstat.com/channel/@ChatGptPromptsUA,https://t.me/ChatGptPromptsUA
Store Podsüçè,https://uk.tgstat.com/channel/@i_best_pods,https://t.me/i_best_pods
Hello World,https://uk.tgstat.com/channel/@HelloWorldIT,https://t.me/HelloWorldIT
RiKS CODE | Python üá∫üá¶,https://uk.tgstat.com/channel/XKGFaIJLmLcxNTcy,https://t.me/joinchat/XKGFaIJLmLcxNTcy
–ö–∞–ª–∞—Ç—É—à–∫–Ü–Ω –∫–≤–µ—Å—Ç,https://uk.tgstat.com/channel/@medlenii_kvest,https://t.me/medlenii_kvest
UAiStoreCase‚Ñ¢Ô∏è,https://uk.tgstat.com/channel/@case_777,https://t.me/case_777
–ê—Ä—Ç-–û—Ñ—ñ—Å,https://uk.tgstat.com/channel/@art_office,https://t.me/art_office
Tux Ops üá∫üá¶,https://uk.tgstat.com/channel/@tuxua,https://t.me/tuxua
ùôçùôêùôâùôÑùôäùôâ,https://uk.tgstat.com/channel/@RUNION_TG,https://t.me/RUNION_TG
–õ—ñ–≥–∞.Tech,https://uk.tgstat.com/channel/@liganettech,https://t.me/liganettech
Zbara Music,https://uk.tgstat.com/channel/@ZbaraDev,https://t.me/ZbaraDev
BohdanDev,https://uk.tgstat.com/channel/@BohdanDev_ua,https://t.me/BohdanDev_ua
–ö–æ—Ä–∏—Å–Ω–æ—Å—Ç—ñ –¥–ª—è –í–µ–±-—Ä–æ–∑—Ä–æ–±–∫–∏,https://uk.tgstat.com/channel/@korysnosti_webdev,https://t.me/korysnosti_webdev
–ú–∏—Ä IT üïä | Linux,https://uk.tgstat.com/channel/@linux_aws,https://t.me/linux_aws
–ü–æ—Å—Ç—Ä–æ–µ–Ω–∏–µ –∏–∫ –ø–∞—è–ª—å–Ω–æ–π —Å—Ç–∞–Ω—Ü–∏–∏ –Ω–∞ 3–¥ –ø—Ä–∏–Ω—Ç–µ—Ä–µ,https://uk.tgstat.com/channel/@ir_solder_station_3d,https://t.me/ir_solder_station_3d
–Ü–ª–æ–Ω –ú–∞—Å–∫ | Elon Musk,https://uk.tgstat.com/channel/@elonmusk_uai,https://t.me/elonmusk_uai
I2p & onionüá∫üá¶ /–í—ñ–π–Ω–∞ 2022,https://uk.tgstat.com/channel/@i2p_3218,https://t.me/i2p_3218
–ù–æ–≤–∏–Ω–∏ —Å–≤—ñ—Ç—É AI,https://uk.tgstat.com/channel/@AiNewsServices,https://t.me/AiNewsServices
NeuroHub | AI,https://uk.tgstat.com/channel/@ai_nfo,https://t.me/ai_nfo
Python —Ç–∞ –ø—Ä–æ–≥—Ä–∞–º—É–≤–∞–Ω–Ω—è,https://uk.tgstat.com/channel/@letcode,https://t.me/letcode
IT Information,https://uk.tgstat.com/channel/@itinformationforyou,https://t.me/itinformationforyou
cream,https://uk.tgstat.com/channel/@jstcream,https://t.me/jstcream
–í–∞–ª–µ—Ä—ñ–π –ö–æ—Ä–µ—Ü—å–∫–∏–π,https://uk.tgstat.com/channel/@ValkorLive,https://t.me/ValkorLive
–§—É—Ç—É—Ä–∏–∑–º,https://uk.tgstat.com/channel/@futurisms,https://t.me/futurisms
DIESEL Community - —ñ–≥—Ä–æ–≤—ñ —Ç–∞ YouTube –ø—Ä–æ—î–∫—Ç–∏,https://uk.tgstat.com/channel/@dieselcommunity,https://t.me/dieselcommunity
–ú–∞—Å—Ç–µ—Ä–æ–≤–æ–π,https://uk.tgstat.com/channel/@mancrafts,https://t.me/mancrafts
DRIT,https://uk.tgstat.com/channel/@drit_chanel,https://t.me/drit_chanel
IT —Å–µ—Ä–≤—ñ—Å–∏ —Ç–∞ –¥–æ–¥–∞—Ç–∫–∏ –¥–ª—è –ø—Ä–æ–¥—É–∫—Ç–∏–≤–Ω–æ—Å—Ç—ñ —Ç–∞ –∂–∏—Ç—Ç—è,https://uk.tgstat.com/channel/@itservices_ua,https://t.me/itservices_ua
–£–∫—Ä–∞—ó–Ω—Å—å–∫–∏–π –§—Ä–æ–Ω—Ç–µ–Ω–¥,https://uk.tgstat.com/channel/@ukranianfrontend,https://t.me/ukranianfrontend
Interesting Engineering,https://uk.tgstat.com/channel/@interestingengineer,https://t.me/interestingengineer
–ù–∞—É–∫–∞ —Ç–∞ —Ç–µ—Ö–Ω–æ–ª–æ–≥—ñ—ó,https://uk.tgstat.com/channel/@nauka_a,https://t.me/nauka_a
Localize.org.ua,https://uk.tgstat.com/channel/@localize_org_ua,https://t.me/localize_org_ua
Apple News Ukraine,https://uk.tgstat.com/channel/@applenewsukraine,https://t.me/applenewsukraine
–í–æ–¥–æ–ø—ñ–¥–≥–æ—Ç–æ–≤–∫–∞ —Ç–∞ –æ—á–∏—Å—Ç–∫–∞ —Ä—ñ–¥–∏–Ω - –õ—ñ—Ç–µ–∫ –ê–∫–≤–∞,https://uk.tgstat.com/channel/@watreandliquidtreatment_ua,https://t.me/watreandliquidtreatment_ua
SergeyGurin,https://uk.tgstat.com/channel/@SergeyGurin89,https://t.me/SergeyGurin89
My notes about iOS development üá∫üá¶,https://uk.tgstat.com/channel/@my_iOS_Dev_Path,https://t.me/my_iOS_Dev_Path
–°–ø–æ–≤—ñ–¥—å –ê–π—Ç—ñ—à–Ω–∏–∫–∞,https://uk.tgstat.com/channel/@it_trash_ua,https://t.me/it_trash_ua
