–£–∫—Ä–∑–∞–ª—ñ–∑–Ω–∏—Ü—è,https://uk.tgstat.com/channel/@UkrzalInfo,https://t.me/UkrzalInfo
dtp.kiev.ua –í–û–ô–ù–ê,https://uk.tgstat.com/channel/zTkZOpfwlVM0ZTgy,https://t.me/joinchat/zTkZOpfwlVM0ZTgy
–ê–≤—Ç–æ—ñ–Ω—Å—Ç—Ä—É–∫—Ç–æ—Ä,https://uk.tgstat.com/channel/@pdrua2022,https://t.me/pdrua2022
–ü–î–† –æ–Ω–ª–∞–π–Ω,https://uk.tgstat.com/channel/@pdd_onl,https://t.me/pdd_onl
Green Way (–¢–µ—Å—Ç–∏ –∑ –ü–î–†),https://uk.tgstat.com/channel/@green_way_com_ua,https://t.me/green_way_com_ua
–¢–µ—Å—Ç–∏ –ü–î–† üá∫üá¶ (vodiy.ua),https://uk.tgstat.com/channel/@vodiy_ua,https://t.me/vodiy_ua
–ê–≤—Ç–æ—Å–æ–æ–±—â–µ—Å—Ç–≤–æ –û–¥–µ—Å—Å–∞,https://uk.tgstat.com/channel/x0SnF_WS2ttiNTEy,https://t.me/joinchat/x0SnF_WS2ttiNTEy
–û–ª–µ–Ω—ñ –∑–∞ –∫–µ—Ä–º–æ–º ü¶å,https://uk.tgstat.com/channel/Ry-fAX-NfOo0OWJi,https://t.me/joinchat/Ry-fAX-NfOo0OWJi
–ê–≤—Ç–æ–ë–∞–∑–∞—Ä –£–∫—Ä–∞—ó–Ω–∞ / –ê–≤—Ç–æ–†—ã–Ω–æ–∫ –£–∫—Ä–∞–∏–Ω–∞,https://uk.tgstat.com/channel/@ua_autobazar,https://t.me/ua_autobazar
–ê–≤—Ç–æ–±–∞–∑–∞—Ä –£–∫—Ä–∞—ó–Ω–∞,https://uk.tgstat.com/channel/39Ad1iUQ-eo1YzY6,https://t.me/joinchat/39Ad1iUQ-eo1YzY6
–î–æ–ø–æ–º–æ–≥–∞ Driver –ß–µ—Ä–Ω—ñ–≤—Ü—ñ –ù–æ–≤–∏–Ω–∏,https://uk.tgstat.com/channel/@driverhelpukraine,https://t.me/driverhelpukraine
–ü—Ä–∞–≤–∏–ª–∞ –î–æ—Ä–æ–∂–Ω—å–æ–≥–æ –†—É—Ö—É –£–∫—Ä–∞—ó–Ω–∏,https://uk.tgstat.com/channel/@PDRUA,https://t.me/PDRUA
–ê–≤—Ç–æ –•–∞—Ä—å–∫–æ–≤ | –•–∞—Ä—å–∫–æ–≤ - —ç—Ç–æ –£–∫—Ä–∞–∏–Ω–∞ üá∫üá¶,https://uk.tgstat.com/channel/t95HXrdBn202NzYy,https://t.me/joinchat/t95HXrdBn202NzYy
–ü–î–† –≤ –æ–ø–∏—Ç—É–≤–∞–Ω–Ω—è—Ö,https://uk.tgstat.com/channel/@pdr_test_ua,https://t.me/pdr_test_ua
Ivan Rybka,https://uk.tgstat.com/channel/@ivan_rybka,https://t.me/ivan_rybka
–ú–∞—Ä–∏—É–ø–æ–ª—å—Å–∫–∏–π —Ç—Ä–∞–Ω—Å–ø–æ—Ä—Ç üá∑üá∫,https://uk.tgstat.com/channel/@CityBus_DPR,https://t.me/CityBus_DPR
–ü–î–† –æ–Ω–ª–∞–π–Ω —Ä–æ–∑'—è—Å–Ω–µ–Ω–Ω—è,https://uk.tgstat.com/channel/@pdr_onl,https://t.me/pdr_onl
–î–æ—Ä–æ–∂–Ω—ñ–π –ê–¥–≤–æ–∫–∞—Ç,https://uk.tgstat.com/channel/@doradvokat,https://t.me/doradvokat
–ú–ï–•–ê–ù–Ü–ö,https://uk.tgstat.com/channel/RaPxQ4LITiE4OGRi,https://t.me/joinchat/RaPxQ4LITiE4OGRi
–ê–≤—Ç–æHELP,https://uk.tgstat.com/channel/9wnYGVW_YhpmZTBi,https://t.me/joinchat/9wnYGVW_YhpmZTBi
–ü–æ—è—Å–Ω–µ–Ω–Ω—è –¥–æ –ø–∏—Ç–∞–Ω—å,https://uk.tgstat.com/channel/@comments_vodiy,https://t.me/comments_vodiy
khm_news,https://uk.tgstat.com/channel/bGd-2C8RI65lZGE6,https://t.me/joinchat/bGd-2C8RI65lZGE6
"üöòüöô –ê–í–¢–û–ü–†–ò–ì–û–î–ò üöñüèçÔ∏è (–î–¢–ü, –∞–≤–∞—Ä—ñ—ó, –ø—Ä–∏–∫–æ–ª–∏)",https://uk.tgstat.com/channel/YZUTpt3TJ4gyMGEy,https://t.me/joinchat/YZUTpt3TJ4gyMGEy
–ó–ü—Ä–∞–≤–ª—è–π—Å—è üõ¢,https://uk.tgstat.com/channel/@ZPravki,https://t.me/ZPravki
–ê–≤—Ç–æ–º–æ–±–∏–ª—å–Ω—ã–π –•–∞—Ä—å–∫–æ–≤ | –°–¢–û –•–∞—Ä—å–∫–æ–≤,https://uk.tgstat.com/channel/@cto_kharkov,https://t.me/cto_kharkov
InfoCar.ua,https://uk.tgstat.com/channel/@infocarua,https://t.me/infocarua
–î–°–ë–¢-–£–ö–†–¢–†–ê–ù–°–ë–ï–ó–ü–ï–ö–ê,https://uk.tgstat.com/channel/@ukrtransbezpeka,https://t.me/ukrtransbezpeka
–ê–≤—Ç–æ –∑—ñ –°–®–ê –ø—ñ–¥ –∫–ª—é—á - Grand Car,https://uk.tgstat.com/channel/AAAAAERM-ODOOWLMXMocYA,https://t.me/joinchat/AAAAAERM-ODOOWLMXMocYA
–ê–≤—Ç–æ–º–æ–±—ñ–ª–∏—á –Ü –ê–≤—Ç–æ–ö—Ä–∞—â–µ.Net,https://uk.tgstat.com/channel/ft3V6gra2qVjMmYy,https://t.me/joinchat/ft3V6gra2qVjMmYy
–ê–≤—Ç–æ–±–∞–∑–∞—Ä –ö–∏—ó–≤,https://uk.tgstat.com/channel/@avtobazarkiev1,https://t.me/avtobazarkiev1
–î–æ–≤—ñ–¥–Ω–∏–∫ –ü–î–†,https://uk.tgstat.com/channel/@pdrinfo,https://t.me/pdrinfo
–ê–≤—Ç–æ–±–∞–∑–∞—Ä –î–Ω–µ–ø—Ä,https://uk.tgstat.com/channel/@avtobazardnepr1,https://t.me/avtobazardnepr1
–ï–ª–µ–∫—Ç—Ä–æ–º–æ–±—ñ–ª—ñ ¬´Elcars¬ª,https://uk.tgstat.com/channel/AAAAAEiWWCd9y6FebM1NXg,https://t.me/joinchat/AAAAAEiWWCd9y6FebM1NXg
–ê–≤—Ç–æ–±–∞—Ç—å–∫–æ,https://uk.tgstat.com/channel/sjHY03XW-_gyMzQy,https://t.me/joinchat/sjHY03XW-_gyMzQy
–¢–æ–ø–ª–∏–≤–æ –•–∞—Ä—å–∫–æ–≤ / –ü–∞–ª–∏–≤–æ –•–∞—Ä–∫—ñ–≤ / Fuel Kharkov,https://uk.tgstat.com/channel/@azskharkov,https://t.me/azskharkov
–ê–≤—Ç–æ–ë–∞–∑–∞—Ä –ì–µ—Ä–º–∞–Ω–∏—è,https://uk.tgstat.com/channel/W4jwKCquzQpkOWIy,https://t.me/joinchat/W4jwKCquzQpkOWIy
–õ–£–ì–ê–ù–°–ö AUTO üöò –ê–≤—Ç–æ –õ–ù–† üõû –†–µ–≥–∏–æ–Ω 181,https://uk.tgstat.com/channel/@LNR_AVTO,https://t.me/LNR_AVTO
–†–æ–∑'—è—Å–Ω–µ–Ω–Ω—è –ø–∏—Ç–∞–Ω—å –ü–î–†,https://uk.tgstat.com/channel/@elucidation_gw,https://t.me/elucidation_gw
–ê–≤—Ç–æ–ö—Ä–µ–º–µ–Ω—á—É–∫,https://uk.tgstat.com/channel/@autokremenchuk,https://t.me/autokremenchuk
AliExpress –¥–ª—è –∞–≤—Ç–æ–º–æ–±—ñ–ª—ñ–≤,https://uk.tgstat.com/channel/WhVMA1277QQ5MjVi,https://t.me/joinchat/WhVMA1277QQ5MjVi
–ó–ê –ö–ï–†–ú–û–ú,https://uk.tgstat.com/channel/5RxfzwKCHPs5NTMy,https://t.me/joinchat/5RxfzwKCHPs5NTMy
–ü—Ä–æ–¥–∞–∂–∞ –ê–≤—Ç–æ –≤ –£–∫—Ä–∞–∏–Ω–µ,https://uk.tgstat.com/channel/@autobazar_ua1,https://t.me/autobazar_ua1
BOLT-50%üöñ,https://uk.tgstat.com/channel/@discont50,https://t.me/discont50
lutsk_autobazar,https://uk.tgstat.com/channel/@lutsk_autobazar,https://t.me/lutsk_autobazar
–¢–µ—Ö–Ω–∞—Ä,https://uk.tgstat.com/channel/VW1UzdFSOJVlMmJi,https://t.me/joinchat/VW1UzdFSOJVlMmJi
üöò –ê–í–¢–û –§–û–†–£–ú | –ö–†–ò–í–û–ô –†–û–ì,https://uk.tgstat.com/channel/gzHY7Lc5LdRjNTE6,https://t.me/joinchat/gzHY7Lc5LdRjNTE6
LuxExpress.club | –ö–∏–µ–≤-–î–æ–Ω–µ—Ü–∫-–ö–∏–µ–≤,https://uk.tgstat.com/channel/@Lux_Express_club,https://t.me/Lux_Express_club
–ê–≤—Ç–æ–ø—Ä–æ–¥–∞–∂–∞ Perekupi_Kiev_Live,https://uk.tgstat.com/channel/@perekupikievlive,https://t.me/perekupikievlive
üöá –•–∞—Ä–∫—ñ–≤—Å—å–∫–∏–π –º–µ—Ç—Ä–æ–ø–æ–ª—ñ—Ç–µ–Ω,https://uk.tgstat.com/channel/@kh_metro,https://t.me/kh_metro
Auto - –†–æ–∑–±–æ—Ä–∫–∏ UA | PL,https://uk.tgstat.com/channel/@autorazborkiua,https://t.me/autorazborkiua
–ê–≤—Ç–æ –õ—É—Ü—å–∫,https://uk.tgstat.com/channel/@avto_lutsk1,https://t.me/avto_lutsk1
–ê–≤—Ç–æ –∏–∑ –°–®–ê,https://uk.tgstat.com/channel/AAAAAD9TKVdDMSjyAzajbA,https://t.me/joinchat/AAAAAD9TKVdDMSjyAzajbA
KIEVRACER,https://uk.tgstat.com/channel/@KIEVRACER,https://t.me/KIEVRACER
"–ê–≤—Ç–æ–∫–ª—É–± ""–Ñ-–ë–µ–Ω–∑–∏–Ω"" –ö–∞–º'—è–Ω—Å—å–∫–µ",https://uk.tgstat.com/channel/@benz_lpg,https://t.me/benz_lpg
AGREGATOR PARKüöñüá∫üá¶,https://uk.tgstat.com/channel/@AgregatorPark,https://t.me/AgregatorPark
–ê—Ä–µ–Ω–¥–∞ –∞–≤—Ç–æ ELNIX | –ö–∏—ó–≤,https://uk.tgstat.com/channel/@arenda_auto_kiev,https://t.me/arenda_auto_kiev
Ukrainian Seafarers Union (USU) official,https://uk.tgstat.com/channel/@UkrainianSeafarersUnion,https://t.me/UkrainianSeafarersUnion
W8 Shipping Ukraine (Official Channel),https://uk.tgstat.com/channel/@w8shippingukraine,https://t.me/w8shippingukraine
–ê–í–ü –ö–∏—ó–≤,https://uk.tgstat.com/channel/@avp_kyiv,https://t.me/avp_kyiv
–ü–æ–≤–æ—Ä–æ—Ç–Ω–∏–∫ | –ü–î–† | –ü–î–î,https://uk.tgstat.com/channel/TcrkUIzRSQM4ZGNi,https://t.me/joinchat/TcrkUIzRSQM4ZGNi
–ê–≤—Ç–æ–±–∞–∑–∞—Ä üá∫üá¶–£–∫—Ä–∞—ó–Ω–∏üá∫üá¶,https://uk.tgstat.com/channel/DuxoCcVE1QVmZmRi,https://t.me/joinchat/DuxoCcVE1QVmZmRi
MOTOPOLAND –ê–≤—Ç–æ –≤ –ù–∞–ª–∏—á–∏–∏,https://uk.tgstat.com/channel/@motopolandusa,https://t.me/motopolandusa
–ê–ó–° Niko,https://uk.tgstat.com/channel/@AZSNiko,https://t.me/AZSNiko
üá∫üá¶üèéÔ∏èAvto_DribüèéÔ∏èüá∫üá¶,https://uk.tgstat.com/channel/@avtodrib,https://t.me/avtodrib
AUTO EMPIRE - –ü–†–ò–ì–û–ù –ê–í–¢–û –î–û–ù–ï–¶–ö,https://uk.tgstat.com/channel/m-SFV3f8XX8wYzQ6,https://t.me/joinchat/m-SFV3f8XX8wYzQ6
–û–ü –ë–∞–∑–∞—Ä,https://uk.tgstat.com/channel/@OP_Bazar,https://t.me/OP_Bazar
üá∫üá∏–ê–í–¢–û –ò–ó –°–®–ê ‚Ññ1 –í –£–ö–†–ê–ò–ù–ïüá∫üá¶–≠–ö–û–ù–û–ú–ò–Ø –î–û 60%‚ùóÔ∏è,https://uk.tgstat.com/channel/@autofromusatoukraine,https://t.me/autofromusatoukraine
–ë—ñ–ª–µ—Ü—å–∫–∏–π #MotorScout,https://uk.tgstat.com/channel/@Beletskiy_ScoutOut,https://t.me/Beletskiy_ScoutOut
–û–ü –Ü–Ω—Å–ø–µ–∫—Ç–æ—Ä,https://uk.tgstat.com/channel/@opinspector,https://t.me/opinspector
–ê–≤—Ç–æ–ë–∞–∑–∞—Ä –£–∫—Ä–∞—ó–Ω–∞ –¥–æ 1000$ | AutoRia | –ë–∞—Ä–∞—Ö–æ–ª–∫–∞,https://uk.tgstat.com/channel/@auto_rynok_ua,https://t.me/auto_rynok_ua
–ú—ã—Å–ª–∏ –ú–∞—à–∏–Ω–∏—Å—Ç–∞ –ú–æ—Ç—Ä–∏—Å—ã,https://uk.tgstat.com/channel/@MMMotrisy,https://t.me/MMMotrisy
‚õΩÔ∏è–ö–£–ü–ò–¢–¨ –¢–ê–õ–û–ù–´ –ù–ê –¢–û–ü–õ–ò–í–û,https://uk.tgstat.com/channel/@benzin_dizel96,https://t.me/benzin_dizel96
–ê–í–¢–û –ö–ò–á–í üöó –ê–≤—Ç–æ –ö–£–ü–õ–Æ/–ü–†–û–î–ê–ú üî•,https://uk.tgstat.com/channel/@Kyiv_Car,https://t.me/Kyiv_Car
–ê–≤—Ç–æ–º–æ–±—ñ–ª—ñ—Å—Ç,https://uk.tgstat.com/channel/@MotoristUA,https://t.me/MotoristUA
–õ—å–≤—ñ–≤. –ê–≤—Ç–æ | –ü–∞–ª—å–Ω–µ –°–¢–û –î–æ–ø–æ–º–æ–≥–∞ | –í–æ–¥—ñ—ó –õ—å–≤–æ–≤–∞,https://uk.tgstat.com/channel/@lviv_avtomobilnyi,https://t.me/lviv_avtomobilnyi
–ö–∏—ó–≤ –ê–≤—Ç–æ–º–æ–±—ñ–ª—å–Ω–∏–π,https://uk.tgstat.com/channel/@autokiev,https://t.me/autokiev
–ê–≤—Ç–æ—Ä—ã–Ω–æ–∫ –î–æ–Ω–µ—Ü–∫,https://uk.tgstat.com/channel/pYe_O0F1o_lmZjQ6,https://t.me/joinchat/pYe_O0F1o_lmZjQ6
–ú–∏—Ä –ê–≤—Ç–æ–º–æ–±–∏–ª–µ–π,https://uk.tgstat.com/channel/@avto_now,https://t.me/avto_now
–ê–≤—Ç–æ–±–∞–∑–∞—Ä –Ñ–≤—Ä–æ–±–ª—è—Ö–∏ | –ê–≤—Ç–æ–†—ã–Ω–æ–∫ –ë–ª—è—Ö–∏ | –†–æ–∑–º–∏—Ç–Ω–µ–Ω–Ω—è | –†–∞—Å—Ç–∞–º–æ–∂–∫–∞ | –ü—Ä–∏–≥–æ–Ω –∞–≤—Ç–æ —Å –ï–≤—Ä–æ–ø—ã,https://uk.tgstat.com/channel/@autobazarpol,https://t.me/autobazarpol
serdjio_autolive,https://uk.tgstat.com/channel/@serdjio_autolive,https://t.me/serdjio_autolive
‚õΩÔ∏è–ö–£–ü–ò–¢–¨ –¢–ê–õ–û–ù–´ –ù–ê –¢–û–ü–õ–ò–í–û,https://uk.tgstat.com/channel/@benzin_dizel55,https://t.me/benzin_dizel55
#–∑–∞–ª—ñ–∑–Ω—ñ_–∑–º—ñ–Ω–∏ –≤ –ú—ñ–Ω–°—Ç—Ä–∞—Ç–µ–≥–ü—Ä–æ–º—ñ,https://uk.tgstat.com/channel/@zalizni_zminy,https://t.me/zalizni_zminy
–ê–≤—Ç–æ | –ñ–∏—Ç–æ–º–∏—Ä,https://uk.tgstat.com/channel/@zhytomyr_car,https://t.me/zhytomyr_car
PRO –¢–∞—á–∫–∏ üöÄ | –ê–≤—Ç–æ–ø—Ä–æ–¥–∞–∂–∞ –£–∫—Ä–∞–∏–Ω–∞,https://uk.tgstat.com/channel/RNDmcf3eU8ZmM2Iy,https://t.me/joinchat/RNDmcf3eU8ZmM2Iy
‚ÄºÔ∏è–†–æ–∑–∫–ª–∞–¥ –ø–æ—Ç—è–≥—ñ–≤‚ÄºÔ∏è–ö—Ä–∏–≤–∏–π –†—ñ–≥ –û–§–Ü–¶–Ü–ô–ù–ò–ô,https://uk.tgstat.com/channel/@rozklad_potyag_KR,https://t.me/rozklad_potyag_KR
AdvisorAuto - –ê–≤—Ç–æ –∑ –ì–ê–†–ê–ù–¢–Ü–Ñ–Æ,https://uk.tgstat.com/channel/@advisorautokorea,https://t.me/advisorautokorea
–ê–≤—Ç–æ—Å–ø—ñ–ª—å–Ω–æ—Ç–∞ –ü–æ–ª—Ç–∞–≤–∞üá∫üá¶,https://uk.tgstat.com/channel/@toplivopoltava,https://t.me/toplivopoltava
"–†—ñ–≤–Ω–µ –ê–≤—Ç–æ–º–æ–±—ñ–ª—å–Ω–µ | –î–∏–∑–µ–ª—å, –±–µ–Ω–∑–∏–Ω, –≥–∞–∑, –ø–∞–ª–∏–≤–æ, —Å–æ–ª—è—Ä–∫–∞ –Ω–∞ –ê–ó–° –†—ñ–≤–Ω–æ–≥–æ",https://uk.tgstat.com/channel/@auto_rv,https://t.me/auto_rv
–õ—é–∫—Å–ê–≤—Ç–æ–ö–æ–ºüöç –ö–∏–µ–≤ - –î–æ–Ω–µ—Ü–∫ üöç,https://uk.tgstat.com/channel/@luxautocom_kyiv,https://t.me/luxautocom_kyiv
–ö–∏—ó–≤—Å—å–∫–∞ –ø–ª–∞—Ç—Ñ–æ—Ä–º–∞ –µ–≤–∞–∫—É–∞—Ü—ñ—ó,https://uk.tgstat.com/channel/@TowTruckKyiv,https://t.me/TowTruckKyiv
–ê–≤—Ç–æ—Å–æ–æ–±—â–µ—Å—Ç–≤–æ –ö—Ä–∏–≤–æ–π –†–æ–≥,https://uk.tgstat.com/channel/@zapravka_kr,https://t.me/zapravka_kr
–ü–†–ò–ì–û–ù –ê–í–¢–ûüá™üá∫,https://uk.tgstat.com/channel/@zagonua,https://t.me/zagonua
–ü—Ä–∞–≤–∏–ª–∞ –î–æ—Ä–æ–∂–Ω–æ–≥–æ –î–≤–∏–∂–µ–Ω–∏—è,https://uk.tgstat.com/channel/@PDD_5,https://t.me/PDD_5
AUTO.RIA,https://uk.tgstat.com/channel/@auto_ria_news,https://t.me/auto_ria_news
–ü–µ—Ä–µ–≤—ñ—Ä–∫–∞ –ê–≤—Ç–æ –∑–∞ –Ω–æ–º–µ—Ä–æ–º - –£–∫—Ä–∞—ó–Ω–∞,https://uk.tgstat.com/channel/@carplates,https://t.me/carplates
–ü—Ä–∞–≤–∏–ª–∞ –î–æ—Ä–æ–∂–Ω–æ–≥–æ –î–≤–∏–∂–µ–Ω–∏—è,https://uk.tgstat.com/channel/@PDD_555,https://t.me/PDD_555
–ê–≤—Ç–æ–±–∞–∑–∞—Ä –õ—å–≤—ñ–≤ | –ê–≤—Ç–æ–†—ã–Ω–æ–∫ –õ—å–≤–æ–≤,https://uk.tgstat.com/channel/@autobazarlvivua,https://t.me/autobazarlvivua
–ê–≤—Ç–æ–ë–∞–∑–∞—Ä –ö–∏—ó–≤ / –ê–≤—Ç–æ–†—ã–Ω–æ–∫ –ö–∏–µ–≤,https://uk.tgstat.com/channel/@autobazarkyiv,https://t.me/autobazarkyiv
–ê–≤—Ç–æ–ë–∞–∑–∞—Ä –õ—É—Ü—å–∫ | –ê–≤—Ç–æ–†–∏–Ω–æ–∫ –õ—É—Ü–∫,https://uk.tgstat.com/channel/@autobazar_lutsk_ua,https://t.me/autobazar_lutsk_ua
–ê–≤—Ç–æ–ë–∞–∑–∞—Ä –û–¥–µ—Å–∞ / –ê–≤—Ç–æ–†—ã–Ω–æ–∫ –û–¥–µ—Å—Å–∞,https://uk.tgstat.com/channel/@autobazar_odessa,https://t.me/autobazar_odessa
MagellanBus,https://uk.tgstat.com/channel/@MagellanBus,https://t.me/MagellanBus
F1 Racing üá∫üá¶,https://uk.tgstat.com/channel/@F1RacingUKR,https://t.me/F1RacingUKR
–ê–≤—Ç–æ–ë–∞–∑–∞—Ä –í—ñ–Ω–Ω–∏—Ü—è | –ê–≤—Ç–æ–†—ã–Ω–æ–∫ –í–∏–Ω–Ω–∏—Ü–∞,https://uk.tgstat.com/channel/@autobazarvinnytsia,https://t.me/autobazarvinnytsia
Dash Cam UA,https://uk.tgstat.com/channel/@DashCamUA,https://t.me/DashCamUA
–ê–≤—Ç–æ–ë–∞–∑–∞—Ä –ß–µ—Ä–Ω—ñ–≤—Ü—ñ | –ê–≤—Ç–æ–†—ã–Ω–æ–∫ –ß–µ—Ä–Ω–æ–≤—Ü—ã,https://uk.tgstat.com/channel/@autobazarchernivtsi,https://t.me/autobazarchernivtsi
–ê–≤—Ç–æ–ë–∞–∑–∞—Ä –£–∂–≥–æ—Ä–æ–¥ | –ê–≤—Ç–æ–†—ã–Ω–æ–∫ –ó–∞–∫–∞—Ä–ø–∞—Ç—Ç—è,https://uk.tgstat.com/channel/@autobazarzakarpattia,https://t.me/autobazarzakarpattia
DENYcarsüá∫üá¶,https://uk.tgstat.com/channel/@denycars,https://t.me/denycars
–ê–≤—Ç–æ–ú—Ä—ñ—è UAüá∫üá¶,https://uk.tgstat.com/channel/bTncAtD0sYJhNDYy,https://t.me/joinchat/bTncAtD0sYJhNDYy
–ê–≤—Ç–æ–ª–∞–π—Ñ | –ù–æ–≤–æ—Å—Ç–∏ –•–∞—Ä—å–∫–æ–≤,https://uk.tgstat.com/channel/@avtolife_kharkov,https://t.me/avtolife_kharkov
–ê–≤—Ç–æ–±–∞—Ä–∞—Ö–æ–ª–∫–∞ –ü—Ä–æ–¥–∞–∂–∞ –ê–≤—Ç–æ–º–æ–±–∏–ª–µ–π –∏ –ª—é–±–æ–≥–æ —Ç–æ–ø–ª–∏–≤–∞ –≤ –û–¥–µ—Å—Å–µ,https://uk.tgstat.com/channel/@avtobaraholkaodessa,https://t.me/avtobaraholkaodessa
–ï–í–ê–ö–£–ê–¢–û–†–ò –ü–û –£–ö–†–ê–á–ù–Ü,https://uk.tgstat.com/channel/@evakuator5,https://t.me/evakuator5
"üíé AUTO DVIG üá∫üá¶ü§ùüá©üá™(–û–ë–ú–Ü–ù,–í–ò–ö–£–ü)",https://uk.tgstat.com/channel/@AutoDvig,https://t.me/AutoDvig
VOLTauto - –µ–ª–µ–∫—Ç—Ä–æ–º–æ–±—ñ–ª—ñ –∑ –ö–∏—Ç–∞—é,https://uk.tgstat.com/channel/@voltauto,https://t.me/voltauto
–ú–ê–®–ò–ù–ê. –ú–ê–†–ò–£–ü–û–õ–¨ üöò,https://uk.tgstat.com/channel/@mariupol_mashina,https://t.me/mariupol_mashina
–ü–æ—Ä—Ç–æ–≤–∏–∫,https://uk.tgstat.com/channel/@portovik,https://t.me/portovik
–ê–≤—Ç–æ–ë–∞–∑–∞—Ä –Ü–≤–∞–Ω–æ-–§—Ä–∞–Ω–∫—ñ–≤—Å—å–∫ | –ê–≤—Ç–æ–†—ã–Ω–æ–∫ –ò–≤–∞–Ω–æ-–§—Ä–∞–Ω–∫–æ–≤—Å–∫,https://uk.tgstat.com/channel/@autobazarivanofrankivsk,https://t.me/autobazarivanofrankivsk
AUTO.RIA UA,https://uk.tgstat.com/channel/@AUTOS_RIA,https://t.me/AUTOS_RIA
–ê–≤—Ç–æ—Ä—ã–Ω–æ–∫ –î–ù–†-–†–æ—Å—Ç–æ–≤ Auto click,https://uk.tgstat.com/channel/@autodn,https://t.me/autodn
–ê–≤—Ç–æ–ë–∞–∑–∞—Ä –ú–∏–∫–æ–ª–∞—ó–≤ | –ê–≤—Ç–æ–†—ã–Ω–æ–∫ –ù–∏–∫–æ–ª–∞–µ–≤,https://uk.tgstat.com/channel/@autobazar_nikolaev,https://t.me/autobazar_nikolaev
–ê–≤—Ç–æ–ë–∞–∑–∞—Ä –¢–µ—Ä–Ω–æ–ø—ñ–ª—å | –ê–≤—Ç–æ–†—ã–Ω–æ–∫ –¢–µ—Ä–Ω–æ–ø–æ–ª—å,https://uk.tgstat.com/channel/@autobazarternopil,https://t.me/autobazarternopil
üáµüá±üá∫üá¶‚öìÔ∏è–ü–æ–º–æ—â—å —É–∫—Ä–∞–∏–Ω—Å–∫–∏–º –º–æ—Ä—è–∫–∞–º –≤ –ü–æ–ª—å—à–µ,https://uk.tgstat.com/channel/oQTNR9_JtRxjZTQ6,https://t.me/joinchat/oQTNR9_JtRxjZTQ6
üá∫üá¶–®–õ–Ø–• –¥–æ –ü–í–îüîë,https://uk.tgstat.com/channel/@shlyah_to_pvd,https://t.me/shlyah_to_pvd
Bolt‚ö°Ô∏è–ö–∏—ó–≤,https://uk.tgstat.com/channel/@bolt_kyiv,https://t.me/bolt_kyiv
–ê–≤—Ç–æ–ª—é–±–∏—Ç–µ–ª—ñ –ö–∏—î–≤–∞ —Ç–∞ –æ–±–ª–∞—Å—Ç—ñ| –ù–æ–≤–∏–Ω–∏,https://uk.tgstat.com/channel/@azshelp,https://t.me/azshelp
–ê–≤—Ç–æ–ë–∞–∑–∞—Ä –ñ–∏—Ç–æ–º–∏—Ä | –ê–≤—Ç–æ–†—ã–Ω–æ–∫ –ñ–∏—Ç–æ–º–∏—Ä,https://uk.tgstat.com/channel/@autobazarzhytomyr,https://t.me/autobazarzhytomyr
A–≤—Ç–æ—Ä–∏–Ω–æ–∫ | –ê–≤—Ç–æ–±–∞–∑–∞—Ä üá∫üá¶,https://uk.tgstat.com/channel/@avto_bazar_ukraine,https://t.me/avto_bazar_ukraine
–£–∫—Ä–∞—ó–Ω–∞-–ù—ñ–¥–µ—Ä–ª–∞–Ω–¥–∏,https://uk.tgstat.com/channel/@pasagurskiperevezennja,https://t.me/pasagurskiperevezennja
‚≠ïÔ∏è –ü–î–† –£–∫—Ä–∞—ó–Ω–∏ ‚≠ïÔ∏è,https://uk.tgstat.com/channel/@UKRPDR,https://t.me/UKRPDR
–ê–≤—Ç–æ –∑ —Å—à–∞,https://uk.tgstat.com/channel/@Alex_MotorsUSA,https://t.me/Alex_MotorsUSA
–ú–æ—Ç–æ –ë–∞—Ä–∞—Ö–ª–æ Ukraineüá∫üá¶üîûüîû,https://uk.tgstat.com/channel/@Moto_barahlo,https://t.me/Moto_barahlo
Morrichservice,https://uk.tgstat.com/channel/@Morrichservice,https://t.me/Morrichservice
–ê–≤—Ç–æ—Ä—ã–Ω–æ–∫ –î–æ–Ω–µ—Ü–∫ –î–ù–† –õ–ù–†,https://uk.tgstat.com/channel/@avtobazar_ot_adrenalinetime,https://t.me/avtobazar_ot_adrenalinetime
–¢–æ–ø–æ–≤–∏–π –ê–≤—Ç–æ–±—ñ–∑–Ω–µ—Å–º–µ–Ω üá∫üá¶,https://uk.tgstat.com/channel/@autoKur,https://t.me/autoKur
Random Bikes&Parts UA –í–µ–ª–æ–±–∞—Ä–∞—Ö–æ–ª–∫–∞,https://uk.tgstat.com/channel/@velobarahloua,https://t.me/velobarahloua
–ê–í–¢–û –ó –°–®–ê | –ö–ê–ù–ê–î–ò | –ö–û–†–ï–á,https://uk.tgstat.com/channel/@auto_from_us,https://t.me/auto_from_us
–ì–æ—Ä–∞ –ê–≤—Ç–æ—Ñ–∞–∫—Ç–æ–≤,https://uk.tgstat.com/channel/@gora_autofactov,https://t.me/gora_autofactov
–ü–†–û–î–ê–ñ –ê–í–¢–û UA üá∫üá¶ –í –Ñ–í–†–û–ü–Ü,https://uk.tgstat.com/channel/@AutoUAeuro,https://t.me/AutoUAeuro
–¢–µ—Å—Ç—ã –ü–î–î,https://uk.tgstat.com/channel/@PDDproversebya,https://t.me/PDDproversebya
"–ö–ü ""–ï–ª–µ–∫—Ç—Ä–æ—Ç—Ä–∞–Ω—Å""",https://uk.tgstat.com/channel/@kp_elektrotrans_new,https://t.me/kp_elektrotrans_new
–§–æ—Ä–º—É–ª–∞ 1 —Ä–æ–±–∏—Ç—å –í–ñ–ñ–ñ,https://uk.tgstat.com/channel/@formulaoneua,https://t.me/formulaoneua
–ê–≤—Ç–æ–ë–∞–∑–∞—Ä –ó–∞–ø–æ—Ä—ñ–∂–∂—è / –ê–≤—Ç–æ–†—ã–Ω–æ–∫ –ó–∞–ø–æ—Ä–æ–∂—å–µ,https://uk.tgstat.com/channel/@autobazar_zp,https://t.me/autobazar_zp
–¢—Ä–∞–Ω—Å–ø–æ—Ä—Ç –ú–∞—Ä–∏—É–ø–æ–ª—å,https://uk.tgstat.com/channel/@transport_Mariupola,https://t.me/transport_Mariupola
–í–æ–¥—ñ–π–∫–∏ üá∫üá¶,https://uk.tgstat.com/channel/@vodiiky,https://t.me/vodiiky
–ü–µ—Ä–µ–≤—ñ–∑–Ω–∏–∫ Dontcov-BEST RIDE‚ù£Ô∏è,https://uk.tgstat.com/channel/@perevozki_DONTCOV,https://t.me/perevozki_DONTCOV
perevozki.buzynskyi,https://uk.tgstat.com/channel/@buzinskiy,https://t.me/buzinskiy
üá∫üá¶ –ö–ò–á–í –ê–≤—Ç–æ –Ü–Ω—Ñ–æ|–ü–∞–ª—å–Ω–µ,https://uk.tgstat.com/channel/@Kiev_Avtoinfo_palne,https://t.me/Kiev_Avtoinfo_palne
–ê–≤—Ç–æ–ë–∞–∑–∞—Ä –ü–æ–ª—Ç–∞–≤–∞ / –ê–≤—Ç–æ–†—ã–Ω–æ–∫ –ü–æ–ª—Ç–∞–≤–∞,https://uk.tgstat.com/channel/@autobazar_poltava_ua,https://t.me/autobazar_poltava_ua
–ö–∏—ó–≤‚Ä¢–¢—Ä–∞—Ñ—ñ–∫,https://uk.tgstat.com/channel/@kyiv_traffic,https://t.me/kyiv_traffic
–ü—ñ–¥—Å–ª—É—Ö–∞–Ω–æ —É –≤–æ–¥—ñ—ó–≤|–ö–∏—ó–≤,https://uk.tgstat.com/channel/@pod_u_vod,https://t.me/pod_u_vod
–î–µ–ø–∞—Ä—Ç–∞–º–µ–Ω—Ç —Ç—Ä–∞–Ω—Å–ø–æ—Ä—Ç—É –î–ú–†,https://uk.tgstat.com/channel/@DepTrDMR,https://t.me/DepTrDMR
REZAR GROUP | Official,https://uk.tgstat.com/channel/@rezar_group_channel,https://t.me/rezar_group_channel
–õ—é–±–µ–ê–≤—Ç–æ,https://uk.tgstat.com/channel/@lubeavto,https://t.me/lubeavto
–ü–î–î —Ç–µ—Å—Ç,https://uk.tgstat.com/channel/@PDD_test_1,https://t.me/PDD_test_1
–£–∫—Ä–∞—ó–Ω—Å—å–∫—ñ —Ç–∞—á–∫–∏,https://uk.tgstat.com/channel/@tachki_ua,https://t.me/tachki_ua
–êc–æ—Ü—ñ–∞—Ü—ñ—è –º—ñ–∂–Ω–∞—Ä–æ–¥–Ω–∏—Ö –∞–≤—Ç–æ–º–æ–±—ñ–ª—å–Ω–∏—Ö –ø–µ—Ä–µ–≤—ñ–∑–Ω–∏–∫—ñ–≤ –£–∫—Ä–∞—ó–Ω–∏,https://uk.tgstat.com/channel/@asmap_ua,https://t.me/asmap_ua
OnTaxi - –æ—Ñ—ñ—Ü—ñ–π–Ω–∏–π –∫–∞–Ω–∞–ª,https://uk.tgstat.com/channel/@ontaxi_official,https://t.me/ontaxi_official
–û–Ω–ª–∞–π–Ω –∞–≤—Ç–æ—à–∫–æ–ª–∞ –ß–∞—Å,https://uk.tgstat.com/channel/@autoschoolonlinechas,https://t.me/autoschoolonlinechas
BESTEXPERT –ö–∞–Ω–∞–ª,https://uk.tgstat.com/channel/@bestexpertcomua,https://t.me/bestexpertcomua
üõ†–ê–≤—Ç–æ—Å–µ—Ä–≤–∏—Å –£–∫—Ä–∞–∏–Ω–∞,https://uk.tgstat.com/channel/@AutoServiceUA,https://t.me/AutoServiceUA
–†–æ–º–∞–Ω –†–æ–º–∞–Ω–æ–≤,https://uk.tgstat.com/channel/@romanovcctv,https://t.me/romanovcctv
FUGG ‚úô,https://uk.tgstat.com/channel/@fugg_DDD,https://t.me/fugg_DDD
–ê–≤—Ç–æ–¥–∏–ª–µ—Ä,https://uk.tgstat.com/channel/@autodealer_biz,https://t.me/autodealer_biz
–ê–í–¢–û –ú–ò–†,https://uk.tgstat.com/channel/@autoworld_ua,https://t.me/autoworld_ua
–í–ò–ö–ò–ù–ì —Å—Ç—Ä–∞—Ö–æ–≤–∫–∞,https://uk.tgstat.com/channel/@viking_strahovka,https://t.me/viking_strahovka
–ê–≤—Ç–æ–±–∞–∑–∞—Ä –•–º–µ–ª—å–Ω–∏—Ü—å–∫–∏–π,https://uk.tgstat.com/channel/@autobazarkhmelnytskyiua,https://t.me/autobazarkhmelnytskyiua
–ê–≤—Ç–æ–ë–∞–∑–∞—Ä –î–Ω—ñ–ø—Ä–æ | –ê–≤—Ç–æ–†—ã–Ω–æ–∫ –î–Ω–µ–ø—Ä,https://uk.tgstat.com/channel/@autobazardnepr,https://t.me/autobazardnepr
–û–ü –Ü–Ω—Å–ø–µ–∫—Ç–æ—Ä 24,https://uk.tgstat.com/channel/@opi_24,https://t.me/opi_24
–¢—Ä–∞–Ω—Å–ú–∏—Å—Å–∏—è,https://uk.tgstat.com/channel/@transmissiya_pro,https://t.me/transmissiya_pro
NVA-Motors,https://uk.tgstat.com/channel/@nvamotors,https://t.me/nvamotors
vin-car –∞–≤—Ç–æ –∑ –Ñ–≤—Ä–æ–ø–∏,https://uk.tgstat.com/channel/@fr_vin_car,https://t.me/fr_vin_car
–ê–≤—Ç–æ–ë–∞–∑–∞—Ä –ù—ñ–¥–µ—Ä–ª–∞–Ω–¥–∏üöòüõû,https://uk.tgstat.com/channel/@autobazar_nl,https://t.me/autobazar_nl
–ü–∞—Å–∞–∂–∏—Ä–∏ –ö–∏—î–≤–∞,https://uk.tgstat.com/channel/@kyivpassengers,https://t.me/kyivpassengers
–ü–î–î —Ç–µ—Å—Ç—ã,https://uk.tgstat.com/channel/@PDDtesty_1,https://t.me/PDDtesty_1
AGREGATOR PARK | –†–∞–±–æ—Ç–∞ –≤ –¢–∞–∫—Å–∏ –ö–∏–µ–≤üöñüá∫üá¶,https://uk.tgstat.com/channel/@agregatorpark2,https://t.me/agregatorpark2
–ü–î–† —Ç–µ—Å—Ç–∏ üá∫üá¶,https://uk.tgstat.com/channel/@test_pdr,https://t.me/test_pdr
–ê–≤—Ç–æ–±–∞–∑–∞—Ä –†—ñ–≤–Ω–µ | –ê–≤—Ç–æ–†—ã–Ω–æ–∫ –†–æ–≤–Ω–æ,https://uk.tgstat.com/channel/@autobazarrivneua,https://t.me/autobazarrivneua
–ú–∞—Ä—à—Ä—É—Ç 374 –ë—ñ–ª–æ–≥–æ—Ä–æ–¥–∫–∞-–í–î–ù–•,https://uk.tgstat.com/channel/@bilogorodka374,https://t.me/bilogorodka374
–†–æ–±–æ—Ç–∞ –≤ G Car –≤ –£–∫—Ä–∞—ó–Ω—ñ,https://uk.tgstat.com/channel/@jobinbolt,https://t.me/jobinbolt
Acars.ua - –ê–≤—Ç–æ —ñ–∑ –°–®–êüá∫üá∏,https://uk.tgstat.com/channel/@acarspro,https://t.me/acarspro
–¶–¢–°,https://uk.tgstat.com/channel/@cftsua,https://t.me/cftsua
–ê–≤—Ç–æ–ë–∞–∑–∞—Ä –•–∞—Ä–∫—ñ–≤ / –ê–≤—Ç–æ–†—ã–Ω–æ–∫ –•–∞—Ä—å–∫–æ–≤,https://uk.tgstat.com/channel/@autobazar_kharkiv,https://t.me/autobazar_kharkiv
–ê–≤—Ç–æ –∑ –°–®–ê,https://uk.tgstat.com/channel/@AlexMotors_USA,https://t.me/AlexMotors_USA
"–•–º–µ–ª—å–Ω–∏—Ü—å–∫–∏–π. –ü–∞–ª—å–Ω–µ | –î–∏–∑–µ–ª—å, –±–µ–Ω–∑–∏–Ω, –≥–∞–∑, –ø–∞–ª–∏–≤–æ, —Å–æ–ª—è—Ä–∫–∞ –Ω–∞ –ê–ó–° –•–º–µ–ª—å–Ω–∏—Ü—å–∫–æ–≥–æ",https://uk.tgstat.com/channel/@palne_khmelnytskyi,https://t.me/palne_khmelnytskyi
"–ë–µ–Ω–∑–∏–Ω —É –º.–ö–∏—ó–≤. –°–ø–æ–≤—ñ—â–µ–Ω–Ω—è Avias, ANP, WOG, OKKO, UPG, SOCAR, MOTTO, –ë–†–°–ú",https://uk.tgstat.com/channel/@Kyiv_AZS,https://t.me/Kyiv_AZS
–ê–≤—Ç–æ—Ä–∏–Ω–æ–∫ | –ù–æ–≤–∏–Ω–∏ | –ü—Ä–æ–¥–∞–∂–∞,https://uk.tgstat.com/channel/vG1zDLpJneMxY2Uy,https://t.me/joinchat/vG1zDLpJneMxY2Uy
–ê–≤—Ç–æ –∑ —Å—à–∞,https://uk.tgstat.com/channel/@Alex_Motors_USA,https://t.me/Alex_Motors_USA
Boss Auto Ukraine,https://uk.tgstat.com/channel/@bossautoukraine,https://t.me/bossautoukraine
AUTOGALLERY_official üöò —Ç—É—Ç –∏–Ω—Ç–µ—Ä–µ—Å–Ω–æ,https://uk.tgstat.com/channel/@Autogallery_official,https://t.me/Autogallery_official
–¢–µ—Å—Ç–∏ –ü–î–† –£–∫—Ä–∞—ó–Ω–∏ | manualov.net,https://uk.tgstat.com/channel/@manualov_net,https://t.me/manualov_net
MyBus,https://uk.tgstat.com/channel/@mybus_in_ua,https://t.me/mybus_in_ua
–ê–≤—Ç–æ—Ä–∏–Ω–æ–∫ CAR MARKET,https://uk.tgstat.com/channel/@car_market_ua,https://t.me/car_market_ua
Proton Bus Simulator MOD Feniks,https://uk.tgstat.com/channel/@PBSUmodu,https://t.me/PBSUmodu
–¢—Ä–∞–Ω—Å–ø–æ—Ä—Ç –ü–æ–ª—Ç–∞–≤–∏,https://uk.tgstat.com/channel/@transportpoltavy,https://t.me/transportpoltavy
–ê–í–¢–û–ë–ê–ó–ê–† –£–ö–†–ê–á–ù–ê,https://uk.tgstat.com/channel/@avtobazar_ukraina,https://t.me/avtobazar_ukraina
–ê–≤—Ç–æ–ø–∞—Ç—Ä—É–ª—å –ú–∞–π–¥–∞–Ω - –ø–∞–±–ª—ñ–∫ | Autopatrol Maidan,https://uk.tgstat.com/channel/@KyivMaidan,https://t.me/KyivMaidan
–ê–≤—Ç–æ–ü–µ—Ä–µ–∫—É–øUAüöõüööüõªüöôüèéüèçüá∫üá¶üá∫üá¶üá∫üá¶ –ü—Ä–æ–¥–∞–∂–∞-–ü–æ–∫—É–ø–∫–∞ –∞–≤—Ç–æ –∏ –∞–∫—Å–µ—Å—Å—É–∞—Ä–æ–≤ –ü—Ä–æ–¥–∞—Ç—å —Ç–∞—á–∫—É:üöôüòéü§ùüòéüíµ @Hetchserg,https://uk.tgstat.com/channel/@autoperekupUA,https://t.me/autoperekupUA
–ê–≥–µ–Ω—Ç—Å—Ç–≤–æ –≤—ñ–¥–Ω–æ–≤–ª–µ–Ω–Ω—è.–ù–æ–≤–∏–Ω–∏,https://uk.tgstat.com/channel/@UkravtodorNews,https://t.me/UkravtodorNews
–ê–≤—Ç–æ–±–∞–∑–∞—Ä –ß–µ—Ä–∫–∞—Å–∏ | –ê–≤—Ç–æ–†—ã–Ω–æ–∫ –ß–µ—Ä–∫–∞—Å—Å—ã,https://uk.tgstat.com/channel/@autobazarcherkasyua,https://t.me/autobazarcherkasyua
–¢–∞–º–æ–∂–Ω—è –¥–∞—ë—Ç –¥–æ–±—Ä–æ,https://uk.tgstat.com/channel/@customs_go_ahead,https://t.me/customs_go_ahead
Rivne_auto_baraholka,https://uk.tgstat.com/channel/@rivne_auto_baraholka,https://t.me/rivne_auto_baraholka
OTP Leasing Cars,https://uk.tgstat.com/channel/@otpleasingukraine,https://t.me/otpleasingukraine
–≠–õ–ò–¢ –ï–ö–°–ü–†–ï–°–°,https://uk.tgstat.com/channel/@elitekspress,https://t.me/elitekspress
Taxi Service - 50%,https://uk.tgstat.com/channel/@llcvipservice,https://t.me/llcvipservice
–ú–æ—Ç–æ—Ä–Ω–∏–π,https://uk.tgstat.com/channel/@motornyi_ua,https://t.me/motornyi_ua
–ë–∞–∑–∞ –∞–≤—Ç–æ–Ω–æ–º–µ—Ä–æ–≤ –£–∫—Ä–∞–∏–Ω—ã –∏ –Ω–µ —Ç–æ–ª—å–∫–æ,https://uk.tgstat.com/channel/@bazaavtonomerov,https://t.me/bazaavtonomerov
–¢–†–ê–ù–°–ü–û–†–¢ –ï–í–ê–ö–£–ê–¶–Ü–Ø/ –ü–ï–†–ï–ì–û–ù –ê–í–¢–û –í –Ñ–í–†–û–ü–£,https://uk.tgstat.com/channel/@UA_transport,https://t.me/UA_transport
–ü–∞–ª—å–Ω–µ –í—ñ–Ω–Ω–∏—Ü—è / –∞–∫—Ç—É–∞–ª—å–Ω–∞ —ñ–Ω—Ñ–æ—Ä–º–∞—Ü—ñ—è / –∞–≤—Ç–æ–¥–æ–ø–æ–º–æ–≥–∞,https://uk.tgstat.com/channel/@palne_vinn,https://t.me/palne_vinn
–ê–≤—Ç–æ–±–∞–∑–∞—Ä –°—É–º–∏ | –ê–≤—Ç–æ–†—ã–Ω–æ–∫ –°—É–º—ã,https://uk.tgstat.com/channel/@autobazarsumyua,https://t.me/autobazarsumyua
Likebus.UA,https://uk.tgstat.com/channel/@likebus_likebus,https://t.me/likebus_likebus
–ê–≤—Ç–æ–±—É—Å–Ω—ã–µ —Ä–µ–π—Å—ã –£–∫—Ä–∞–∏–Ω–∞-–†–§ | EasyLine,https://uk.tgstat.com/channel/@easyline_perevozki,https://t.me/easyline_perevozki
–ê–≤—Ç–æ–Ω—è–Ω—è - –≤—Å–µ –ø—Ä–æ –∞–≤—Ç–æ,https://uk.tgstat.com/channel/@autonyanyakharkiv,https://t.me/autonyanyakharkiv
–°–¢–û –ö–∏—ó–≤ | –ê–≤—Ç–æ—Ç–µ—Ö–Ω—ñ–∫,https://uk.tgstat.com/channel/@toplivoonlaine,https://t.me/toplivoonlaine
"–ê–≤–æ–º–æ–±–∏–ª–∏ –ø–æ–∫—É–ø–∫–∞, –ø—Ä–æ–¥–∞–∂–∞üíµ",https://uk.tgstat.com/channel/@miruavto,https://t.me/miruavto
üá∫üá¶ –ê–í–¢–û –ò—Å–ø–∞–Ω–∏—è - –∫–∞–Ω–∞–ª,https://uk.tgstat.com/channel/@AutoSpainUA,https://t.me/AutoSpainUA
OnTaxi –•–∞—Ä–∫—ñ–≤ Info,https://uk.tgstat.com/channel/@ontaxi_kh,https://t.me/ontaxi_kh
–ö–ê–†–°–§–†–û–ú–í–ï–°–¢ VIP,https://uk.tgstat.com/channel/@CARSFROMWEST_VIP,https://t.me/CARSFROMWEST_VIP
–ö–æ—Ä—Å–∞—Ä,https://uk.tgstat.com/channel/@korsar_vv,https://t.me/korsar_vv
–≠–í–ê–ö–£–ê–¢–û–†–´ –ü–ï–†–ï–í–û–ó–ö–ê –ê–í–¢–û,https://uk.tgstat.com/channel/@avtovozy2,https://t.me/avtovozy2
"–ú–∞—Ä—à—Ä—É—Ç 820, —Ä–æ–∑–∫–ª–∞–¥",https://uk.tgstat.com/channel/@marshrut820,https://t.me/marshrut820
–ê–≤—Ç–æ–±–∞–∑–∞—Ä –ö—Ä–æ–ø–∏–≤–Ω–∏—Ü—å–∫–∏–π | –ê–≤—Ç–æ–†—ã–Ω–æ–∫,https://uk.tgstat.com/channel/@autobazarkropyvnytskyiua,https://t.me/autobazarkropyvnytskyiua
–ù–∏–∂–µ —Ä—ã–Ω–∫–∞| –ù–∏–∂—á–µ —Ä–∏–Ω–∫—É| –ê–í–¢–û,https://uk.tgstat.com/channel/OWORfq61SsowOTBi,https://t.me/joinchat/OWORfq61SsowOTBi
"üöñ –¢–∞–∫—Å–∏ ""Online"" –≥. –õ—É–≥–∞–Ω—Å–∫",https://uk.tgstat.com/channel/@taxi_online_lg,https://t.me/taxi_online_lg
–õ—É–≥–∞–Ω—Å–∫–∏–π –í–æ–¥–∏—Ç–µ–ª—å,https://uk.tgstat.com/channel/@luganskdriver,https://t.me/luganskdriver
–ú–∏–Ω—Ç—Ä—É–¥ –õ–ù–†,https://uk.tgstat.com/channel/@mintrudlnr,https://t.me/mintrudlnr
LT Driver - –•–∞—Ä—å–∫–æ–≤,https://uk.tgstat.com/channel/@taxoidinfokharkiv,https://t.me/taxoidinfokharkiv
UBERDRIVE - Uber –ù–æ–≤–∏–Ω–∏,https://uk.tgstat.com/channel/@uberdrivecomua,https://t.me/uberdrivecomua
Yaskrava.com,https://uk.tgstat.com/channel/@yaskrava_com,https://t.me/yaskrava_com
TAXI838-—ñ–Ω—Ñ–æ—Ä–º–∞—Ü—ñ–π–Ω–∏–π –∫–∞–Ω–∞–ª –¥–ª—è –≤–æ–¥—ñ—ó–≤ –û–¥–µ—Å–∏,https://uk.tgstat.com/channel/@taxi838odessa,https://t.me/taxi838odessa
–ê–≤—Ç–æ–±–∞–∑–∞—Ä –ß–µ—Ä–Ω—ñ–≥—ñ–≤ | –ê–≤—Ç–æ–†—ã–Ω–æ–∫ –ß–µ—Ä–Ω–∏–≥–æ–≤,https://uk.tgstat.com/channel/@autobazarchernihivua,https://t.me/autobazarchernihivua
Dobrokar,https://uk.tgstat.com/channel/@dobrokar,https://t.me/dobrokar
–ê–≤—Ç–æ—Å—Ç–∞–Ω—Ü—ñ—ó –•–µ—Ä—Å–æ–Ω —Ç–∞ –æ–±–ª–∞—Å—Ç—å,https://uk.tgstat.com/channel/@kherson_bus,https://t.me/kherson_bus
–ê–≤—Ç–æ–±–∞–∑–∞—Ä –£–∫—Ä–∞—ó–Ω–∞ / –ü—Ä–æ–¥–∞–∂ –∞–≤—Ç–æ,https://uk.tgstat.com/channel/@sellautoukraine,https://t.me/sellautoukraine
üöé–ï–ª–µ–∫—Ç—Ä–æ–∞–≤—Ç–æ—Ç—Ä–∞–Ω—Å –°—É–º–∏üöé,https://uk.tgstat.com/channel/@electroavtotrans_sumy,https://t.me/electroavtotrans_sumy
¬´EURO CARS¬ª –ü–†–ò–ì–û–ù –ê–í–¢–û üá∫üá¶,https://uk.tgstat.com/channel/@top_cars_prigon,https://t.me/top_cars_prigon
–°–¢–û–∞–º–ø–µ—Ä - –æ—Ä–µ–Ω–¥–∞ –ø—Ä–æ–∫–∞—Ç —î–ª–µ–∫—Ç—Ä–æ–≤–µ–ª–æ—Å–∏–ø–µ–¥–∞ –ö–∏—ó–≤,https://uk.tgstat.com/channel/@arendaveloktiv,https://t.me/arendaveloktiv
depo.vn.ua - –Ω–æ–≤–∏–Ω–∏ —Ç—Ä–∞–Ω—Å–ø–æ—Ä—Ç—É –º. –í—ñ–Ω–Ω–∏—Ü—è,https://uk.tgstat.com/channel/@depovnua,https://t.me/depovnua
–ï–ª–µ–∫—Ç—Ä–æ –∑ –ù–æ—Ä–≤–µ–≥—ñ—ó —Ç–∞ –ö–∏—Ç–∞—é. AdvisorAuto,https://uk.tgstat.com/channel/@advisorautochina,https://t.me/advisorautochina
–ö—Ä–∏–ª–∞ - —É—Å–µ –ø—Ä–æ —É–∫—Ä–∞—ó–Ω—Å—å–∫—É –∞–≤—ñ–∞—Ü—ñ—é,https://uk.tgstat.com/channel/@wingcomua,https://t.me/wingcomua
–ú–∞—Ä–∏—É–ø–æ–ª—å. –ì—Ä—É–∑–æ–≤–æ–µ —Ç–∞–∫—Å–∏. Helper,https://uk.tgstat.com/channel/@helper_m,https://t.me/helper_m
TAXI 838 –•–∞—Ä–∫—ñ–≤ - —ñ–Ω—Ñ–æ—Ä–º–∞—Ü—ñ–π–Ω–∏–π –∫–∞–Ω–∞–ª –¥–ª—è –≤–æ–¥—ñ—ó–≤,https://uk.tgstat.com/channel/@taxi838kh,https://t.me/taxi838kh
–Ø –±—É–¥—É—é –°–¢–û (–ë–ª–æ–≥ –∞–≤—Ç–æ–º–µ—Ö–∞–Ω—ñ–∫–∞),https://uk.tgstat.com/channel/@blogmeh,https://t.me/blogmeh
Triolan Zhukovsky,https://uk.tgstat.com/channel/@Zhukovsky_kh,https://t.me/Zhukovsky_kh
–ê–í–¢–û–†–´–ù–û–ö | PARKGARAGE | UA | –£–∫—Ä–∞–∏–Ω–∞üá∫üá¶ | –ê–í–¢–û–ë–ê–ó–ê–†,https://uk.tgstat.com/channel/@parkgarageAUTO_ua,https://t.me/parkgarageAUTO_ua
HOMEPORT,https://uk.tgstat.com/channel/@homeportcompany,https://t.me/homeportcompany
–•–∞—Ä—å–∫–æ–≤ –∞–≤—Ç–æ –Ω–æ–≤–æ—Å—Ç–∏ üèÅ –•–ê–ù,https://uk.tgstat.com/channel/@hankh1,https://t.me/hankh1
–¢–æ–ø–ñ–∏—Ä,https://uk.tgstat.com/channel/@topgircomua,https://t.me/topgircomua
JDM-drift musicüî∞,https://uk.tgstat.com/channel/@jdmdriftlove,https://t.me/jdmdriftlove
–£–∫—Ä–ê–≤—Ç–æ–ø—Ä–æ–º,https://uk.tgstat.com/channel/@ukrautoprom,https://t.me/ukrautoprom
–§–∏–ª—å–º—ã | –°–µ—Ä–∏–∞–ª—ã | –¢—Ä–µ–π–ª–µ—Ä—ã üçøüé¨,https://uk.tgstat.com/channel/@kinovision_official,https://t.me/kinovision_official
Auto Union - –ê–≤—Ç–æ –∑ üá∫üá∏üá®üá¶üá≥üá¥üá®üá≥,https://uk.tgstat.com/channel/@automobilusa,https://t.me/automobilusa
–ê–≤—Ç–æ –¥–ª—è –ó–°–£,https://uk.tgstat.com/channel/@avto_zsu,https://t.me/avto_zsu
Pitbull Lviv - –∫–∞–Ω–∞–ª –ø—Ä–æ 130—ñ,https://uk.tgstat.com/channel/@pitbull_lviv_130,https://t.me/pitbull_lviv_130
–ü—Ä–æ–∫–∞—Ç –∞–≤—Ç–æ | –û—Ä–µ–Ω–¥–∞ | –í–∏–∫—É–ø | –ö–∏—ó–≤üá∫üá¶,https://uk.tgstat.com/channel/@arenda_avtoKievLvov,https://t.me/arenda_avtoKievLvov
–ü–æ–≤–æ—Ä–æ—Ç–Ω–∏–∫ | –ü–æ—è—Å–Ω–µ–Ω–Ω—è,https://uk.tgstat.com/channel/@povorotnik_poyasnennya,https://t.me/povorotnik_poyasnennya
ü•áVIP AUTO UAüá∫üá¶,https://uk.tgstat.com/channel/@vip_auto_ua,https://t.me/vip_auto_ua
–í –ê–≤—Ç–æ–ú–∏—Ä–µ,https://uk.tgstat.com/channel/@VAvtoMire,https://t.me/VAvtoMire
–ü—Ä–æ–ú–æ–±—ñ–ª—å–Ω—ñ—Å—Ç—å,https://uk.tgstat.com/channel/@pro_mobility,https://t.me/pro_mobility
CTL-UZ,https://uk.tgstat.com/channel/@ctl_uz,https://t.me/ctl_uz
Turboavia,https://uk.tgstat.com/channel/@turboavia,https://t.me/turboavia
Metro Dnipro,https://uk.tgstat.com/channel/@metrodp,https://t.me/metrodp
–£–ø—Ä–∞–≤–∞ –ö–ü–¢,https://uk.tgstat.com/channel/@kpt_management,https://t.me/kpt_management
LuxWash_–Ø–≥–æ—Ç–∏–Ω,https://uk.tgstat.com/channel/@Avtomyika_Yagotyn,https://t.me/Avtomyika_Yagotyn
üöå –ï–≤–∞–∫—É–∞—Ü—ñ—è: –°–ª–∞–≤—É—Ç–∏—á-—Ç—Ä–∞–Ω–∑–∏—Ç,https://uk.tgstat.com/channel/@vyjizd,https://t.me/vyjizd
üá∫üá∏Buy_auto_parts|–ê–≤—Ç–æ –∏–∑ –°–®–ê,https://uk.tgstat.com/channel/@USA_AVTO,https://t.me/USA_AVTO
‚õΩÔ∏è Kyiv Gas updates,https://uk.tgstat.com/channel/@kyivgasupdates,https://t.me/kyivgasupdates
Kyiv City Express (–∫—ñ–ª—å—Ü–µ–≤–∞ –µ–ª–µ–∫—Ç—Ä–∏—á–∫–∞),https://uk.tgstat.com/channel/@kyivcityexpress,https://t.me/kyivcityexpress
üá∫üá¶ –ê–≤—Ç–æ—Ä–∏–Ω–æ–∫ | –ö–∏—ó–≤,https://uk.tgstat.com/channel/@avto_ll,https://t.me/avto_ll
–ö–ª—É–± –ê–≤—Ç–æ –£–∫—Ä–∞—ó–Ω—Ü—ñ–≤,https://uk.tgstat.com/channel/wRxT685nDe81NjMy,https://t.me/joinchat/wRxT685nDe81NjMy
Bolt‚ö°–û–¥–µ—Å–∞,https://uk.tgstat.com/channel/@bolt_odesa,https://t.me/bolt_odesa
–ê–≤—Ç–æ—Ä—ã–Ω–æ–∫ –•–∞—Ä—å–∫–æ–≤/–£–∫—Ä–∞–∏–Ω–∞üá∫üá¶,https://uk.tgstat.com/channel/@khautokh,https://t.me/khautokh
LT Driver - –ö—Ä–∏–≤–æ–π –†–æ–≥,https://uk.tgstat.com/channel/@taxoidinfokrivojrog,https://t.me/taxoidinfokrivojrog
SANT‚ÄôVPV,https://uk.tgstat.com/channel/6NukHEc02LNhMGVi,https://t.me/joinchat/6NukHEc02LNhMGVi
Dexpens,https://uk.tgstat.com/channel/@dexpens,https://t.me/dexpens
autobazarüá∫üá¶,https://uk.tgstat.com/channel/@autobazarif,https://t.me/autobazarif
Gunsel Lines | –æ—Ñ—ñ—Ü—ñ–π–Ω–∏–π –∫–∞–Ω–∞–ª,https://uk.tgstat.com/channel/@gunsel_lines,https://t.me/gunsel_lines
–í–°–ï–ì–î–ê –ï–îEM,https://uk.tgstat.com/channel/@vsegdaedem,https://t.me/vsegdaedem
–ê–í–ê–†–Ü–ô–ö–ê,https://uk.tgstat.com/channel/w2c6XzPNzQs5OWIy,https://t.me/joinchat/w2c6XzPNzQs5OWIy
–ê–≤—Ç–æ–±–∞–∑–∞—Ä –•–µ—Ä—Å–æ–Ω | –ê–≤—Ç–æ–†—ã–Ω–æ–∫,https://uk.tgstat.com/channel/@autobazarkhersonua,https://t.me/autobazarkhersonua
CarFinder | –ú–æ–≤–∏—Ç—å Crew ü´°,https://uk.tgstat.com/channel/@CarFinder_UA,https://t.me/CarFinder_UA
–ó–∞–∫—Ä–∏—Ç–∞ –í–µ–ª–æ–º–∞–π—Å—Ç–µ—Ä–Ω—è,https://uk.tgstat.com/channel/@vasilebike,https://t.me/vasilebike
TAXI838 –õ—å–≤—ñ–≤ - —ñ–Ω—Ñ–æ—Ä–º–∞—Ü—ñ–π–Ω–∏–π –∫–∞–Ω–∞–ª –¥–ª—è –≤–æ–¥—ñ—ó–≤,https://uk.tgstat.com/channel/@lviv838,https://t.me/lviv838
–î–æ–ø–æ–º–æ–≥–∞ –î—Ä–∞–π–≤–µ—Ä –ß–µ—Ä–Ω—ñ–≤—Ü—ñ (–±–µ–∑ —Ä–µ–∫–ª–∞–º–∏),https://uk.tgstat.com/channel/@helpdriverchernivtsi,https://t.me/helpdriverchernivtsi
Kofenews! –£–∫—Ä–∞—ó–Ω–∞ –ø–æ–Ω–∞–¥ —É—Å–µ! –ë—É–¥—å –∑–∞–≤–∂–¥–∏ –≤–∫—É—Ä—Å—ñ –ø–æ–¥—ñ–π!,https://uk.tgstat.com/channel/@kofenews,https://t.me/kofenews
"–ü–µ—Ä–µ–≤–æ–∑–∫–∏ –ì–µ—Ä–º–∞–Ω–∏—è, –£–∫—Ä–∞–∏–Ω–∞, –ï–°",https://uk.tgstat.com/channel/@zpdrperevozki,https://t.me/zpdrperevozki
üá∫üá¶ ‚≤Ä‚≤É‚≤ß‚≤ü‚≤ò‚≤ü‚≤ß‚≤ü ‚≤£‚≤©‚≤≠ ‚≤®‚≤ï‚≤£‚≤Å—ó‚≤èœÖ üá∫üá¶,https://uk.tgstat.com/channel/@SfX3Nd5E9G4sfQDq,https://t.me/SfX3Nd5E9G4sfQDq
–ú–æ—Ç–æ—Å–∞–ª–æ–Ω –ë–ª–æ–∫–±–∞—Å—Ç–µ—Ä–ú–æ—Ç–æ,https://uk.tgstat.com/channel/@rmotocomua,https://t.me/rmotocomua
–Ü–Ω—Å—Ç–∏—Ç—É—Ç –¥–æ—Å–ª—ñ–¥–∂–µ–Ω—å –∞–≤—Ç–æ—Ä–∏–Ω–∫—É,https://uk.tgstat.com/channel/@eauto1,https://t.me/eauto1
üöï–¢–ê–ö–°–ò -50%üöï,https://uk.tgstat.com/channel/@boltservice1,https://t.me/boltservice1
–ê–≤—Ç–æ–±–∞–∑–∞—Äüá∫üá¶ Monarch avto,https://uk.tgstat.com/channel/@avto_bazar_ua_avtobazarr,https://t.me/avto_bazar_ua_avtobazarr
–ñ–∞–≥–∞ –®–≤–∏–¥–∫–æ—Å—Ç—ñ,https://uk.tgstat.com/channel/@nfskarting,https://t.me/nfskarting
–ê—É–¥—ñ –¶–µ–Ω—Ç—Ä –í—ñ–ø–æ—Å,https://uk.tgstat.com/channel/@Audi_VIPOS,https://t.me/Audi_VIPOS
–ê–≤—Ç–æ –∏–∑ –°–®–ê,https://uk.tgstat.com/channel/@usgeautoimport1,https://t.me/usgeautoimport1
–ï–ª–µ–∫—Ç—Ä–æ–º–æ–±—ñ–ª—ñ –∑ –ö–∏—Ç–∞—é autoelectro.ua,https://uk.tgstat.com/channel/@autoelectro_ev,https://t.me/autoelectro_ev
F1 with RBKValentineüèéüá∫üá¶,https://uk.tgstat.com/channel/@f1RBKValentine,https://t.me/f1RBKValentine
–ê–≤—Ç–æ–±–∞–∑–∞—Ä | Autobazar_Ukraina,https://uk.tgstat.com/channel/@autobazar_ukrayina,https://t.me/autobazar_ukrayina
"–û—Ä–µ–Ω–¥–∞ / –ø—Ä–æ–¥–∞–∂ –∫–≤–∞—Ä—Ç–∏—Ä –ö–∏—ó–≤ —Ç–∞ –æ–±–ª–∞—Å—Ç—å, —à—É–∫–∞—é –∂–∏—Ç–ª–æ –∫–≤–∞—Ä—Ç–∏—Ä—É, –±—É–¥–∏–Ω–æ–∫. –ö—É–ø–ª—é –ø—Ä–æ–¥–∞–º / –ê—Ä–µ–Ω–¥–∞ –ö–∏–µ–≤",https://uk.tgstat.com/channel/@OPEHDA,https://t.me/OPEHDA
Perevozka,https://uk.tgstat.com/channel/@perevozka_kanal,https://t.me/perevozka_kanal
–í–ö-–¢—É—Ä,https://uk.tgstat.com/channel/@vktour_chernivtsi,https://t.me/vktour_chernivtsi
AVTO UKRAINE,https://uk.tgstat.com/channel/@avto_ukraine_sale,https://t.me/avto_ukraine_sale
–ê—Ä–µ–Ω–¥–∞ | –ê–≤—Ç–æ –î–ù–† ( –î–æ–Ω–µ—Ü–∫ ) | –í—ã–∫—É–ø,https://uk.tgstat.com/channel/@dq_rent,https://t.me/dq_rent
AutoPark EXPORT,https://uk.tgstat.com/channel/@AutoParkExport,https://t.me/AutoParkExport
Responder Delivery,https://uk.tgstat.com/channel/@responderdelivery,https://t.me/responderdelivery
LuxWash_–°—Ç–æ—è–Ω–∫–∞,https://uk.tgstat.com/channel/@Avtomyika_Stoyanka,https://t.me/Avtomyika_Stoyanka
–¢—ñ–ø-–¢–æ–ø –°–µ—Ä–≤—ñ—Å. –ú–µ—Ä–µ–∂–∞ —à–∏–Ω–Ω–∏—Ö —Ü–µ–Ω—Ç—Ä—ñ–≤.,https://uk.tgstat.com/channel/@tiptopserviceua,https://t.me/tiptopserviceua
CargoAppUA - –ü–æ—à—É–∫ –≤–∞–Ω—Ç–∞–∂—É —Ç–∞ —Ç—Ä–∞–Ω—Å–ø–æ—Ä—Ç—É,https://uk.tgstat.com/channel/TNPfRNmX8JHwNNcC,https://t.me/joinchat/TNPfRNmX8JHwNNcC
–ê–≤—Ç–æ–ë–∞–∑–∞—Ä –ö–æ–≤–µ–ª—å,https://uk.tgstat.com/channel/@robota_in_lutsk,https://t.me/robota_in_lutsk
Bikeday.Kyiv –í–µ–ª–æ–¥–µ–Ω—å –≤ –ö–∏—î–≤—ñ,https://uk.tgstat.com/channel/@BikedayKyiv,https://t.me/BikedayKyiv
MAINLINER,https://uk.tgstat.com/channel/@hw_mainliner_ua,https://t.me/hw_mainliner_ua
–°–µ–∫—Ä–µ—Ç—ã ADR,https://uk.tgstat.com/channel/@adrsecrets,https://t.me/adrsecrets
AUTOPAPA24 / –∞–≤—Ç–æ –∑ –Ñ–≤—Ä–æ–ø–∏/ –∞–≤—Ç–æ –∑ –ì—Ä—É–∑—ñ—ó /CARS24 /cars from Europe 24/ cars from Georgia üá¨üá™ /cars from Lithuania/SlavaCars24,https://uk.tgstat.com/channel/@cars2424,https://t.me/cars2424
–ê–≤—Ç–æ—Ä–∏–Ω–æ–∫ –£–∫—Ä–∞—ó–Ω–∏,https://uk.tgstat.com/channel/AAAAAE31w30vzlfl4fyiHw,https://t.me/joinchat/AAAAAE31w30vzlfl4fyiHw
Autogeek,https://uk.tgstat.com/channel/@autogeek,https://t.me/autogeek
AUTO from USA üöò,https://uk.tgstat.com/channel/@Autofromusa1,https://t.me/Autofromusa1
–ï–≤–∞–∫—É–∞—Ç–æ—Ä –£–∫—Ä–∞—ó–Ω–∞ üá∫üá¶,https://uk.tgstat.com/channel/@evik_vin_ukraine,https://t.me/evik_vin_ukraine
–°–¢–û–ö –ê–ö–ë üöò üîã,https://uk.tgstat.com/channel/@akbakciya,https://t.me/akbakciya
–ê–≤–∏–∞—Ü–∏—è –æ—Ä–∫–æ–≤,https://uk.tgstat.com/channel/@kilsvb,https://t.me/kilsvb
For-driver.info,https://uk.tgstat.com/channel/@ForDriverInfo,https://t.me/ForDriverInfo
SONMAX AUTO,https://uk.tgstat.com/channel/@sonmaxauto,https://t.me/sonmaxauto
–í–æ–¥—ñ—ó —Ç–∞ –ø–∞—Å–∞–∂–∏—Ä–∏ üá∫üá¶ ‚áÑ üá™üá∫,https://uk.tgstat.com/channel/@poputchik_sharry,https://t.me/poputchik_sharry
–ë–µ–∑–≤—ñ–∑–æ–≤–∞ –≤–µ–ª–æ–ø–æ–¥–æ—Ä–æ–∂ Bike UA to EU,https://uk.tgstat.com/channel/@bikeua2eu,https://t.me/bikeua2eu
üöó–ê–≤—Ç–æ–Ø—Ä–º–∞—Ä–æ–∫üçÄ–£–∫—Ä–∞—ó–Ω–∞ üá∫üá¶,https://uk.tgstat.com/channel/@AutoYarmarokUkraina,https://t.me/AutoYarmarokUkraina
Classy Cars,https://uk.tgstat.com/channel/@ClassyCars,https://t.me/ClassyCars
–¢–û–ü–õ–ò–í–û –ö–ò–ï–í/–ö–ò–á–í –ü–ê–õ–¨–ù–ï/–î–¢/–ì–ê–ó,https://uk.tgstat.com/channel/@kyiv_oil,https://t.me/kyiv_oil
–ê–≤—Ç–æ–ø—Ä–æ–¥–∞–∂–∏ USA,https://uk.tgstat.com/channel/@auto_sales_usa,https://t.me/auto_sales_usa
–ê–≤—Ç–æ –ë–∞–∑–∞—Ä –û–¥–µ—Å—Å–∞,https://uk.tgstat.com/channel/@avto_bazar_od,https://t.me/avto_bazar_od
–ü–∞–ª–∏–≤–æ –≤ –£–∫—Ä–∞—ó–Ω–∏. –ë–µ–Ω–∑–∏–Ω. –î–∏–∑–µ–ª—å. –ì–∞–∑,https://uk.tgstat.com/channel/@DriverServiceUAInfo,https://t.me/DriverServiceUAInfo
–ê–≤—Ç–æ–î—ñ–º - –î–æ 1000$ | –ê–≤—Ç–æ–ë–∞–∑–∞—Ä | –ê–≤—Ç–æ–ü—Ä–æ–¥–∞–∂–∞ | –ö—É–ø—ñ–≤–ª—è –ü—Ä–æ–¥–∞–∂ –∞–≤—Ç–æ,https://uk.tgstat.com/channel/@autodim_do1000,https://t.me/autodim_do1000
"Avtobotanik - —Å–µ—Ä—Ç–∏—Ñ—ñ–∫–∞—Ü—ñ—è –∞–≤—Ç–æ —ñ–∑ –°–®–ê, –ì—Ä—É–∑—ñ—ó, –ö–æ—Ä–µ—ó, –Ñ–≤—Ä–æ–ø–∏",https://uk.tgstat.com/channel/@avtobotanik_UA,https://t.me/avtobotanik_UA
–ê–≤—Ç–æ –ë—Ä–∞—à–æ–≤,https://uk.tgstat.com/channel/@auto_brasov,https://t.me/auto_brasov
üö¶–ù–∞ –ó–ê–ü–†–ê–í–ö–ï!üö¶–¢–æ–ø–ª–∏–≤–æ - –ê–≤—Ç–æ–ù–æ–≤–æ—Å—Ç–∏ - –¢–µ—Å—Ç—ã –ü–î–î - –ê–≤—Ç–æ–Æ–º–æ—Ä.,https://uk.tgstat.com/channel/@na_zapravke,https://t.me/na_zapravke
bilstein group,https://uk.tgstat.com/channel/@bilstein_group,https://t.me/bilstein_group
–Æ—Ä–∏–¥–∏—á–Ω–∏–π –•–∞–±,https://uk.tgstat.com/channel/@IAdvokatt,https://t.me/IAdvokatt
Umbrella Corporation,https://uk.tgstat.com/channel/@the_golden_bike,https://t.me/the_golden_bike
Jaguar Land Rover –ö–∏—ó–≤ –ó–∞—Ö—ñ–¥,https://uk.tgstat.com/channel/@jlrkyivwest,https://t.me/jlrkyivwest
–û–¥–µ—Å—Å–∞ - –ö–æ–Ω—Å—Ç–∞–Ω—Ü–∞ - –û–¥–µ—Å—Å–∞,https://uk.tgstat.com/channel/@odessa_constanta,https://t.me/odessa_constanta
–ê–†–õ–ï–ö–Ü–ù,https://uk.tgstat.com/channel/@arlekinua,https://t.me/arlekinua
–ö–∞–Ω–∞–ª,https://uk.tgstat.com/channel/@PLvakansii,https://t.me/PLvakansii
BMW Kharkiv,https://uk.tgstat.com/channel/@bavariakharkov,https://t.me/bavariakharkov
–ì—ñ–¥—Ä–∞–≤–ª—ñ–∫–∞ HYDROMARKET,https://uk.tgstat.com/channel/@hydromarketua,https://t.me/hydromarketua
–ê–≤—Ç–æ–º–∞–Ω–∏—è,https://uk.tgstat.com/channel/@automaniak,https://t.me/automaniak
–ü–µ—Ä–µ–≤–æ–∑–∫–∏ –ò–∑—é–º üöõüöåüöñ,https://uk.tgstat.com/channel/@perevozki_izyum,https://t.me/perevozki_izyum
üöñ –¢–∞–∫—Å—ñ –°–µ—Ä–≤—ñ—Å (–Ω–æ–≤–∏–Ω–∏) üöñ –í—Å–µ –Ω–æ–≤–æ—Å—Ç–∏ —Ç–∞–∫—Å–∏ –£–∫—Ä–∞–∏–Ω—ã,https://uk.tgstat.com/channel/@taxiserviceua,https://t.me/taxiserviceua
AVTOSTIMULL,https://uk.tgstat.com/channel/@avtostimull,https://t.me/avtostimull
–†–µ—Ç—Ä–æ–∞–≤—Ç–æ–º–æ–±–∏–ª–∏ –º–∏—Ä–∞,https://uk.tgstat.com/channel/@world_retro_autos,https://t.me/world_retro_autos
–ö–õ–£–ë –ú–û–†–Ø–ö–û–í ‚öìÔ∏è –ú–û–†–°–ö–ò–ï –î–û–ö–£–ú–ï–ù–¢–´ üá∫üá¶,https://uk.tgstat.com/channel/@club_moriakov_ua,https://t.me/club_moriakov_ua
–ê–≤—Ç–æ–±—É—Å üöê (–ù—ñ–∂–∏–Ω - –ö–∏—ó–≤)( –ö–∏—ó–≤- –ù—ñ–∂–∏–Ω),https://uk.tgstat.com/channel/@busnizhyn,https://t.me/busnizhyn
Cars24 - –ê–≤—Ç–æ –∑ –°–®–ê —Ç–∞ –ö–∏—Ç–∞—é,https://uk.tgstat.com/channel/@cars24ua,https://t.me/cars24ua
AUTO CHILL UA,https://uk.tgstat.com/channel/@uaaig,https://t.me/uaaig
"StarCars ‚öôÔ∏è –ê–≤—Ç–æ —ñ–∑ –°–®–ê, –ö–∞–Ω–∞–¥–∏ —Ç–∞ –ö–æ—Ä–µ—ó",https://uk.tgstat.com/channel/@starcarsauto,https://t.me/starcarsauto
KITAEC.UA,https://uk.tgstat.com/channel/@kitaecUA,https://t.me/kitaecUA
Drive5 | –ù–æ–≤–∏–Ω–∏ | –ê–≤—Ç–æ,https://uk.tgstat.com/channel/SDV7rbBOVQo1N2M6,https://t.me/joinchat/SDV7rbBOVQo1N2M6
üá∫üá¶ –£–∫—Ä–∞—ó–Ω—Å—å–∫–∏–π –ê–≤—Ç–æ—Ä–∏–Ω–æ–∫,https://uk.tgstat.com/channel/@ua_auto_market,https://t.me/ua_auto_market
#DFLfest | –≤–æ–ª–æ–Ω—Ç–µ—Ä—Å—å–∫–∏–π —ñ–Ω—Ñ–æ—Ü–µ–Ω—Ç—Ä,https://uk.tgstat.com/channel/@dflfest,https://t.me/dflfest
–û–õ–ï–ù–Ü –ó–ê –ö–ï–†–ú–û–ú üíôüíõüá∫üá¶,https://uk.tgstat.com/channel/@olenifany,https://t.me/olenifany
"–ê—Ä–µ–Ω–¥–∞ (–≤—ã–∫—É–ø) –∞–≤—Ç–æ –ø–æ–¥ —Ç–∞–∫—Å–∏ –ö–∏–µ–≤, –£–∫—Ä–∞–∏–Ω–∞ ‚Ä¢ –û—Ä–µ–Ω–¥–∞ –∞–≤—Ç–æ –ø—ñ–¥ —Ç–∞–∫—Å—ñ",https://uk.tgstat.com/channel/@arendataxiua,https://t.me/arendataxiua
WestAuto - –ê–≤—Ç–æ –∏–∑ –°–®–ê —Å –≤—ã–≥–æ–¥–æ–π –¥–æ 40%,https://uk.tgstat.com/channel/@westauto,https://t.me/westauto
–¢—Ä–∞–Ω—Å–ø–æ—Ä—Ç–Ω–∞ —ñ—Å—Ç–æ—Ä—ñ—è –£–∫—Ä–∞—ó–Ω–∏,https://uk.tgstat.com/channel/@transporthistoryua,https://t.me/transporthistoryua
emobilis,https://uk.tgstat.com/channel/@emobilisco,https://t.me/emobilisco
–õ—é–±–µ –ê–≤—Ç–æ –•–º–µ–ª—å–Ω–∏—Ü—å–∫–∏–π. –ê–≤—Ç–æ –∑ –°–®–ê,https://uk.tgstat.com/channel/@lubeavtokhm,https://t.me/lubeavtokhm
–ë–ï–°–¢-–®–ò–ù–ê,https://uk.tgstat.com/channel/@BestshinaOdessa,https://t.me/BestshinaOdessa
–ì–ê–†–ú–ê–¢–ê –ù–ê–¶–Ü–á,https://uk.tgstat.com/channel/@garmatanew,https://t.me/garmatanew
–®–∏–Ω–Ω–∏–π —Ü–µ–Ω—Ç—Ä –ì–æ—Ä–æ–®–∏–Ω–∞,https://uk.tgstat.com/channel/@goroshinashina,https://t.me/goroshinashina
"–û–π, —á–∏–π —Ç–æ –∫—ñ–Ω—å —Å—Ç–æ—ó—Ç—å? | –£–∫—Ä–∞—ó–Ω–æ–º–æ–≤–Ω–∏–π –∞–≤—Ç–æ–∫–æ–Ω—Ç–µ–Ω—Ç üê¥",https://uk.tgstat.com/channel/@horsepowered,https://t.me/horsepowered
–ü–î–î —Ç–µ—Å—Ç—ã,https://uk.tgstat.com/channel/@PDDtesty_101,https://t.me/PDDtesty_101
AutoCenterGroup,https://uk.tgstat.com/channel/@autocenterusa,https://t.me/autocenterusa
–≠–ª–µ–∫—Ç—Ä–æ–º–æ–±–∏–ª–∏ –∏–∑ –ö–∏—Ç–∞—è üöôeautoÔ∏èÔ∏è üá∫üá¶–£–ö–†–ê–ò–ù–ê üá∫üá∏–°–®–êÔ∏è Ô∏è,https://uk.tgstat.com/channel/@eauto_trade,https://t.me/eauto_trade
–ü–æ–¥–≤–µ–∑–∏ –ú–µ–¥–∏–∫–æ–≤ –¥–ª—è –í–°–£ / –ó–∞—â–∏—Ç–∏ –î–ù–ï–ü–†,https://uk.tgstat.com/channel/@helpmymedic,https://t.me/helpmymedic
üá∫üá¶–¢—Ä–∞–Ω—Å–ø–æ—Ä—Ç–Ω—ñ –Ω–æ–≤–∏–Ω–∏,https://uk.tgstat.com/channel/@Gdtransport,https://t.me/Gdtransport
–ü–î–î –∏ –¥–æ—Ä–æ–∂–Ω—ã–µ –ø—Ä–æ–∏—Å—à–µ—Å—Ç–≤–∏—è,https://uk.tgstat.com/channel/@pdd_doroga,https://t.me/pdd_doroga
"#–ì–ë–ö #–í–µ—Ä—Å—Ç–∞—Ç-7, #–ì–°–ö #–°—Ç–∞–Ω–æ–∫ 7, #–û–ö #–ì–ö #–í–ï–†–°–¢–ê–¢7 (–ì–ê–†–ê–ñ–Ü), üöóüöïüöôüõªüõ∫üöòüöñ",https://uk.tgstat.com/channel/@Stanok7,https://t.me/Stanok7
Auto Club Planet üåé,https://uk.tgstat.com/channel/@autoplanetua,https://t.me/autoplanetua
–î–Ω–µ–ø—Ä –ë–ï–ó –ø–∞—Ä–∫–æ–≤–æ–∫,https://uk.tgstat.com/channel/@noparkingdp,https://t.me/noparkingdp
–ü–ª–∞—Å—Ç —É —Å–≤—ñ—Ç—ñ,https://uk.tgstat.com/channel/@plastww,https://t.me/plastww
Logistics Partner Ukraine,https://uk.tgstat.com/channel/@logisticscommunity,https://t.me/logisticscommunity
–ê–≤—Ç–æ –ø–æ –Ω–∏–∑—É —Ä–∏–Ω–∫—É –£–∫—Ä–∞—ó–Ω–∞,https://uk.tgstat.com/channel/@naydeshevshiavto,https://t.me/naydeshevshiavto
Avto_Bazar.ua,https://uk.tgstat.com/channel/@AVTOBAZARreklama,https://t.me/AVTOBAZARreklama
–ü–î–î | –ü—Ä–∞–≤–∏–ª–∞ –î–æ—Ä–æ–∂–Ω–æ–≥–æ –î–≤–∏–∂–µ–Ω–∏—è,https://uk.tgstat.com/channel/@PDD_101,https://t.me/PDD_101
JAGUAR LAND ROVER –û–î–ï–°–ê,https://uk.tgstat.com/channel/@jlrodessa,https://t.me/jlrodessa
–ê–≤—Ç–æ–î—ñ–º - –°—É–º–∏ | –ê–≤—Ç–æ–ë–∞–∑–∞—Ä | –ê–≤—Ç–æ–ü—Ä–æ–¥–∞–∂–∞ | –ö—É–ø—ñ–≤–ª—è –ü—Ä–æ–¥–∞–∂ –∞–≤—Ç–æ,https://uk.tgstat.com/channel/@autodim_sumy,https://t.me/autodim_sumy
–î–∏–∑–µ–ª—å–Ω–µ –ü–∞–ª—å–Ω–µ –î–Ω—ñ–ø—Ä–æ,https://uk.tgstat.com/channel/@FuelUpDnipro,https://t.me/FuelUpDnipro
–ì–∞—Ä–∞–Ω—Ç. –í—ã–µ–∑–¥ –≤ –ï–°,https://uk.tgstat.com/channel/@Garant_Viezd,https://t.me/Garant_Viezd
JDM ‚Ä¢ DRIFT ‚Ä¢ CLASSIC ‚Ä¢ CARS,https://uk.tgstat.com/channel/@velikolepia,https://t.me/velikolepia
–ü—Ä–æ–¥–∞–∂ –ê–≤—Ç–æ üá∫üá¶ - –ê–≤—Ç–æ–±–∞–∑–∞—Ä - [New Auto],https://uk.tgstat.com/channel/@newauto_ua,https://t.me/newauto_ua
–í –ö–û–õ–û–†–ò–¢–Ü –ù–ï–ó–ë–ê–ì–ù–ï–ù–ù–û–ì–û,https://uk.tgstat.com/channel/@v_koloryti,https://t.me/v_koloryti
VEDSTAR,https://uk.tgstat.com/channel/@vedstarpro,https://t.me/vedstarpro
üá∫üá¶ –ê–í–¢–û –ù–û–í–ò–ù–ò üá∫üá¶,https://uk.tgstat.com/channel/YXcVpggJhX9hMWYy,https://t.me/joinchat/YXcVpggJhX9hMWYy
Autoex | –ê–≤—Ç–æ –∏–∑ –°–®–ê,https://uk.tgstat.com/channel/@autoex,https://t.me/autoex
Auto Edge üõû –ê–≤—Ç–æ–Ω–æ–≤–∏–Ω–∏,https://uk.tgstat.com/channel/@autoedge,https://t.me/autoedge
–ê–≤—Ç–æ–ö—Ä–∞—ó–Ω–∞ üöò,https://uk.tgstat.com/channel/@autokraina,https://t.me/autokraina
–ë—É–¥–Ω—ñ –ê–≤—Ç–æ–º–µ—Ö–∞–Ω—ñ–∫–∞ üöó,https://uk.tgstat.com/channel/@avto_remont_garage,https://t.me/avto_remont_garage
"–ü–ª—ñ–≤–∫–∏ –Ω–∞ –∞–≤—Ç–æ , –æ–∫–ª–µ—é–≤–∞–Ω–Ω—è –ö–∏—ó–≤",https://uk.tgstat.com/channel/@VinylRoom,https://t.me/VinylRoom
AutoPad –∞–≤—Ç–æ–±–∞–∑–∞—Ä –£–∫—Ä–∞—ó–Ω–∞ ‚Ä¢ –ê–≤—Ç–æ—Ä—ã–Ω–æ–∫ –£–∫—Ä–∞–∏–Ω–∞ –ê–≤—Ç–æ–ø–∞–¥,https://uk.tgstat.com/channel/@AutoPadUA,https://t.me/AutoPadUA
BoltUa üá∫üá¶ –ü—Ä–æ–º–æ–∞–∫—Ü–∏—è üè∑ -150‚Ç¥,https://uk.tgstat.com/channel/@Free_Rides,https://t.me/Free_Rides
DRiVER üöô,https://uk.tgstat.com/channel/@imdvr,https://t.me/imdvr
German Domestic Marketüá©üá™ (Auto),https://uk.tgstat.com/channel/@GermanDomesticMarket,https://t.me/GermanDomesticMarket
DIESEL | –î–∏–∑–µ–ª—å | –î–¢ –æ–ø—Ç–æ–º –£–∫—Ä–∞–∏–Ω–∞,https://uk.tgstat.com/channel/@dieseloptom,https://t.me/dieseloptom
–ù–∞—Å—Ç–æ—è—â–∏–π –±–∞–±–∞–π–∫–µ—Ä,https://uk.tgstat.com/channel/@true_bikers,https://t.me/true_bikers
–ù–µ–±–æ,https://uk.tgstat.com/channel/@neboFly,https://t.me/neboFly
MOTOR –¢–∞—É–Ω,https://uk.tgstat.com/channel/@Motor_Town_UA,https://t.me/Motor_Town_UA
–ü—Ä–∞–≤–¥–∞ –£–∫—Ä–∞–∏–Ω—ãüá∫üá¶üëÆ‚Äç‚ôÄÔ∏èüö®,https://uk.tgstat.com/channel/@PravdaUkraineTyt,https://t.me/PravdaUkraineTyt
–¢—Ä–∞–Ω—Å–ø–æ—Ä—Ç–Ω—ã–µ —É—Å–ª—É–≥–∏ –≤ –£–∫—Ä–∞–∏–Ω–µ,https://uk.tgstat.com/channel/@gryzoperevozkyUA,https://t.me/gryzoperevozkyUA
–¢–∞—á–∫—É! –û–¥–µ—Å—Å–∞,https://uk.tgstat.com/channel/id1303012681,https://t.me/joinchat/id1303012681
CarryLand Logistics,https://uk.tgstat.com/channel/@carryland,https://t.me/carryland
–û–¥–µ—Å—Å–∞ –∑–∞ —Ä—É–ª—ë–º,https://uk.tgstat.com/channel/@zarulemod,https://t.me/zarulemod
eAvtivka,https://uk.tgstat.com/channel/@eavtivka_ua,https://t.me/eavtivka_ua
–ú–û–¢–û–û–ë–ó–û–†–ò–ù–ì,https://uk.tgstat.com/channel/@motoobzoring,https://t.me/motoobzoring
–¢–∞–∫—Å–∏ –ë–æ–Ω–¥ –û–¥–µ—Å—Å–∞ üá∫üá¶,https://uk.tgstat.com/channel/@taxi_Bond,https://t.me/taxi_Bond
–°–∞–º—ã–µ –∂–µ—Å—Ç–∫–∏–µ –î–¢–ü !,https://uk.tgstat.com/channel/@Your_car11,https://t.me/Your_car11
"Pepco, Primark in Ukraine",https://uk.tgstat.com/channel/@pepco_primark_in_ua,https://t.me/pepco_primark_in_ua
–ê–≤—Ç–æ—ç—Ä–æ—Ç–∏–∫–∞,https://uk.tgstat.com/channel/@autoero,https://t.me/autoero
–ü—Ä–æ–¥–∞–∂-–î–æ—Å—Ç–∞–≤–∫–∞ –∞–≤—Ç–æ/–º–æ—Ç–æ OVERDRIVE,https://uk.tgstat.com/channel/@overdrive_sale,https://t.me/overdrive_sale
üõë –°—Ç–∞—Ç–∏—Å—Ç–∏–∫–∞ –î–¢–ü (–£–∫—Ä–∞–∏–Ω–∞)üá∫üá¶,https://uk.tgstat.com/channel/@ukraina_dtp,https://t.me/ukraina_dtp
GATE. | —Å–ø–µ—Ü.–∞–≤—Ç–æ –∑ –Ñ–≤—Ä–æ–ø–∏,https://uk.tgstat.com/channel/@gate_taxfreeauto,https://t.me/gate_taxfreeauto
–ü–µ—Ä—à–∏–π –∞–≤—Ç–æ–º–æ–±—ñ–ª—å–Ω–∏–π,https://uk.tgstat.com/channel/6fvQkuXsrVg3MTMy,https://t.me/joinchat/6fvQkuXsrVg3MTMy
Lastikpark,https://uk.tgstat.com/channel/@lastikpark,https://t.me/lastikpark
–¢–û–ü–û–† - –ú—É–∂—Å–∫–æ–π –∫–∞–Ω–∞–ª,https://uk.tgstat.com/channel/@axxmen,https://t.me/axxmen
–ì–ê–†–ê–ñ_UA,https://uk.tgstat.com/channel/S1AkgKpGN5M3YWUy,https://t.me/joinchat/S1AkgKpGN5M3YWUy
"–ó–∞–ø—á–∞—Å—Ç–∏ –¥–ª—è –∞–≤—Ç–æ (–∞–≤—Ç–æ–∑–∞–ø—á–∞—Å—Ç–∏) –∏ –º–æ—Ç–æ—Ç–µ—Ö–Ω–∏–∫–µ, –Ω–æ–≤–æ—Å—Ç–∏ –∞–≤—Ç–æ, –∞–≤—Ç–æ–Ω–æ–≤–æ—Å—Ç–∏",https://uk.tgstat.com/channel/@Auto_Parts_UA,https://t.me/Auto_Parts_UA
Underground.com.ua,https://uk.tgstat.com/channel/@uauderground,https://t.me/uauderground
–í–ê–ü-–°–ï–†–í–Ü–°,https://uk.tgstat.com/channel/@vapsrv,https://t.me/vapsrv
–ê–≤—Ç–æ–º–æ–±—ñ–ª—ñ—Å—Ç–∏ –£–∫—Ä–∞—ó–Ω–∏,https://uk.tgstat.com/channel/IlZQCXi0xLswMTAy,https://t.me/joinchat/IlZQCXi0xLswMTAy
–ö–∏–µ–≤—Å–∫–∏–π –ì–∞—Ä–∞–∂,https://uk.tgstat.com/channel/@garazh_kiyv,https://t.me/garazh_kiyv
Lexus Club Kyiv –ê–ù–û–ù–°–ò,https://uk.tgstat.com/channel/@Lexus_club_kyiv1,https://t.me/Lexus_club_kyiv1
AutohouseNews,https://uk.tgstat.com/channel/@autohousevn,https://t.me/autohousevn
–°—Ç–∞—Ä—Ç–µ—Ä –°–ø–µ—Ü,https://uk.tgstat.com/channel/@starterspets,https://t.me/starterspets
CarClub_ua –¥–ª—è –ê–≤—Ç–æ–ª—é–±–∏—Ç–µ–ª—ñ–≤,https://uk.tgstat.com/channel/@CarClub_ua,https://t.me/CarClub_ua
