tripmydream,https://uk.tgstat.com/channel/@tripmydream,https://t.me/tripmydream
Ğ”Ğ°Ğ²Ğ°Ğ¹ ÑÑ…Ğ¾Ğ´Ğ¸Ğ¼Ğ¾! ĞšĞ¸Ñ—Ğ²,https://uk.tgstat.com/channel/dYzLAcgtkpY4ZTM6,https://t.me/joinchat/dYzLAcgtkpY4ZTM6
Ğ„Ğ²Ñ€Ğ¾Ğ¿Ğ¸Ñ‡ | Ğ£ĞºÑ€Ğ°Ñ—Ğ½Ñ†Ñ– Ğ² Ğ„Ğ²Ñ€Ğ¾Ğ¿Ñ–,https://uk.tgstat.com/channel/8lFOclOjgMc1NTQy,https://t.me/joinchat/8lFOclOjgMc1NTQy
ĞšÑƒĞ´Ğ¸ Ğ¿Ñ–Ñ‚Ğ¸? | ĞšĞ¸Ñ—Ğ²,https://uk.tgstat.com/channel/cfbB0SeI4LlhMWFi,https://t.me/joinchat/cfbB0SeI4LlhMWFi
ĞÑ„Ñ–ÑˆĞ° Ğ¿Ğ¾-ĞšĞ¸Ñ—Ğ²ÑÑŒĞºĞ¸,https://uk.tgstat.com/channel/Es2Q-cTSQAA3NTNi,https://t.me/joinchat/Es2Q-cTSQAA3NTNi
dovkola,https://uk.tgstat.com/channel/@dovkola,https://t.me/dovkola
Lowcost.UA,https://uk.tgstat.com/channel/@lowcostua,https://t.me/lowcostua
ĞšÑƒĞ´Ğ¸ Ğ¿Ñ–Ñ‚Ğ¸ Ñƒ Ğ›ÑŒĞ²Ğ¾Ğ²Ñ–?,https://uk.tgstat.com/channel/7xZb3R89U5cwZmUy,https://t.me/joinchat/7xZb3R89U5cwZmUy
Ğ£ĞºÑ€Ğ°Ñ—Ğ½Ğ° Ğ¢ÑƒÑ€Ğ¸ÑÑ‚Ğ¸Ñ‡Ğ½Ğ°ğŸ‡ºğŸ‡¦,https://uk.tgstat.com/channel/-CuAlNUe1xQ1MWYy,https://t.me/joinchat/-CuAlNUe1xQ1MWYy
LowcostAvia,https://uk.tgstat.com/channel/@lowcostavia,https://t.me/lowcostavia
ĞšÑƒĞ´Ğ¸ Ğ¿Ñ–Ñ‚Ğ¸? | ĞĞ´ĞµÑĞ°,https://uk.tgstat.com/channel/A1vwQzCPUdQ4NjJi,https://t.me/joinchat/A1vwQzCPUdQ4NjJi
Ğ”Ğ°Ğ²Ğ°Ğ¹ ÑÑ…Ğ¾Ğ´Ğ¸Ğ¼Ğ¾! Ğ›ÑŒĞ²Ñ–Ğ²,https://uk.tgstat.com/channel/Bwu_3diyAoE5ODBi,https://t.me/joinchat/Bwu_3diyAoE5ODBi
Ğ£Ğ»ÑĞ±Ğ»ĞµĞ½Ğ¸Ğ¹ ĞšĞ¸Ñ—Ğ²,https://uk.tgstat.com/channel/AAAAAELn1rxjsFnXf4BTkQ,https://t.me/joinchat/AAAAAELn1rxjsFnXf4BTkQ
ĞšÑƒĞ´Ğ¸ Ğ¿Ñ–Ñ‚Ğ¸? | Ğ”Ğ½Ñ–Ğ¿Ñ€Ğ¾,https://uk.tgstat.com/channel/@dnipro_go,https://t.me/dnipro_go
MyCheapTrip â€“ Ğ¿Ğ¾Ğ´Ğ¾Ñ€Ğ¾Ğ¶Ñ–ğŸ‰,https://uk.tgstat.com/channel/@mycheaptrip_ua,https://t.me/mycheaptrip_ua
"ĞœĞ¾Ğ¹ÑˆĞ°, Ñ‚Ğ¸ ĞºÑƒĞ´Ğ¸? | ĞÑ„Ñ–ÑˆĞ° ĞĞ´ĞµÑĞ¸",https://uk.tgstat.com/channel/@od_moisha,https://t.me/od_moisha
Ğ”Ğ°Ğ²Ğ°Ğ¹ ÑÑ…Ğ¾Ğ´Ğ¸Ğ¼Ğ¾! Ğ”Ğ½Ñ–Ğ¿Ñ€Ğ¾,https://uk.tgstat.com/channel/CVzV4p_FxchmZDky,https://t.me/joinchat/CVzV4p_FxchmZDky
Ğ£ĞšĞ ĞĞ‡ĞĞ¦Ğ† Ğ² Ğ„Ğ²Ñ€Ğ¾Ğ¿Ñ– ğŸ‡ºğŸ‡¦ğŸ‡ªğŸ‡º,https://uk.tgstat.com/channel/lCRZjFpiNR4zMWUy,https://t.me/joinchat/lCRZjFpiNR4zMWUy
ĞšÑƒĞ´Ğ¸ Ğ¿Ñ–Ñ‚Ğ¸? | Ğ¥Ğ°Ñ€ĞºÑ–Ğ²,https://uk.tgstat.com/channel/AAAAAEw7nKumpj3MlY6t2g,https://t.me/joinchat/AAAAAEw7nKumpj3MlY6t2g
193 ĞšÑ€Ğ°Ñ—Ğ½Ğ¸ | Ğ‘ÑĞ´Ğ¶ĞµÑ‚Ğ½Ñ– Ğ¿Ğ¾Ğ´Ğ¾Ñ€Ğ¾Ğ¶Ñ–,https://uk.tgstat.com/channel/@travel193land,https://t.me/travel193land
ğŸ“Ğ’ ĞšĞ˜Ğ„Ğ’Ğ†,https://uk.tgstat.com/channel/@vkyiv_lifestyle,https://t.me/vkyiv_lifestyle
Ğ‘ÑĞ´Ğ¶ĞµĞ¢Ñ€Ñ–Ğ¿,https://uk.tgstat.com/channel/@budgetrip,https://t.me/budgetrip
ĞÑ„Ñ–ÑˆĞ° ĞšĞ¸Ñ”Ğ²Ğ°,https://uk.tgstat.com/channel/AAAAAEL0XzH2TwoKhHON3w,https://t.me/joinchat/AAAAAEL0XzH2TwoKhHON3w
ĞšÑƒĞ´Ğ¸ Ğ¿Ñ–Ñ‚Ğ¸? Ğ›ÑŒĞ²Ñ–Ğ²,https://uk.tgstat.com/channel/@eventlviv,https://t.me/eventlviv
ĞšĞ¸Ñ—Ğ²ÑÑŒĞºĞ° Ğ°Ñ„Ñ–ÑˆĞ°,https://uk.tgstat.com/channel/TUMEMWBjM9QwZjEy,https://t.me/joinchat/TUMEMWBjM9QwZjEy
ĞÑ„Ñ„Ñ–ÑˆĞµÑ€ ĞšĞ¸Ñ”Ğ²Ğ°,https://uk.tgstat.com/channel/@afficherkyiv,https://t.me/afficherkyiv
ĞœĞĞ£,https://uk.tgstat.com/channel/@fly_UIA,https://t.me/fly_UIA
Ğ¢ÑƒÑ€Ğ¡ĞºĞ°Ğ½ĞµÑ€ğŸ”,https://uk.tgstat.com/channel/@tourscan,https://t.me/tourscan
YanToursâœˆï¸,https://uk.tgstat.com/channel/@yan_tours,https://t.me/yan_tours
Ğ”ĞĞ‘Ğ Ğ† Ğ¡Ğ£Ğ¡Ğ†Ğ”Ğ˜ğŸ’›,https://uk.tgstat.com/channel/@dobrisysidu,https://t.me/dobrisysidu
ĞĞ°Ğ²ĞºĞ¾Ğ»Ğ¾ ÑĞ²Ñ–Ñ‚Ñƒ,https://uk.tgstat.com/channel/6Oc39LgAdb5jNTli,https://t.me/joinchat/6Oc39LgAdb5jNTli
ĞšĞ¸Ñ—Ğ² Ğ½Ñ–Ñ‡Ğ½Ğ¸Ğ¹,https://uk.tgstat.com/channel/@kyivnochnoy,https://t.me/kyivnochnoy
Ğ’ÑĞµ ĞŸÑƒÑ‚ĞµĞ¼,https://uk.tgstat.com/channel/@vseputem,https://t.me/vseputem
ĞĞĞ›ĞĞ™Ğ Ğ—ĞĞŸĞ˜Ğ¡. ĞŸĞ¾ÑĞ¾Ğ»ÑŒÑÑ‚Ğ²Ğ¾ Ğ£ĞºÑ€Ğ°Ñ—Ğ½Ğ¸ Ğ² ĞÑ–Ğ¼ĞµÑ‡Ñ‡Ğ¸Ğ½Ñ–. ĞšĞ¾Ğ½ÑÑƒĞ»ÑŒÑÑ‚Ğ²Ğ°. Ğ”ĞŸ Ğ”Ğ¾ĞºÑƒĞ¼ĞµĞ½Ñ‚,https://uk.tgstat.com/channel/@deutschland4UA,https://t.me/deutschland4UA
ĞÑ„Ñ–ÑˆĞ° ÑƒĞºÑ€Ğ°Ñ—Ğ½ÑÑŒĞºĞ¾Ñ Ğ‘Ğ°Ñ€ÑĞµĞ»Ğ¾Ğ½Ğ°,https://uk.tgstat.com/channel/@infohelpBCN,https://t.me/infohelpBCN
Ğ—Ğ¼Ñ–Ğ½ÑÑ”Ğ¼Ğ¾ Ğ¶Ğ¸Ñ‚Ñ‚Ñ. ĞÑ–Ğ¼ĞµÑ‡Ñ‡Ğ¸Ğ½Ğ°ğŸ‡ºğŸ‡¦ğŸ¤ğŸ‡©ğŸ‡ª,https://uk.tgstat.com/channel/pAu3BiJxmiQ0YTIy,https://t.me/joinchat/pAu3BiJxmiQ0YTIy
Ğ“Ğ°Ñ€ÑÑ‡Ñ– Ñ‚ÑƒÑ€Ğ¸ - AVENTOUR / ĞĞ’Ğ•ĞĞ¢Ğ£Ğ ,https://uk.tgstat.com/channel/@aventour_ua,https://t.me/aventour_ua
UA|Ğ¡Ğ¿Ğ¾ÑĞ¾Ğ±Ñ‹ Ğ¿ÑƒÑ‚ĞµÑˆĞµÑÑ‚Ğ²Ğ¾Ğ²Ğ°Ñ‚ÑŒ Ğ¿Ğ¾Ñ‡Ñ‚Ğ¸ Ğ±ĞµÑĞ¿Ğ»Ğ°Ñ‚Ğ½Ğ¾,https://uk.tgstat.com/channel/@vandroukiua,https://t.me/vandroukiua
ĞĞ†Ğ”Ğ•Ğ Ğ›ĞĞĞ”Ğ˜ ğŸ‡ºğŸ‡¦ğŸ‡³ğŸ‡± Ğ£ĞºÑ€Ğ°Ñ—Ğ½ÑÑŒĞºĞ° Ğ´Ñ–Ğ°ÑĞ¿Ğ¾Ñ€Ğ° - Ğ“Ğ¾Ğ»Ğ»Ğ°Ğ½Ğ´Ğ¸Ñ Ğ‘ĞµĞ¶ĞµĞ½Ñ†Ñ‹,https://uk.tgstat.com/channel/@nl_diaspora,https://t.me/nl_diaspora
Ğ£ĞºÑ€Ğ°Ñ—Ğ½Ñ†Ñ– Ğ² ĞšĞ°Ğ½Ğ°Ğ´Ñ– CanadağŸ‡¨ğŸ‡¦ğŸ‡ºğŸ‡¦,https://uk.tgstat.com/channel/@ukrainiansincanada,https://t.me/ukrainiansincanada
Time To Travel Ğ£ĞºÑ€Ğ°Ñ—Ğ½Ğ°,https://uk.tgstat.com/channel/@TimeToTravel,https://t.me/TimeToTravel
Ğ”ĞµÑˆĞµĞ²Ñ– Ğ°Ğ²Ñ–Ğ°ĞºĞ²Ğ¸Ñ‚ĞºĞ¸,https://uk.tgstat.com/channel/@cheapflightsukr,https://t.me/cheapflightsukr
ğŸ‡ºğŸ‡¦ğŸ‡¬ğŸ‡§Opora: Ğ´Ğ¾Ğ¿Ğ¾Ğ¼Ğ¾Ğ³Ğ° ÑƒĞºÑ€Ğ°Ñ—Ğ½Ñ†ÑĞ¼ Ñƒ Ğ’ĞµĞ»Ğ¸ĞºĞ¾Ğ±Ñ€Ğ¸Ñ‚Ğ°Ğ½Ñ–Ñ—,https://uk.tgstat.com/channel/@oporauk,https://t.me/oporauk
Farvater Travel ğŸ‡ºğŸ‡¦,https://uk.tgstat.com/channel/@farvater_travel,https://t.me/farvater_travel
ĞœĞ°Ğ½Ğ´Ñ€ÑƒĞ¹ ğŸ’™ğŸ’›,https://uk.tgstat.com/channel/@tripmix,https://t.me/tripmix
POLEZNO Ğ“Ğ•Ğ ĞœĞĞĞ˜Ğ¯ğŸ‡ºğŸ‡¦ğŸ‡©ğŸ‡ª,https://uk.tgstat.com/channel/@poleznoOK,https://t.me/poleznoOK
PaspartuğŸ§³Travel,https://uk.tgstat.com/channel/@paspartu_travel,https://t.me/paspartu_travel
ITC(Ğ†Ğ¼Ğ¼Ñ–Ğ³Ñ€Ğ°Ñ†Ñ–Ñ Ğ´Ğ¾ ĞšĞ°Ğ½Ğ°Ğ´Ğ¸),https://uk.tgstat.com/channel/@ITCHelp,https://t.me/ITCHelp
"Ğ—ÑƒÑÑ‚Ñ€Ñ–Ñ‡Ğ°Ğ¹, ĞšĞ¸Ñ—Ğ²!",https://uk.tgstat.com/channel/@MeetKiev,https://t.me/MeetKiev
hotline.finance,https://uk.tgstat.com/channel/@hotlinefinance,https://t.me/hotlinefinance
ğŸ‡ºğŸ‡¦Travel World âœˆï¸,https://uk.tgstat.com/channel/@travelworld_beauty,https://t.me/travelworld_beauty
SEE WORLD UA,https://uk.tgstat.com/channel/_yUB7gGql5Q2YmQy,https://t.me/joinchat/_yUB7gGql5Q2YmQy
Traveler - Ğ”ĞµÑˆĞµĞ²Ñ– Ğ°Ğ²Ñ–Ğ°ĞºĞ²Ğ¸Ñ‚ĞºĞ¸,https://uk.tgstat.com/channel/AAAAAFdu6wQOqKSzJGFFhA,https://t.me/joinchat/AAAAAFdu6wQOqKSzJGFFhA
Ğ‘Ğ•Ğ—Ğ’Ğ†Ğ—,https://uk.tgstat.com/channel/AAAAAEOcru8P39gXEbAIGA,https://t.me/joinchat/AAAAAEOcru8P39gXEbAIGA
Wanderlust ğŸŒ,https://uk.tgstat.com/channel/@wanderlust_ua,https://t.me/wanderlust_ua
ĞšĞ°Ğ½Ğ°Ğ´Ğ° Ğ¡Ğ¨Ğ 2023 ğŸ‡ºğŸ‡¦ Lily Boiko,https://uk.tgstat.com/channel/@canadaforua,https://t.me/canadaforua
ĞšÑƒĞ´Ğ¸ Ğ¿Ñ–Ñ‚Ğ¸? | ĞœĞ¸ĞºĞ¾Ğ»Ğ°Ñ—Ğ²,https://uk.tgstat.com/channel/@nk_go,https://t.me/nk_go
ĞŸĞ¾Ğ´Ñ–Ñ— Ğ½Ğ° Concert.ua,https://uk.tgstat.com/channel/@Concertua,https://t.me/Concertua
Ğ”Ğ¾Ğ¿Ğ¾Ğ¼Ğ¾Ğ³Ğ° ĞšĞ°Ğ½Ğ°Ğ´Ğ°-Ğ£ĞºÑ€Ğ°Ñ—Ğ½Ğ°ğŸ‡¨ğŸ‡¦ğŸ‡ºğŸ‡¦,https://uk.tgstat.com/channel/@dopomoga_ua_ca,https://t.me/dopomoga_ua_ca
KYIV LOVER,https://uk.tgstat.com/channel/@thekyivlover,https://t.me/thekyivlover
Ğ†ĞĞ¤Ğ Ğ”ĞĞŸĞĞœĞĞ“Ğ ğŸ‡ªğŸ‡º Ğ„Ğ¡,https://uk.tgstat.com/channel/@bizenstvo,https://t.me/bizenstvo
Ğ”ĞĞŸĞĞœĞĞ“Ğ Ğ‘Ğ†Ğ–Ğ•ĞĞ¦Ğ¯Ğœ/Ğ£ĞšĞ ĞĞ‡ĞĞ¦Ğ† Ğ² Ğ„Ğ²Ñ€Ğ¾Ğ¿Ñ–/Ğ¾Ğ³Ğ¾Ğ»Ğ¾ÑˆĞµĞ½Ğ½Ñ/,https://uk.tgstat.com/channel/@dopomogapereezdevropa1,https://t.me/dopomogapereezdevropa1
ĞšĞ²Ğ¸Ñ‚Ğ¾Ğº Ğ² ĞĞ¼ĞµÑ€Ğ¸ĞºÑƒ âœˆï¸ ğŸ‡ºğŸ‡¸ğŸ—½,https://uk.tgstat.com/channel/@ticket2america,https://t.me/ticket2america
ğŸ‡ºğŸ‡¦ Ğ£ĞºÑ€Ğ°Ñ—Ğ½Ñ†Ñ– Ğ² Ğ„Ğ²Ñ€Ğ¾Ğ¿Ñ– ğŸ‡ªğŸ‡º ĞÑƒĞ¼Ğ¾ Ğ¡Ğ¿Ñ–Ğ»ÑŒĞ½Ğ¾,https://uk.tgstat.com/channel/@numospilno_europe,https://t.me/numospilno_europe
Consulate of Ukraine in London,https://uk.tgstat.com/channel/@UAConsulUK,https://t.me/UAConsulUK
New Life | Ğ£ĞºÑ€Ğ°Ñ—Ğ½Ğ° - ĞŸĞ¾Ğ»ÑŒÑ‰Ğ°,https://uk.tgstat.com/channel/@newlifengo,https://t.me/newlifengo
ğŸš¦Ğ’Ğ¸ÑˆĞ½ĞµĞ²Ğ¸Ğ¹ Ğ¿ĞµÑ€ĞµÑ—Ğ·Ğ´,https://uk.tgstat.com/channel/@RailCrossVushneve,https://t.me/RailCrossVushneve
Ğ”ĞĞŸĞĞœĞĞ“Ğ Ğ‘Ğ†Ğ–Ğ•ĞĞ¦Ğ¯Ğœ / Ğ–Ğ˜Ğ¢Ğ›Ğ / Ğ¢Ğ ĞĞĞ¡ĞŸĞĞ Ğ¢,https://uk.tgstat.com/channel/@dopomogabizencjam,https://t.me/dopomogabizencjam
Ğ Ñ–Ğ´Ğ½Ğ¸Ğ¹ ĞšĞ¸Ñ—Ğ²,https://uk.tgstat.com/channel/AAAAAEaLmnSPMbDBVq-yyQ,https://t.me/joinchat/AAAAAEaLmnSPMbDBVq-yyQ
Ğ¥Ğ°Ñ€ĞºÑ–Ğ² - ĞºÑƒĞ´Ğ¸ Ğ± Ğ·Ğ°Ğ²Ñ–Ñ‚Ğ°Ñ‚Ğ¸? KHARKOVGO,https://uk.tgstat.com/channel/@kharkovgonews,https://t.me/kharkovgonews
Ğ–ÑƒÑ€Ğ½Ğ°Ğ» - ĞŸĞ¾Ğ¼Ğ¾Ñ‰ÑŒ ÑƒĞºÑ€Ğ°Ğ¸Ğ½Ñ†Ğ°Ğ¼ Ğ²Ğ¾ Ğ¤Ñ€Ğ°Ğ½Ñ†Ğ¸Ğ¸ - Ğ”Ğ¾Ğ¿Ğ¾Ğ¼Ğ¾Ğ³Ğ° ÑƒĞºÑ€Ğ°Ñ—Ğ½Ñ†ÑĞ¼ Ñƒ Ğ¤Ñ€Ğ°Ğ½Ñ†Ñ–Ñ— - Aide aux ukrainiens en France,https://uk.tgstat.com/channel/@FranceUkraineNews,https://t.me/FranceUkraineNews
Ğ•ĞºÑĞºÑƒÑ€ÑÑ–Ñ— ĞšĞ¸Ñ”Ğ²Ğ¾Ğ¼ Ğ²Ñ–Ğ´ ĞšĞ»ÑƒĞ±Ğ° ĞšĞ¾Ñ€Ñ–Ğ½Ğ½Ğ¾Ğ³Ğ¾ ĞšĞ¸ÑĞ½Ğ¸Ğ½Ğ°,https://uk.tgstat.com/channel/@ekskyrsii_KKK,https://t.me/ekskyrsii_KKK
UAinKrakow.pl: Ğ¶Ğ¸Ñ‚Ñ‚Ñ Ğ² Ğ¼Ñ–ÑÑ‚Ñ–,https://uk.tgstat.com/channel/@UAinKrakowPL,https://t.me/UAinKrakowPL
BACKPACKERS|UA,https://uk.tgstat.com/channel/@backpackersua,https://t.me/backpackersua
Kovalchuk | Ğ§ĞµÑĞ½Ğ¸Ğ¹ Ğ¢Ñ€Ñ–Ğ¿,https://uk.tgstat.com/channel/@kovalchuk_t,https://t.me/kovalchuk_t
Ğ†Ğ½Ñ„Ğ¾Ñ…Ğ°Ğ± Â«â€ĞœĞ°ÑĞº Ğ£ĞºÑ€Ğ°Ñ—Ğ½Ğ°Â»| Infohub Â«Lighthouse UkraineÂ»,https://uk.tgstat.com/channel/@mayak_infohub,https://t.me/mayak_infohub
ğŸ‡ºğŸ‡¦ğŸ‡©ğŸ‡ª ĞŸĞ¾Ğ¼Ğ¾Ñ‰ÑŒ ÑƒĞºÑ€Ğ°Ğ¸Ğ½Ñ†Ğ°Ğ¼ - Ğ“ĞµÑ€Ğ¼Ğ°Ğ½Ğ¸Ñ / UA-DE HELP ğŸ‡©ğŸ‡ªğŸ‡ºğŸ‡¦,https://uk.tgstat.com/channel/@ua_de_help,https://t.me/ua_de_help
Ğ•Ğ±Ğ°ÑƒÑ‚ Kyiv,https://uk.tgstat.com/channel/8ctlPX4y8DU3MTYy,https://t.me/joinchat/8ctlPX4y8DU3MTYy
ĞœĞ°Ğ½Ğ´Ñ€ÑƒĞ¹,https://uk.tgstat.com/channel/@mandruy,https://t.me/mandruy
ĞšĞ¸Ñ—Ğ² - Ğ¼Ğ¾Ñ” ÑƒĞ»ÑĞ±Ğ»ĞµĞ½Ğµ Ğ¼Ñ–ÑÑ‚Ğ¾,https://uk.tgstat.com/channel/AAAAAFUKkCWvWLNg4ewfXQ,https://t.me/joinchat/AAAAAFUKkCWvWLNg4ewfXQ
Ğ£ĞºÑ€Ğ°Ñ—Ğ½ĞºĞ° Ğ² Ğ§ĞµÑ…Ñ–Ñ—,https://uk.tgstat.com/channel/@ukrainka_in_Czech,https://t.me/ukrainka_in_Czech
Ğ¥ĞµÑ€ÑĞ¾Ğ½ ÑĞ²Ğ°ĞºÑƒĞ°Ñ†Ğ¸Ñ(Ğ‘ĞµÑĞ¿Ğ»Ğ°Ñ‚Ğ½Ğ¾),https://uk.tgstat.com/channel/@evakuaziiabezplatno,https://t.me/evakuaziiabezplatno
Tickets.ua,https://uk.tgstat.com/channel/@tickets_ua,https://t.me/tickets_ua
ğŸ‡ªğŸ‡¸Ğ†Ğ¡ĞŸĞĞĞ†Ğ¯: ĞŸĞ†Ğ”Ğ¢Ğ Ğ˜ĞœĞšĞ Ğ£ĞšĞ ĞĞ‡ĞĞ¦Ğ†Ğ’ğŸ‡ºğŸ‡¦,https://uk.tgstat.com/channel/@espana_ucrania_canal,https://t.me/espana_ucrania_canal
ğŸ‡¨ğŸ‡¦ğŸ‡ºğŸ‡¦Ğ£ĞºÑ€Ğ°Ñ—Ğ½Ñ†Ñ– Ğ² ĞšĞ°Ğ½Ğ°Ğ´Ñ– CUAETğŸ‡ºğŸ‡¦ğŸ‡¨ğŸ‡¦,https://uk.tgstat.com/channel/@UKRinCA,https://t.me/UKRinCA
SkyUp Airlines,https://uk.tgstat.com/channel/@SkyUpAirlines,https://t.me/SkyUpAirlines
"ĞŸĞ¾Ğ»ĞµÑ‡Ñƒ, ĞºÑƒĞ´Ğ¸ Ñ…Ğ¾Ñ‡Ñƒ!ğŸ‡ºğŸ‡¦",https://uk.tgstat.com/channel/@ulechukudahochy,https://t.me/ulechukudahochy
Ğ§ĞµÑ…Ğ¸Ñ | Ğ§ĞµÑ…Ñ–Ñ | ĞŸÑ€Ğ°Ğ³Ğ°,https://uk.tgstat.com/channel/@che_ukr,https://t.me/che_ukr
Your Best Events,https://uk.tgstat.com/channel/@Your_best_events,https://t.me/Your_best_events
Join UP Ğ¢ÑƒÑ€Ğ°Ğ³ĞµĞ½Ñ‚ÑÑ‚Ğ²Ğ¾,https://uk.tgstat.com/channel/@joinupodessa,https://t.me/joinupodessa
Ğ‘ĞµĞ¶ĞµĞ½Ñ†Ñ‹ Ğ¸Ğ· Ğ£ĞºÑ€Ğ°Ğ¸Ğ½Ñ‹ Ğ² Ğ•Ğ²Ñ€Ğ¾ÑĞ¾ÑĞ·,https://uk.tgstat.com/channel/@bezhenciDnepra,https://t.me/bezhenciDnepra
Ğ•Ğ’ĞĞšĞ£ĞĞ¦Ğ†Ğ¯ Ğ’ Ğ†Ğ¡ĞŸĞĞĞ†Ğ®,https://uk.tgstat.com/channel/@espanaevacuacion,https://t.me/espanaevacuacion
LisTravel Ñ‚ÑƒÑ€Ğ°Ğ³ĞµĞ½Ñ†Ñ–Ñ,https://uk.tgstat.com/channel/@listravel_kh,https://t.me/listravel_kh
Kyivmaps ğŸ§¡ğŸ’™,https://uk.tgstat.com/channel/@kyivmaps,https://t.me/kyivmaps
ENJOY the World by ARTEM KOZLOVSKYI,https://uk.tgstat.com/channel/@EnjoybyAK,https://t.me/EnjoybyAK
ĞšĞ°Ñ€Ğ¿Ğ°Ñ‚ÑÑŒĞºĞ¸Ğ¹ Ğ²Ğ¾Ğ»Ğ¾Ñ†ÑĞ³Ğ°,https://uk.tgstat.com/channel/@carpaty,https://t.me/carpaty
ĞĞ¾Ğ²Ğ¸Ğ½Ğ¸ ĞÑ–Ğ¼ĞµÑ‡Ñ‡Ğ¸Ğ½Ğ¸ â€¢ ĞĞ¾Ğ²Ğ¾ÑÑ‚Ğ¸ Ğ“ĞµÑ€Ğ¼Ğ°Ğ½Ğ¸Ğ¸,https://uk.tgstat.com/channel/@newsdeu,https://t.me/newsdeu
ğŸŒ…ğŸ„â€â™€ï¸Ğ“Ğ°Ñ€ÑÑ‡Ñ– Ñ‚ÑƒÑ€Ğ¸ Ğ£ĞºÑ€Ğ°Ñ—Ğ½Ğ°ğŸ”¥ğŸ„â€â™€ï¸ğŸğŸ‘,https://uk.tgstat.com/channel/@kyivtours,https://t.me/kyivtours
Ğ“Ğ°Ğ»ÑƒÑˆĞºĞ¸ Ğ¿Ğ¾-Ğ°Ğ½Ğ³Ğ»Ñ–Ğ¹ÑÑŒĞºĞ¸ ğŸ‡¬ğŸ‡§â¤ï¸ğŸ‡ºğŸ‡¦,https://uk.tgstat.com/channel/@blog_ukrainca_v_anglii,https://t.me/blog_ukrainca_v_anglii
dovkola EU,https://uk.tgstat.com/channel/@dovkola_eu,https://t.me/dovkola_eu
Ğ”Ğ¾Ğ¿Ğ¾Ğ¼Ğ¾Ğ³Ğ° ÑƒĞºÑ€Ğ°Ñ—Ğ½Ñ†ÑĞ¼. ĞŸĞ¾Ğ»ÑŒÑ‰Ğ°,https://uk.tgstat.com/channel/@Dopomoga_Poland,https://t.me/Dopomoga_Poland
Accord tour | ĞĞºĞºĞ¾Ñ€Ğ´-Ñ‚ÑƒÑ€,https://uk.tgstat.com/channel/@accordtour,https://t.me/accordtour
Ğ£ĞºÑ€Ğ°Ñ—Ğ½Ğ° ĞµÑÑ‚ĞµÑ‚Ğ¸Ñ‡Ğ½Ğ°,https://uk.tgstat.com/channel/@ua_aesthetic,https://t.me/ua_aesthetic
"ğŸ‡ºğŸ‡¦Ğ”Ğ¾Ğ¿Ğ¾Ğ¼Ğ¾Ğ³Ğ° ÑƒĞºÑ€Ğ°Ñ–Ğ½Ñ†ÑĞ¼ Ğ² ĞµĞ¼Ñ–Ğ³Ñ€Ğ°Ñ†Ñ–Ñ—, Ğ¿Ñ€Ğ¸Ñ…Ğ¸ÑÑ‚ĞºÑƒ Ñ‚Ğ° Ğ±Ñ–Ğ¶ĞµĞ½ÑÑ‚Ğ²Ñ–",https://uk.tgstat.com/channel/@dopomohaukrainziam,https://t.me/dopomohaukrainziam
Ğ§ĞµÑ…Ñ–Ñ. Ğ†Ğ½Ñ„Ğ¾ Ğ´Ğ»Ñ ÑƒĞºÑ€Ğ°Ñ—Ğ½Ñ†Ñ–Ğ²,https://uk.tgstat.com/channel/@help_UA_Czech,https://t.me/help_UA_Czech
ANEX Tour Ukraine,https://uk.tgstat.com/channel/@anextourukraineofficial,https://t.me/anextourukraineofficial
Ğ•ĞºÑĞ¿Ñ€ĞµÑ Ğ£ĞºÑ€Ğ°Ñ—Ğ½Ğ°â†’ĞŸĞ¾Ñ€Ñ‚ÑƒĞ³Ğ°Ğ»Ñ–Ñ ğŸ‡ºğŸ‡¦ğŸ‡µğŸ‡¹,https://uk.tgstat.com/channel/@expressucraniaportugal,https://t.me/expressucraniaportugal
Eurotrips,https://uk.tgstat.com/channel/@eurotrips_ukraine,https://t.me/eurotrips_ukraine
ğŸ‡ºğŸ‡¦ğŸ‡©ğŸ‡ªĞœĞĞ™ Ğ”ĞĞœ ĞœĞ®ĞĞ¥Ğ•Ğ/ MÃœNCHEN,https://uk.tgstat.com/channel/@moidommuc,https://t.me/moidommuc
ğŸ” Ğ•ĞºÑĞ¿ĞµĞ´Ğ¸Ñ†Ñ–Ñ | Ğ’Ñ€Ğ°Ğ¶Ğ°ÑÑ‡Ğ¸Ğ¹ ÑĞ²Ñ–Ñ‚,https://uk.tgstat.com/channel/uokU8E88VelmNWIy,https://t.me/joinchat/uokU8E88VelmNWIy
Ğ”ĞĞ ĞĞ“Ğ Ğ”ĞĞœĞĞ™ (Ğ”Ğ¾Ğ½ĞµÑ†ĞºĞ°Ñ Ğ¾Ğ±Ğ»Ğ°ÑÑ‚ÑŒ),https://uk.tgstat.com/channel/@doroga_domoy_mrpl,https://t.me/doroga_domoy_mrpl
ğŸ‡ºğŸ‡¦ GOROD ĞœÑĞ½Ñ…ĞµĞ½ Ğ˜Ğ½Ñ„Ğ¾ (SVOÃ),https://uk.tgstat.com/channel/@svoii_info,https://t.me/svoii_info
Ğ‘Ñ–Ğ»Ğ° Ğ¦ĞµÑ€ĞºĞ²Ğ° â†’ ĞšĞ¸Ñ—Ğ²,https://uk.tgstat.com/channel/@idemoRazomBcKyiv,https://t.me/idemoRazomBcKyiv
Ğ’Ğ˜Ğ‡Ğ¥ĞĞ¢Ğ˜ Ğ—Ğ ĞšĞĞ Ğ”ĞĞ Ğ¥Ğ›ĞĞŸĞ¦Ğ®ğŸ‡ºğŸ‡¦,https://uk.tgstat.com/channel/@vyezdt,https://t.me/vyezdt
Ğ¡Ğ²Ñ–Ñ‚ Ğ±ĞµĞ· Ğ¼ĞµĞ¶ â¤ï¸,https://uk.tgstat.com/channel/8SnitYxJKFwyOGZi,https://t.me/joinchat/8SnitYxJKFwyOGZi
SEEP - Ğ±ĞµĞ¶ĞµĞ½ÑÑ‚Ğ²Ğ¾ ğŸ‡ºğŸ‡¦ Ğ² Ğ¨Ğ²ĞµĞ¹Ñ†Ğ°Ñ€Ğ¸ÑğŸ‡¨ğŸ‡­,https://uk.tgstat.com/channel/@seep_helpukrainians,https://t.me/seep_helpukrainians
Ğ•Ğ²Ğ°ĞºÑƒĞ°Ñ†Ñ–Ñ.City,https://uk.tgstat.com/channel/@evacuation_city,https://t.me/evacuation_city
ğŸ‡ºğŸ‡¦ĞŸĞµÑ€ĞµÑĞµĞ»ĞµĞ½Ñ†Ñ–_UA,https://uk.tgstat.com/channel/@tvpo_ukraine,https://t.me/tvpo_ukraine
ĞšÑ€ÑƒĞ¸Ğ·Ñ‹ Ğ¸ Ñ‚ÑƒÑ€Ñ‹ Royal Dream,https://uk.tgstat.com/channel/@royaldreamua,https://t.me/royaldreamua
Ğ“Ğ°Ñ€Ğ½Ğ° Ğ£ĞºÑ€Ğ°Ñ—Ğ½Ğ° ğŸ‡ºğŸ‡¦,https://uk.tgstat.com/channel/@garna_ukraine,https://t.me/garna_ukraine
RefugeeHelp.NL,https://uk.tgstat.com/channel/@RefugeeHelp_nl,https://t.me/RefugeeHelp_nl
Ğ•Ğ¼Ñ–Ğ³Ñ€Ğ°Ñ†Ñ–Ñ Ğ² ĞšĞ°Ğ½Ğ°Ğ´Ñƒ CUAET,https://uk.tgstat.com/channel/@CanadaUKCuaet,https://t.me/CanadaUKCuaet
Ğ¡Ğ’Ğ†Ğ¢ĞĞ“Ğ›Ğ¯Ğ” ğŸŒ,https://uk.tgstat.com/channel/MFh4CuJOzxc2ODAy,https://t.me/joinchat/MFh4CuJOzxc2ODAy
ĞšĞ¸Ñ—Ğ² â†’ Ğ‘Ñ–Ğ»Ğ° Ğ¦ĞµÑ€ĞºĞ²Ğ°,https://uk.tgstat.com/channel/@idemoRazomKyivBc,https://t.me/idemoRazomKyivBc
Ğ£ĞºÑ€Ğ°Ñ—Ğ½Ñ†Ñ– Ğ² ĞĞ²ÑÑ‚Ñ€Ñ–Ñ—: (Ñ–Ğ½Ñ„Ğ¾ĞºĞ°Ğ½Ğ°Ğ») Ğ¶Ğ¸Ñ‚Ğ»Ğ¾,https://uk.tgstat.com/channel/@Shelter_in_Austria,https://t.me/Shelter_in_Austria
ĞŸÑ€Ğ¾ĞµĞºÑ‚ Ğ—ĞĞŸ ğŸ‡©ğŸ‡ª Ğ·ĞµÑ€ĞºĞ°Ğ»Ğ¾ Ğ½ĞµĞ¼ĞµÑ†ĞºĞ¾Ğ¹ Ğ¿Ñ€ĞµÑÑÑ‹ - Ğ¶Ğ¸Ğ·Ğ½ÑŒ Ğ² Ğ“ĞµÑ€Ğ¼Ğ°Ğ½Ğ¸Ğ¸ Â§ Â§ Â§,https://uk.tgstat.com/channel/@refugeeukraine,https://t.me/refugeeukraine
DISCOVER,https://uk.tgstat.com/channel/@discover_ukraine,https://t.me/discover_ukraine
Bukovel,https://uk.tgstat.com/channel/@bukovel_resort,https://t.me/bukovel_resort
USP.UK Ä°NFO,https://uk.tgstat.com/channel/@uspuk,https://t.me/uspuk
Otpusk.ua â˜€ï¸,https://uk.tgstat.com/channel/@otpusk_family,https://t.me/otpusk_family
Ğ¢ÑƒÑ€ÑĞµĞºÑ‚Ğ° UA,https://uk.tgstat.com/channel/@toursecta,https://t.me/toursecta
Ğ£ĞºÑ€Ğ°Ñ—Ğ½Ğ° Ñ‚ÑƒÑ€Ğ¸ÑÑ‚Ğ¸Ñ‡Ğ½Ğ°,https://uk.tgstat.com/channel/@open_ukraine,https://t.me/open_ukraine
ĞšĞ£Ğ”Ğ ĞŸĞĞ™Ğ¢Ğ˜ â€¢ĞšĞ˜Ğ•Ğ’â€¢,https://uk.tgstat.com/channel/@kuda_poity_kyiv,https://t.me/kuda_poity_kyiv
ĞŸĞµÑ€ĞµĞµĞ·Ğ´ Ğ² Ğ’Ğ°Ğ½ĞºÑƒĞ²ĞµÑ€ ğŸ‡¨ğŸ‡¦,https://uk.tgstat.com/channel/@GoVancouverUA,https://t.me/GoVancouverUA
"Ğ ĞĞ‘ĞĞ¢Ğ Ğ’ Ğ˜Ğ—Ğ ĞĞ˜Ğ›Ğ•, Ğ¤Ğ˜ĞĞ›Ğ¯ĞĞ”Ğ˜Ğ˜ Ñ Nikoloz-job",https://uk.tgstat.com/channel/@nikolozjob,https://t.me/nikolozjob
Ğ¤Ñ–Ğ½Ğ»ÑĞ½Ğ´Ñ–Ñ ÑƒĞºÑ€Ğ°Ñ—Ğ½Ñ†ÑĞ¼,https://uk.tgstat.com/channel/@infofinland,https://t.me/infofinland
RefuFin Ğ’Ğ¾Ğ»Ğ¾Ğ½Ñ‚Ñ‘Ñ€Ñ‹ | ĞŸĞ¾Ğ¼Ğ¾Ñ‰ÑŒ ÑƒĞºÑ€Ğ°Ğ¸Ğ½Ñ†Ğ°Ğ¼ Ğ² Ğ¤Ğ¸Ğ½Ğ»ÑĞ½Ğ´Ğ¸Ğ¸ ğŸ‡«ğŸ‡®ğŸ’›,https://uk.tgstat.com/channel/@polandtofinland,https://t.me/polandtofinland
Ğ†Ğ¡ĞŸĞĞĞ†Ğ¯ ğŸ‡ªğŸ‡¸ Ğ†ĞĞ¤Ğ Ğ”ĞĞŸĞĞœĞĞ“Ğ,https://uk.tgstat.com/channel/@dopomogaispania,https://t.me/dopomogaispania
"Hot Visa | Ğ’Ğ¸Ğ·Ñ‹ Ğ´Ğ»Ñ ÑƒĞºÑ€Ğ°Ğ¸Ğ½Ñ†ĞµĞ² | Ğ¡Ğ¨Ğ, ĞšĞĞĞĞ”Ğ, Ğ’Ğ•Ğ›Ğ˜ĞšĞĞ‘Ğ Ğ˜Ğ¢ĞĞĞ˜Ğ¯",https://uk.tgstat.com/channel/lo7Rded6_1wwNTAy,https://t.me/joinchat/lo7Rded6_1wwNTAy
Kraina UA - ĞŸĞ¾Ğ´Ğ¾Ñ€Ğ¾Ğ¶Ñ– Ğ£ĞºÑ€Ğ°Ñ—Ğ½Ğ¾Ñ,https://uk.tgstat.com/channel/@kraina_ua,https://t.me/kraina_ua
Misto.travel ğŸ‰,https://uk.tgstat.com/channel/@mistotravel,https://t.me/mistotravel
Ğ˜Ğ· ğŸ‡ºğŸ‡¦Ğ£ĞºÑ€Ğ°Ğ¸Ğ½Ñ‹ Ğ² ğŸ‡®ğŸ‡ªĞ˜Ñ€Ğ»Ğ°Ğ½Ğ´Ğ¸Ñ,https://uk.tgstat.com/channel/@vasylenko12388,https://t.me/vasylenko12388
Yuriy Sterling ğŸ‡¬ğŸ‡§ğŸ‡ºğŸ‡¦,https://uk.tgstat.com/channel/@YurSterlingLaw,https://t.me/YurSterlingLaw
VIKO TRAVEL,https://uk.tgstat.com/channel/@vikotravelchannel,https://t.me/vikotravelchannel
UKR ğŸ‡ºğŸ‡¦Edmonton ğŸ‡¨ğŸ‡¦,https://uk.tgstat.com/channel/@ukredmonton,https://t.me/ukredmonton
Coral Travel Ukraine Official,https://uk.tgstat.com/channel/@ctukraine,https://t.me/ctukraine
ĞŸĞ¾Ñ—Ñ…Ğ°Ğ»Ğ¸ Ğ· Ğ½Ğ°Ğ¼Ğ¸,https://uk.tgstat.com/channel/@poehalisnamiofficial,https://t.me/poehalisnamiofficial
Â«TravelTeleBotÂ» Channel,https://uk.tgstat.com/channel/@botpoputchik,https://t.me/botpoputchik
UK for UA help | Ğ£ĞšĞ ĞĞ˜ĞĞ¦Ğ« Ğ² Ğ’Ğ•Ğ›Ğ˜ĞšĞĞ‘Ğ Ğ˜Ğ¢ĞĞĞ˜Ğ˜,https://uk.tgstat.com/channel/@uk_ua_help,https://t.me/uk_ua_help
ZM-NEWS,https://uk.tgstat.com/channel/@zm_news,https://t.me/zm_news
ĞÑ„Ñ–ÑˆĞ° Ğ›ÑŒĞ²Ñ–Ğ² | ĞšÑƒĞ´Ğ¸ Ğ¿Ñ–Ñ‚Ğ¸ Ñƒ Ğ›ÑŒĞ²Ğ¾Ğ²Ñ–?,https://uk.tgstat.com/channel/2ORlncl_m942YmUy,https://t.me/joinchat/2ORlncl_m942YmUy
Ğ¢ÑƒÑ€Ğ¸Ğ·Ğ¼ Ğ¡ĞµĞ¹Ñ‡Ğ°Ñ: Ğ£ĞºÑ€Ğ°Ğ¸Ğ½Ğ° Ğ¸ Ğ²ĞµÑÑŒ Ğ¼Ğ¸Ñ€,https://uk.tgstat.com/channel/@tour_now,https://t.me/tour_now
hackpoland,https://uk.tgstat.com/channel/@ihackpoland,https://t.me/ihackpoland
10 Ñ…Ğ²Ğ¸Ğ»Ğ¸Ğ½ Ğ¿Ñ€Ğ¾ Ğ¶Ğ¸Ñ‚Ñ‚Ñ Ğ² ĞšĞ°Ğ½Ğ°Ğ´Ñ– ğŸ‡¨ğŸ‡¦ğŸ‡ºğŸ‡¦,https://uk.tgstat.com/channel/@new_life_in_canada,https://t.me/new_life_in_canada
Ğ‘Ñ–Ğ¶ĞµĞ½Ñ†Ñ– Ğ£ĞºÑ€Ğ°Ñ—Ğ½Ğ¸. ĞĞ´Ğ°Ğ¿Ñ‚Ğ°Ñ†Ñ–Ñ.ğŸ‘«ğŸ‘­ğŸ‘¬ğŸ‘­ğŸ‘«â›…ï¸â›…ï¸â›…ï¸ğŸš˜ğŸš–âœˆï¸âœˆï¸â¤ï¸,https://uk.tgstat.com/channel/@bezhencyUA,https://t.me/bezhencyUA
Ğ£ĞšĞ ĞĞ˜ĞĞ¦Ğ« Ğ’ Ğ˜Ğ¡ĞŸĞĞĞ˜Ğ˜,https://uk.tgstat.com/channel/@diasporaUAinSpain,https://t.me/diasporaUAinSpain
ğŸ‡ºğŸ‡¦ Ğ£ĞºÑ€Ğ°Ñ—Ğ½Ñ†Ñ– Ğ² Ğ†Ñ‚Ğ°Ğ»Ñ–Ñ— ğŸ‡®ğŸ‡¹ Ğ†ĞĞ¤Ğ ĞšĞĞĞĞ›,https://uk.tgstat.com/channel/@infouaitalia,https://t.me/infouaitalia
"Ğ¢Ğ Ğ•Ğ’Ğ•Ğ›Ğ­ĞšĞ¡ĞŸĞ•Ğ Ğ¢ ğŸŒĞŸĞĞšĞ•Ğ¢ĞĞ«Ğ• Ğ¢Ğ£Ğ Ğ«, Ğ˜ĞĞ”Ğ˜Ğ’Ğ˜Ğ”Ğ£ĞĞ›Ğ¬ĞĞ«Ğ• Ğ¢Ğ£Ğ Ğ«",https://uk.tgstat.com/channel/@hottourpoehalisnami,https://t.me/hottourpoehalisnami
ğŸ‡ºğŸ‡¦ğŸ‡µğŸ‡±ğŸ‡©ğŸ‡ªĞŸÑˆĞµĞ¼Ğ¸ÑˆĞ»ÑŒ - Ğ“Ğ°Ğ½Ğ½Ğ¾Ğ²ĞµÑ€ ĞœĞµÑÑĞµ Ğ³ÑƒĞ¼Ğ°Ğ½Ñ–Ñ‚Ğ°Ñ€Ğ½Ğ¸Ğ¹ Ğ¿Ğ¾Ñ—Ğ·Ğ´,https://uk.tgstat.com/channel/@DE_help_UKR,https://t.me/DE_help_UKR
Help Ukrainians. CYPRUS,https://uk.tgstat.com/channel/@help_ukrainians_cyprus,https://t.me/help_ukrainians_cyprus
"ğŸ‡ºğŸ‡¦ INFOBUS: ĞºĞ²Ğ¸Ñ‚ĞºĞ¸ Ğ½Ğ° Ğ°Ğ²Ñ‚Ğ¾Ğ±ÑƒÑ, Ğ¿Ğ¾Ñ‚ÑĞ³ Ñ‚Ğ° Ğ»Ñ–Ñ‚Ğ°Ğº",https://uk.tgstat.com/channel/@infobus_eu,https://t.me/infobus_eu
Ğ›ĞµĞ³Ğ°Ğ»Ğ¸Ğ·Ğ°Ñ†Ğ¸Ñ Ğ² ĞŸĞ¾Ğ»ÑŒÑˆĞµ,https://uk.tgstat.com/channel/@LegalizacjaPolsce,https://t.me/LegalizacjaPolsce
ĞœĞĞĞ”Ğ Ğ£Ğ™ Ğ£ĞšĞ ĞĞ‡ĞĞĞ® ğŸ‡ºğŸ‡¦,https://uk.tgstat.com/channel/mBQdM3JUVBRjMDQy,https://t.me/joinchat/mBQdM3JUVBRjMDQy
ĞŸĞ¾Ğ´Ğ¾Ñ€Ğ¾Ğ¶ÑƒÑÑ‡Ğ¸ Ğ£ĞºÑ€Ğ°Ñ—Ğ½Ğ¾Ñ,https://uk.tgstat.com/channel/@ukrainiantraveler,https://t.me/ukrainiantraveler
ĞšĞ°Ñ€Ğ¿Ğ°Ñ‚ÑÑŒĞºĞ¸Ğ¹ Ğ´Ğ²Ñ–Ğ¶,https://uk.tgstat.com/channel/@karpaty_dvizh,https://t.me/karpaty_dvizh
Help Ukraine - NÃ¼rnberg Channel,https://uk.tgstat.com/channel/@channel_help_in_Nuremberg_UA,https://t.me/channel_help_in_Nuremberg_UA
Omriyana: Ñ‚Ğ²Ñ–Ğ¹ Ğ²Ğ½ÑƒÑ‚Ñ€Ñ–ÑˆĞ½Ñ–Ğ¹ Ğ±ĞµĞ·Ğ²Ñ–Ğ·,https://uk.tgstat.com/channel/@omriyana,https://t.me/omriyana
Ğ¢Ğ°Ğ½Ğ³Ğ¾ Ğ¢Ñ€ĞµĞ²ĞµĞ»ğŸŒğŸšŒğŸ’ƒ Ğ¢ÑƒÑ€Ğ¸ Ğ¿Ğ¾ Ğ„Ğ²Ñ€Ğ¾Ğ¿Ñ–,https://uk.tgstat.com/channel/@TravelTango,https://t.me/TravelTango
Ğ“Ğ°Ğ¼Ğ±ÑƒÑ€Ğ³: Ğ§ĞµĞ¼ Ğ¿Ğ¾Ğ¼Ğ¾Ñ‡ÑŒ? ğŸ‡ºğŸ‡¦,https://uk.tgstat.com/channel/@hh_how2help,https://t.me/hh_how2help
ĞĞĞŸĞ Ğ¯ĞœĞšĞ˜ Ğ£ĞšĞ ĞĞ‡ĞĞ˜ ğŸ‡ºğŸ‡¦,https://uk.tgstat.com/channel/@uatravelblog,https://t.me/uatravelblog
Ğ¡Ñ‚Ğ¾ĞºĞ¾Ğ²Ñ– Ñ‚ÑƒÑ€Ğ¸ xo.ua,https://uk.tgstat.com/channel/@xostock,https://t.me/xostock
Ğ Ğ°Ğ¹ÑÑŒĞºĞ¸Ğ¹ ĞºÑƒÑ‚Ğ¾Ñ‡Ğ¾Ğº ğŸ¦œ ĞŸÑ€Ğ¸Ñ€Ğ¾Ğ´Ğ° ğŸŒ³,https://uk.tgstat.com/channel/@paradise_nook,https://t.me/paradise_nook
Ğ£ĞºÑ€Ğ°Ñ—Ğ½Ñ†Ñ– Ğ² Ğ„Ğ²Ñ€Ğ¾Ğ¿Ñ–,https://uk.tgstat.com/channel/@uainfoeu,https://t.me/uainfoeu
ğŸ‡ºğŸ‡¦ Ğ’Ğ°Ñ€ÑˆĞ°Ğ²Ğ° Today/ Warszawa Today ğŸ‡µğŸ‡±,https://uk.tgstat.com/channel/@warszawa_today,https://t.me/warszawa_today
Ğ’Ñ‹ĞµĞ·Ğ´ Ğ¸Ğ· Ğ¥ĞµÑ€ÑĞ¾Ğ½Ğ° ĞºĞ°Ğ½Ğ°Ğ» ğŸ‡ºğŸ‡¦,https://uk.tgstat.com/channel/@viezdkheson,https://t.me/viezdkheson
Sova in Germany ğŸ—£ğŸ‡ºğŸ‡¦ğŸ‡©ğŸ‡ª,https://uk.tgstat.com/channel/@sovaotvechaet,https://t.me/sovaotvechaet
"ğŸ‡ºğŸ‡¦Ğ‘Ñ–Ğ¶ĞµĞ½Ñ†Ñ– Ğ· Ğ£ĞºÑ€Ğ°Ñ—Ğ½Ğ¸ Ğ² Ğ†Ñ‚Ğ°Ğ»Ñ–Ñ—. ğŸ‡®ğŸ‡¹Ğ¢Ğµ, Ñ‰Ğ¾ Ğ’Ğ¸ Ñ…Ğ¾Ñ‚Ñ–Ğ»Ğ¸ Ğ·Ğ½Ğ°Ñ‚Ğ¸.",https://uk.tgstat.com/channel/@UAinIT,https://t.me/UAinIT
Ğ£ĞºÑ€Ğ°Ñ—Ğ½Ñ†Ñ– Ğ² Ğ¨Ğ²ĞµĞ¹Ñ†Ğ°Ñ€Ñ–Ñ— / Ukrainian in Switzerland,https://uk.tgstat.com/channel/@UkrainianSwitzerland,https://t.me/UkrainianSwitzerland
Ğ‘Ñ€Ğ°ÑˆĞ¾Ğ² Ğ´Ğ»Ñ Ğ£ĞºÑ€Ğ°Ğ¸Ğ½Ñ‹,https://uk.tgstat.com/channel/@brasov_ua,https://t.me/brasov_ua
OnMap,https://uk.tgstat.com/channel/@on_map_ua,https://t.me/on_map_ua
ĞšĞ°Ğ½Ğ°Ğ´Ğ°|Ğ¡Ğ¨Ğ Ğ´Ğ»Ñ Ğ£ĞºÑ€Ğ°Ñ—Ğ½Ñ†Ñ–Ğ² ğŸ‡ºğŸ‡¸ğŸ‡¨ğŸ‡¦ğŸ‡ºğŸ‡¦,https://uk.tgstat.com/channel/@visavkanady,https://t.me/visavkanady
Antipanov_Travel,https://uk.tgstat.com/channel/@antipanov_travel,https://t.me/antipanov_travel
Roman Canadian,https://uk.tgstat.com/channel/@RomanCanadian,https://t.me/RomanCanadian
ĞĞ”Ğ Ğ•ĞĞĞ›Ğ†Ğâ¤ï¸â€ğŸ”¥,https://uk.tgstat.com/channel/@slovaua,https://t.me/slovaua
Ğ£ĞºÑ€Ğ°Ğ¸Ğ½ÑĞºĞ¸Ğ¹ ĞºĞ°Ğ½Ğ°Ğ» Ğ² Ğ¢ÑƒÑ€Ñ†Ğ¸Ğ¸,https://uk.tgstat.com/channel/@turkeytoua,https://t.me/turkeytoua
Ğ¥Ğ¾Ñ€Ğ²Ğ°Ñ‚Ñ–Ñ UA ğŸ‡­ğŸ‡· ğŸ‡ºğŸ‡¦,https://uk.tgstat.com/channel/@croatiaua,https://t.me/croatiaua
Uvarova Travel,https://uk.tgstat.com/channel/@uvarova_travel,https://t.me/uvarova_travel
Israeli Friends Of Ukraine,https://uk.tgstat.com/channel/@IFUnews,https://t.me/IFUnews
Ğ•ÑÑ‚Ğ¾Ğ½Ñ–Ñ - Ñ–Ğ½Ñ„Ğ¾Ñ€Ğ¼Ğ°Ñ†Ñ–Ñ Ğ´Ğ»Ñ ÑƒĞºÑ€Ğ°Ñ—Ğ½Ñ†Ñ–Ğ²,https://uk.tgstat.com/channel/@estoniahelpforukraine,https://t.me/estoniahelpforukraine
â›ºPeople Of NatureğŸ£,https://uk.tgstat.com/channel/akvi_Bcp1540MGEy,https://t.me/joinchat/akvi_Bcp1540MGEy
Ğ›ÑĞºÑĞµĞ¼Ğ±ÑƒÑ€Ğ³ ğŸ‡±ğŸ‡ºğŸ‡ºğŸ‡¦,https://uk.tgstat.com/channel/@helpforUkrainians_Luxemburg,https://t.me/helpforUkrainians_Luxemburg
"Ğ”Ğ¾Ñ€Ğ¾Ğ³Ğ¸, Ğ¼ÑƒĞ·Ğ¸ĞºĞ° Ñ‚Ğ° Ñ—Ğ¶Ğ°ğŸŒ",https://uk.tgstat.com/channel/@roadsmusicfood,https://t.me/roadsmusicfood
Ğ— Ğ†Ñ‚Ğ°Ğ»Ñ–Ñ— Ğ¿Ñ€Ğ¾ Ğ†Ñ‚Ğ°Ğ»Ñ–Ñ,https://uk.tgstat.com/channel/@ucrainiinitalia,https://t.me/ucrainiinitalia
Ğ”Ğ¾Ğ¿Ğ¾Ğ¼Ğ¾Ğ³Ğ° ÑƒĞºÑ€Ğ°Ñ—Ğ½Ñ†ÑĞ¼ Ğ² Ğ¨Ğ²ĞµÑ†Ñ–Ñ—. Ğ’ÑÑ Ğ½ĞµĞ¾Ğ±Ñ…Ñ–Ğ´Ğ½Ğ° Ñ–Ğ½Ñ„Ğ¾Ñ€Ğ¼Ğ°Ñ†Ñ–Ñ,https://uk.tgstat.com/channel/@dopomogavshvecii,https://t.me/dopomogavshvecii
Cruise-Life | ĞšÑ€ÑƒĞ¸Ğ·-Ğ›Ğ°Ğ¹Ñ„ - ĞœĞ¾Ñ€ÑÑŒĞºÑ– ĞºÑ€ÑƒÑ—Ğ·Ğ¸ Ğ¿Ğ¾ Ğ²ÑÑŒĞ¾Ğ¼Ñƒ ÑĞ²Ñ–Ñ‚Ñƒ!,https://uk.tgstat.com/channel/@cruise_life,https://t.me/cruise_life
Zurich helps UA: Ğ´Ğ¾Ğ¿Ğ¾Ğ¼Ğ¾Ğ³Ğ° Ğ±Ñ–Ğ¶ĞµĞ½Ñ†ÑĞ¼,https://uk.tgstat.com/channel/@zh_helps_UArefugees,https://t.me/zh_helps_UArefugees
ĞÑ„Ñ„Ñ–ÑˆĞµÑ€ Ğ›ÑŒĞ²Ñ–Ğ²,https://uk.tgstat.com/channel/@afficherlviv,https://t.me/afficherlviv
"Ğ†ÑĞ¿Ğ°Ğ½Ñ–Ñ Ğ´Ğ»Ñ ÑƒĞºÑ€Ğ°Ñ–Ğ½Ñ†Ñ–Ğ²: ĞĞ»Ğ¸ĞºĞ°Ğ½Ñ‚Ğµ, Ğ‘ĞµĞ½Ğ¸Ğ´Ğ¾Ñ€Ğ¼, Ğ’Ğ°Ğ»ĞµĞ½ÑĞ¸Ñ Ğ¸ Ğ“Ñ€Ğ°Ğ½Ğ°Ğ´",https://uk.tgstat.com/channel/@Alvalben,https://t.me/Alvalben
ĞŸĞµÑ€ÑˆÑ– ĞºÑ€Ğ¾ĞºĞ¸ Ğ±Ñ–Ğ¶ĞµĞ½Ñ†Ñ Ğ² Ğ†Ñ‚Ğ°Ğ»Ñ–Ñ—,https://uk.tgstat.com/channel/@firststepinitaly,https://t.me/firststepinitaly
ĞœĞ°Ğ½Ğ´Ñ€Ğ¸ Ğ’Ğ¾Ğ»Ğ¾Ñ†ÑĞ³Ğ¸,https://uk.tgstat.com/channel/@tourisminukraine_eu,https://t.me/tourisminukraine_eu
UKRCY.news,https://uk.tgstat.com/channel/@uacyprus_info,https://t.me/uacyprus_info
Ğ†Ğ½Ñ‚ĞµÑ€Ğ½ĞµÑ‚-Ğ‘Ñ–Ğ»ĞµÑ‚ğŸ™ğŸ­ğŸºğŸ¸,https://uk.tgstat.com/channel/@internetbilet,https://t.me/internetbilet
Ğ£ĞºÑ€Ğ°Ñ—Ğ½Ñ†Ñ– Ğ² Ğ¡Ğ»Ğ¾Ğ²Ğ°Ñ‡Ñ‡Ğ¸Ğ½iğŸ‡ºğŸ‡¦ğŸ‡¸ğŸ‡° / Ukrajinci na Slovensku,https://uk.tgstat.com/channel/@ukrajincivsk,https://t.me/ukrajincivsk
Ğ£ĞºÑ€Ğ°Ñ—Ğ½ÑÑŒĞºĞ¸Ğ¹ Ğ´Ñ–Ğ¼ Ğ Ğ¾Ñ‚Ñ‚ĞµÑ€Ğ´Ğ°Ğ¼,https://uk.tgstat.com/channel/@ukrdam,https://t.me/ukrdam
Ğ›ÑƒĞ³Ğ°Ğ½Ñ‰Ğ¸Ğ½Ğ° | Ğ‘ÑƒĞ´ĞµĞ¼ Ğ¶Ğ¸Ñ‚ÑŒ,https://uk.tgstat.com/channel/@budem_zhit_lugansk,https://t.me/budem_zhit_lugansk
ĞŸĞ•Ğ Ğ•Ğ¡Ğ•Ğ›Ğ•ĞĞ¦I Ğ’ĞŸĞ ĞĞ”Ğ•Ğ¡Ğ ğŸ‡ºğŸ‡¦ ĞŸĞ•Ğ Ğ•Ğ¡Ğ•Ğ›Ğ•ĞĞ¦Ğ« ĞĞ”Ğ•Ğ¡Ğ¡Ğ,https://uk.tgstat.com/channel/@odessa_helps,https://t.me/odessa_helps
ĞœĞĞ¡Ğ¢Ğ•Ğ  Ğ¢Ğ£Ğ Ğ,https://uk.tgstat.com/channel/@masterturaua,https://t.me/masterturaua
Ğ£ĞºÑ€Ğ°Ñ—Ğ½Ñ†Ñ– Ğ² Ğ‘ĞµĞ»ÑŒĞ³Ñ–Ñ—,https://uk.tgstat.com/channel/@belgtoua,https://t.me/belgtoua
Pomoc PL-UA Bydgoszcz,https://uk.tgstat.com/channel/@EmicVICtoryia,https://t.me/EmicVICtoryia
Ğ¡Ğ¨Ğ Ğ´Ğ»Ñ ÑƒĞºÑ€Ğ°Ğ¸Ğ½Ñ†ĞµĞ² / Ğ¡Ğ¨Ğ Ğ´Ğ»Ñ ÑƒĞºÑ€Ğ°Ñ—Ğ½Ñ†Ñ–Ğ²,https://uk.tgstat.com/channel/@US4Ukraine,https://t.me/US4Ukraine
Lowcost.ua PL&EU,https://uk.tgstat.com/channel/@lowcostpl,https://t.me/lowcostpl
Ğ£ĞĞ†ĞĞ Ğ¢ÑƒÑ€Ğ¸Ğ·Ğ¼,https://uk.tgstat.com/channel/@uniantourism,https://t.me/uniantourism
"Ğ‘Ğ£Ğ Ğ“ĞĞ¡, ĞœĞ˜ Ğ— Ğ£ĞšĞ ĞĞ‡ĞĞ˜!ğŸ‡ºğŸ‡¦ğŸ‡§ğŸ‡¬",https://uk.tgstat.com/channel/@inburgas,https://t.me/inburgas
ĞšĞ°Ğ½Ğ°Ğ´ÑÑŒĞºĞ¸Ğ¹ Ğ ĞµĞ·ĞµÑ€Ğ²,https://uk.tgstat.com/channel/@Arrived2Canada,https://t.me/Arrived2Canada
ANEX tour Admiral Ğ¥ĞµÑ€ÑĞ¾Ğ½,https://uk.tgstat.com/channel/@anextouradmiral,https://t.me/anextouradmiral
Ğ£ĞºÑ€Ğ°Ğ¸Ğ½Ñ†Ñ‹ Ğ² Ğ‘Ğ¾Ğ»Ğ³Ğ°Ñ€Ğ¸Ğ¸,https://uk.tgstat.com/channel/@ukrvbg,https://t.me/ukrvbg
CFU (Canada For You),https://uk.tgstat.com/channel/@CFU_Canada_For_You,https://t.me/CFU_Canada_For_You
ĞĞ¿Ñ‹Ñ‚ Ğ±ĞµĞ¶ĞµĞ½ÑÑ‚Ğ²Ğ° Ğ² ĞĞ¾Ñ€Ğ²ĞµĞ³Ğ¸Ğ¸,https://uk.tgstat.com/channel/@bezhenstvo_Norway,https://t.me/bezhenstvo_Norway
Ğ£ĞšĞ ĞĞ‡ĞĞ¡Ğ¬ĞšĞ† Ğ‘Ğ†Ğ–Ğ•ĞĞ¦Ğ† ĞŸĞ†Ğ’Ğ”ĞĞ¯ Ğ¤Ğ ĞĞĞ¦Ğ†Ğ‡,https://uk.tgstat.com/channel/@ukrainian_refugees_in_cannes,https://t.me/ukrainian_refugees_in_cannes
NE:Urban,https://uk.tgstat.com/channel/@ne_urban,https://t.me/ne_urban
Poseidon Tour | ĞĞ²Ñ–Ğ°ĞºĞ²Ğ¸Ñ‚ĞºĞ¸ | Ğ§Ğ°Ñ€Ñ‚ĞµÑ€Ğ¸ | Ğ“Ğ°Ñ€ÑÑ‡Ñ– Ñ‚ÑƒÑ€Ğ¸,https://uk.tgstat.com/channel/@poseidontour,https://t.me/poseidontour
"7morei.ua - Ğ”ĞµÑˆĞµĞ²Ğ»Ğµ, Ñ‡ĞµĞ¼ Ğ³Ğ¾Ñ€ÑÑ‰Ğ¸Ğµ",https://uk.tgstat.com/channel/@morei7,https://t.me/morei7
ĞšĞ°Ğ¿Ñ–Ñ‚Ğ°Ğ½ ĞšĞ¸Ñ—Ğ² â€” ĞµĞºÑĞºÑƒÑ€ÑÑ–Ñ—,https://uk.tgstat.com/channel/@CaptainKyiv,https://t.me/CaptainKyiv
DEUTSCHLAND LINKS & INFO,https://uk.tgstat.com/channel/@germanyhelplinks,https://t.me/germanyhelplinks
Ğ’ĞŸĞ•Ğ Ğ’Ğ«Ğ• Ğ² Ğ“Ğ•Ğ ĞœĞĞĞ˜Ğ˜,https://uk.tgstat.com/channel/@vpervye_v_germanii,https://t.me/vpervye_v_germanii
Ğ”Ğ¾Ğ½ĞµÑ†Ğº | Ğ‘ÑƒĞ´ĞµĞ¼ Ğ¶Ğ¸Ñ‚ÑŒ,https://uk.tgstat.com/channel/@budem_zhit_donetsk,https://t.me/budem_zhit_donetsk
ĞœĞ°Ğ½Ğ´Ñ€Ñ–Ğ²Ğ¾Ñ‡ĞºĞ°UAğŸ‡ºğŸ‡¦,https://uk.tgstat.com/channel/B8bXIX7bglE3OTQy,https://t.me/joinchat/B8bXIX7bglE3OTQy
Ğ Ğ©Ğ Ğ¢ĞĞšĞ•? ğŸš¨ ĞŸĞ¾Ñ€Ñ‚ÑƒĞ³Ğ°Ğ»Ñ–Ñ!,https://uk.tgstat.com/channel/@kit_eu,https://t.me/kit_eu
Ğ£ĞºÑ€Ğ°Ğ¸Ğ½Ñ†Ñ‹ Ğ² Ğ›Ğ°Ñ‚Ğ²Ğ¸Ğ¸ ğŸ‡±ğŸ‡»ğŸ‡ºğŸ‡¦,https://uk.tgstat.com/channel/@lv_ua2,https://t.me/lv_ua2
Bunt Ğ¿Ğ¾Ğ¼Ğ¾Ñ‰ÑŒ Ğ´Ğ»Ñ Ğ£ĞºÑ€Ğ°Ğ¸Ğ½Ñ‹,https://uk.tgstat.com/channel/@bunt_ukraine,https://t.me/bunt_ukraine
ĞŸĞ¾ĞµÑ…Ğ°Ğ»Ğ¸ Ñ Ğ½Ğ°Ğ¼Ğ¸ âš“ï¸ĞĞ´ĞµÑÑĞ°,https://uk.tgstat.com/channel/@poehalisnamiodessa,https://t.me/poehalisnamiodessa
Ğ¢ÑƒÑ€Ğ¾Ğ¿ĞµÑ€Ğ°Ñ‚Ğ¾Ñ€ ĞĞ»ÑŒÑĞ½Ñ,https://uk.tgstat.com/channel/@alliance_travel,https://t.me/alliance_travel
Ğ¡Ğ°Ğ¼ Ğ² ĞšĞ°Ğ½Ğ°Ğ´Ñƒ | Ğ’Ñ–Ğ½Ğ½Ñ–Ğ¿ĞµĞ³ CUAET,https://uk.tgstat.com/channel/@vkanadu,https://t.me/vkanadu
Ğ¤Ğ ĞĞĞ¦Ğ†Ğ¯ ğŸ‡«ğŸ‡· Ğ†ĞĞ¤Ğ Ğ”ĞĞŸĞĞœĞĞ“Ğ,https://uk.tgstat.com/channel/@dopomogafrance,https://t.me/dopomogafrance
ĞĞ¾Ğ²Ğµ Ğ¶Ğ¸Ñ‚Ñ‚Ñ ğŸ‡©ğŸ‡ª,https://uk.tgstat.com/channel/@NewLifeinGermany,https://t.me/NewLifeinGermany
ğŸŒ Rubikus,https://uk.tgstat.com/channel/@Rubikus_helpUA,https://t.me/Rubikus_helpUA
ĞÑ„Ñ–ÑˆĞ° ĞĞ²Ğ°Ğ½Ñ‚ÑÑ€Ğ¸ÑÑ‚Ñ–Ğ²,https://uk.tgstat.com/channel/@avanturisty_afisha,https://t.me/avanturisty_afisha
Ğ›Ğ°Ğ³Ğ°Ğ»ÑŒĞ½Ğ°Ñ Ğ˜ÑĞ¿Ğ°Ğ½Ğ¸Ñ ğŸ‡ªğŸ‡¸,https://uk.tgstat.com/channel/@spain_legal,https://t.me/spain_legal
Euroclubbus,https://uk.tgstat.com/channel/@euroclubbusreisen,https://t.me/euroclubbusreisen
Ğ¡Ñ‚ÑƒĞ´ĞºĞ°ÑƒÑ‡,https://uk.tgstat.com/channel/@studcouch,https://t.me/studcouch
"Ğ’Ñ–Ğ·Ğ° CUAET ĞšĞ°Ğ½Ğ°Ğ´Ğ° ğŸ‡¨ğŸ‡¦ (Ğ´Ğ¾Ğ¿Ğ¾Ğ¼Ğ¾Ğ³Ğ°, Ğ²ĞºĞ»ĞµĞ¹ĞºĞ° Ğ²Ñ–Ğ·Ğ¸)",https://uk.tgstat.com/channel/@vfsglobal_booking,https://t.me/vfsglobal_booking
ĞšĞĞœĞŸĞĞ¡:ĞŸĞ¾Ğ¼Ğ¾Ñ‰ÑŒ ÑƒĞºÑ€Ğ°Ğ¸Ğ½Ñ†Ğ°Ğ¼ Ğ² Ğ ÑƒĞ¼Ñ‹Ğ½Ğ¸Ğ¸ ğŸ‡·ğŸ‡´ğŸ‡ºğŸ‡¦,https://uk.tgstat.com/channel/@kompassworld,https://t.me/kompassworld
ĞœĞ°Ğ½Ğ´Ñ€Ğ¸Ñ UA,https://uk.tgstat.com/channel/@mandriaua,https://t.me/mandriaua
ALF Travel | Hot SPO,https://uk.tgstat.com/channel/@alfhotspo,https://t.me/alfhotspo
AeroPlaneta,https://uk.tgstat.com/channel/@aeroplaneta,https://t.me/aeroplaneta
ĞšÑ‘Ğ»ÑŒĞ½ Ğ½Ğ¾Ğ²Ğ¾ÑÑ‚Ğ¸,https://uk.tgstat.com/channel/@cologne_news,https://t.me/cologne_news
Ğ£ĞºÑ€Ğ°Ğ¸Ğ½Ñ†Ñ‹ Ğ² Ğ‘Ğ°Ñ€ÑĞµĞ»Ğ¾Ğ½Ğµ/Ğ£ĞºÑ€Ğ°Ñ—Ğ½Ñ†Ñ– Ğ² Ğ‘Ğ°Ñ€ÑĞµĞ»Ğ¾Ğ½Ñ–,https://uk.tgstat.com/channel/@Ukrainian_in_Barcelona,https://t.me/Ukrainian_in_Barcelona
Ğ£ĞºÑ€Ğ°Ğ¸Ğ½Ñ†Ñ‹ Ğ² Ğ­ÑÑ‚Ğ¾Ğ½Ğ¸Ğ¸,https://uk.tgstat.com/channel/@ukrainlane,https://t.me/ukrainlane
Nerd On Tour,https://uk.tgstat.com/channel/@nerdontourshow,https://t.me/nerdontourshow
INFO Ğ‘ĞµĞ¶ĞµĞ½Ñ†Ñ‹ ğŸ‡ºğŸ‡¦/ğŸ‡©ğŸ‡ª,https://uk.tgstat.com/channel/@UKR_DE,https://t.me/UKR_DE
Ğ£ĞºÑ€Ğ°Ğ¸Ğ½Ñ†Ñ‹ Ğ² Ğ“ĞµÑ€Ğ¼Ğ°Ğ½Ğ¸Ğ¸ (Ğ‘Ğ°Ğ´ĞµĞ½-Ğ’ÑÑ€Ñ‚ĞµĞ¼Ğ±ĞµÑ€Ğ³),https://uk.tgstat.com/channel/@uaindeutschland,https://t.me/uaindeutschland
Ğ›ÑƒÑ‡ÑˆĞ¸Ğµ ĞœĞµÑÑ‚Ğ° ĞœĞ¸Ñ€Ğ° â˜€ï¸,https://uk.tgstat.com/channel/@thebest_places,https://t.me/thebest_places
EuroHelp.ua,https://uk.tgstat.com/channel/@EuroHelp_ua,https://t.me/EuroHelp_ua
Ğ•Ğ²Ğ°ĞºÑƒĞ°Ñ†Ñ–Ñ Ñƒ Ğ¤Ñ–Ğ½Ğ»ÑĞ½Ğ´Ñ–Ñ,https://uk.tgstat.com/channel/@finland_evacuation,https://t.me/finland_evacuation
ğŸ‡ºğŸ‡¦ Ğ‘ĞµĞ¶ĞµĞ½ÑÑ‚Ğ²Ğ¾ ĞĞ¾Ñ€Ğ²ĞµĞ³Ğ¸Ñ ğŸ‡³ğŸ‡´,https://uk.tgstat.com/channel/@LanaYelisieieva,https://t.me/LanaYelisieieva
ğŸ‡«ğŸ‡®â¤ï¸ğŸ‡ºğŸ‡¦ Ğ£ĞºÑ€Ğ°Ñ—Ğ½Ñ†Ñ– Ğ² Ğ¤Ñ–Ğ½Ğ»ÑĞ½Ğ´Ñ–Ñ— / Ğ£ĞºÑ€Ğ°Ğ¸Ğ½Ñ†Ñ‹ Ğ² Ğ¤Ğ¸Ğ½Ğ»ÑĞ½Ğ´Ğ¸Ğ¸,https://uk.tgstat.com/channel/@ukrainiansinfinland,https://t.me/ukrainiansinfinland
ĞĞ”Ğ’ĞĞšĞĞ¢Ğ˜ Ğ‘ĞĞ Ğ¡Ğ•Ğ›ĞĞĞ˜ (ĞĞ¤Ğ†Ğ¦Ğ†Ğ™ĞĞ˜Ğ™ ĞšĞĞĞĞ›),https://uk.tgstat.com/channel/@dopomogaspain,https://t.me/dopomogaspain
Trafalgar Girls Ğ”Ğ¾Ğ¿Ğ¾Ğ¼Ğ¾Ğ³Ğ°,https://uk.tgstat.com/channel/@londonukrainehelp,https://t.me/londonukrainehelp
Ğ’Ñ‹ĞµĞ·Ğ´ Ğ£ĞºÑ€Ğ°Ğ¸Ğ½Ğ° | Ğ’Ñ‹ĞµÑ…Ğ°Ñ‚ÑŒ Ğ¸Ğ· Ğ£ĞºÑ€Ğ°Ğ¸Ğ½Ñ‹,https://uk.tgstat.com/channel/@VyezdUkrainaY,https://t.me/VyezdUkrainaY
Maahanmuuttovirasto,https://uk.tgstat.com/channel/@maahanmuuttovirUK,https://t.me/maahanmuuttovirUK
UNHCR Hungary (Ğ£Ğ’ĞšĞ‘ ĞĞĞ Ğ² Ğ£Ğ³Ğ¾Ñ€Ñ‰Ğ¸Ğ½Ñ–),https://uk.tgstat.com/channel/@UNHCR_Hungary,https://t.me/UNHCR_Hungary
Ğ¯Ğ¿Ğ¾Ğ½Ñ–Ñ Ğ² Ğ´ĞµÑ‚Ğ°Ğ»ÑÑ…ğŸ‡¯ğŸ‡µğŸ‡ºğŸ‡¦,https://uk.tgstat.com/channel/@japan_in_details,https://t.me/japan_in_details
Ğ¢ÑƒÑ€ÑÑ‚Ğ°Ğ½Ğ¾Ğº UA. Ğ¢ÑƒÑ€Ğ¸ Ğ· Ğ£ĞºÑ€Ğ°Ñ—Ğ½Ğ¸,https://uk.tgstat.com/channel/@tourstanok_UA,https://t.me/tourstanok_UA
Ğ›Ğ¸Ñ‚Ğ²Ğ° | Ğ”Ğ¾Ğ²Ñ–Ğ´Ğ½Ğ¸Ğº ğŸ’™ğŸ’›,https://uk.tgstat.com/channel/@ua_lt_channel,https://t.me/ua_lt_channel
Ğ ĞµĞ»Ğ¾ĞºĞ°Ñ†Ñ–Ñ Ğ›ÑŒĞ²Ñ–Ğ²ÑÑŒĞºĞ° Ğ¾Ğ±Ğ»Ğ°ÑÑ‚ÑŒ,https://uk.tgstat.com/channel/@relocationLviv,https://t.me/relocationLviv
Ğ† Ğ¨Ğ ĞšĞ£Ğ”Ğ ĞĞ”Ğ•Ğ¡Ğ,https://uk.tgstat.com/channel/@i4ekudaodesa,https://t.me/i4ekudaodesa
ĞŸĞ•Ğ Ğ•Ğ’Ğ†Ğ Ğ•ĞĞ Ğ—Ğ ĞšĞĞ Ğ”ĞĞĞĞœ,https://uk.tgstat.com/channel/@Perevirenozakordonom,https://t.me/Perevirenozakordonom
ĞĞºÑ‚ÑƒĞ°Ğ»ÑŒĞ½Ğ° Ğ”Ğ¾Ğ¿Ğ¾Ğ¼Ğ¾Ğ³Ğ° Ñƒ Ğ¡Ñ‚Ğ¾ĞºĞ³Ğ¾Ğ»ÑŒĞ¼Ñ–,https://uk.tgstat.com/channel/@helpinchangesweden,https://t.me/helpinchangesweden
BusreisenUAStuttgart,https://uk.tgstat.com/channel/@BusreisenUAStuttgart,https://t.me/BusreisenUAStuttgart
Ğ˜Ğ½Ñ„Ğ¾-Ğ–Ğ¯-ĞŸĞ¾Ğ»ÑŒÑˆĞ°,https://uk.tgstat.com/channel/@info_rsl_pjm,https://t.me/info_rsl_pjm
Ğ‘ÑÑ€Ğ¾ Ğ•ĞºÑĞºÑƒÑ€ÑÑ–Ğ¹ Ğ² ĞĞ’Ğ¡Ğ¢Ğ Ğ†Ğ‡,https://uk.tgstat.com/channel/@austria_ukraine,https://t.me/austria_ukraine
"ĞšĞ°Ğ½Ğ°Ğ´Ñ‰Ğ¸Ğ½Ğ° ( Ğ’Ğ°Ğ½ĞºÑƒĞ²ĞµÑ€, Ğ‘Ñ€Ğ¸Ñ‚Ğ°Ğ½ÑÑŒĞºĞ° ĞšĞ¾Ğ»ÑƒĞ¼Ğ±Ñ–Ñ )",https://uk.tgstat.com/channel/@kanadshyna,https://t.me/kanadshyna
Rozetka Travel,https://uk.tgstat.com/channel/@rozetka_travel,https://t.me/rozetka_travel
TravelMate | Ukrainian Travel Guide ğŸ‡ºğŸ‡¦,https://uk.tgstat.com/channel/@travelmate_ukr,https://t.me/travelmate_ukr
EasyCordon âœˆï¸ Ğ’Ğ˜Ğ‡Ğ—Ğ” Ğ”Ğ›Ğ¯ Ğ§ĞĞ›ĞĞ’Ğ†ĞšĞ†Ğ’ Ğ—Ğ ĞšĞĞ Ğ”ĞĞğŸ”¥ EasyCordon,https://uk.tgstat.com/channel/@EasyCordonUkraine,https://t.me/EasyCordonUkraine
Orbita.ua,https://uk.tgstat.com/channel/@orbitaua,https://t.me/orbitaua
Ğ£ĞºÑ€Ğ°Ñ—Ğ½ĞºĞ° Ğ² ĞĞ²ÑÑ‚Ñ€Ñ–Ñ—,https://uk.tgstat.com/channel/@ukrainian_in_austria,https://t.me/ukrainian_in_austria
Ğ¢ÑƒÑ€Ğ¸ÑÑ‚Ğ¸Ñ‡ĞµÑĞºĞ¸Ğµ ÑĞ¿Ğ»ĞµÑ‚Ğ½Ğ¸,https://uk.tgstat.com/channel/@travelgossips,https://t.me/travelgossips
Ğ£Ğ±ĞµĞ¶Ğ¸Ñ‰Ğµ Ğ² Ğ¤Ğ¸Ğ½Ğ»ÑĞ½Ğ´Ğ¸Ğ¸,https://uk.tgstat.com/channel/@uafi2022,https://t.me/uafi2022
Frontier Survival,https://uk.tgstat.com/channel/@frontiersurvival,https://t.me/frontiersurvival
ĞœĞµÑ€Ğ¾Ğ¿Ñ€Ğ¸ÑÑ‚Ğ¸Ñ VIZART Events,https://uk.tgstat.com/channel/@vizart_events,https://t.me/vizart_events
"Ğ¢Ñ€Ğ°Ğ½ÑÑ„ĞµÑ€, Ğ¶Ğ¸Ñ‚Ğ»Ğ¾ Ñ– Ñ€Ğ¾Ğ±Ğ¾Ñ‚Ğ° Ğ² Ğ¡Ğ¨Ğ (Ğ¨Ñ‚Ğ°Ñ‚ ĞœÑ–Ğ½Ğ½ĞµÑĞ¾Ñ‚Ğ°) (Uniting for Ukraine)",https://uk.tgstat.com/channel/@uniteforukrainelviv,https://t.me/uniteforukrainelviv
G-Club Versace,https://uk.tgstat.com/channel/@gclubversace,https://t.me/gclubversace
ğŸ‡ºğŸ‡¦Promote Ukraine. Ukrainians (Ğ‘ĞµĞ»ÑŒĞ³Ñ–Ñ),https://uk.tgstat.com/channel/@Promote_Ukraine_Ukrainians,https://t.me/Promote_Ukraine_Ukrainians
Ukrainer in Ã–sterreich,https://uk.tgstat.com/channel/@austriaua,https://t.me/austriaua
Go To Online,https://uk.tgstat.com/channel/@GoToOnline,https://t.me/GoToOnline
UNHCR Italia | UNHCR Italy,https://uk.tgstat.com/channel/@UNHCR_Italy,https://t.me/UNHCR_Italy
KIV - Avia invest - Ğ›ĞµÑ‚Ğ°Ğ¹ Ğ¸Ğ· ĞšĞ¸ÑˆĞ¸Ğ½ĞµĞ²Ğ°,https://uk.tgstat.com/channel/@KIVAERO,https://t.me/KIVAERO
Trips and Quips (Pavlo Morkovkin),https://uk.tgstat.com/channel/@tripsandquips,https://t.me/tripsandquips
EDEM TRAVEL Ğ¢ÑƒÑ€Ñ„Ğ¸Ñ€Ğ¼Ğ°,https://uk.tgstat.com/channel/@edem_uz,https://t.me/edem_uz
Siesta- Ñ‚ÑƒÑ€Ğ¾Ğ¿ĞµÑ€Ğ°Ñ‚Ğ¾Ñ€,https://uk.tgstat.com/channel/@Siesta_touroperator,https://t.me/Siesta_touroperator
Ğ¼Ğ¾Ğ¶ĞµÑ‚ Ğ¿Ñ€Ğ¸Ğ³Ğ¾Ğ´Ğ¸Ñ‚ÑŒÑÑ,https://uk.tgstat.com/channel/@helpinIsrael,https://t.me/helpinIsrael
Ğ¢ÑƒÑ€Ğ¸ÑÑ‚Ğ¸Ñ‡Ğ½Ğ¸Ğ¹ ĞšĞ»ÑƒĞ±,https://uk.tgstat.com/channel/@tcccomua,https://t.me/tcccomua
Ukrainian Events in London (Ğ£ĞºÑ€Ğ°Ñ—Ğ½ÑÑŒĞºÑ– Ğ¿Ğ¾Ğ´Ñ–Ñ— Ğ² Ğ›Ğ¾Ğ½Ğ´Ğ¾Ğ½Ñ–),https://uk.tgstat.com/channel/@ukrainianlondon,https://t.me/ukrainianlondon
Ğ’Ñ–Ğ·Ğ° Ğ² ĞšĞ°Ğ½Ğ°Ğ´Ñƒ Ñ– Ğ¡Ğ¨Ğ/Ğ’Ğ¸Ğ·Ğ° Ğ² ĞšĞ°Ğ½Ğ°Ğ´Ñƒ Ğ¸ Ğ¡Ğ¨Ğ,https://uk.tgstat.com/channel/@VisaEasyy,https://t.me/VisaEasyy
ĞšĞ¾Ñ€Ğ´Ğ¾Ğ½ | Ğ’Ğ¸Ñ—Ğ·Ğ´ Ñ‡Ğ¾Ğ»Ğ¾Ğ²Ñ–ĞºÑ–Ğ²ğŸ‡ºğŸ‡¦,https://uk.tgstat.com/channel/@kordonovnet,https://t.me/kordonovnet
Ğ—ĞµĞ±Ñ€Ğ° Ğ¢ÑƒÑ€Ğ°Ğ³ĞµĞ½Ñ‚ÑÑ‚Ğ²Ğ¾,https://uk.tgstat.com/channel/@zebratour,https://t.me/zebratour
CSAI Ğ·Ğ°Ğ¿Ñ€Ğ¾ÑˆÑƒÑ” ÑƒĞºÑ€Ğ°Ñ—Ğ½Ñ†Ñ–Ğ²,https://uk.tgstat.com/channel/@CSAI_UKR,https://t.me/CSAI_UKR
Ğ£ĞºÑ€Ğ°Ğ¸Ğ½Ñ†Ñ‹ ğŸ’™ğŸ’›Ğ² ĞšĞ°Ğ»Ğ³Ğ°Ñ€Ğ¸ğŸ‡¨ğŸ‡¦,https://uk.tgstat.com/channel/@Pawaparawa,https://t.me/Pawaparawa
Ğ£ĞºÑ€Ğ°Ğ¸Ğ½Ñ†Ñ‹ Ğ² Ğ¡Ğ¨Ğ | Ğ£ĞºÑ€Ğ°Ñ—Ğ½Ñ†Ñ– Ğ² USA ğŸ‡ºğŸ‡¦ğŸ‡ºğŸ‡¸ ĞŸĞ¾Ğ¼Ğ¾Ñ‰ÑŒ Ğ±ĞµĞ¶ĞµĞ½Ñ†Ğ°Ğ¼ Ğ² Ğ¡Ğ¨Ğ,https://uk.tgstat.com/channel/@refugeesinusa,https://t.me/refugeesinusa
Ğ–Ğ¸Ğ·Ğ½ÑŒ Ğ² Ğ§ĞµÑ…Ğ¸Ğ¸ ğŸ‡¨ğŸ‡¿ | Ğ Ğ°Ğ±Ğ¾Ñ‚Ğ° Ğ–Ğ¸Ğ»ÑŒÑ‘,https://uk.tgstat.com/channel/@czehiya,https://t.me/czehiya
Ğ†Ğ½Ñ„Ğ¾ Ğ£ĞºÑ€Ğ°Ñ—Ğ½Ğ° â¡ï¸ ĞšĞ°Ğ½Ğ°Ğ´Ğ°,https://uk.tgstat.com/channel/@InfoUkraineCanada,https://t.me/InfoUkraineCanada
UkraineBremen,https://uk.tgstat.com/channel/@ukrainebremen,https://t.me/ukrainebremen
ĞŸĞ¾Ñ€Ñ‚ÑƒĞ³Ğ°Ğ»ÑŒÑÑŒĞºÑ– Ğ¿Ñ€Ğ¸Ğ³Ğ¾Ğ´Ğ¸,https://uk.tgstat.com/channel/@zachepilkina,https://t.me/zachepilkina
ĞĞ°Ñ‚Ğ°Ğ»ÑŒÑ Ğ”ÑĞ½Ğµ,https://uk.tgstat.com/channel/@nataliadaehne2022,https://t.me/nataliadaehne2022
Ğ£ĞºÑ€Ğ°Ñ–Ğ½Ñ†Ñ– Ğ² ĞšĞ°Ğ½Ğ°Ğ´Ñ–_Canada,https://uk.tgstat.com/channel/@Ukrainiancanada2,https://t.me/Ukrainiancanada2
PORTUM,https://uk.tgstat.com/channel/@portum_club,https://t.me/portum_club
ĞŸĞĞ•Ğ—Ğ”ĞšĞ˜ Ğ Ğ£ĞœĞ«ĞĞ˜Ğ¯ Ğ‘ĞĞ›Ğ“ĞĞ Ğ˜Ğ¯ ĞœĞĞ›Ğ”ĞĞ’Ğ ĞĞ”Ğ•Ğ¡Ğ¡Ğ Ğ‘Ğ£Ğ¥ĞĞ Ğ•Ğ¡Ğ¢ ĞĞ”Ğ•Ğ¡Ğ¡Ğ ĞšĞĞĞ¡Ğ¢ĞĞĞ¦Ğ ĞĞ”Ğ•Ğ¡Ğ¡Ğ ĞšĞ˜Ğ¨Ğ˜ĞĞ•Ğ’ ĞĞ”Ğ•Ğ¡Ğ¡Ğ Ğ’ĞĞ ĞĞ ĞŸĞ•Ğ Ğ•Ğ’ĞĞ—ĞšĞ˜,https://uk.tgstat.com/channel/@pereezd_europa,https://t.me/pereezd_europa
Europejska SzkoÅ‚a Integracji SpoÅ‚ecznej,https://uk.tgstat.com/channel/@esissite,https://t.me/esissite
Ğ’Ğ¿Ğ¸ÑĞºĞ¸ ĞšĞ¸ĞµĞ²Ğ° ğŸ’¥,https://uk.tgstat.com/channel/@nahatu,https://t.me/nahatu
Ğ¢ÑƒÑ€Ğ¡ĞºĞ°Ğ½ĞµÑ€VipğŸ”,https://uk.tgstat.com/channel/@TourScannerVip,https://t.me/TourScannerVip
HELEN TOUR ğŸ‡ºğŸ‡¦Ğ£ĞºÑ€Ğ°Ñ—Ğ½Ğ° ğŸ‡¹ğŸ‡·Ğ¢ÑƒÑ€ĞµÑ‡Ñ‡Ğ¸Ğ½Ğ°. ĞĞ²Ñ‚Ğ¾Ğ±ÑƒÑĞ½Ñ– Ñ€ĞµĞ¹ÑĞ¸,https://uk.tgstat.com/channel/@ukr_turk,https://t.me/ukr_turk
Lili & Canada,https://uk.tgstat.com/channel/@LiliinCanada,https://t.me/LiliinCanada
"Ğ£ĞºÑ€Ğ°Ñ—Ğ½Ñ†Ñ– Ğ² ĞĞ²ÑÑ‚Ñ€Ğ°Ğ»Ñ–Ñ—, Ğ½Ğ¾Ğ²Ğ¸Ğ½Ğ¸",https://uk.tgstat.com/channel/@ua_in_au,https://t.me/ua_in_au
ĞŸĞµÑ€ĞµÑ‚Ğ¸Ğ½ ĞºĞ¾Ñ€Ğ¾Ğ´Ğ¾Ğ½Ñƒ. Ğ¡Ñ‚ÑƒĞ´ĞµĞ½Ñ‚Ğ¸. Ğ†Ğ½Ğ¾Ğ·ĞµĞ¼Ğ½Ñ– ÑÑ‚ÑƒĞ´ĞµĞ½Ñ‚Ğ¸. ĞŸĞµÑ€ĞµÑ‚Ğ¸Ğ½ Ğ´Ğ»Ñ Ğ²ÑÑ–Ñ…,https://uk.tgstat.com/channel/@peretinua,https://t.me/peretinua
ĞÑ„Ñ–ÑˆĞ° Ğ¢ĞµÑ€Ğ½Ğ¾Ğ¿Ñ–Ğ»ÑŒ,https://uk.tgstat.com/channel/@ternopilafisha,https://t.me/ternopilafisha
Ğ£ĞºÑ€Ğ°Ñ—Ğ½Ğ° ~ Ğ•ÑÑ‚Ğ¾Ğ½Ñ–Ñ. ĞĞ¾Ğ²Ğ¸Ğ½Ğ¸,https://uk.tgstat.com/channel/@uainee,https://t.me/uainee
ĞŸĞ¾Ğ´Ğ±Ğ¾Ñ€ Ñ‚ÑƒÑ€Ğ° ĞºĞ°Ğº Ğ´Ğ»Ñ ÑĞµĞ±Ñ,https://uk.tgstat.com/channel/@lizatour,https://t.me/lizatour
UA24.tv - ĞºĞ°Ğ½Ğ°Ğ» Ğ´Ğ»Ñ ÑƒĞºÑ€Ğ°Ñ—Ğ½Ñ†Ñ–Ğ² Ñƒ ĞŸĞ¾Ğ»ÑŒÑ‰Ñ–,https://uk.tgstat.com/channel/@UA24_tv,https://t.me/UA24_tv
Ğ”Ğ°Ñ€Ñ‚Ğ°Ğ½ÑŒÑĞ½Ğ¾Ğ²Ğ¸Ñ‡,https://uk.tgstat.com/channel/@Dartanyanovych,https://t.me/Dartanyanovych
ĞœÑ–Ğ³Ñ€Ğ°Ñ†Ñ–Ğ¹Ğ½Ñ– Ğ¿Ğ¸Ñ‚Ğ°Ğ½Ğ½Ñ âš–ï¸,https://uk.tgstat.com/channel/@migracijni_putannya,https://t.me/migracijni_putannya
ĞŸĞ¾Ğ¼Ğ¾Ñ‰ÑŒ ÑƒĞºÑ€Ğ°Ğ¸Ğ½Ñ†Ğ°Ğ¼,https://uk.tgstat.com/channel/@psntravel,https://t.me/psntravel
SNiGTRAVELâ„ï¸,https://uk.tgstat.com/channel/@snigtravel,https://t.me/snigtravel
Immigration to Canada. CUAET. FAQ,https://uk.tgstat.com/channel/@Canadian_Newcomers,https://t.me/Canadian_Newcomers
Ukraine | Ğ‘ĞµĞ»ÑŒĞ³Ğ¸Ñ | Ğ‘Ñ€ÑÑÑĞµĞ»ÑŒ ğŸ‡ºğŸ‡¦ ğŸ‡§ğŸ‡ª,https://uk.tgstat.com/channel/@ukrainebrussels,https://t.me/ukrainebrussels
ğŸŸ Ğ‘Ğ¸Ğ»ĞµÑ‚Ñ‹ Ğ½Ğ° Ñ‡Ğ°Ñ€Ñ‚ĞµÑ€ âœˆï¸ğŸšŒ Vidirvatys_vid_zemli,https://uk.tgstat.com/channel/@Vidirvatys_vid_zemli,https://t.me/Vidirvatys_vid_zemli
TAT.ua | Tours & Tickets,https://uk.tgstat.com/channel/@tourstickets,https://t.me/tourstickets
Free ĞºĞ¾Ñ€Ğ´Ğ¾Ğ½ğŸ¦¾,https://uk.tgstat.com/channel/@frecordon22,https://t.me/frecordon22
Ğ”Ğ¾Ğ¿Ğ¾Ğ¼Ğ¾Ğ³Ğ° ÑƒĞºÑ€Ğ°Ñ—Ğ½Ñ†ÑĞ¼ Ñƒ ĞÑ–Ğ¼ĞµÑ‡Ñ‡Ğ¸Ğ½Ñ–,https://uk.tgstat.com/channel/@Deupomoga,https://t.me/Deupomoga
Ğ£ĞºÑ€Ğ°Ñ—Ğ½Ñ†Ñ– Ğ² ĞŸĞ¾Ğ»ÑŒÑ‰Ñ–,https://uk.tgstat.com/channel/@ukraincipl,https://t.me/ukraincipl
Ğ£ĞºÑ€Ğ°Ñ—Ğ½Ñ†Ñ– Ğ² Ğ¡Ñ‚Ğ°Ğ¼Ğ±ÑƒĞ»Ñ–,https://uk.tgstat.com/channel/@uaistanbul,https://t.me/uaistanbul
"""ĞŸÑ€Ğ¾Ğ³ÑƒĞ»ÑĞ½ĞºĞ¸Ğ”Ğ½Ñ–Ğ¿Ñ€Ğ¾Ğ¼"" Ğ•ĞºÑĞºÑƒÑ€ÑÑ–Ğ¹Ğ½Ğ¸Ğ¹ ĞºĞ»ÑƒĞ±",https://uk.tgstat.com/channel/@progulkipodnepry,https://t.me/progulkipodnepry
Ğ’Ñ‹ĞµĞ·Ğ´ Ğ¼ÑƒĞ¶Ñ‡Ğ¸Ğ½ Ğ·Ğ° Ğ³Ñ€Ğ°Ğ½Ğ¸Ñ†ÑƒğŸš˜,https://uk.tgstat.com/channel/@helpdeparturefromUkraine,https://t.me/helpdeparturefromUkraine
Ğ”ĞĞ Ğ¢,https://uk.tgstat.com/channel/@DARTUkraine,https://t.me/DARTUkraine
Ğ”Ğ¸Ğ²Ğ¾Ğ²Ğ¸Ğ¶Ğ½Ğ° Ğ£ĞºÑ€Ğ°Ñ—Ğ½Ğ°,https://uk.tgstat.com/channel/@ukrdivo,https://t.me/ukrdivo
torun ukraine (Ğ†Ğ½Ñ„Ğ¾Ñ€Ğ¼Ğ°Ñ†Ñ–Ñ Ğ´Ğ»Ñ ÑƒĞºÑ€Ğ°Ñ—Ğ½Ñ†Ñ–Ğ² Ğ¢Ğ¾Ñ€ÑƒĞ½ÑŒ),https://uk.tgstat.com/channel/@torun_ukraine,https://t.me/torun_ukraine
"Latin party in Kyiv (Salsa, Bachata, Kizomba)",https://uk.tgstat.com/channel/@latinpartyinkyiv,https://t.me/latinpartyinkyiv
ĞĞ¾Ğ²Ğ¸Ğ½Ğ¸ Ğ· ĞŸĞ¾Ğ»Ğ¾Ğ½Ğ¸Ğ½Ğ¸,https://uk.tgstat.com/channel/@newspolonina,https://t.me/newspolonina
UASJ Ğ£ĞºÑ€Ğ°Ñ—Ğ½Ñ†Ñ– Ğ² Saint John,https://uk.tgstat.com/channel/@uasj_info,https://t.me/uasj_info
DEğŸ‡ºğŸ‡¦VSIM SVOIMğŸ‡©ğŸ‡ª,https://uk.tgstat.com/channel/@vsim_svoim_de,https://t.me/vsim_svoim_de
Ğ¢ÑƒÑ€ĞºĞ»ÑƒĞ± Â«â€Ğ¦Ñ–ĞºĞ°Ğ²Ğ° Ğ£ĞºÑ€Ğ°Ñ—Ğ½Ğ°â€Â» ğŸ‡ºğŸ‡¦ğŸ’ª,https://uk.tgstat.com/channel/@cikavaua,https://t.me/cikavaua
ĞŸÑ€Ğ¾ Ğ¢ÑƒÑ€Ğ°Ğ³ĞµĞ½Ñ‚ÑÑ‚Ğ²Ğ¾,https://uk.tgstat.com/channel/@abouttravelagency,https://t.me/abouttravelagency
EasyCordon âœˆï¸ Ğ’Ğ«Ğ•Ğ—Ğ” Ğ”Ğ›Ğ¯ ĞœĞ£Ğ–Ğ§Ğ˜Ğ Ğ—ĞĞ“Ğ ĞĞĞ˜Ğ¦Ğ£ğŸ”¥EasyCordon,https://uk.tgstat.com/channel/@EasyCordon_official,https://t.me/EasyCordon_official
Ğ£ĞºÑ€Ğ°Ğ¸Ğ½Ñ†Ğ°Ğ¼ Ğ¾ Ğ›Ğ°Ñ‚Ğ²Ğ¸Ğ¸,https://uk.tgstat.com/channel/@ukrainians_to_latvia,https://t.me/ukrainians_to_latvia
ğŸ‡ºğŸ‡¦UA Canada- ĞœĞ¸ Ğ² ĞšĞ°Ğ½Ğ°Ğ´Ñ–ğŸ‡¨ğŸ‡¦,https://uk.tgstat.com/channel/@UA_Canada_Cuaet,https://t.me/UA_Canada_Cuaet
GrowGrowUS,https://uk.tgstat.com/channel/@growgrowus,https://t.me/growgrowus
Ğ¢ÑƒÑ€Ñ–Ğ½Ñ„Ğ¾Ñ€Ğ¼ Ğ—Ğ°ĞºĞ°Ñ€Ğ¿Ğ°Ñ‚Ñ‚Ñ,https://uk.tgstat.com/channel/@tourinform,https://t.me/tourinform
ĞšĞĞĞĞ› BielefeldHelps,https://uk.tgstat.com/channel/@bielefeldUkrInfoVonPrivat,https://t.me/bielefeldUkrInfoVonPrivat
MaximumTravel - Ğ°Ğ½Ğ¾Ğ½ÑĞ¸ Ğ¿Ğ¾Ğ´Ğ¾Ñ€Ğ¾Ğ¶ĞµĞ¹,https://uk.tgstat.com/channel/@maximumtrvl,https://t.me/maximumtrvl
ĞšĞ¾Ğ¾Ñ€Ğ´Ğ¸Ğ½Ğ°Ñ†Ñ–Ğ¹Ğ½Ğ¸Ğ¹ Ñ†ĞµĞ½Ñ‚Ñ€ ĞœĞµĞ´Ğ¶Ğ»Ñ–ÑÑƒ,https://uk.tgstat.com/channel/@qirim_evacuate,https://t.me/qirim_evacuate
ğŸ‡ºğŸ‡¦Ğ£ĞºÑ€Ğ°Ñ—Ğ½Ğ° ĞĞ²ÑÑ‚Ñ€Ñ–Ñ Ğ’Ğ·Ğ°Ñ”Ğ¼Ğ¾Ğ´Ğ¾Ğ¿Ğ¾Ğ¼Ğ¾Ğ³Ğ°,https://uk.tgstat.com/channel/@OsterreichUkraine,https://t.me/OsterreichUkraine
ĞĞµĞ·Ğ»Ğ°Ğ¼Ğ½Ğ° Ğ£ĞºÑ€Ğ°Ñ—Ğ½Ğ° (Ğ’Ğ°Ñ€ÑˆĞ°Ğ²Ğ°),https://uk.tgstat.com/channel/@NezlamnaWarsaw,https://t.me/NezlamnaWarsaw
Sergiy Yeremenko,https://uk.tgstat.com/channel/@italiasergiyeremenko,https://t.me/italiasergiyeremenko
Ğ£ĞºÑ€Ğ°Ñ—Ğ½Ğ° Ğ’Ñ€Ğ°Ğ¶Ğ°Ñ” ğŸ‡ºğŸ‡¦,https://uk.tgstat.com/channel/6OVzrpUCCYY0ODQy,https://t.me/joinchat/6OVzrpUCCYY0ODQy
Ğ’Ğ¾Ğ»Ğ¾Ğ½Ñ‚ĞµÑ€Ñ‹ - ÑĞ¼Ğ¿Ğ°Ñ‚Ñ‹ Ğ‘Ğ°Ñ€ÑĞµĞ»Ğ¾Ğ½Ñ‹,https://uk.tgstat.com/channel/@volunteers_bcn,https://t.me/volunteers_bcn
Ğ—Ğ°Ğ¿Ğ¾Ñ€Ñ–Ğ¶Ğ¶Ñ Ğ¡Ñ–Ñ‚Ñ–,https://uk.tgstat.com/channel/@touristinfocentre,https://t.me/touristinfocentre
Ğ“ĞĞ Ğ¯Ğ§Ğ† Ğ¢Ğ£Ğ Ğ˜ğŸ”¥,https://uk.tgstat.com/channel/@kvutku_y_lito_cv,https://t.me/kvutku_y_lito_cv
Ğ’ĞŸĞ Ğ¡Ğ¾Ñ„Ñ–Ñ—Ğ²ÑÑŒĞºĞ¾Ñ— Ğ‘Ğ¾Ñ€Ñ‰Ğ°Ğ³Ñ–Ğ²ĞºĞ¸ Ğ‘ÑƒÑ‡Ğ°Ğ½ÑÑŒĞºĞ° Ğ³Ñ€Ğ¾Ğ¼Ğ°Ğ´Ğ°,https://uk.tgstat.com/channel/@dopomoga_VPO_SB,https://t.me/dopomoga_VPO_SB
Ğ“Ğ»Ğ¾Ğ±ÑƒÑ Ğ£ĞºÑ€Ğ°Ñ—Ğ½Ğ¸,https://uk.tgstat.com/channel/@UAGlobe,https://t.me/UAGlobe
Ğ£ĞºÑ€Ğ°Ñ—Ğ½ÑÑŒĞºĞ¸Ğ¹ Ğ†Ğ½Ñ„Ğ¾ Ğ¦ĞµĞ½Ñ‚Ñ€ Ğ¡Ñ–Ğ±Ñ–Ñƒ ğŸ‡ºğŸ‡¦ (Sibiu Ukrainian Info Center),https://uk.tgstat.com/channel/@ukrainesibiuchannel,https://t.me/ukrainesibiuchannel
BeneTour,https://uk.tgstat.com/channel/@benetour,https://t.me/benetour
ĞšĞ¾Ğ½Ñ‚Ñ€Ğ½Ğ°ÑÑ‚ÑƒĞ¿âš¡ï¸Ğ£ĞºÑ€Ğ°Ñ—Ğ½Ğ° ğŸ‡ºğŸ‡¦,https://uk.tgstat.com/channel/@shastatnewsua,https://t.me/shastatnewsua
vIrlandiiğŸ‡®ğŸ‡ªğŸ‡ºğŸ‡¦|ĞĞ¾Ğ²Ğ¸Ğ½Ğ¸ Ğ· Ğ†Ñ€Ğ»Ğ°Ğ½Ğ´Ñ–Ñ—,https://uk.tgstat.com/channel/@vIrlandii,https://t.me/vIrlandii
Pro.marin.a.travel.ro,https://uk.tgstat.com/channel/@proguidetravel,https://t.me/proguidetravel
Ğ¡Ğ¢Ğ•Ğ–ĞšĞ 17.06,https://uk.tgstat.com/channel/@stezhka_prostir,https://t.me/stezhka_prostir
Ğ¢Ğ£Ğ”Ğ˜ Ğ¥ĞĞ§Ğ£,https://uk.tgstat.com/channel/MvagGg9_rEdlNTli,https://t.me/joinchat/MvagGg9_rEdlNTli
ĞĞ¾Ğ²Ğ¸Ğ½Ğ¸ | Bali Ukraine,https://uk.tgstat.com/channel/@bali_ua_events,https://t.me/bali_ua_events
Ğ£ĞšĞ ĞĞ‡ĞĞ¦Ğ† Ğ’ ĞœĞĞ Ğ‘Ğ•Ğ›Ğ¬Ğ‡,https://uk.tgstat.com/channel/@marbellahelpukraine,https://t.me/marbellahelpukraine
ğŸ‡©ğŸ‡ªQIRIM MEDENÄ°Y MERKEZÄ°ğŸ‡©ğŸ‡ª,https://uk.tgstat.com/channel/@qirimli_avropa,https://t.me/qirimli_avropa
Ğ£ĞºÑ€Ğ°Ğ¸Ğ½Ñ†Ñ‹ Ğ² ĞŸĞ»Ğ¾Ğ²Ğ´Ğ¸Ğ²Ğµ ğŸ‡ºğŸ‡¦ğŸ‡§ğŸ‡¬,https://uk.tgstat.com/channel/@ukrainiansinplovdiv,https://t.me/ukrainiansinplovdiv
Braunschweig_UA Ğ–Ğ¸Ğ»ÑŒÑ‘,https://uk.tgstat.com/channel/@braunschweig_ua_living,https://t.me/braunschweig_ua_living
Ğ¡Ğ»Ğ¾Ğ²Ğ°ĞºĞ¸Ñ Ğ´Ğ»Ñ ÑĞ²Ğ¾Ğ¸Ñ… ğŸ¤ ĞšĞ°Ğ½Ğ°Ğ»,https://uk.tgstat.com/channel/@slovakiaforpeople,https://t.me/slovakiaforpeople
Ğ‘ĞµĞ»ÑŒÑÑŒĞºĞ¾-Ğ‘ÑĞ»Ğ° Ğ´Ğ»Ñ ğŸ‡ºğŸ‡¦,https://uk.tgstat.com/channel/@bielskobialaua,https://t.me/bielskobialaua
Dream Visa ğŸŒ,https://uk.tgstat.com/channel/@dream_visaa,https://t.me/dream_visaa
AUGB Edinburgh ğŸ‡ºğŸ‡¦ğŸ´ó §ó ¢ó ³ó £ó ´ó ¿,https://uk.tgstat.com/channel/@AUGB_Edinburgh,https://t.me/AUGB_Edinburgh
ĞœÑ–ÑÑ‚Ğ¾ ĞœĞ°Ñ€Ñ–Ñ—,https://uk.tgstat.com/channel/@mistoMarii,https://t.me/mistoMarii
ĞÑ‚ĞµĞ»ÑŒ RIBERA RESORT & SPA,https://uk.tgstat.com/channel/@RiberaResortandSPA,https://t.me/RiberaResortandSPA
Travellizyâœˆï¸ UA,https://uk.tgstat.com/channel/@travellizy_ua,https://t.me/travellizy_ua
Siegen Ğ“ĞµÑ€Ğ¼Ğ°Ğ½Ğ¸Ñ Ğ—Ğ¸Ğ³ĞµĞ½ Ğ’Ğ¾Ğ»Ğ¾Ğ½Ñ‚ĞµÑ€Ñ‹ ĞŸĞ¾Ğ¼Ğ¾Ñ‰ÑŒ,https://uk.tgstat.com/channel/@ukrainamurasom,https://t.me/ukrainamurasom
Ğ”Ğµ Ğ¢ÑƒÑĞ°? ğŸ‡ºğŸ‡¦,https://uk.tgstat.com/channel/@de2sa,https://t.me/de2sa
ğŸ‡ºğŸ‡¦Ğ£ĞºÑ€Ğ°Ñ—Ğ½ÑÑŒĞºĞ¸Ğ¹ Ğ´Ñ–Ğ¼ Ğ‘ÑƒÑ€Ğ³Ğ°ÑğŸ‡ºğŸ‡¦,https://uk.tgstat.com/channel/@ukrainianhouseBurgas,https://t.me/ukrainianhouseBurgas
Ğ¢ÑƒÑ€Ğ¸ÑÑ‚Ğ¸Ñ‡Ğ½Ğ¸Ğ¹ Ñ†ĞµĞ½Ñ‚Ñ€ Ğ Ğ¸Ğ±Ğ° ĞĞ½Ğ´Ñ€Ñ–Ğ¹,https://uk.tgstat.com/channel/@ryba_turist,https://t.me/ryba_turist
Ğ†Ñ‚Ğ°Ğ»Ñ–Ñ Ğ¾Ñ‡Ğ¸Ğ¼Ğ° ÑƒĞºÑ€Ğ°Ñ—Ğ½ĞºĞ¸,https://uk.tgstat.com/channel/@nasty_it,https://t.me/nasty_it
ğŸŒ²Ğ¨Ğ¸ÑˆĞºĞ¸Ğ½ Ğ”Ğ¾Ğ¼ğŸŒ²,https://uk.tgstat.com/channel/@shishkindom_uz,https://t.me/shishkindom_uz
Ğ¢ÑƒÑ€Ğ¸ Ğ¿Ğ¾ Ğ„Ğ²Ñ€Ğ¾Ğ¿Ñ– Ğ²Ñ–Ğ´ Ğ¤ĞµÑ”Ñ€Ñ–Ñ— ĞœĞ°Ğ½Ğ´Ñ€Ñ–Ğ²,https://uk.tgstat.com/channel/@FeeriaMandriv_Bs,https://t.me/FeeriaMandriv_Bs
Ğ½ĞµĞºÑƒĞ»ÑŒÑ‚ÑƒÑ€Ğ½Ğ¸Ğ¹ Ñ‡Ğ°Ñ‚,https://uk.tgstat.com/channel/@nekulturni,https://t.me/nekulturni
ĞŸĞµÑ€ĞµÑĞµĞ»ĞµĞ½Ñ†Ñ‹|Ğ§ĞµÑ€ĞºĞ°ÑÑÑ‹,https://uk.tgstat.com/channel/@pereselenche,https://t.me/pereselenche
Pro Ukraine,https://uk.tgstat.com/channel/@ProUkraine,https://t.me/ProUkraine
ĞÑĞ¾Ñ†Ñ–Ğ°Ñ†Ñ–Ñ Ğ£ĞºÑ€Ğ°Ñ—Ğ½Ñ†Ñ–Ğ² Ğ”Ğ°Ğ½Ñ–Ñ—,https://uk.tgstat.com/channel/@AUD_Copenhagen,https://t.me/AUD_Copenhagen
Ğ£ĞºÑ€Ğ°Ñ—Ğ½Ñ†Ñ– Ğ² Ğ£ĞµĞ»ÑŒÑÑ– ğŸ‡ºğŸ‡¦| Ukrainians in Wales ğŸ´ó §ó ¢ó ·ó ¬ó ³ó ¿,https://uk.tgstat.com/channel/@Ukrainians_in_Wales_Channel,https://t.me/Ukrainians_in_Wales_Channel
Ğ£ĞºÑ€Ğ°Ñ—Ğ½Ñ†Ñ– Ğ² ĞœĞ°ÑĞ¼Ñ–/Ğ¤Ğ»Ğ¾Ñ€Ğ¸Ğ´Ğ° Ğ¡Ğ¨Ğ,https://uk.tgstat.com/channel/@ukraine_miami,https://t.me/ukraine_miami
GreenTravel.ua ğŸ‡ºğŸ‡¦ Ğ¢Ğ²Ñ–Ğ¹ ÑÑ‚Ñ€Ğ°Ñ…Ğ¾Ğ²Ğ¸Ğ¹ Ğ´Ñ€ÑƒĞ³!,https://uk.tgstat.com/channel/@gtravel_news,https://t.me/gtravel_news
"Ğ¢ÑƒÑ€Ğ¸ÑÑ‚Ğ¸Ñ‡Ğ½Ğ° Ñ„Ñ–Ñ€Ğ¼Ğ° ""Ğ¤ĞµÑ”Ñ€Ñ–Ñ""",https://uk.tgstat.com/channel/@feerychna_podorozh,https://t.me/feerychna_podorozh
UAnother. Ğ¢Ğ¸ - Ñ–Ğ½ÑˆĞ¸Ğ¹. #Ğ£ĞºÑ€Ğ¢Ğ³,https://uk.tgstat.com/channel/@uanother,https://t.me/uanother
ğŸ‡ºğŸ‡¦ Travel2Day by #AgentskiyÂ®,https://uk.tgstat.com/channel/@Travel2DayAgentskiy,https://t.me/Travel2DayAgentskiy
Ğ£ĞºÑ€Ğ°Ñ—Ğ½ÑÑŒĞºÑ– Ğ¾Ğ³Ğ¾Ğ»Ğ¾ÑˆĞµĞ½Ğ½Ñ Ğ² Ğ Ğ¸Ğ¼Ñ–,https://uk.tgstat.com/channel/@ucraini_a_roma,https://t.me/ucraini_a_roma
Ukrayina.pl,https://uk.tgstat.com/channel/@ukrayinapl,https://t.me/ukrayinapl
Ukrainer in KÃ¤rnten ğŸ’™ğŸ’› Ğ£ĞºÑ€Ğ°Ñ—Ğ½Ñ†Ñ– Ğ² ĞšĞ°Ñ€Ñ–Ğ½Ñ‚Ñ–Ñ—,https://uk.tgstat.com/channel/@ukrainer_in_kaernten,https://t.me/ukrainer_in_kaernten
Time 2 Travel club,https://uk.tgstat.com/channel/@time2travelclub,https://t.me/time2travelclub
ĞšĞ°Ğ½Ğ°Ğ´Ğ°ğŸ‡ºğŸ‡¦Ñ–Ğ½Ñ„Ğ¾Ñ€Ğ¼Ğ°Ñ†Ñ–Ñ Ğ´Ğ»Ñ ÑƒĞºÑ€Ğ°Ñ—Ğ½Ñ†Ñ–Ğ² ğŸ‡¨ğŸ‡¦,https://uk.tgstat.com/channel/@pravoif,https://t.me/pravoif
ĞŸĞ¾Ğ´Ğ°Ñ€ĞºĞ¸ ĞºĞ°Ğ¶Ğ´Ñ‹Ğ¹ Ğ´ĞµĞ½ÑŒ,https://uk.tgstat.com/channel/@pravda_ua22,https://t.me/pravda_ua22
Ğ†ÑÑ‚Ğ¾Ñ€Ğ¸Ñ‡Ğ½Ñ– Ñ†Ñ–ĞºĞ°Ğ²Ğ¸Ğ½Ğ¸ Ñƒ Ğ¼Ğ°Ğ½Ğ´Ñ€Ğ°Ñ… ğŸ‡ºğŸ‡¦| ğŸ—º,https://uk.tgstat.com/channel/@istorychni_tsikavyny,https://t.me/istorychni_tsikavyny
Ğ“Ğ¾Ñ€Ğ¸ Ñ– Ñ€Ñ–Ğ²Ğ½Ğ¸Ğ½Ğ¸,https://uk.tgstat.com/channel/@outdoorukr,https://t.me/outdoorukr
ĞŸĞ¾ÑĞ¾Ğ»ÑŒÑÑ‚Ğ²Ğ¾ Ğ£ĞºÑ€Ğ°Ñ—Ğ½Ğ¸ Ğ² Ğ§ĞµÑ…Ñ–Ñ—,https://uk.tgstat.com/channel/@uaembprague,https://t.me/uaembprague
ĞšÑ€Ğ°ÑĞ¸Ğ²Ñ– Ğ¼Ñ–ÑÑ†Ñ Ğ›ÑŒĞ²Ñ–Ğ²Ñ‰Ğ¸Ğ½Ğ¸,https://uk.tgstat.com/channel/5_k8DZ1cd9k0OGFi,https://t.me/joinchat/5_k8DZ1cd9k0OGFi
UAinWarsaw: ÑƒĞºÑ€Ğ°Ñ—Ğ½Ñ†Ñ– Ñƒ Ğ’Ğ°Ñ€ÑˆĞ°Ğ²Ñ–,https://uk.tgstat.com/channel/@UAinWarsawPL,https://t.me/UAinWarsawPL
Ğ˜Ğ½ĞºĞ¾Ğ¼Ğ°Ñ€Ñ‚ÑƒÑ€ 93,https://uk.tgstat.com/channel/@incomartour93,https://t.me/incomartour93
ĞĞ¾Ğ²Ğ¾ÑÑ‚Ğ¸ Ğ£ĞºÑ€Ğ°Ğ¸Ğ½Ñ‹ - From-UA,https://uk.tgstat.com/channel/@fromua_official,https://t.me/fromua_official
ĞœĞ°Ğ½Ğ´Ñ€ÑƒĞ²Ğ°Ñ‚Ğ¸ Ğ£ĞºÑ€Ğ°Ñ—Ğ½Ğ¾Ñ - ĞºÑ€ÑƒÑ‚Ğ¾!,https://uk.tgstat.com/channel/@discovertravelsukraine,https://t.me/discovertravelsukraine
Ğ Ğ¾Ğ±Ğ¾Ñ‚Ğ° Ğ² ĞŸĞ¾Ğ»ÑŒÑ‰Ñ–,https://uk.tgstat.com/channel/@pomocUKR,https://t.me/pomocUKR
Ğ’ĞšĞ›Ğ•Ğ™ĞšĞ Ğ’Ğ†Ğ—Ğ˜ CUAET Ğ†ĞĞ¡Ğ¢Ğ Ğ£ĞšĞ¦Ğ†Ğ¯ ğŸ‡¨ğŸ‡¦ Ğ’Ñ–Ğ´ĞµĞ½ÑŒ|ĞšĞ°Ğ½Ğ°Ğ´Ğ°ğŸ‡¨ğŸ‡¦ Ğ”Ğ¾ÑÑ‚Ğ°Ğ²ĞºĞ°,https://uk.tgstat.com/channel/@mail_to_austria,https://t.me/mail_to_austria
Ğ£ĞºÑ€Ğ°Ñ—Ğ½ÑÑŒĞºĞ¸Ğ¹ ĞÑŒÑÑ„Ğ°ÑƒĞ½Ğ´Ğ»ĞµĞ½Ğ´ Ñ– Ğ›Ğ°Ğ±Ñ€Ğ°Ğ´Ğ¾Ñ€ (Ukrainians of Newfoundland),https://uk.tgstat.com/channel/@UkrNL,https://t.me/UkrNL
"ĞŸĞĞœĞĞ©Ğ¬ Ğ’Ğ«Ğ•Ğ¥ĞĞ¢Ğ¬ğŸ‡ºğŸ‡¦, Ğ’Ğ«Ğ•Ğ—Ğ” Ğ˜Ğ— Ğ£ĞšĞ ĞĞ˜ĞĞ« Ğ’ Ğ•Ğ’Ğ ĞĞŸĞ£ğŸ‡ªğŸ‡º",https://uk.tgstat.com/channel/@europeukrainecordon,https://t.me/europeukrainecordon
Golub Miru. ĞŸĞ¾Ğ¼Ğ¾Ñ‰ÑŒ Ğ±ĞµĞ¶ĞµĞ½Ñ†Ğ°Ğ¼ Ğ² Ğ¡ĞµÑ€Ğ±Ğ¸Ğ¸. Ğ“Ğ¾Ğ»ÑƒĞ±ÑŒ ĞœĞ¸Ñ€Ğ°.,https://uk.tgstat.com/channel/@golubmiru,https://t.me/golubmiru
ğŸ‡ºğŸ‡¦Ğ£ĞºÑ€Ğ°Ğ¸Ğ½Ñ†Ñ‹ Ğ² Ğ¡Ğ¾Ñ„Ğ¸Ğ¸ğŸ‡§ğŸ‡¬,https://uk.tgstat.com/channel/@uksof,https://t.me/uksof
ĞĞ¾Ğ²Ğ¾ÑÑ‚Ğ¸ Ğ”ÑÑÑĞµĞ»ÑŒĞ´Ğ¾Ñ€Ñ„Ğ°,https://uk.tgstat.com/channel/@dus_news,https://t.me/dus_news
ĞšĞ»ÑƒĞ± ÑƒĞºÑ€Ğ°Ñ—Ğ½ÑÑŒĞºĞ¸Ñ… Ğ¶Ñ–Ğ½Ğ¾Ğº,https://uk.tgstat.com/channel/@klubukrainianwomen,https://t.me/klubukrainianwomen
NA ĞŸĞĞ¨Ğ¢Ğ†,https://uk.tgstat.com/channel/@artnaposhti,https://t.me/artnaposhti
ĞšÑ€Ñ‹Ğ¼ÑĞºĞ¸Ğ¹ Ñ…Ğ»Ğ¾Ğ¿Ğ¾ĞºğŸ‘,https://uk.tgstat.com/channel/@cotton_crimea,https://t.me/cotton_crimea
Ğ¯ĞœĞ°Ñ€Ñ–ÑƒĞ¿Ğ¾Ğ»ÑŒ. Ğ¥Ğ¼ĞµĞ»ÑŒĞ½Ğ¸Ñ†ÑŒĞºĞ¸Ğ¹,https://uk.tgstat.com/channel/@imrpl_khm_info,https://t.me/imrpl_khm_info
Ğ£ĞºÑ€Ğ°Ñ—Ğ½Ñ†Ñ– Ğ² Ğ„Ğ²Ñ€Ğ¾Ğ¿Ñ– Ğ—Ğ°ĞºĞ¾Ğ½Ğ¸ Ğ†Ğ½Ñ„Ğ¾Ñ€Ğ¼Ğ°Ñ†Ñ–Ñ â„¹ï¸,https://uk.tgstat.com/channel/@UkrainaPolad,https://t.me/UkrainaPolad
ĞšĞ¾Ğ»ÑƒĞ¼Ğ± Ñ‚ÑƒÑ€Ğ°Ğ³ĞµĞ½Ñ†Ñ–Ñ|Ğ“Ğ°Ñ€ÑÑ‡Ñ– Ñ‚ÑƒÑ€Ğ¸ğŸ”¥,https://uk.tgstat.com/channel/@columbus_dp_hottours,https://t.me/columbus_dp_hottours
ğŸ‡©ğŸ‡°Work in Denmark,https://uk.tgstat.com/channel/@workindenmark,https://t.me/workindenmark
ğŸ‡·ğŸ‡´ ğŸ‡ºğŸ‡¦ Ğ ÑƒĞ¼Ñ‹Ğ½Ğ¸Ñ 50/20 - Ğ±ĞµÑĞ¿Ğ»Ğ°Ñ‚Ğ½Ğ¾Ğµ Ğ¶Ğ¸Ğ»ÑŒĞµ,https://uk.tgstat.com/channel/@romania_free,https://t.me/romania_free
"Ğ¨Ğ²ĞµÑ€Ñ–Ğ½ ""Ğ¡Ğ†Ğ§"" ( Schwerin SiC )",https://uk.tgstat.com/channel/@SchwerinMam,https://t.me/SchwerinMam
Ukrainian Cities,https://uk.tgstat.com/channel/@ukrainiancities,https://t.me/ukrainiancities
Ğ£ĞºÑ€Ğ°Ñ—Ğ½Ñ†Ñ– ĞŸĞ¾Ñ€Ñ–,https://uk.tgstat.com/channel/@infofinland_Pori,https://t.me/infofinland_Pori
Ğ¯-Ğ£ĞºÑ€Ğ°Ñ—Ğ½Ğ°-Ğ‘Ğ¾Ñ€Ğ´Ğ¾,https://uk.tgstat.com/channel/@asileukrainebordeaux,https://t.me/asileukrainebordeaux
"U4Ushnik > Ñ€Ğ°Ğ±Ğ¾Ñ‚Ğ° > Ğ³Ğ¸Ğ½ĞºĞ°Ñ€Ñ‚Ğ° Orange County, Irvine",https://uk.tgstat.com/channel/@united4ukraine,https://t.me/united4ukraine
ĞĞ¢Ğ›ĞĞ¡ Ğ¢Ğ£Ğ ĞĞ“Ğ•ĞĞ¢Ğ¡Ğ¢Ğ’Ğ,https://uk.tgstat.com/channel/@atlas1610,https://t.me/atlas1610
ĞŸĞµÑ€ĞµĞ²Ğ¾Ğ·ĞºĞ¸ ĞœĞ°Ñ€Ğ¸ÑƒĞ¿Ğ¾Ğ»ÑŒ ĞšÑ€Ñ‹Ğ¼ Ğ”ĞĞ  Ğ£ĞºÑ€Ğ°Ğ¸Ğ½Ğ° Ğ•Ğ²Ñ€Ğ¾Ğ¿Ğ°,https://uk.tgstat.com/channel/@mariupolperevoz,https://t.me/mariupolperevoz
Deeportament Community,https://uk.tgstat.com/channel/@deeportament_community,https://t.me/deeportament_community
Ğ¢ÑƒÑ€Ğ¸ Ğ· ĞĞ½Ğ³Ğ° Ğ¢Ñ€ĞµĞ²ĞµĞ»,https://uk.tgstat.com/channel/@ukrtour,https://t.me/ukrtour
AliBrandğŸ‡ªğŸ‡º,https://uk.tgstat.com/channel/@brand_ali,https://t.me/brand_ali
Travel Bastards,https://uk.tgstat.com/channel/@travel_bastards,https://t.me/travel_bastards
Ğ‘Ğ»Ğ¾ĞºĞ½Ğ¾Ñ‚Ğ¸Ğº ĞœÑ€Ñ–Ğ¹,https://uk.tgstat.com/channel/@bloknotuk_mrii,https://t.me/bloknotuk_mrii
ĞŸĞ¾Ğ´Ğ¾Ñ€Ğ¾Ğ¶ÑƒĞ¹ Ğ£ĞºÑ€Ğ°Ñ—Ğ½Ğ¾Ñ,https://uk.tgstat.com/channel/@mandruy_ua,https://t.me/mandruy_ua
The Bridge-Ukraine,https://uk.tgstat.com/channel/@thebridgeua,https://t.me/thebridgeua
Ğ£ĞºÑ€Ğ°Ñ—Ğ½Ñ†Ñ– Ñƒ Ğ“Ñ€ĞµÑ†Ñ–Ñ—,https://uk.tgstat.com/channel/@ukrainian_in_greece,https://t.me/ukrainian_in_greece
ĞœĞ°Ñ€Ğ¸ÑƒĞ¿Ğ¾Ğ»ÑŒ Ğ¿Ğ°ÑÑĞ°Ğ¶Ğ¸Ñ€ÑĞºĞ¸Ğ¹,https://uk.tgstat.com/channel/@mariupolpass,https://t.me/mariupolpass
Coral Travel Ukraine Tourist,https://uk.tgstat.com/channel/@coraltravelukrainetourist,https://t.me/coraltravelukrainetourist
easy Go bot channel,https://uk.tgstat.com/channel/@easyGoChannel,https://t.me/easyGoChannel
Ğ›Ğ¸Ñ‚Ğ²Ğ° - ĞºĞ¾Ñ€Ğ¸ÑĞ½Ğ° Ñ–Ğ½Ñ„Ğ¾Ñ€Ğ¼Ğ°Ñ†Ñ–Ñ Ğ´Ğ»Ñ ÑƒĞºÑ€Ğ°Ñ—Ğ½Ñ†Ñ–Ğ²,https://uk.tgstat.com/channel/@ltrazom,https://t.me/ltrazom
ğŸ’™Ğ£ĞºÑ€Ğ°Ğ¸Ğ½Ñ†Ñ‹ ğŸ’›Ğ² Ğ¨Ğ²ĞµĞ¹Ñ†Ğ°Ñ€Ğ¸Ğ¸.ğŸ‡¨ğŸ‡­ğŸ¤˜INFO NEWS!,https://uk.tgstat.com/channel/@ukrainian_in_Swiss,https://t.me/ukrainian_in_Swiss
Ğ“Ğ¾Ñ€ÑÑ‰Ğ¸Ğµ Ğ¢ÑƒÑ€Ñ‹ â€œVirsAviaTourâ€,https://uk.tgstat.com/channel/@VirsAviaTour,https://t.me/VirsAviaTour
Help Ukraine Greece,https://uk.tgstat.com/channel/@helpukrainegr,https://t.me/helpukrainegr
OPORA: ĞŸÑĞ¸Ñ…Ğ¾Ğ»Ğ¾Ğ³Ñ–Ñ‡Ğ½Ğ° Ğ¿Ñ–Ğ´Ñ‚Ñ€Ğ¸Ğ¼ĞºĞ° Ñƒ UK,https://uk.tgstat.com/channel/@opora_mentalhealth,https://t.me/opora_mentalhealth
Ğ ĞµĞ°Ğ»ÑŒĞ½Ğ°Ñ Ğ‘Ğ¾Ğ»Ğ³Ğ°Ñ€Ğ¸Ñ Ğ‘Ğ¾Ğ»Ğ³Ğ°Ñ€Ñ–Ñ Ğ’Ğ°Ñ€Ğ½Ğ° Ğ‘ÑƒÑ€Ğ³Ğ°Ñ Ğ¡Ğ¾Ñ„Ğ¸Ñ Ğ£ĞºÑ€Ğ°Ğ¸Ğ½Ğ° ğŸ‡ºğŸ‡¦ ĞšĞ°Ğ½Ğ°Ğ» Ğ¿Ğ¾Ğ¼Ğ¾Ñ‰ÑŒ Ğ´Ğ»Ñ Ğ±ĞµĞ¶ĞµĞ½Ñ†ĞµĞ² Ğ¸Ğ· Ğ£ĞºÑ€Ğ°Ğ¸Ğ½Ñ‹ Ğ¸ ÑƒĞºÑ€Ğ°Ğ¸Ğ½Ñ†ĞµĞ² ğŸ‡ºğŸ‡¦ by #OpenNew,https://uk.tgstat.com/channel/@bulgariaukraine,https://t.me/bulgariaukraine
XZ in BC ğŸ‡¨ğŸ‡¦,https://uk.tgstat.com/channel/@XZinBC_Canada,https://t.me/XZinBC_Canada
GrandHotelMoika22,https://uk.tgstat.com/channel/@grandhotelmoika22,https://t.me/grandhotelmoika22
Ğ˜Ğ½ĞºĞ¾Ğ¼Ğ°Ñ€Ñ‚ÑƒÑ€ 93 Ğ¿Ğ°Ñ€Ñ‚Ğ½ĞµÑ€Ñ‹,https://uk.tgstat.com/channel/AAAAAFIRRS__UH865fhPCw,https://t.me/joinchat/AAAAAFIRRS__UH865fhPCw
Ğ£ĞºÑ€Ğ°Ñ—Ğ½Ñ†Ñ– Ğ² ĞĞ»Ğ±Ğ°Ğ½Ñ–Ñ— | Ğ£ĞºÑ€Ğ°Ğ¸Ğ½Ñ†Ñ‹ Ğ² ĞĞ»Ğ±Ğ°Ğ½Ğ¸Ğ¸,https://uk.tgstat.com/channel/@UkraineAlbania,https://t.me/UkraineAlbania
Airlife,https://uk.tgstat.com/channel/@airlifecorp,https://t.me/airlifecorp
MED travel. Ğ¢ÑƒÑ€Ğ¸ÑÑ‚Ğ¸Ñ‡Ğ½Ğ° ĞºĞ¾Ğ¼Ğ¿Ğ°Ğ½Ñ–Ñ,https://uk.tgstat.com/channel/@medtc,https://t.me/medtc
"Latin Party in Dnipro (Salsa, Bachata, Kizomba)",https://uk.tgstat.com/channel/@PartyInDnipro,https://t.me/PartyInDnipro
AIRLIFE Ğ´Ğ»Ñ Ñ‚ÑƒÑ€Ğ°Ğ³ĞµĞ½Ñ‚Ñ–Ğ²,https://uk.tgstat.com/channel/@airlife,https://t.me/airlife
Cash & TravelğŸ,https://uk.tgstat.com/channel/@cash_travel,https://t.me/cash_travel
UA girl in Luxembourg,https://uk.tgstat.com/channel/@uagirlinlux,https://t.me/uagirlinlux
"Latin Party in Odessa (Salsa, Bachata, Kizomba)",https://uk.tgstat.com/channel/@PartyInOdessa,https://t.me/PartyInOdessa
ğŸ‡§ğŸ‡¬ Ğ‘Ğ¾Ğ»Ğ³Ğ°Ñ€ÑĞºĞ¾Ğµ Ğ¸ ğŸ‡·ğŸ‡´ Ğ ÑƒĞ¼Ñ‹Ğ½ÑĞºĞ¾Ğµ Ğ³Ñ€Ğ°Ğ¶Ğ´Ğ°Ğ½ÑÑ‚Ğ²Ğ¾ Ğ´Ğ»Ñ Ğ¼Ğ¾ĞµĞ¹ ÑĞµĞ¼ÑŒĞ¸.,https://uk.tgstat.com/channel/@bg_passport,https://t.me/bg_passport
Ğ¥ĞµÑ€ÑĞ¾Ğ½ Ğ¿Ğ¾ĞµĞ·Ğ´ĞºĞ¸,https://uk.tgstat.com/channel/@perevozkikherson,https://t.me/perevozkikherson
ĞŸÑ€Ğ¸Ñ€Ğ¾Ğ´Ğ½Ğ¸Ñ‡Ğ¾-Ğ³ĞµĞ¾Ğ³Ñ€Ğ°Ñ„Ñ–Ñ‡Ğ½Ğµ Ñ‚Ğ¾Ğ²Ğ°Ñ€Ğ¸ÑÑ‚Ğ²Ğ¾,https://uk.tgstat.com/channel/@GeoNatCom,https://t.me/GeoNatCom
ĞŸÑ€Ğ¸ĞºĞ»ÑÑ‡ĞµĞ½Ğ¸Ñ Ñ ĞœĞ°ÑƒĞ·ĞµÑ€Ğ¾Ğ¼. ĞŸĞ¾Ğ´Ğ·ĞµĞ¼Ğ½Ğ°Ñ (Ğ¸ Ğ½Ğµ Ñ‚Ğ¾Ğ»ÑŒĞºĞ¾) ĞĞ´ĞµÑÑĞ°.,https://uk.tgstat.com/channel/@mauser_channel,https://t.me/mauser_channel
Piligrim.ua,https://uk.tgstat.com/channel/@piligrimua,https://t.me/piligrimua
ĞŸĞ¾Ñ—Ñ…Ğ°Ğ»Ğ¸ Ğ· Ğ½Ğ°Ğ¼Ğ¸,https://uk.tgstat.com/channel/@psn_kiev,https://t.me/psn_kiev
UĞ in UK,https://uk.tgstat.com/channel/@ua_inuk,https://t.me/ua_inuk
PristaniÅ¡te - Ğ¿Ğ¾Ğ¼Ğ¾Ñ‰ÑŒ Ğ±ĞµĞ¶ĞµĞ½Ñ†Ğ°Ğ¼ Ğ² Ğ§ĞµÑ€Ğ½Ğ¾Ğ³Ğ¾Ñ€Ğ¸Ğ¸,https://uk.tgstat.com/channel/@pristaniste_fond,https://t.me/pristaniste_fond
Ğ”ĞĞ  ĞºĞ¾Ğ½ÑÑƒĞ»ÑŒÑ‚Ğ°Ñ†Ğ¸Ñ Ğ±ĞµĞ¶ĞµĞ½Ñ†ĞµĞ²,https://uk.tgstat.com/channel/@dar_consultant,https://t.me/dar_consultant
Ğ£ĞºÑ€Ğ°Ñ—Ğ½ÑÑŒĞºĞ¸Ğ¹ Ñ†ĞµĞ½Ñ‚Ñ€ ĞŸĞ¾Ğ´Ğ³Ğ¾Ñ€Ğ¸Ñ†Ñ ğŸ‡ºğŸ‡¦ğŸ‡²ğŸ‡ª,https://uk.tgstat.com/channel/@ukrainian_podgorica_mne,https://t.me/ukrainian_podgorica_mne
ĞĞšĞ’ĞĞ¢Ğ£Ğ  Ğ”Ğ½ĞµĞ¿Ñ€-Ğ‘ĞµÑ€Ğ´ÑĞ½ÑĞº-Ğ›Ğ¸ÑĞ¸Ñ‡Ğ°Ğ½ÑĞº,https://uk.tgstat.com/channel/@aquadp,https://t.me/aquadp
CANADA ğŸ‡¨ğŸ‡¦ IMMIWORKS,https://uk.tgstat.com/channel/@CanadaImmiworks,https://t.me/CanadaImmiworks
Ğ¾Ğ±Ñ–Ğ¹Ğ¼Ğ¸* | cyprus,https://uk.tgstat.com/channel/@obiimy_cyprus,https://t.me/obiimy_cyprus
RwP.ua ğŸ‡µğŸ‡±ğŸ‡ºğŸ‡¦,https://uk.tgstat.com/channel/@razemwpl,https://t.me/razemwpl
Ğ’Ğ¸Ğ·Ğ° Ğ² Ğ¡Ğ¨Ğ (visaglobal.com.ua),https://uk.tgstat.com/channel/@visaglobal_us,https://t.me/visaglobal_us
ğŸ‡ºğŸ‡¦ Ğ£ĞºÑ€Ğ°Ñ—Ğ½ÑÑŒĞºĞ¸Ğ¹ Ğ¦ĞµĞ½Ñ‚Ñ€ Ğ•Ñ€Ğ»Ğ°Ğ½Ğ³ĞµĞ½,https://uk.tgstat.com/channel/@UkraineTreffErlangen,https://t.me/UkraineTreffErlangen
Ğ”Ñ€ÑƒĞ·ÑŒÑ ĞœĞ°Ñ€Ğ¸ÑƒĞ¿Ğ¾Ğ»Ñ (Ğ­ÑÑ‚Ğ¾Ğ½Ğ¸Ñ),https://uk.tgstat.com/channel/@mariupolestonia,https://t.me/mariupolestonia
TEZ TOUR Ğ¥Ğ°Ñ€ĞºÑ–Ğ²,https://uk.tgstat.com/channel/AAAAAEbxgyV5wCImv_87Tg,https://t.me/joinchat/AAAAAEbxgyV5wCImv_87Tg
Ğ“Ğ¾Ñ€ÑÑ‰Ğ¸Ğµ Ñ‚ÑƒÑ€Ñ‹ Safari Tour ğŸŒ,https://uk.tgstat.com/channel/@SafariTour,https://t.me/SafariTour
ĞšĞ¾Ğ½ÑÑƒĞ»ÑŒÑÑ‚Ğ²Ğ¾ Ğ£ĞºÑ€Ğ°Ñ—Ğ½Ğ¸ Ğ² ĞĞ½Ñ‚Ğ°Ğ»Ñ–Ñ—/Ukrayna KonsolosloÄŸu Antalya,https://uk.tgstat.com/channel/@consulateAntalya,https://t.me/consulateAntalya
Ğ£ĞºÑ€Ğ°Ñ—Ğ½ÑÑŒĞºĞ° Ğ´Ñ–Ğ°ÑĞ¿Ğ¾Ñ€Ğ° Ğ² ĞšĞ°Ğ½Ğ°Ğ´Ñ–,https://uk.tgstat.com/channel/@canada_work_life_ua,https://t.me/canada_work_life_ua
Canada CUAET,https://uk.tgstat.com/channel/@true_travel_com,https://t.me/true_travel_com
Ğ¢Ğ°Ğ±Ñ–Ñ€ Ğ•Ğ´ĞµĞ»ÑŒĞ²ĞµĞ¹ÑğŸ•,https://uk.tgstat.com/channel/@edelweiss_camp,https://t.me/edelweiss_camp
Ğ’Ñ–Ñ‚Ğ°Ñ”Ğ¼Ğ¾ Ñƒ ĞĞ°Ğ½Ñ‚Ñ– ğŸ’™ğŸ’›,https://uk.tgstat.com/channel/@vitayemo_u_nanti,https://t.me/vitayemo_u_nanti
Weekend.vn.tour,https://uk.tgstat.com/channel/@weekendvntour,https://t.me/weekendvntour
#FINDWAY ğŸ‡ºğŸ‡¦ - ĞœĞ°Ğ½Ğ´Ñ€Ñ–Ğ²Ğ½Ğ¸Ğ¹ Ğ´Ğ²Ñ–Ğ¶ Ğ£ĞºÑ€Ğ°Ñ—Ğ½Ğ¸ ğŸ›¸,https://uk.tgstat.com/channel/@findwayua,https://t.me/findwayua
"Ğ“Ñ€Ğ¾Ğ¼Ğ°Ğ´ÑÑŒĞºĞ¸Ğ¹ Ğ¼Ğ°Ğ¹Ğ´Ğ°Ğ½Ñ‡Ğ¸Ğº ""Gogle87""",https://uk.tgstat.com/channel/@gogle87,https://t.me/gogle87
Edmonton Chanel CUAET,https://uk.tgstat.com/channel/@edmontonchannel,https://t.me/edmontonchannel
Klass Tour - travel agency,https://uk.tgstat.com/channel/@klass_tour,https://t.me/klass_tour
Help Ukraine HESSEN - Giessen Marburg Wetzlar Dilenburg Weilburg Limburg - ĞŸĞ¾Ğ¼Ğ¾Ñ‰ÑŒ Ğ£ĞºÑ€Ğ°Ğ¸Ğ½Ñ†Ğ°Ğ¼ Ğ“Ğ¸ÑÑĞµĞ½ Ğ“Ñ–ÑÑĞµĞ½ ğŸ‡©ğŸ‡ª â¤ ğŸ‡ºğŸ‡¦,https://uk.tgstat.com/channel/@helpUkraineGiessen,https://t.me/helpUkraineGiessen
Ukrainian Travels,https://uk.tgstat.com/channel/@ukrainian_travels,https://t.me/ukrainian_travels
Ğ£ĞºÑ€Ğ°Ñ—Ğ½Ñ†Ñ– Ğ² ĞœĞ°Ğ¹Ğ°Ğ¼Ñ–-ĞºĞ°Ğ½Ğ°Ğ»,https://uk.tgstat.com/channel/@UkrainianMiamiCnannel,https://t.me/UkrainianMiamiCnannel
Ğ£ĞºÑ€Ğ°Ñ—Ğ½Ñ†Ñ– Ğ² Ğ“Ğ¼Ñ–Ğ½Ñ– Ğ’Ğ»Ğ°Ğ´Ğ¸ÑĞ»Ğ°Ğ²Ğ¾Ğ²Ğ¾,https://uk.tgstat.com/channel/@ukrainawladyslawowo,https://t.me/ukrainawladyslawowo
ĞŸĞ¾Ğ´Ñ–Ñ— Ğ£ĞºÑ€Ğ°Ñ—Ğ½Ñ†Ñ–Ğ² Ğ² ĞšĞ°Ğ»Ğ³Ğ°Ñ€Ñ–ğŸ‡ºğŸ‡¦,https://uk.tgstat.com/channel/@calgary_events,https://t.me/calgary_events
"""ROYAL-MARINE TOUR""",https://uk.tgstat.com/channel/@royal_marine_tour,https://t.me/royal_marine_tour
Winnipeg for Ukrainians,https://uk.tgstat.com/channel/@WPGforukrainians,https://t.me/WPGforukrainians
UM Tychy UA,https://uk.tgstat.com/channel/@umtychy,https://t.me/umtychy
Network Ukraine - Kassel SÃ¼dstadt/Wehlheiden,https://uk.tgstat.com/channel/@kasselnetzwerk,https://t.me/kasselnetzwerk
ĞŸĞ¾Ğ´Ğ¾Ñ€Ğ¾Ğ¶ Ğ£ĞºÑ€Ğ°Ñ—Ğ½Ğ¾Ñ,https://uk.tgstat.com/channel/@ukrainian_traveler,https://t.me/ukrainian_traveler
Dignity Restoring Hope,https://uk.tgstat.com/channel/@dignityrestoringhope,https://t.me/dignityrestoringhope
Ocean Sliders | Ğ¡ĞµÑ€Ñ„Ñ–Ğ½Ğ³ Ñ‚ÑƒÑ€Ğ¸ Ğ· Ğ£ĞºÑ€Ğ°Ñ—Ğ½Ğ¸,https://uk.tgstat.com/channel/@oceansliders,https://t.me/oceansliders
Ğ£ĞºÑ€Ğ°Ñ—Ğ½Ñ†Ñ– Ğ² ĞšĞµĞ»ÑŒĞ½Ñ– Ğ¹ Ğ¾ĞºĞ¾Ğ»Ğ¸Ñ†Ñ–,https://uk.tgstat.com/channel/@ukrainer_in_koeln,https://t.me/ukrainer_in_koeln
Feod Group - Ğ†Ğ¼Ğ¼Ñ–Ğ³Ñ€Ğ°Ñ†Ñ–Ñ.Ğ‘Ñ–Ğ·Ğ½ĞµÑ.ĞĞµÑ€ÑƒÑ…Ğ¾Ğ¼Ñ–ÑÑ‚ÑŒ,https://uk.tgstat.com/channel/@feodgroup,https://t.me/feodgroup
ğŸ’­ ĞĞ¾Ğ²Ğ¸Ğ½Ğ¸ Ğ¼Ğ°Ğ½Ğ´Ñ€Ñ–Ğ²Ğ½Ğ¸ĞºĞ°,https://uk.tgstat.com/channel/@SkyBooking_ua,https://t.me/SkyBooking_ua
Ğ£ĞšĞ ĞĞ‡ĞĞ âœˆï¸ Ğ’ĞĞ›Ğ•ĞĞ¡Ğ†Ğ¯,https://uk.tgstat.com/channel/@UkrainiansInValencia,https://t.me/UkrainiansInValencia
ĞŸÑ€Ğ¾ ĞšĞ°Ğ½Ğ°Ğ´Ñƒ Ğ´Ğ»Ñ ÑƒĞºÑ€Ğ°Ñ—Ğ½Ñ†Ñ–Ğ²,https://uk.tgstat.com/channel/@UkrInCanada,https://t.me/UkrInCanada
Smart Travel - ĞĞºÑ‚Ğ¸Ğ²Ğ½Ñ– Ğ¿Ğ¾Ğ´Ğ¾Ñ€Ğ¾Ğ¶Ñ– Ğ´Ğ»Ñ Ğ²ÑÑ–Ñ”Ñ— Ñ€Ğ¾Ğ´Ğ¸Ğ½Ğ¸,https://uk.tgstat.com/channel/@smart_travel_org,https://t.me/smart_travel_org
Park&Fly ğŸ‡ºğŸ‡¦ĞœĞ¸Ñ€,https://uk.tgstat.com/channel/@travel_parkfly,https://t.me/travel_parkfly
ĞšĞ°Ğ¿Ñ–Ñ‚Ğ°Ğ½ Ğ”Ğ·ĞµĞ¼Ğ±Ñ€Ğ¾Ğ½Ñ,https://uk.tgstat.com/channel/@captaindzembronia,https://t.me/captaindzembronia
Ğ£ÑĞ»ÑƒĞ³Ğ¸ Ğ² Ğ¨Ğ²ĞµÑ†Ğ¸Ğ¸,https://uk.tgstat.com/channel/@uslugisweden,https://t.me/uslugisweden
ĞšĞ¸Ñ—Ğ²ÑÑŒĞºĞ¸Ğ¹ ĞšĞĞ”,https://uk.tgstat.com/channel/@kyivcode,https://t.me/kyivcode
incorrect travel,https://uk.tgstat.com/channel/@incorrectravel,https://t.me/incorrectravel
Ukrainians_help,https://uk.tgstat.com/channel/@ukrainians_help,https://t.me/ukrainians_help
UAhelp ĞšÑ‘Ğ»ÑŒĞ½ Ğ”ĞµÑ‚Ğ¸,https://uk.tgstat.com/channel/@cologne_kids,https://t.me/cologne_kids
TEZ TOUR Ğ›ÑŒĞ²Ñ–Ğ²,https://uk.tgstat.com/channel/AAAAAEyRtcLT_jX8g8i99Q,https://t.me/joinchat/AAAAAEyRtcLT_jX8g8i99Q
UNION,https://uk.tgstat.com/channel/@Fond_UNION,https://t.me/Fond_UNION
Freie Ukraine Braunschweig e.V.,https://uk.tgstat.com/channel/@FreieUkraineBS,https://t.me/FreieUkraineBS
Ğ¡Ñ‚Ğ°Ñ€Ğ¸Ğ¹ Ğ¡Ğ²Ñ–Ñ‚,https://uk.tgstat.com/channel/@staryysvit,https://t.me/staryysvit
Ğ–Ğ˜Ğ›Ğ¬Ğ Ğ“Ğ•Ğ ĞœĞĞĞ˜Ğ¯,https://uk.tgstat.com/channel/@vermietung_von_immobilien,https://t.me/vermietung_von_immobilien
Ñƒ ĞºĞ»ÑƒĞ±Ñ– Ğ±ÑƒĞ´ÑƒÑ‚ÑŒ Ñ‚Ğ°Ğ½Ñ†Ñ–,https://uk.tgstat.com/channel/@uklubibuduttanci,https://t.me/uklubibuduttanci
Ukrainer in Magdeburg,https://uk.tgstat.com/channel/@Ukrainer_in_Magdeburg,https://t.me/Ukrainer_in_Magdeburg
ĞšĞ¾Ñ‚ÑÑ‡ÑŒĞ¸ Ğ½Ğ¾Ğ²Ğ¾ÑÑ‚Ğ¸,https://uk.tgstat.com/channel/@kotianews,https://t.me/kotianews
Ğ‘Ñ–Ğ¶ĞµĞ½Ñ†ÑĞ¼ Ğ² Ğ¢Ñ–Ñ‡Ñ–Ğ½Ğ¾,https://uk.tgstat.com/channel/@helpuach,https://t.me/helpuach
ĞšĞ¾Ğ¾Ñ€Ğ´Ğ¸Ğ½Ğ°Ñ†Ñ–Ğ¹Ğ½Ğ¸Ğ¹ Ñ†ĞµĞ½Ñ‚Ñ€ ĞœĞµĞ´Ğ¶Ğ»Ñ–ÑÑƒ Ğ² Ğ¡Ñ‚Ğ°Ğ¼Ğ±ÑƒĞ»Ñ– ğŸ‡¹ğŸ‡·,https://uk.tgstat.com/channel/@istanbul_crimean,https://t.me/istanbul_crimean
TEZ TOUR ĞĞ´ĞµÑĞ°,https://uk.tgstat.com/channel/AAAAAE4Xq85MHJ9BZsgUDA,https://t.me/joinchat/AAAAAE4Xq85MHJ9BZsgUDA
lyna_pets ğŸ‡µğŸ‡±ğŸ‡ºğŸ‡¦,https://uk.tgstat.com/channel/@lyna_pets,https://t.me/lyna_pets
Ğ¢Ğ Ğ•Ğ’Ğ•Ğ› Ğ‘Ğ£Ğ”Ğ˜Ğ›Ğ¬ĞĞ˜Ğš,https://uk.tgstat.com/channel/@travel_alarm,https://t.me/travel_alarm
âœˆï¸Ğ“Ğ¾Ñ€ÑÑ‡Ğ¸Ğµ Ğ¿ÑƒÑ‚ĞµĞ²ĞºĞ¸. ĞÑ‚ĞºĞ°Ğ·Ğ½Ñ‹Ğµ Ñ‚ÑƒÑ€Ñ‹ğŸ›¬,https://uk.tgstat.com/channel/@travels_sales,https://t.me/travels_sales
Ğ›Ğ¾ĞºĞ°Ğ»ÑŒĞ½Ñ– Ğ§ĞµÑ€Ğ½Ñ–Ğ²Ñ†Ñ–,https://uk.tgstat.com/channel/@local_che,https://t.me/local_che
Ğ£ĞºÑ€Ğ°Ñ—Ğ½ĞºĞ¸ Ğ² Ğ‘Ñ€Ğ°ÑˆĞ¾Ğ²Ñ–,https://uk.tgstat.com/channel/@ukrainianfemalepower,https://t.me/ukrainianfemalepower
Ğ•vo-servis SK,https://uk.tgstat.com/channel/@evoservisSK,https://t.me/evoservisSK
Ukr Dim e.V.,https://uk.tgstat.com/channel/@UkrDimBerlin,https://t.me/UkrDimBerlin
Kraina.Club | Ğ£ĞºÑ€Ğ°Ñ—Ğ½Ñ†Ñ– Ğ·Ğ° ĞºĞ¾Ñ€Ğ´Ğ¾Ğ½Ğ¾Ğ¼,https://uk.tgstat.com/channel/@krainaclub,https://t.me/krainaclub
Networking UA/Scotland,https://uk.tgstat.com/channel/@UA_networking_scotland,https://t.me/UA_networking_scotland
Trafalgar Girls Ğ ĞµÑ‡Ñ–,https://uk.tgstat.com/channel/@londonukraineclothestoys,https://t.me/londonukraineclothestoys
ĞšĞ°Ñ€Ğ°Ğ²Ğ°Ğ½ Ğ›ĞµÑ‚Ğ¸Ñ‚ÑŒ,https://uk.tgstat.com/channel/@caravanfly,https://t.me/caravanfly
mon histoire. mariupol ğŸ–‡ france,https://uk.tgstat.com/channel/@mariupolm,https://t.me/mariupolm
tourism.mood - Ğ¼ĞµĞ´Ñ–Ğ° Ğ¿Ñ€Ğ¾ Ñ‚ÑƒÑ€Ğ¸Ğ·Ğ¼,https://uk.tgstat.com/channel/@tourismukraine,https://t.me/tourismukraine
KUNSTlinie Munich: Ğ”Ğ¸Ñ‚ÑÑ‡Ñ– Ğ²Ğ¾Ñ€ĞºÑˆĞ¾Ğ¿Ğ¸ Ğ² Ğ¼ÑƒĞ·ĞµÑÑ… ĞœÑĞ½Ñ…ĞµĞ½Ñƒ,https://uk.tgstat.com/channel/@kunstmunich,https://t.me/kunstmunich
#Ñ„Ğ°Ğ¹Ğ½Ğ°Ğ¤Ñ€Ğ°Ğ½Ñ†Ñ–Ñ,https://uk.tgstat.com/channel/@fainaFrancia,https://t.me/fainaFrancia
Ğ¢ÑƒÑ€Ğ°Ğ³ĞµĞ½Ñ†Ñ–Ñ SoulTravel Ğ¼.Ğ¥Ğ°Ñ€ĞºÑ–Ğ²,https://uk.tgstat.com/channel/@soultravelua,https://t.me/soultravelua
Ğ£Ğ“ĞšĞ¦ Ğ² Ğ†Ñ‚Ğ°Ğ»Ñ–Ñ— - ĞĞ¿Ğ¾ÑÑ‚Ğ¾Ğ»ÑŒÑÑŒĞºĞ¸Ğ¹ Ğ•ĞºĞ·Ğ°Ñ€Ñ…Ğ°Ñ‚,https://uk.tgstat.com/channel/@esarcatoapostolico,https://t.me/esarcatoapostolico
Ğ˜Ğ¡ĞŸĞĞĞ˜Ğ¯ Ğ“Ğ›ĞĞ—ĞĞœĞ˜ Ğ‘Ğ•Ğ–Ğ•ĞĞ¦Ğ•Ğ’ ğŸ‡ºğŸ‡¦,https://uk.tgstat.com/channel/@IspaniyaGlazamiBejentsev,https://t.me/IspaniyaGlazamiBejentsev
ĞŸĞ¾Ğ´Ğ¾Ñ€Ğ¾Ğ¶Ñ– Ğ£ĞºÑ€Ğ°Ñ—Ğ½Ğ¾ÑğŸ‡ºğŸ‡¦ Ğ¡Ğ²Ñ–Ñ‚Ğ¾Ğ¼ ğŸŒ,https://uk.tgstat.com/channel/@ukrainetravell,https://t.me/ukrainetravell
KREATIVHAUS hilft UkraineğŸ’™ğŸ’›,https://uk.tgstat.com/channel/@kreativhaus_ukraine,https://t.me/kreativhaus_ukraine
ğŸ‡ºğŸ‡¦ğŸ§³ğŸ‡²ğŸ‡½ğŸš¸ğŸ‡ºğŸ‡¸ğŸ‘£ Ğ¸ Ğ² Ğ¸Ñ‚Ğ¾Ğ³Ğµ Â«Ğ²ÑÑ Ğ±ÑƒĞ´Ñ Ğ£ĞºÑ€Ğ°iĞ½Ğ°Â» ğŸ˜ƒ,https://uk.tgstat.com/channel/@qZpEw9R_RlNmQx,https://t.me/qZpEw9R_RlNmQx
Ğ¢ÑƒÑ€Ğ°Ğ³ĞµĞ½Ñ‚ÑÑ‚Ğ²Ğ¾ Ğ”Ğ½ĞµĞ¿Ñ€. Ğ“Ğ¾Ñ€ÑÑ‰Ğ¸Ğµ Ñ‚ÑƒÑ€Ñ‹. Ğ Ğ°Ğ½Ğ½ĞµĞµ Ğ±Ñ€Ğ¾Ğ½Ğ¸Ñ€Ğ¾Ğ²Ğ°Ğ½Ğ¸Ğµ.,https://uk.tgstat.com/channel/@tour_zone,https://t.me/tour_zone
ĞœÑ–Ğ¶Ğ½Ğ°Ñ€Ğ¾Ğ´Ğ½Ñ– Ğ°Ğ²Ñ‚Ğ¾Ğ±ÑƒÑĞ½Ñ– Ğ¿ĞµÑ€ĞµĞ²ĞµĞ·ĞµĞ½Ğ½Ñ,https://uk.tgstat.com/channel/@ideabus_tour,https://t.me/ideabus_tour
Ğ”Ğ Ğ£Ğ“ĞĞ™ ĞšĞ›Ğ£Ğ‘,https://uk.tgstat.com/channel/@drugoy_travel,https://t.me/drugoy_travel
Ğ¤Ğ°Ğ¹Ğ½Ñ– Ğ¼Ñ–ÑÑ†Ñ Ğ£ĞºÑ€Ğ°Ñ—Ğ½Ğ¸,https://uk.tgstat.com/channel/@travelUkraineone,https://t.me/travelUkraineone
ğŸ‡ºğŸ‡¦Davydenko ğŸ‡¨ğŸ‡¦Canada 2022,https://uk.tgstat.com/channel/@davydenkoofficial,https://t.me/davydenkoofficial
ĞŸĞ¾Ğ´Ğ¾Ñ€Ğ¾Ğ¶ÑƒÑ”Ğ¼Ğ¾ Ğ£ĞºÑ€Ğ°Ñ—Ğ½Ğ¾Ñ,https://uk.tgstat.com/channel/@UkrTravels,https://t.me/UkrTravels
ĞĞ¼ĞµÑ€Ğ¸ĞºĞ° + âœˆï¸ | Ğ˜Ğ¼Ğ¼Ğ¸Ğ³Ñ€Ğ°Ñ†Ğ¸Ñ,https://uk.tgstat.com/channel/@usa_plus,https://t.me/usa_plus
New York | Meeting coordination #StandWithUkraine,https://uk.tgstat.com/channel/@nymeetings,https://t.me/nymeetings
Magic Travels FREE,https://uk.tgstat.com/channel/@pilgrimgirls,https://t.me/pilgrimgirls
Just Angela,https://uk.tgstat.com/channel/@TrueTravelA,https://t.me/TrueTravelA
ĞĞ°ÑˆÑ– Ğ² Ğ‘ÑƒĞ´Ğ°Ğ¿ĞµÑˆÑ‚Ñ–,https://uk.tgstat.com/channel/@nashivbudapeshti,https://t.me/nashivbudapeshti
Ğ£ĞºÑ€Ğ°Ñ—Ğ½Ñ†Ñ– Ğ² Ğ—Ğ°Ğ»ÑŒÑ†Ğ±ÑƒÑ€Ğ·Ñ– / UZS,https://uk.tgstat.com/channel/@ukrainiansalzburg,https://t.me/ukrainiansalzburg
Ğ£ĞºÑ€Ğ°Ğ¸Ğ½Ñ†Ñ‹ Ğ² Ğ˜Ğ·Ñ€Ğ°Ğ¸Ğ»Ğµ,https://uk.tgstat.com/channel/@ukrainians_in_israel,https://t.me/ukrainians_in_israel
ĞšĞ°Ğ½Ğ°Ğ»: Ğ£ĞºÑ€Ğ°Ñ—Ğ½Ñ†Ñ– Ñƒ ĞšÑƒĞ¾Ğ¿Ñ–Ğ¾ ğŸ‡«ğŸ‡®,https://uk.tgstat.com/channel/@kuopio_ua,https://t.me/kuopio_ua
BoomQuest,https://uk.tgstat.com/channel/@boomquest,https://t.me/boomquest
ĞœĞ¢Ğ¡Ğ‘Ğ£ | Ğ“Ñ€Ñ–Ğ½ ĞšĞ°Ñ€Ñ‚Ğ° Ğ´Ğ»Ñ Ğ£ĞºÑ€Ğ°Ñ—Ğ½Ñ†Ñ–Ğ² Ğ·Ğ° ĞºĞ¾Ñ€Ğ´Ğ¾Ğ½Ğ¾Ğ¼,https://uk.tgstat.com/channel/@uagreencard,https://t.me/uagreencard
KudaEdu Ğ¢ÑƒÑ€Ğ°Ğ³ĞµĞ½Ñ†Ñ–Ñ,https://uk.tgstat.com/channel/@Kudaedu,https://t.me/Kudaedu
Ğ’Ğ¸Ñ‚ĞµĞ±ÑĞºĞ°Ñ Ğ¾Ğ±Ğ»Ğ°ÑÑ‚ÑŒ: ÑĞ¿Ğ¾Ñ€Ñ‚ Ğ¸ Ñ‚ÑƒÑ€Ğ¸Ğ·Ğ¼,https://uk.tgstat.com/channel/@vitebsk_sport,https://t.me/vitebsk_sport
Ğ‘ĞµÑ€Ğ»Ñ–Ğ½ Ğ¾Ñ‡Ğ¸Ğ¼Ğ° ÑƒĞºÑ€Ğ°Ñ—Ğ½ĞºĞ¸,https://uk.tgstat.com/channel/@berlinochimaukrainki,https://t.me/berlinochimaukrainki
Chill i TripsğŸŒ¶,https://uk.tgstat.com/channel/@igor_good_weekend,https://t.me/igor_good_weekend
Ğ£ĞºÑ€Ğ°Ğ¸Ğ½Ñ†Ñ‹ Ğ² Zwickau,https://uk.tgstat.com/channel/@newsukrainede,https://t.me/newsukrainede
Santa Sofia help for Ukraine,https://uk.tgstat.com/channel/@sviatasofia,https://t.me/sviatasofia
TravelwayğŸŒ,https://uk.tgstat.com/channel/@travelway4,https://t.me/travelway4
ğŸ‡ºğŸ‡¦ Ğ£ĞºÑ€Ğ°Ñ—Ğ½Ñ†Ñ– Ğ² Ğ„Ğ²Ñ€Ğ¾Ğ¿Ñ– ğŸ‡ªğŸ‡º,https://uk.tgstat.com/channel/rL0soll7OAdmYzky,https://t.me/joinchat/rL0soll7OAdmYzky
Ğ£ĞµÑ…Ğ°Ğ²ÑˆĞ¸Ğµ #OpenNew ï¸. ĞšĞ°Ğ½Ğ°Ğ» Ğ¾ Ñ‚ĞµÑ… ĞºÑ‚Ğ¾ ÑƒĞµÑ…Ğ°Ğ» Ğ¸ Ğ´Ğ»Ñ Ñ‚ĞµÑ… ĞºÑ‚Ğ¾ ÑƒĞµÑ…Ğ°Ğ». Ğ“Ğ»Ğ°Ğ²Ğ½Ñ‹Ğ¹ ĞšĞ°Ğ½Ğ°Ğ» Ğ¾Ğ± ÑĞ¼Ğ¸Ğ³Ñ€Ğ°Ñ†Ğ¸Ğ¸,https://uk.tgstat.com/channel/@uehav6ie,https://t.me/uehav6ie
ĞœĞ¾Ñ€ÑÑ‡ĞºĞ° Ğ¡Ğ¾Ğ½Ñ âš“ï¸,https://uk.tgstat.com/channel/@Morya4kaSonya,https://t.me/Morya4kaSonya
Ğ’ĞµĞ·ÑƒĞ²Ñ–Ğ¹ Ğ¢Ñ€ĞµĞ²ĞµĞ»,https://uk.tgstat.com/channel/@vezuvii,https://t.me/vezuvii
Ğ¢Ñ€Ğ°Ğ½ÑÑ„ĞµÑ€ğŸš˜ Ğ¸ âœˆï¸Ğ§Ğ°Ñ€Ñ‚ĞµÑ€Ñ‹ +ĞŸĞµÑ€ĞµĞ²Ğ¾Ğ·ĞºĞ¸ğŸšŒ,https://uk.tgstat.com/channel/@travelocities,https://t.me/travelocities
rivnefish,https://uk.tgstat.com/channel/@rivnefish,https://t.me/rivnefish
"Ğ£ĞºÑ€Ğ°Ñ—Ğ½Ñ†Ñ– Ğ² Ğ¢Ğ¾Ñ€Ğ¾Ğ½Ñ‚Ğ¾, ĞĞ½Ñ‚Ğ°Ñ€Ñ–Ğ¾",https://uk.tgstat.com/channel/@ukrainiantoronto,https://t.me/ukrainiantoronto
ĞœĞµÑ€ĞµĞ¶Ğ° Ñ‚ÑƒÑ€Ğ°Ğ³ĞµĞ½Ñ†Ñ–Ğ¹ XO,https://uk.tgstat.com/channel/@xonetwork,https://t.me/xonetwork
SKVO.space,https://uk.tgstat.com/channel/@skvoevents,https://t.me/skvoevents
Flaneur_ua,https://uk.tgstat.com/channel/@flaneur_ua,https://t.me/flaneur_ua
Ğ›Ğ°ÑĞºĞ°Ğ²Ğ¾ Ğ¿Ñ€Ğ¾ÑĞ¸Ğ¼Ğ¾ Ğ² Ğ‘Ğ¾Ñ€Ğ´Ğ¾!,https://uk.tgstat.com/channel/@bienvenueabordeaux,https://t.me/bienvenueabordeaux
Online Travel Club ADVANT,https://uk.tgstat.com/channel/@onlinetravelclub,https://t.me/onlinetravelclub
ĞŸĞ¾Ğ´Ğ¾Ñ€Ğ¾Ğ¶ÑƒĞ¹ Ğ¢ÑƒÑ‚ Ñ– Ğ¢Ğ°Ğ¼. Ğ’ÑĞµ Ğ¿Ñ€Ğ¾ Ğ¼Ğ°Ğ½Ğ´Ñ€Ğ¸ Ñ‚Ğ° Ğ²Ñ–Ğ´Ğ¿Ğ¾Ñ‡Ğ¸Ğ½Ğ¾Ğº,https://uk.tgstat.com/channel/@TutiTamChannel,https://t.me/TutiTamChannel
IGotoWorld UKRAINE,https://uk.tgstat.com/channel/@igotoworldUA,https://t.me/igotoworldUA
Ğ†Ğ½Ñ‚ĞµÑ€ĞµÑĞ½Ğ¸Ğ¹ ĞšĞ¸Ñ—Ğ²,https://uk.tgstat.com/channel/@interesniy_kyiv,https://t.me/interesniy_kyiv
ĞŸĞµÑ€ĞµÑĞµĞ»ĞµĞ½Ñ†Ñ– Ğ² ĞĞ½ĞºĞ°Ñ€Ñ–,https://uk.tgstat.com/channel/@pereselensiankara,https://t.me/pereselensiankara
SUPSTATION â€¢ Dnipro,https://uk.tgstat.com/channel/@SupStationDnipro,https://t.me/SupStationDnipro
Pietarsaari Ğ´Ğ»Ñ ÑƒĞºÑ€Ğ°Ñ—Ğ½Ñ†Ñ–Ğ²,https://uk.tgstat.com/channel/@infofinland_Pietarsaari,https://t.me/infofinland_Pietarsaari
"ğŸ‡¸ğŸ‡°ğŸ‡ºğŸ‡¦HelpLine ""Caritas for Ukraine""ğŸ‡ºğŸ‡¦ğŸ‡¸ğŸ‡°",https://uk.tgstat.com/channel/@helplinecharita,https://t.me/helplinecharita
Ğ¥ĞµÑ€ÑONğŸ‡ºğŸ‡¦,https://uk.tgstat.com/channel/@pavelbiletskiy,https://t.me/pavelbiletskiy
Legal Cordon|ĞŸĞµÑ€ĞµÑ‚Ğ¸Ğ½ Ğ´Ğ»Ñ Ñ‡Ğ¾Ğ»Ğ¾Ğ²Ñ–ĞºÑ–Ğ² ĞºĞ¾Ñ€Ğ´Ğ¾Ğ½Ñƒ|Ğ›ĞµĞ³Ğ°Ğ»ÑŒĞ½Ğ¾,https://uk.tgstat.com/channel/@cordon_legal_free,https://t.me/cordon_legal_free
Lehko diary,https://uk.tgstat.com/channel/@loeweV,https://t.me/loeweV
AWARE ZONE | Ğ§ĞµÑ€Ğ½Ñ–Ğ³Ñ–Ğ²,https://uk.tgstat.com/channel/@awarezone,https://t.me/awarezone
Ğ’Ñ‹ĞµĞ·Ğ´ Ğ·Ğ° Ğ³Ñ€Ğ°Ğ½Ğ¸Ñ†Ñƒ Ğ¼ÑƒĞ¶Ñ‡Ğ¸Ğ½Ğ°Ğ¼ 18-60 Ğ»ĞµÑ‚,https://uk.tgstat.com/channel/@viezd_from_ua,https://t.me/viezd_from_ua
UA Transfer Info - uatransfer.info | Ğ£ĞºÑ€Ğ°Ñ—Ğ½Ğ° | Ğ’Ñ–Ğ¹Ğ½Ğ°,https://uk.tgstat.com/channel/@uatransferinfo,https://t.me/uatransferinfo
Travelograf,https://uk.tgstat.com/channel/@travelografofficial,https://t.me/travelografofficial
Ğ¡ĞĞĞœĞ˜ | Ñ‚ÑƒÑ€Ñ‹ Ğ² ĞšĞ°Ñ€Ğ¿Ğ°Ñ‚Ñ‹/ Ğ¿Ğ°Ñ€Ğ°Ğ¿Ğ»Ğ°Ğ½/ Ğ²ĞµĞ¹ĞºĞ±Ğ¾Ñ€Ğ´Ğ¸Ğ½Ğ³/ Ñ€Ğ°Ñ„Ñ‚Ğ¸Ğ½Ğ³,https://uk.tgstat.com/channel/@snamiodessa,https://t.me/snamiodessa
Ğ›ÑƒÑ‡ÑˆĞ¸Ğµ Ñ‚ÑƒÑ€Ñ‹ Ğ¾Ñ‚ BronnTravel,https://uk.tgstat.com/channel/AAAAAEXx01ARN9ZFaUbI_g,https://t.me/joinchat/AAAAAEXx01ARN9ZFaUbI_g
ĞŸĞµÑ€ĞµĞ²Ğ¾Ğ·ĞºĞ¸ Ğ£ĞºÑ€Ğ°Ğ¸Ğ½Ğ° Ğ“ĞµÑ€Ğ¼Ğ°Ğ½Ğ¸Ñ Ğ§ĞµÑ…Ğ¸Ñ Ğ›Ğ¸Ñ‚Ğ²Ğ° Ğ›Ğ°Ñ‚Ğ²Ğ¸Ñ Ğ­ÑÑ‚Ğ¾Ğ½Ğ¸Ñ,https://uk.tgstat.com/channel/@novipovorot,https://t.me/novipovorot
ĞšĞ˜Ğ•Ğ’|Ğ’ĞĞ Ğ¨ĞĞ’Ğ ĞšĞ˜Ğ•Ğ’|ĞšĞ˜Ğ¨Ğ˜ĞĞĞ’,https://uk.tgstat.com/channel/@KievWarsawKishinev,https://t.me/KievWarsawKishinev
Ğ£ĞºÑ€Ğ°Ğ¸Ğ½Ğ° - ĞÑŒÑ Ğ™Ğ¾Ñ€Ğº (Ğ¿Ğ¾Ğ¼Ğ¾Ñ‰ÑŒ Ğ±ĞµĞ¶ĞµĞ½Ñ†Ğ°Ğ¼),https://uk.tgstat.com/channel/@ukrainenewyork,https://t.me/ukrainenewyork
"Ğ“Ñ€Ğ°Ğ½Ğ¸Ñ†Ğ° Ğ Ğ‘, Ğ£ĞšĞ , Ğ Ğ¤ | ĞĞ¡ĞĞĞ’ĞĞĞ˜Ğ¯",https://uk.tgstat.com/channel/@granitsy_rf_rb_ukr,https://t.me/granitsy_rf_rb_ukr
ĞŸĞ¾Ñ—Ñ…Ğ°Ğ»Ğ¸ Ğ· Ğ½Ğ°Ğ¼Ğ¸âœˆï¸,https://uk.tgstat.com/channel/@psnodessa,https://t.me/psnodessa
Interesting Travel ğŸ›©ğŸœğŸ–,https://uk.tgstat.com/channel/@intravelUA,https://t.me/intravelUA
GRND EVENTS,https://uk.tgstat.com/channel/@grndwien,https://t.me/grndwien
Ğ“Ğ°Ñ€ÑÑ‡Ñ– Ñ‚ÑƒÑ€Ğ¸ | Ğ“Ğ¾Ñ€ÑÑ‰Ğ¸Ğµ Ñ‚ÑƒÑ€Ñ‹ | Royal Tourism ĞšĞ¸ĞµĞ² ğŸŒ´,https://uk.tgstat.com/channel/@royaltourism_kiev,https://t.me/royaltourism_kiev
Ğ¯ â¤ï¸ ĞšÑ€Ğ°ÑĞ½Ñ‹Ğ¹ Ğ›Ğ¸Ğ¼Ğ°Ğ½,https://uk.tgstat.com/channel/@ilovekrliman,https://t.me/ilovekrliman
Ğ”Ğ¾Ğ·Ğ²Ñ–Ğ»Ğ»Ñ Ğ›ÑŒĞ²Ñ–Ğ²,https://uk.tgstat.com/channel/@dozvillyaLviv,https://t.me/dozvillyaLviv
â¨DM - tour serviceâ©,https://uk.tgstat.com/channel/@dmtourservice,https://t.me/dmtourservice
Ğ“ĞĞ Ğ¯Ğ§Ğ† Ğ¢Ğ£Ğ Ğ˜ ĞĞ•Ğ‘Ğ•Ğ¡ĞĞĞ‡ Ğ¡ĞĞ¢ĞĞ† 8,https://uk.tgstat.com/channel/@agency_travel_cv,https://t.me/agency_travel_cv
historical Ukraine,https://uk.tgstat.com/channel/@historicalUA,https://t.me/historicalUA
"ĞœĞ°Ğ³Ğ°Ğ·Ğ¸Ğ½ ""ĞšĞ»ÑƒĞ± Ğ¿ÑƒÑ‚ĞµÑˆĞµÑÑ‚Ğ²ĞµĞ½Ğ½Ğ¸ĞºĞ¾Ğ²""",https://uk.tgstat.com/channel/@travelers_club_kharkiv,https://t.me/travelers_club_kharkiv
Agents of Thailand,https://uk.tgstat.com/channel/@Agents_of_Thailand,https://t.me/Agents_of_Thailand
ğŸŒ³Ğ ĞµĞ°Ğ»ÑŒĞ½Ğ¾ÑÑ‚ÑŒğŸŒ³,https://uk.tgstat.com/channel/@rilfoto,https://t.me/rilfoto
TrebaTravel,https://uk.tgstat.com/channel/@trebatravel,https://t.me/trebatravel
Dnipro Open Sky,https://uk.tgstat.com/channel/@dniproopensky,https://t.me/dniproopensky
"Ğ“Ğ¾Ñ€ÑÑ‰Ğ¸Ğµ Ñ‚ÑƒÑ€Ñ‹-""Sunrise-S""",https://uk.tgstat.com/channel/@sunrise_s_gorit,https://t.me/sunrise_s_gorit
Ğ˜Ğ½Ñ„Ğ¾ Ğ˜ÑĞ¿Ğ°Ğ½Ğ¸Ñ/Ğ‘Ğ°Ñ€ÑĞµĞ»Ğ¾Ğ½Ğ°,https://uk.tgstat.com/channel/@SpainInfoByValeriia,https://t.me/SpainInfoByValeriia
ĞĞ»Ñ Ğ¡Ğ°Ñ€Ğ°Ñ…Ğ¼Ğ°Ğ½: Ğ°ĞºÑ‚ÑƒĞ°Ğ»ÑŒĞ½Ğ¾ Ğ¿Ñ€Ğ¾ Ñ‚ÑƒÑ€Ğ¸Ğ·Ğ¼,https://uk.tgstat.com/channel/@olga_tour,https://t.me/olga_tour
"Ğ¢ÑƒÑ€Ğ°Ğ³ĞµĞ½Ñ‚ÑÑ‚Ğ²Ğ¾ ""Ğ’ ĞºĞµĞ´Ğ°Ñ… Ğ¿Ğ¾ ĞŸĞ°Ñ€Ğ¸Ğ¶Ñƒ""",https://uk.tgstat.com/channel/@vkedahpoparizhu,https://t.me/vkedahpoparizhu
ĞœĞĞ›ĞĞ”Ğ†Ğ–ĞĞ˜Ğ™ Ğ‘ĞĞ Ğ˜Ğ¡ĞŸĞ†Ğ›Ğ¬,https://uk.tgstat.com/channel/@mrboryspil,https://t.me/mrboryspil
Ğ’Ğ¾ Ğ’ÑÑ– Ğ§Ğ¾Ñ‚Ğ¸Ñ€Ğ¸! ĞŸĞ¾Ğ´Ğ¾Ñ€Ğ¾Ğ¶ÑƒĞ¹!,https://uk.tgstat.com/channel/@vo_vsi_4_ua,https://t.me/vo_vsi_4_ua
ĞšÑƒĞ´Ğ° ĞµĞ´ĞµĞ¼â“ğŸš Ğ£ĞºÑ€Ğ°Ğ¸Ğ½Ğ°â—ï¸Ğ ÑƒĞ¼Ñ‹Ğ½Ğ¸Ñ-Ğ‘Ğ¾Ğ»Ğ³Ğ°Ñ€Ğ¸Ñ-Ğ¢ÑƒÑ€Ñ†Ğ¸Ñ-Ğ“Ñ€ĞµÑ†Ğ¸Ñ,https://uk.tgstat.com/channel/@travelodua,https://t.me/travelodua
tourdream world ğŸŒ,https://uk.tgstat.com/channel/@ftravelukr,https://t.me/ftravelukr
BreezeUA,https://uk.tgstat.com/channel/@tourbreezeua,https://t.me/tourbreezeua
Ğ’Ñ–Ğ½Ñ‚ÑƒÑ€-ĞŸĞ»ÑÑ,https://uk.tgstat.com/channel/@vintourplus,https://t.me/vintourplus
Paultraveler,https://uk.tgstat.com/channel/@thepaultraveler,https://t.me/thepaultraveler
Ğ•ĞºÑĞºÑƒÑ€ÑÑ–Ñ— Ğ½Ğ° Ñ‚Ñ€Ğ°Ğ¼Ğ²Ğ°Ñ— Ğ¿Ğ¾ ĞšĞ¸Ñ”Ğ²Ñƒ.,https://uk.tgstat.com/channel/@kyivtramvay,https://t.me/kyivtramvay
ATLANTTOUR,https://uk.tgstat.com/channel/@atlant_tour,https://t.me/atlant_tour
FLY_CVâœˆï¸,https://uk.tgstat.com/channel/@fly_cv,https://t.me/fly_cv
TraveLLandğŸ‡ºğŸ‡¦,https://uk.tgstat.com/channel/@travelland_com_ua,https://t.me/travelland_com_ua
ĞŸĞ»Ğ°Ğ½ĞµÑ‚Ğ° ĞŸÑƒÑ‚ĞµÑˆĞµÑÑ‚Ğ²Ğ¸Ğ¹ VIP,https://uk.tgstat.com/channel/@travelplanetvip,https://t.me/travelplanetvip
Ğ†Ğ´ĞµÑ— Ğ´Ğ»Ñ Ğ¿Ğ¾Ğ´Ğ¾Ñ€Ğ¾Ğ¶ĞµĞ¹,https://uk.tgstat.com/channel/@best_travel_ideas,https://t.me/best_travel_ideas
Sunrise âœ¨,https://uk.tgstat.com/channel/@sunrise_inspiration,https://t.me/sunrise_inspiration
Ukrainian Life Beyond Borders,https://uk.tgstat.com/channel/@ukrainian_minds,https://t.me/ukrainian_minds
Trevelina.com,https://uk.tgstat.com/channel/@Trevelina,https://t.me/Trevelina
1001 ĞºÑ€Ğ°Ñ”Ğ²Ğ¸Ğ´ (Ğ¿Ğ¾Ğ´Ğ¾Ñ€Ğ¾Ğ¶Ñ–),https://uk.tgstat.com/channel/@travel_1001,https://t.me/travel_1001
Ğ¢ÑƒÑ€Ğ¸ÑÑ‚Ğ¸Ñ‡Ğ½Ğµ Ğ°Ğ³ĞµĞ½ÑÑ‚Ğ²Ğ¾ Sunrise In Travel,https://uk.tgstat.com/channel/@SUNRISE_INDUSTRIA_TRAVEL,https://t.me/SUNRISE_INDUSTRIA_TRAVEL
Ğ—Ğ°Ğ¿Ğ¸ÑĞºĞ¸ Ğ»Ñ–ÑĞ¾Ğ²Ğ¾Ğ³Ğ¾ ĞÑĞºĞµÑ‚Ğ° ğŸ²ğŸ¤Œ,https://uk.tgstat.com/channel/@tourism_by_asceticism,https://t.me/tourism_by_asceticism
Vietnam Hi!,https://uk.tgstat.com/channel/@vietnam_hi,https://t.me/vietnam_hi
CHI TRIP ğŸ‡ºğŸ‡¦,https://uk.tgstat.com/channel/@chitrip,https://t.me/chitrip
Ğ”Ğ¾ĞºÑƒĞ¼ĞµĞ½Ñ‚Ğ¸.sk,https://uk.tgstat.com/channel/@documents_sk,https://t.me/documents_sk
Ğ¢Ñ€Ğ¾Ğ¿Ğ¸Ñ‡ĞµÑĞºĞ¸Ğ¹ Ğ¾ÑÑ‚Ñ€Ğ¾Ğ² Ñ‚ÑƒÑ€Ğ¸ÑÑ‚Ğ¸Ñ‡ĞµÑĞºĞ°Ñ ĞºĞ¾Ğ¼Ğ¿Ğ°Ğ½Ğ¸Ñ,https://uk.tgstat.com/channel/@tropicalisland_kh,https://t.me/tropicalisland_kh
Ğ¡Ğ°Ğ¼Ğ°Ğ½Ñ‚Ğ° â€” Ğ¿Ñ‚Ğ¸Ñ†Ğ° Ğ¿ÑƒÑ‚ĞµÑˆĞµÑÑ‚Ğ²ĞµĞ½Ğ½Ğ¸Ñ†Ğ°,https://uk.tgstat.com/channel/@sammantabird,https://t.me/sammantabird
mibsgroup.travel,https://uk.tgstat.com/channel/@mibsgrouptravel,https://t.me/mibsgrouptravel
Ğ¡Ğ¿ĞµÑ†Ñ–Ğ¯ Ñƒ Ğ¼Ğ°Ğ½Ğ´Ñ€Ğ°Ñ…,https://uk.tgstat.com/channel/@speciatravel,https://t.me/speciatravel
ğŸ›¡Ğ’Ğ«Ğ•Ğ—Ğ” ĞœĞ£Ğ–Ğ§Ğ˜Ğ ğŸ‡ºğŸ‡¦ Ğ•ĞSYCORDĞN,https://uk.tgstat.com/channel/@easycordon_uaa,https://t.me/easycordon_uaa
Mapillary Ukraine,https://uk.tgstat.com/channel/@mapillaryukraine,https://t.me/mapillaryukraine
Ğ¥Ñ€Ğ¾Ğ½Ğ¸ĞºĞ¸ Ğ·Ğ°Ğ²Ğ¾Ğ´Ğ½Ğ¾Ğ¹ Ğ‘ĞµĞ»ĞºĞ¸,https://uk.tgstat.com/channel/@Squirrelincanada,https://t.me/Squirrelincanada
Sparks Life - Ğ¾Ñ€Ğ³Ğ°Ğ½Ñ–Ğ·Ğ°Ñ†Ñ–Ñ ĞµĞºÑĞºĞ»ÑĞ·Ğ¸Ğ²Ğ½Ğ¸Ñ… ÑÑ…Ñ‚ Ñ‚ÑƒÑ€Ñ–Ğ² Ñ‚Ğ° Ñ–Ğ½Ğ´Ğ¸Ğ²Ñ–Ğ´ÑƒĞ°Ğ»ÑŒĞ½Ğ° Ğ¾Ñ€ĞµĞ½Ğ´Ğ° ÑÑ…Ñ‚ Ğ² Ğ±ÑƒĞ´ÑŒ-ÑĞºĞ¾Ğ¼Ñƒ ĞºÑƒÑ‚Ğ¾Ñ‡ĞºÑƒ ÑĞ²Ñ–Ñ‚ÑƒğŸŒ,https://uk.tgstat.com/channel/@sparkslife,https://t.me/sparkslife
DĞ¸ÑĞºĞ°Ğ²ĞµÑ€Ñ– - Ğ²Ğ°Ñˆ Ñ‚ÑƒÑ€ĞµĞºÑĞ¿ĞµÑ€Ñ‚!ğŸ›«,https://uk.tgstat.com/channel/@discovery_cv,https://t.me/discovery_cv
ğŸ”¥ĞšÑ€Ğ°Ñ‰Ñ– Ğ¢ÑƒÑ€Ğ¸ UA/PL/EUğŸ‡ºğŸ‡¦ğŸ‡µğŸ‡±ğŸ‡ªğŸ‡º,https://uk.tgstat.com/channel/@Olenaturuaeu,https://t.me/Olenaturuaeu
Ğ¨ĞºĞ¾Ğ»Ğ° ÑÑ–Ğ»ÑŒÑÑŒĞºĞ¾Ğ³Ğ¾ Ñ‚ÑƒÑ€Ğ¸Ğ·Ğ¼Ñƒ,https://uk.tgstat.com/channel/@greentourismua,https://t.me/greentourismua
ĞĞ´ĞµÑÑĞ° Ñ Ğ²Ñ‹ÑĞ¾Ñ‚Ñ‹ Ğ”ÑĞºĞ°!,https://uk.tgstat.com/channel/@odessadyc,https://t.me/odessadyc
ĞĞºÑ‚Ğ¸Ğ²Ğ½Ñ‹Ğ¹ Ğ“Ñ€Ğ¾Ğ´Ğ½Ğ¾,https://uk.tgstat.com/channel/@activegrodno,https://t.me/activegrodno
"Ğ“ĞĞ Ğ¯Ğ§Ğ† Ğ¢Ğ£Ğ Ğ˜ ""TIME TO TRAVEL""",https://uk.tgstat.com/channel/@gariachi_tyru,https://t.me/gariachi_tyru
Coral Travel Odessa,https://uk.tgstat.com/channel/@coralodessa,https://t.me/coralodessa
Ğ”Ñ€Ğ°ĞºĞ¾Ğ½ Ğ¢Ñ€ĞµĞ²ĞµĞ»,https://uk.tgstat.com/channel/@DragonTravelUa,https://t.me/DragonTravelUa
TravelDesign,https://uk.tgstat.com/channel/@travel_design,https://t.me/travel_design
Ğ”Ğ²Ğ¾ĞºĞ¾Ğ»Ñ–ÑĞ½Ñ– Ğ’Ğ¾Ğ»Ğ¾Ñ†ÑĞ³Ğ¸ - Ğ£ĞºÑ€Ğ°Ñ—Ğ½ÑÑŒĞºĞ¸Ğ¹ Ğ±Ğ°Ğ¹ĞºĞ¿Ğ°ĞºÑ–Ğ½Ğ³,https://uk.tgstat.com/channel/@ua_bikepackers,https://t.me/ua_bikepackers
Ğ¢Ğ¾Ñ‚Ğ°Ğ»ÑŒĞ½Ğ¾Ğµ Ğ´Ğ¾Ğ²ĞµÑ€Ğ¸Ğµ,https://uk.tgstat.com/channel/@prorok_victoria,https://t.me/prorok_victoria
"Soft Pillows ğŸ¡ Ğ“Ğ¾Ñ‚ĞµĞ»Ñ– Ğ£ĞºÑ€Ğ°Ñ—Ğ½Ğ¸, Ğ°ĞºÑ†Ñ–Ñ—, Ğ·Ğ½Ğ¸Ğ¶ĞºĞ¸ â¤ï¸",https://uk.tgstat.com/channel/@softpillowsua,https://t.me/softpillowsua
ĞšÑ€Ğ°ÑĞ¾Ñ‚Ñ‹ Ğ—ĞµĞ¼Ğ»Ğ¸,https://uk.tgstat.com/channel/@thebeautyofearth,https://t.me/thebeautyofearth
Smart tour ÑĞ²Ğ¾Ñ Ğ»ÑĞ´Ğ¸Ğ½Ğ° Ğ² Ñ‚ÑƒÑ€Ğ¸Ğ·Ğ¼Ñ–,https://uk.tgstat.com/channel/@smarttour,https://t.me/smarttour
NLM Ğ¼Ğ°Ñ€ĞºĞµÑ‚Ğ¸Ğ½Ğ³Ğ¾Ğ²Ğ° Ğ°Ğ³ĞµĞ½Ñ†Ñ–Ñ,https://uk.tgstat.com/channel/@nlmsignaturetravelcollection,https://t.me/nlmsignaturetravelcollection
Marco Polo Club,https://uk.tgstat.com/channel/@marcoclub,https://t.me/marcoclub
ĞĞ°Ğ²ĞºĞ¾Ğ»Ğ¸ÑˆĞ½Ñ–Ğ¹ ÑĞ²Ñ–Ñ‚ğŸ˜,https://uk.tgstat.com/channel/@navkolysniysvit,https://t.me/navkolysniysvit
Ğ’Ğ†Ğ™Ğ¡Ğ¬ĞšĞĞ’Ğ˜Ğ™ Ğ¯Ğ¥Ğ¢Ğ˜ĞĞ“,https://uk.tgstat.com/channel/@sailingcruise,https://t.me/sailingcruise
Sunkissed UA,https://uk.tgstat.com/channel/@sunkissed_ukraine,https://t.me/sunkissed_ukraine
Ğ£ĞºÑ€Ğ°Ğ¸Ğ½Ğ° Ğ’Ñ‹ĞµĞ·Ğ´ | Ukraina Vyezd,https://uk.tgstat.com/channel/@Ukraina_Vyezd,https://t.me/Ukraina_Vyezd
Ğ¢ÑƒÑ€Ğ°Ğ³ĞµĞ½Ñ†Ñ–Ñ|ĞŸÑ€Ğ°Ñ†ĞµĞ²Ğ»Ğ°ÑˆÑ‚ÑƒĞ²Ğ°Ğ½Ğ½Ñ,https://uk.tgstat.com/channel/@moreturov_kharkov,https://t.me/moreturov_kharkov
Ğ‘Ğ¾Ğ»Ğ³Ğ°Ñ€Ñ–ÑğŸ‡§ğŸ‡¬Ğ’Ñ–Ğ´Ğ¿Ğ¾Ñ‡Ğ¸Ğ½Ğ¾Ğº ĞŸĞµÑ€ĞµĞ²ĞµĞ·ĞµĞ½Ğ½Ñ,https://uk.tgstat.com/channel/@MIRtouroperator,https://t.me/MIRtouroperator
Lionest360,https://uk.tgstat.com/channel/@lionest360,https://t.me/lionest360
Work Euro Awrora,https://uk.tgstat.com/channel/@work_euro_awrora,https://t.me/work_euro_awrora
Ğ¢ÑƒÑ€Ğ°Ğ³ĞµĞ½Ñ†Ñ–Ñ TourAngel,https://uk.tgstat.com/channel/@tourangel_ks,https://t.me/tourangel_ks
Ğ¾Ñ‚Ğ´ĞµĞ» Ñ‚ÑƒÑ€Ğ¸Ğ·Ğ¼Ğ° Ğ§ĞŸ ĞĞ Ğ¢ĞŸĞŸ,https://uk.tgstat.com/channel/@TPPTour,https://t.me/TPPTour
ğŸŒºğŸŒ¹PandoraTimeğŸŒ¹ğŸŒº,https://uk.tgstat.com/channel/@PandoraUA,https://t.me/PandoraUA
NEW LOGIC Ğ´Ñ–Ğ»Ğ¾Ğ²Ñ– Ğ¿Ğ¾Ğ´Ğ¾Ñ€Ğ¾Ğ¶Ñ–,https://uk.tgstat.com/channel/@newlogictravel,https://t.me/newlogictravel
Paliy Travel,https://uk.tgstat.com/channel/@paliytravel,https://t.me/paliytravel
Ğ±Ğ°Ğ·Ğ° Ğ²Ñ–Ğ´Ğ¿Ğ¾Ñ‡Ğ¸Ğ½ĞºÑƒ ĞÑ€ĞµĞ»ÑŒÑÑŒĞºĞ¸Ğ¹ Ğ”Ğ²Ñ–Ñ€ Ğ”Ğ½Ñ–Ğ¿Ñ€Ğ¾,https://uk.tgstat.com/channel/@orelskiydvor,https://t.me/orelskiydvor
Royal Holiday Club - Ğ°Ğ²Ñ–Ğ° Ñ‚Ğ° Ñ‚ÑƒÑ€Ğ¸Ğ·Ğ¼,https://uk.tgstat.com/channel/@royal_club_travel,https://t.me/royal_club_travel
MUZUNGUSHIT - Ğ Ğ¶Ğ¸Ğ·Ğ½Ğ¸ Ğ² ĞÑ„Ñ€Ğ¸ĞºĞµ,https://uk.tgstat.com/channel/@muzungushit,https://t.me/muzungushit
CoralTravel Ğ‘Ğ¾Ñ€Ğ¸ÑĞ¿Ğ¾Ğ»ÑŒ,https://uk.tgstat.com/channel/@CoralTravelKBP,https://t.me/CoralTravelKBP
ĞœĞ°Ğ¼Ğ° Ğ›Ñ - Ñ‚ÑƒÑ€Ğ¸ÑÑ‚Ğ¸Ñ‡Ğ½Ğ° Ğ°Ğ³ĞµĞ½Ñ†Ñ–Ñ,https://uk.tgstat.com/channel/@mama_lu,https://t.me/mama_lu
ĞšĞ°Ğ½Ğ°Ğ´Ğ° ğŸ‡¨ğŸ‡¦ CUAET,https://uk.tgstat.com/channel/@cuaet_canada_ukr,https://t.me/cuaet_canada_ukr
Travel News ğŸŒ Ğ£ĞºÑ€Ğ°Ñ—Ğ½Ğ° ğŸ‡ºğŸ‡¦,https://uk.tgstat.com/channel/@travel_news_ukraine,https://t.me/travel_news_ukraine
Ğ—Ğ°Ñ…Ğ¾Ğ¿Ğ»ÑÑÑ‡Ğ° Ğ£ĞºÑ€Ğ°Ñ—Ğ½Ğ°ğŸ‡ºğŸ‡¦,https://uk.tgstat.com/channel/@perfectukr,https://t.me/perfectukr
Star Tour Ñ‚ÑƒÑ€Ğ°Ğ³ĞµĞ½Ñ†Ñ–Ñ âœˆï¸ğŸŒ,https://uk.tgstat.com/channel/@startourpokrovsk_tour,https://t.me/startourpokrovsk_tour
Ğ¢ÑƒÑ€Ğ°Ğ³ĞµĞ½Ñ‚ÑÑ‚Ğ²Ğ¾ ğŸŒVIK traveling ğŸ–,https://uk.tgstat.com/channel/@vik_traveling,https://t.me/vik_traveling
in DUBAI ĞĞµĞ´Ğ²Ğ¸Ğ¶Ğ¸Ğ¼Ğ¾ÑÑ‚ÑŒ,https://uk.tgstat.com/channel/@indubai_realestate,https://t.me/indubai_realestate
Sofina travelâœˆï¸,https://uk.tgstat.com/channel/@sofinatravel,https://t.me/sofinatravel
Royal-Travel,https://uk.tgstat.com/channel/@RoyalTravelInCruises,https://t.me/RoyalTravelInCruises
ĞŸĞ¾Ñ—Ñ…Ğ°Ğ»Ğ¸ Ğ·Ñ– Ğ¼Ğ½Ğ¾Ñ Ğ² Ğ†Ñ€Ğ»Ğ°Ğ½Ğ´Ñ–Ñ? â˜˜ï¸,https://uk.tgstat.com/channel/@emeraldisland,https://t.me/emeraldisland
ğŸœ ĞĞ¾Ğ²Ğ¾ÑÑ‚Ğ¸ Ñ‚ÑƒÑ€Ğ¸Ğ·Ğ¼Ğ° ğŸ– Just Travel,https://uk.tgstat.com/channel/@Just_Travel_Now,https://t.me/Just_Travel_Now
Golden Fly,https://uk.tgstat.com/channel/@golden_fly_bc,https://t.me/golden_fly_bc
ĞšĞ¸Ñ‚Ğ°Ğ¹borshch,https://uk.tgstat.com/channel/@kytai_borshch,https://t.me/kytai_borshch
"Ğ ĞµĞ°Ğ»ÑŒĞ½Ğ°Ñ Ğ˜Ñ‚Ğ°Ğ»Ğ¸Ñ ï¸ï¸ï¸ ĞºĞ°Ğ½Ğ°Ğ» Ğ½Ğ¾Ğ¼ĞµÑ€ Ğ¾Ğ´Ğ¸Ğ½ Ğ¾ Ğ¶Ğ¸Ğ·Ğ½Ğ¸ Ğ² Ğ˜Ñ‚Ğ°Ğ»Ğ¸Ğ¸ Ğ›Ğ¸Ğ³ÑƒÑ€Ğ¸Ñ Ğ“ĞµĞ½ÑƒÑ ĞœĞ¸Ğ»Ğ°Ğ½, Ğ¢ÑƒÑ€Ğ¸Ğ½ , Ğ Ğ¸Ğ¼ , ĞĞµĞ°Ğ¿Ğ¾Ğ»ÑŒ",https://uk.tgstat.com/channel/@opennewitaly,https://t.me/opennewitaly
PRO Ğ¢ÑƒÑ€Ğ¸Ğ·Ğ¼,https://uk.tgstat.com/channel/@pro_turizmm,https://t.me/pro_turizmm
Coral Travel Hot Price,https://uk.tgstat.com/channel/@coraltravelhotprice,https://t.me/coraltravelhotprice
ĞŸĞĞ›Ğ¬Ğ¨Ğ Ğ”ĞĞšĞ£ĞœĞ•ĞĞ¢Ğ« | ZLOTA ğŸ‡µğŸ‡±ğŸ‡±ğŸ‡¹ğŸ‡±ğŸ‡»ğŸ‡¨ğŸ‡¿,https://uk.tgstat.com/channel/@Polish_Zlota,https://t.me/Polish_Zlota
ODESAâš“ï¸life - kolorytno in UAğŸ‡ºğŸ‡¦,https://uk.tgstat.com/channel/@ODESAlife_localflavorinUA,https://t.me/ODESAlife_localflavorinUA
ĞĞ´Ğ²Ğ¾ĞºĞ°Ñ‚ ĞĞ½Ğ»Ğ°Ğ¹Ğ½ | Ğ£ĞºÑ€Ğ°Ğ¸Ğ½Ğ° Ğ®Ñ€Ğ¸ÑÑ‚ @AdvokatOnlainUA,https://uk.tgstat.com/channel/@AdvokatOnlainUA,https://t.me/AdvokatOnlainUA
MariLand TourğŸŒ,https://uk.tgstat.com/channel/@marilandkiev,https://t.me/marilandkiev
ğŸŒµMr & Mrs TravelğŸŒµ,https://uk.tgstat.com/channel/@MrMrsTravel,https://t.me/MrMrsTravel
ĞŸÑƒÑ‚ĞµÑˆĞµÑÑ‚Ğ²ÑƒĞ¹ Ğ¶Ğ¸Ğ²Ğ¸ Ğ¼ĞµÑ‡Ñ‚Ğ°Ğ¹| ĞĞ»ÑŒĞ³Ğ° Ğ¨Ğ¸Ñ€Ğ¸Ğ½ÑĞºĞ°Ñ,https://uk.tgstat.com/channel/@travellifedream,https://t.me/travellifedream
Ğ’Ğ¾Ğ»ÑŒĞ½Ğ°Ñ Ğ°Ğ½Ñ‡Ğ°Ğ½,https://uk.tgstat.com/channel/@gipsyanchan,https://t.me/gipsyanchan
Online hot tours from Ukraine,https://uk.tgstat.com/channel/@OnlinetoursSumy,https://t.me/OnlinetoursSumy
ĞĞ»Ğ»Ğ¸ Ğ›ÑƒĞºĞ¾Ğ»Ğ»Ğ¸ #Ğ¢ÑƒÑ€Ğ°Ğ³ĞµĞ½ÑÑ‚Ğ²Ğ¾ ĞÑ‚Ğ¿ÑƒÑĞº Ğ¢ÑƒÑ€Ñ‹ Ğ¸Ğ· Ğ£ĞºÑ€Ğ°Ğ¸Ğ½Ñ‹,https://uk.tgstat.com/channel/@ollilukolli,https://t.me/ollilukolli
â˜€ï¸ Ğ‘ÑƒĞ´Ğ½Ğ¸Ğ¹ Ğ”ĞµĞ½ÑŒ,https://uk.tgstat.com/channel/@shoskazat_neznayu,https://t.me/shoskazat_neznayu
Travel_with_me.agency,https://uk.tgstat.com/channel/@tuilutsk,https://t.me/tuilutsk
"Ğ¢ÑƒÑ€Ñ‹ Ğ² ĞĞĞ­, Ğ•Ğ³Ğ¸Ğ¿ĞµÑ‚, Ğ—Ğ°Ğ½Ğ·Ğ¸Ğ±Ğ°Ñ€ Ğ¸ Ğ´Ñ€.",https://uk.tgstat.com/channel/@molino_tour,https://t.me/molino_tour
Ğ‘Ğ¾Ğ±ĞµÑ€,https://uk.tgstat.com/channel/@beboberbro,https://t.me/beboberbro
ğŸŒ Ğ’ÑŒĞµÑ‚Ğ½Ğ°Ğ¼ Ğ¼Ğ¾Ğ¸Ğ¼Ğ¸ Ğ³Ğ»Ğ°Ğ·Ğ°Ğ¼Ğ¸ âœˆï¸,https://uk.tgstat.com/channel/@Vetnam2019_20,https://t.me/Vetnam2019_20
ĞŸĞ›ĞĞĞ•Ğ¢Ğ_ĞĞĞœĞ•Ğ _3,https://uk.tgstat.com/channel/@PogodaUkraina,https://t.me/PogodaUkraina
ĞĞ° Ğ¼Ğ¾Ñ€Ğµ Ğ²Ñ–Ğ´ Ğ”Ğ°Ğ½Ğ°,https://uk.tgstat.com/channel/@danazatoka,https://t.me/danazatoka
ĞŸĞ¾Ğ³Ğ¾Ğ´Ğ° Ñƒ Ğ¼. Ğ›ÑŒĞ²Ğ¾Ğ²Ñ–,https://uk.tgstat.com/channel/@pogodaULvovi,https://t.me/pogodaULvovi
photovoyageğŸ‡ºğŸ‡¦,https://uk.tgstat.com/channel/@photo_voyage_ua,https://t.me/photo_voyage_ua
Ğ›ĞµĞ²Ñ‹Ğ¹ Ğ‘ĞµÑ€ĞµĞ³,https://uk.tgstat.com/channel/@leftside_newsru,https://t.me/leftside_newsru
Nomad Notes,https://uk.tgstat.com/channel/@n0mad_n0tes,https://t.me/n0mad_n0tes
Travel agent ğŸŒ´,https://uk.tgstat.com/channel/@anastacia_travel_agent,https://t.me/anastacia_travel_agent
Pavliuchenki,https://uk.tgstat.com/channel/@pavliuchenki,https://t.me/pavliuchenki
[Ğ”ĞµÑˆĞµĞ²Ğ»Ğµ Ğ½Ğ° Ğ¼ĞµÑ‚Ñ€Ğ¾]ğŸ›«,https://uk.tgstat.com/channel/@deshevle_na_metro,https://t.me/deshevle_na_metro
ĞœĞ¾Ñ ĞĞ´ĞµÑÑĞ° Ğ² Ñ„Ğ¾Ñ‚Ğ¾Ğ³Ñ€Ğ°Ñ„Ğ¸ÑÑ…,https://uk.tgstat.com/channel/@MyOdessaUkraina,https://t.me/MyOdessaUkraina
Ğ¢ÑƒÑ€Ğ°Ğ³ĞµĞ½ÑÑ‚Ğ²Ğ¾ Ğ² ĞĞ´ĞµÑÑĞµ,https://uk.tgstat.com/channel/@turagenstvo_v_odesse,https://t.me/turagenstvo_v_odesse
ĞŸĞ£Ğ¢Ğ•Ğ¨Ğ•Ğ¡Ğ¢Ğ’Ğ˜Ğ¯ Ğ”Ğ›Ğ¯ Ğ”Ğ£Ğ¨Ğ˜,https://uk.tgstat.com/channel/@Bonajotours,https://t.me/Bonajotours
OMG Travel,https://uk.tgstat.com/channel/@omg_travel,https://t.me/omg_travel
ğŸ–ï¸ Ğ¢ÑƒÑ€Ñ„Ğ¸Ñ€Ğ¼Ğ° ViDi ğŸï¸ - ÑƒĞ´Ğ¾Ğ±Ğ½Ğ¾Ğµ Ñ‚ÑƒÑ€Ğ°Ğ³ĞµĞ½Ñ‚ÑÑ‚Ğ²Ğ¾ Ğ¾Ğ½Ğ»Ğ°Ğ¹Ğ½,https://uk.tgstat.com/channel/@ViDi_telegram,https://t.me/ViDi_telegram
ğŸ”¥Ğ¢ÑƒÑ€Ñ‹ Â«ĞĞ° ĞšĞ°Ğ½Ğ¸ĞºÑƒĞ»Ñ‹Â» ĞĞ´ĞµÑÑĞ° Ñ‚ÑƒÑ€Ğ°Ğ³ĞµĞ½Ñ‚ÑÑ‚Ğ²Ğ¾,https://uk.tgstat.com/channel/@NaKanikuly_od_ua,https://t.me/NaKanikuly_od_ua
22ğŸ¯Ukraine MUSIC & Travel,https://uk.tgstat.com/channel/@ukraine22music_video,https://t.me/ukraine22music_video
IVAN LIFE - ANTALYA,https://uk.tgstat.com/channel/@ivanlife_tv,https://t.me/ivanlife_tv
One minute Ukraine,https://uk.tgstat.com/channel/@oneminuteukraine,https://t.me/oneminuteukraine
AviaHit ğŸ‡­ğŸ‡º MagyarorszÃ¡g,https://uk.tgstat.com/channel/@aviahit_hungary,https://t.me/aviahit_hungary
"Ğ¢Ğ ""Star Tour""",https://uk.tgstat.com/channel/@startourkharkov,https://t.me/startourkharkov
WORLD PRESS | ĞœĞ˜Ğ ĞĞ’Ğ«Ğ• Ğ¡ĞœĞ˜,https://uk.tgstat.com/channel/@ino_press,https://t.me/ino_press
Olgam Travels,https://uk.tgstat.com/channel/@olgam_travels,https://t.me/olgam_travels
Ğ¢ÑƒÑ€Ğ¾Ğ¿ĞµÑ€Ğ°Ñ‚Ğ¾Ñ€ ĞŸĞ°Ñ€Ğº Ğ’Ñ–Ğ´Ğ¿Ğ¾Ñ‡Ğ¸Ğ½ĞºÑƒ. Ğ¢ÑƒÑ€Ğ¸ Ğ£ĞºÑ€Ğ°Ñ—Ğ½Ğ¾Ñ. Ğ Ğ°Ñ„Ñ‚Ğ¸Ğ½Ğ³. Ğ¡Ğ¿Ğ»Ğ°Ğ². ĞŸĞ¾Ñ…Ğ¾Ğ´Ğ¸,https://uk.tgstat.com/channel/@parkvidpochynku,https://t.me/parkvidpochynku
Ğ¡Ğ¿Ñ€Ğ°Ğ²Ğ¶Ğ½Ñ–Ğ¹ ÑĞ²Ñ–Ñ‚ ğŸŒ,https://uk.tgstat.com/channel/@spravgniysvit,https://t.me/spravgniysvit
GetCheepFlys,https://uk.tgstat.com/channel/@getcheepflys,https://t.me/getcheepflys
Ğ¡Ğ°ÑˆĞ°-Ğ¿ÑƒÑ‚ĞµÑˆĞµÑÑ‚Ğ²ĞµĞ½Ğ½Ğ¸Ñ†Ğ°ğŸ‡©ğŸ‡ª,https://uk.tgstat.com/channel/@fichdichua,https://t.me/fichdichua
TripSolutions,https://uk.tgstat.com/channel/@tripsolutions,https://t.me/tripsolutions
LETITBAG,https://uk.tgstat.com/channel/@LETITBAG,https://t.me/LETITBAG
