Ğ¤ÑƒĞ»Ğ»Ñ‹ Ğ¾Ñ‚ Ğ”Ğ°ÑˆĞ¸ â¤ï¸,https://uk.tgstat.com/channel/IrAn07yPPn81ZmYy,https://t.me/joinchat/IrAn07yPPn81ZmYy
"ğŸ‡ºğŸ‡¦ĞšÑ–Ğ½Ğ¾ - Ñ„Ñ–Ğ»ÑŒĞ¼Ğ¸ , Ğ½Ğ° Ğ²ĞµÑ‡Ñ–Ñ€ğŸ‡ºğŸ‡¦",https://uk.tgstat.com/channel/jV6OoPNN6lkyNDQy,https://t.me/joinchat/jV6OoPNN6lkyNDQy
Kino_mira_ru,https://uk.tgstat.com/channel/AAAAAFYQpYoss9APBaJaKA,https://t.me/joinchat/AAAAAFYQpYoss9APBaJaKA
UKR SHOW,https://uk.tgstat.com/channel/k1XnLRC2RdhkZWE6,https://t.me/joinchat/k1XnLRC2RdhkZWE6
ĞšÑ–Ğ½Ğ¾ĞºÑ€Ğ°Ñ—Ğ½Ğ° - Ñ„Ñ–Ğ»ÑŒĞ¼Ğ¸ Ñ‚Ğ° ÑĞµÑ€Ñ–Ğ°Ğ»Ğ¸ ÑƒĞºÑ€Ğ°Ñ—Ğ½ÑÑŒĞºĞ¾Ñ,https://uk.tgstat.com/channel/@kinokraina,https://t.me/kinokraina
UASerials ğŸ‡ºğŸ‡¦,https://uk.tgstat.com/channel/@uaserialsPRO,https://t.me/uaserialsPRO
Top_KINO,https://uk.tgstat.com/channel/4_nbpNGiMeI3NTIy,https://t.me/joinchat/4_nbpNGiMeI3NTIy
Ğ¡ĞµÑ€Ñ–Ğ°Ğ»Ğ¸ Ğ£ĞºÑ€Ğ°Ñ—Ğ½ÑÑŒĞºĞ¾Ñ ğŸ”¹ Ğ¢ĞµĞ´ Ğ›Ğ°ÑÑĞ¾ğŸ”¹ ĞÑÑ‚Ğ°Ğ½Ğ½Ñ– Ğ· Ğ½Ğ°Ñ ğŸ”¹ ĞœĞ°Ğ½Ğ´Ğ°Ğ»Ğ¾Ñ€ĞµÑ†ÑŒ ğŸ”¹ Ğ’ĞµĞ½Ğ·Ğ´ĞµĞ¹ ğŸ”¹,https://uk.tgstat.com/channel/@serialy_ua,https://t.me/serialy_ua
ĞšÑ–Ğ½Ğ¾Ñ…Ğ°Ğ± - Ñ„Ñ–Ğ»ÑŒĞ¼Ğ¸ Ğ¾Ğ½Ğ»Ğ°Ğ¹Ğ½ ÑƒĞºÑ€Ğ°Ñ—Ğ½ÑÑŒĞºĞ¾Ñ Ğ¼Ğ¾Ğ²Ğ¾Ñ ğŸ‡ºğŸ‡¦,https://uk.tgstat.com/channel/@kinohubua,https://t.me/kinohubua
kin0views,https://uk.tgstat.com/channel/@kin0views,https://t.me/kin0views
Amanogawa â€” ĞĞ½Ñ–Ğ¼Ğµ ÑƒĞºÑ€Ğ°Ñ—Ğ½ÑÑŒĞºĞ¾Ñ,https://uk.tgstat.com/channel/@amanogawa_ua,https://t.me/amanogawa_ua
KinoPlay,https://uk.tgstat.com/channel/nrvAw09BCOw3NjEy,https://t.me/joinchat/nrvAw09BCOw3NjEy
RANDOMFILM â€“ Ñ„Ñ–Ğ»ÑŒĞ¼Ğ¸ Ñ‚Ğ° ÑĞµÑ€Ñ–Ğ°Ğ»Ğ¸,https://uk.tgstat.com/channel/@Random_Film,https://t.me/Random_Film
ĞšĞ»ÑƒĞ± Ğ»ÑĞ±Ğ¸Ñ‚ĞµĞ»Ñ–Ğ² ĞºÑ–Ğ½Ğ¾,https://uk.tgstat.com/channel/@clubuakino,https://t.me/clubuakino
ĞœĞ°Ğ¼Ğ° Ğ²Ğ´Ğ¾Ğ¼Ğ° ğŸ‡ºğŸ‡¦,https://uk.tgstat.com/channel/@MultKinderUA,https://t.me/MultKinderUA
Ğ¤Ñ–Ğ»ÑŒĞ¼Ğ¸ ÑƒĞºÑ€Ğ°Ñ—Ğ½ÑÑŒĞºĞ¾Ñ ğŸ‡ºğŸ‡¦,https://uk.tgstat.com/channel/@films_ukr_new,https://t.me/films_ukr_new
ĞÑ– Ğ´Ğ½Ñ Ğ±ĞµĞ· ĞºÑ–Ğ½Ğ¾,https://uk.tgstat.com/channel/@nidnyabezkino,https://t.me/nidnyabezkino
CINEMA - Ñ„Ñ–Ğ»ÑŒĞ¼Ğ¸ Ñ‚Ğ° ÑĞµÑ€Ñ–Ğ°Ğ»Ğ¸,https://uk.tgstat.com/channel/@cinema_room,https://t.me/cinema_room
"ĞŸĞ¾Ğ¿ĞºĞ¾Ñ€Ğ½ | Ñ„Ñ–Ğ»ÑŒĞ¼Ğ¸, ÑĞµÑ€Ñ–Ğ°Ğ»Ğ¸, Ğ¼ÑƒĞ»ÑŒÑ‚Ñ„Ñ–Ğ»ÑŒĞ¼Ğ¸,",https://uk.tgstat.com/channel/@popcornukraine,https://t.me/popcornukraine
ĞšĞ¾Ğ¼Ğ½Ğ°Ñ‚Ğ° Marin - ĞĞ½Ğ¸Ğ¼Ğµ Ğ½Ğ¾Ğ²Ğ¾ÑÑ‚Ğ¸ ğŸ‡¯ğŸ‡µ,https://uk.tgstat.com/channel/@roommarin,https://t.me/roommarin
Ğ¤Ğ¸Ğ»ÑŒĞ¼Ñ‹ | ĞĞ¾Ğ²Ğ¸Ğ½ĞºĞ¸ 2023 Ğ² Ñ‚ĞµĞ»ĞµĞ³Ñ€Ğ°Ğ¼,https://uk.tgstat.com/channel/@Film_HD_TV1,https://t.me/Film_HD_TV1
Ğ©Ğ¾ Ğ¿Ğ¾Ğ´Ğ¸Ğ²Ğ¸Ñ‚Ğ¸ÑÑŒ?,https://uk.tgstat.com/channel/IZuddznxhnw1OWYy,https://t.me/joinchat/IZuddznxhnw1OWYy
Ğ—Ğ°Ğ³Ñ–Ğ½ ĞšÑ–Ğ½Ğ¾Ğ¼Ğ°Ğ½Ñ–Ğ²,https://uk.tgstat.com/channel/@zagin_kinomaniv,https://t.me/zagin_kinomaniv
ĞšÑ–Ğ½Ğ¾Ğ·Ğ°Ğ»ĞµĞ¶Ğ½Ñ– ğŸ¬ Ğ¤Ñ–Ğ»ÑŒĞ¼Ğ¸ | Ğ¡ĞµÑ€Ñ–Ğ°Ğ»Ğ¸ | ĞœÑƒĞ»ÑŒÑ‚Ñ„Ñ–Ğ»ÑŒĞ¼Ğ¸,https://uk.tgstat.com/channel/@kinozalezhni,https://t.me/kinozalezhni
Geek Journal,https://uk.tgstat.com/channel/@geekjournalua,https://t.me/geekjournalua
Amanogawa â€” Ğ ĞµĞ»Ñ–Ğ·Ğ¸,https://uk.tgstat.com/channel/@amanogawa_release,https://t.me/amanogawa_release
Casting Director (ĞšĞ°ÑÑ‚Ğ¸Ğ½Ğ³Ğ¸),https://uk.tgstat.com/channel/@castingdirector,https://t.me/castingdirector
NunaNews [Ğ°Ğ½Ñ–Ğ¼Ğµ Ğ½Ğ¾Ğ²Ğ¸Ğ½Ğ¸ â€¢ Ğ¼Ğ°Ğ½Ò‘Ğ° â€¢ Ñ–Ğ³Ñ€Ğ¸],https://uk.tgstat.com/channel/@nunaNews,https://t.me/nunaNews
ĞšÑ–Ğ½Ğ¾ Ğ£ĞºÑ€Ğ°Ñ—Ğ½ÑÑŒĞºĞ¾Ñ ğŸ‡ºğŸ‡¦ğŸ‘ŠğŸ’ª,https://uk.tgstat.com/channel/3ybf6dYwXXxlZWUy,https://t.me/joinchat/3ybf6dYwXXxlZWUy
Ğ¤Ñ–Ğ»ÑŒĞ¼Ğ¸ ÑƒĞºÑ€Ğ°Ñ—Ğ½ÑÑŒĞºĞ¾Ñ (Ğ°Ñ€Ñ…Ñ–Ğ²),https://uk.tgstat.com/channel/@films_ukr_baza,https://t.me/films_ukr_baza
Silero TTS,https://uk.tgstat.com/channel/@silerotts,https://t.me/silerotts
ğŸ‡ºğŸ‡¦ ĞĞ½Ğ»Ğ°Ğ¹Ğ½ ĞšÑ–Ğ½Ğ¾Ñ‚ĞµĞ°Ñ‚Ñ€ â€¢ Ğ¤Ñ–Ğ»ÑŒĞ¼Ğ¸ â€¢ ĞšÑ–Ğ½Ğ¾ â€¢ Ğ¡ĞµÑ€Ñ–Ğ°Ğ»Ğ¸,https://uk.tgstat.com/channel/@online_kino_ua,https://t.me/online_kino_ua
FanVoxUA - ÑĞµÑ€Ñ–Ñ— Ğ² Ñ‚ĞµĞ»ĞµĞ³Ñ€Ğ°Ğ¼Ñ–,https://uk.tgstat.com/channel/@fanvoxua_video,https://t.me/fanvoxua_video
Ğ¦Ñ–ĞºĞ°Ğ²Ğ° Ğ†Ğ´ĞµÑ,https://uk.tgstat.com/channel/@cikavaideya,https://t.me/cikavaideya
ĞšÑ–Ğ½Ğ¾ĞºÑ€Ğ°Ñ—Ğ½Ğ° News â€” Ğ¿Ñ€Ğ¾ ĞºÑ–Ğ½Ğ¾ ÑƒĞºÑ€Ğ°Ñ—Ğ½ÑÑŒĞºĞ¾Ñ,https://uk.tgstat.com/channel/@kinokraina_news,https://t.me/kinokraina_news
Ğ¢Ğ’ĞĞ¯ Ğ”ĞĞ ĞĞœĞ ğŸ‡ºğŸ‡¦ Ğ£Ñ‡Ğ¸Ñ‚ĞµĞ»ÑŒ ĞšĞ¸Ğ¼ Ğ´Ğ¾ĞºÑ‚Ğ¾Ñ€ Ñ€Ğ¾Ğ¼Ğ°Ğ½Ñ‚Ğ¸Ğº 3 ÑĞµĞ·Ğ¾Ğ½ / Ğ›ĞµĞ³ĞµĞ½Ğ´Ğ° Ğ¾ ĞšÑƒĞ¼Ğ¸Ñ…Ğ¾ 2 ÑĞµĞ·Ğ¾Ğ½,https://uk.tgstat.com/channel/@tvoya_dorama,https://t.me/tvoya_dorama
Gwean & Maslinka âœ™ Ğ°Ğ½Ñ–Ğ¼Ğµ ÑƒĞºÑ€Ğ°Ñ—Ğ½ÑÑŒĞºĞ¾Ñ,https://uk.tgstat.com/channel/@gwean_maslinka,https://t.me/gwean_maslinka
KINOBOSS OFFICIAL,https://uk.tgstat.com/channel/@KINOBOSS_OFFICIAL,https://t.me/KINOBOSS_OFFICIAL
"Hack Slovak | Ğ¤Ñ–Ğ»ÑŒĞ¼Ğ¸, ĞºĞ½Ğ¸Ğ³Ğ¸, Ğ¼ÑƒĞ·Ğ¸ĞºĞ° Ñ– Ñ‚.Ğ´. ÑĞ»Ğ¾Ğ²Ğ°Ñ†ÑŒĞºĞ¾Ñ",https://uk.tgstat.com/channel/@hackslovak,https://t.me/hackslovak
ĞĞ° ĞŸĞ»Ğ°Ğ½ĞµÑ‚Ñ– ĞšÑ–Ğ½Ğ¾,https://uk.tgstat.com/channel/@naplanetikino,https://t.me/naplanetikino
ĞšÑƒÑ‚Ğ¾Ñ‡Ğ¾Ğº Ñ„Ñ–Ğ»ÑŒĞ¼Ñ–Ğ² ğŸ’™ğŸ’›,https://uk.tgstat.com/channel/@kutochok_filmiv,https://t.me/kutochok_filmiv
ĞĞ½Ñ–Ğ¼Ğµ ÑƒĞºÑ€Ğ°Ñ—Ğ½ÑÑŒĞºĞ¾Ñ Ğ¼Ğ¾Ğ²Ğ¾Ñ | Anime4UA,https://uk.tgstat.com/channel/@Anime4Ua,https://t.me/Anime4Ua
Ğ ĞµÑ†ĞµĞ½Ğ·Ğ¸Ğ¸ Ğ¾Ñ‚ Ğ¨Ñ€Ğ°Ğ¹ĞºĞ°,https://uk.tgstat.com/channel/@ShrikeReview,https://t.me/ShrikeReview
Project U&A Lines - Ğ´Ğ¾Ñ€Ğ°Ğ¼Ğ¸ ÑƒĞºÑ€Ğ°Ñ—Ğ½ÑÑŒĞºĞ¾Ñ,https://uk.tgstat.com/channel/@ualines,https://t.me/ualines
Luzannnn,https://uk.tgstat.com/channel/@luzannn_a,https://t.me/luzannn_a
Ğ©Ğ¾ Ñ‚Ğ°Ğ¼ YouTube?,https://uk.tgstat.com/channel/@ProYoutube22,https://t.me/ProYoutube22
Ğ”Ğ¾Ğ¼Ğ°ÑˆĞ½Ñ–Ğ¹ ĞšÑ–Ğ½Ğ¾Ñ‚ĞµĞ°Ñ‚Ñ€ | Ğ¤Ñ–Ğ»ÑŒĞ¼Ğ¸ | Ğ¡ĞµÑ€Ñ–Ğ°Ğ»Ğ¸ | ĞœÑƒĞ»ÑŒÑ‚Ñ„Ñ–Ğ»ÑŒĞ¼Ğ¸ | ĞœÑƒĞ»ÑŒÑ‚ÑĞµÑ€Ñ–Ğ°Ğ»Ğ¸ | ĞĞ½Ñ–Ğ¼Ğµ,https://uk.tgstat.com/channel/@fscukraine,https://t.me/fscukraine
ĞšÑ–Ğ½Ğ¾Ğ£ĞºÑ€,https://uk.tgstat.com/channel/@kinoukrr,https://t.me/kinoukrr
Ğ¤Ğ¸Ğ»ÑŒĞ¼Ñ‹,https://uk.tgstat.com/channel/2F5zG9dciMZiZDgy,https://t.me/joinchat/2F5zG9dciMZiZDgy
Ğ³Ğ°Ğ¼Ğ°Ğ½ĞµÑ†ÑŒ,https://uk.tgstat.com/channel/@ya_kopiyka,https://t.me/ya_kopiyka
FilmCover,https://uk.tgstat.com/channel/@film_cover,https://t.me/film_cover
Kinokozak / ĞšÑ–Ğ½Ğ¾ĞºĞ¾Ğ·Ğ°Ğº ğŸ‡ºğŸ‡¦,https://uk.tgstat.com/channel/@kinokozaktg,https://t.me/kinokozaktg
Ğ¤Ñ–Ğ»ÑŒĞ¼Ğ¾Ğ²Ğ¸Ğ¹ Ğ Ğ°Ğ´Ğ½Ğ¸Ğº,https://uk.tgstat.com/channel/@films_radnik,https://t.me/films_radnik
ĞšÑ–Ğ½Ğ¾Ğ²ÑĞµÑĞ²Ñ–Ñ‚,https://uk.tgstat.com/channel/@kinovsesvitua,https://t.me/kinovsesvitua
filmas_ua,https://uk.tgstat.com/channel/owMh1PTRXm43NGRi,https://t.me/joinchat/owMh1PTRXm43NGRi
HIMA,https://uk.tgstat.com/channel/@himatotsu,https://t.me/himatotsu
Ğ¡ÑƒĞ¿ĞµÑ€ÑĞ¸Ñ€Ğ½Ğ¸Ğ¹ Ğ¿Ğ¾Ğ¿ĞºĞ¾Ñ€Ğ½,https://uk.tgstat.com/channel/@super_cheese,https://t.me/super_cheese
Ğ¤Ñ–Ğ»ÑŒĞ¼Ğ¸ UA,https://uk.tgstat.com/channel/jXC0-rwrYQBhMDJk,https://t.me/joinchat/jXC0-rwrYQBhMDJk
Netflix UA,https://uk.tgstat.com/channel/X6mY7BFbbCYzOTky,https://t.me/joinchat/X6mY7BFbbCYzOTky
Ğ¢ĞµĞ»ĞµĞºĞ°Ğ½Ğ°Ğ» Ğ¡Ğ¢Ğ‘. Ğ“Ğ¾Ğ»Ğ¾ÑÑƒĞ²Ğ°Ğ½Ğ½Ñ,https://uk.tgstat.com/channel/@channelSTBgolosuvannya,https://t.me/channelSTBgolosuvannya
Ukrainian aile production ğŸ¥ğŸ‡ºğŸ‡¦ â€¢ Ğ¢ÑƒÑ€ĞµÑ†ÑŒĞºÑ– ÑĞµÑ€Ñ–Ğ°Ğ»Ğ¸,https://uk.tgstat.com/channel/@ukrainianaileproduction,https://t.me/ukrainianaileproduction
ĞŸĞµÑ€ĞµÑ…Ğ¾Ğ´Ğ½Ğ¸Ğº,https://uk.tgstat.com/channel/@filmvlas,https://t.me/filmvlas
Ğ¡ĞµÑ€Ñ–Ğ°Ğ»Ğ¸ ğŸ“½ Ñ„Ñ–Ğ»ÑŒĞ¼Ğ¸,https://uk.tgstat.com/channel/@film_goy,https://t.me/film_goy
TOGARASHIğŸŒ¸,https://uk.tgstat.com/channel/@Togarashidub,https://t.me/Togarashidub
"ĞŸÑ€Ğ¸Ñ‚ÑƒĞ»Ğ¾Ğº - ""ĞĞĞ¨ Ğ”Ğ†Ğœ"" vs DOG HELP UKRAIN",https://uk.tgstat.com/channel/@DOGHELPUKRAIN2023,https://t.me/DOGHELPUKRAIN2023
Ğ¡Ğ£ĞŸĞ•Ğ  Ğ¢ĞĞŸ ĞœĞĞ”Ğ•Ğ›Ğ¬ ĞŸĞ Ğ£ĞšĞ ĞĞ˜ĞĞ¡ĞšĞ˜,https://uk.tgstat.com/channel/@stmpu20,https://t.me/stmpu20
ĞšÑ–Ğ½Ğ¾ Ğ‘Ğ°Ğ·Ğ°,https://uk.tgstat.com/channel/@kinobazza,https://t.me/kinobazza
Ğ¡Ğ†ĞœĞŸĞ¡ĞĞĞ˜ UA,https://uk.tgstat.com/channel/@simpsonsua,https://t.me/simpsonsua
Thatâ€™s Fucked Up,https://uk.tgstat.com/channel/@anmeewwa,https://t.me/anmeewwa
Unimay Media,https://uk.tgstat.com/channel/@unimay,https://t.me/unimay
PROĞœĞĞ’Ğ,https://uk.tgstat.com/channel/@projektmova,https://t.me/projektmova
Ğ‘Ğ°Ğ·Ğ° ĞšÑ–Ğ½Ğ¾Ğ·Ğ°Ğ»ĞµĞ¶Ğ½Ğ¸Ñ…,https://uk.tgstat.com/channel/@kinozalezhni_ua,https://t.me/kinozalezhni_ua
AdrianZP â€” ĞÑ„Ñ–Ñ†Ñ–Ğ¹Ğ½Ğ¸Ğ¹ Ñ‚ĞµĞ»ĞµĞ³Ñ€Ğ°Ğ¼ ĞºĞ°Ğ½Ğ°Ğ»,https://uk.tgstat.com/channel/@AdrianZP_Dub,https://t.me/AdrianZP_Dub
ĞŸĞ Ğ˜ĞšĞ’Ğ•Ğ›,https://uk.tgstat.com/channel/tmfkKMsPanpiZmJi,https://t.me/joinchat/tmfkKMsPanpiZmJi
ĞĞ¾Ğ²Ñ– Ñ€Ğ¾Ğ·Ğ´Ñ–Ğ»Ğ¸ Ğ‘Ğ¡Ğ” ÑƒĞºÑ€Ğ°Ñ—Ğ½ÑÑŒĞºĞ¾Ñ,https://uk.tgstat.com/channel/@BungoustraydogsUkrainian,https://t.me/BungoustraydogsUkrainian
ĞœÑƒĞ»ÑŒÑ‚Ñ„Ñ–Ğ»ÑŒĞ¼Ğ¸ Ğ£ĞºÑ€Ğ°Ñ—Ğ½ÑÑŒĞºĞ¾Ñ ğŸ‘ŒğŸ˜,https://uk.tgstat.com/channel/@mylituk,https://t.me/mylituk
Netflix UkraineğŸ‰,https://uk.tgstat.com/channel/@netflix_ua_news,https://t.me/netflix_ua_news
ĞĞ•Ğ¢Ğ¤Ğ›Ğ†ĞšĞ¡ Ğ“ĞĞ›ĞĞ’ĞĞĞ“Ğ ĞœĞĞ—ĞšĞ£ ğŸ‰,https://uk.tgstat.com/channel/@kinofrik,https://t.me/kinofrik
1%,https://uk.tgstat.com/channel/tLRHH3Hqq602YTNi,https://t.me/joinchat/tLRHH3Hqq602YTNi
ĞÑ€Ñ…Ñ–Ğ² Ñ„Ñ–Ğ»ÑŒĞ¼Ñ–Ğ² - ĞºÑ–Ğ½Ğ¾Ñ…Ğ°Ğ±,https://uk.tgstat.com/channel/@arhivkinohubua,https://t.me/arhivkinohubua
Ğ§Ñ‚Ğ¾ Ğ¿Ğ¾ÑĞ¼Ğ¾Ñ‚Ñ€ĞµÑ‚ÑŒ?,https://uk.tgstat.com/channel/@wtwkino,https://t.me/wtwkino
ĞšÑ–Ğ½Ğ¾Ñ‚ĞµĞºĞ°ğŸ‡ºğŸ‡¦,https://uk.tgstat.com/channel/APMBP4-i3EhiMTk6,https://t.me/joinchat/APMBP4-i3EhiMTk6
Ğ¡Ñ‚ÑƒĞ´Ñ–Ñ ĞšĞ°Ñ‡ÑƒÑ€,https://uk.tgstat.com/channel/@Studio_Kachur,https://t.me/Studio_Kachur
Ğ¤Ñ–Ğ»ÑŒĞ¼Ğ¸ Ğ£ĞºÑ€Ğ°Ñ—Ğ½ÑÑŒĞºĞ¾ÑğŸ‡ºğŸ‡¦,https://uk.tgstat.com/channel/@plivkaua,https://t.me/plivkaua
Ğ¤Ğ˜Ğ›Ğ¬ĞœĞĞ•Ğ” ğŸ“º|Ğ¤Ğ¸Ğ»ÑŒĞ¼Ñ‹|Ğ¡ĞµÑ€Ğ¸Ğ°Ğ»Ñ‹|ĞšĞ¸Ğ½Ğ¾ |ĞšÑ€Ğ¸Ğ¿Ñ‚Ğ°,https://uk.tgstat.com/channel/@filmoed,https://t.me/filmoed
Ğ¤ĞµĞ¼ĞºÑ–Ğ½Ğ¾,https://uk.tgstat.com/channel/@femkino,https://t.me/femkino
Ğ§Ñ‚Ğ¾ Ğ¿Ğ¾ÑĞ¼Ğ¾Ñ‚Ñ€ĞµÑ‚ÑŒ?,https://uk.tgstat.com/channel/@cto_smotret,https://t.me/cto_smotret
Moviesaddicted,https://uk.tgstat.com/channel/@moviesaddicted,https://t.me/moviesaddicted
Maklay's âœ™Ukrainiansâœ™ and Albanians,https://uk.tgstat.com/channel/@postmodernical_maniac,https://t.me/postmodernical_maniac
Ğ¡Ñ‚ÑƒĞ´Ñ–Ñ Ğ´ÑƒĞ±Ğ»ÑĞ¶Ñƒ Lifecycle,https://uk.tgstat.com/channel/@lifecycledub,https://t.me/lifecycledub
#ĞºĞ²Ğ¸Ğ½ÑƒĞ¸Ğ´Ğ¾Ğ¼Ğ¸Ğ½Ñƒ,https://uk.tgstat.com/channel/@kvinyidominy,https://t.me/kvinyidominy
HATOSHI,https://uk.tgstat.com/channel/@hatoshi_ua,https://t.me/hatoshi_ua
QTV,https://uk.tgstat.com/channel/@qtvgame,https://t.me/qtvgame
ĞšĞ°Ğ½Ğ°Ğ» 1+1 ğŸ“º ĞÑ„Ñ–Ñ†Ñ–Ğ¸Ì†Ğ½Ğ° ÑÑ‚Ğ¾Ñ€Ñ–Ğ½ĞºĞ°,https://uk.tgstat.com/channel/@OnePlusOneChannel,https://t.me/OnePlusOneChannel
Kharkiv Cinema Club,https://uk.tgstat.com/channel/@kharkivcinemaclub,https://t.me/kharkivcinemaclub
Kitsune,https://uk.tgstat.com/channel/@Kitsunestudio1,https://t.me/Kitsunestudio1
ĞšÑ–Ğ½Ğ¾Ğ¼Ğ°Ğ½,https://uk.tgstat.com/channel/@K_inoman,https://t.me/K_inoman
Ğ”Ğ˜Ğ’Ğ˜ĞœĞĞ¡Ğ¬ Ğ ĞĞ—ĞĞœ | Ñ„Ñ–Ğ»ÑŒĞ¼Ğ¸ ĞºÑ–Ğ½Ğ¾ ÑĞµÑ€Ñ–Ğ°Ğ»Ğ¸,https://uk.tgstat.com/channel/@letswatchtogetherUA,https://t.me/letswatchtogetherUA
Top Anime,https://uk.tgstat.com/channel/dRHR8Olvdw1jZWNi,https://t.me/joinchat/dRHR8Olvdw1jZWNi
Huthofer,https://uk.tgstat.com/channel/@Huthoferr,https://t.me/Huthoferr
Kioto anime,https://uk.tgstat.com/channel/@pan_kioto,https://t.me/pan_kioto
Ğ¡ĞµÑ€Ñ–Ğ°Ğ»Ğ¸ ÑƒĞºÑ€Ğ°Ñ—Ğ½ÑÑŒĞºĞ¾Ñ - Ğ‘Ğ°Ğ·Ğ°,https://uk.tgstat.com/channel/bJKtTDDw3h0zNjQ6,https://t.me/joinchat/bJKtTDDw3h0zNjQ6
UkrSubProject,https://uk.tgstat.com/channel/@ukrsubproject,https://t.me/ukrsubproject
Ğ¤Ñ–Ğ»ÑŒĞ¼ĞµĞ½ĞºĞ¾,https://uk.tgstat.com/channel/@filmchanskii,https://t.me/filmchanskii
Ğ Ğ°Ñˆ Ğ¢ĞµĞ¹Ğ»Ğ· | Ğ£ĞºÑ€Ğ°Ñ—Ğ½ÑÑŒĞºĞ° Ğ³Ñ–Ğº-ÑĞ¿Ñ–Ğ»ÑŒĞ½Ğ¾Ñ‚Ğ°,https://uk.tgstat.com/channel/@rushtales,https://t.me/rushtales
ĞšĞ˜ĞĞĞ“Ğ˜Ğ” - Ğ¤Ğ¸Ğ»ÑŒĞ¼Ñ‹ Ğ±ĞµĞ· ĞºĞ¾Ğ´Ğ¾Ğ²,https://uk.tgstat.com/channel/P84whRoanmE5ZGEy,https://t.me/joinchat/P84whRoanmE5ZGEy
Ğ£ĞšĞ ĞšĞ†ĞĞ,https://uk.tgstat.com/channel/@ukrkin,https://t.me/ukrkin
ĞšÑ–Ğ½Ğ¾ÑÑ‚Ñ€Ñ–Ñ‡ĞºĞ°,https://uk.tgstat.com/channel/@filmsNewsUA,https://t.me/filmsNewsUA
Volya Core - Ğ¿ĞµÑ€ĞµĞºĞ»Ğ°Ğ´ Ğ´Ğ¾Ñ€Ğ°Ğ¼/Ğ»Ğ°ĞºĞ¾Ñ€Ğ½Ñ–Ğ² ÑƒĞºÑ€Ğ°Ñ—Ğ½ÑÑŒĞºĞ¾Ñ ğŸ’™ğŸ’›,https://uk.tgstat.com/channel/@volyacore,https://t.me/volyacore
ĞšĞ¸Ğ½Ğ¾_Ğ¥Ğ¸Ñ‚ğŸ¬,https://uk.tgstat.com/channel/@new_films_top1,https://t.me/new_films_top1
â˜€ï¸Ğ’ Ğ¾Ğ´Ğ½Ğµ Ñ€Ğ¸Ğ»Ğ¾â˜€ï¸,https://uk.tgstat.com/channel/@v_odne_rilo,https://t.me/v_odne_rilo
ITV media group | ĞĞ¾Ğ²Ğ¸Ğ½Ğ¸ Ğ Ñ–Ğ²Ğ½Ğ¾Ğ³Ğ¾,https://uk.tgstat.com/channel/@itv_mg,https://t.me/itv_mg
WoodMall CinemağŸ,https://uk.tgstat.com/channel/@woodmallcinema,https://t.me/woodmallcinema
Ğ°Ğ¹Ñ€Ğ° Ğ¿Ğ¸ÑˆĞµ | Ğ´Ğ¸Ğ²Ğ½Ñ– Ğ´Ğ¸Ğ²Ğ°,https://uk.tgstat.com/channel/@irawrite,https://t.me/irawrite
ĞĞ½Ğ¸Ğ¼Ğµ ĞœĞ°Ñ€Ğ°Ñ„Ğ¾Ğ½Ñ‹ Neko Darwin's,https://uk.tgstat.com/channel/RKzVNeGiZDKfMlQ7,https://t.me/joinchat/RKzVNeGiZDKfMlQ7
Ğ¡Ğ¾Ğ½ÑÑˆĞ½Ğ¸ĞºĞ¾Ğ²Ğ¸Ğ¹ Ğ¡ĞµĞºĞ°Ğ¹ğŸŒ»,https://uk.tgstat.com/channel/@sunflowersekai,https://t.me/sunflowersekai
KinoKrainka,https://uk.tgstat.com/channel/@KinoKrainka,https://t.me/KinoKrainka
ğŸƒ Dorama World ğŸƒ Ğ”Ğ¾Ñ€Ğ°Ğ¼Ñ‹ ğŸƒ Ğ›Ğ°ĞºĞ¾Ñ€Ğ½Ñ‹ ğŸƒ,https://uk.tgstat.com/channel/@dorama_w0rld,https://t.me/dorama_w0rld
ğ¬ğ¨ğ¥ğšğğğğ,https://uk.tgstat.com/channel/@soladeed,https://t.me/soladeed
ğŸ‘ŸSambirBoost ĞšÑ€Ğ¾ÑÑ–Ğ²ĞºĞ¸ ğŸ‡ºğŸ‡¦,https://uk.tgstat.com/channel/@sambirboost,https://t.me/sambirboost
Ğ¡Ğ¼Ğ¾Ñ‚Ñ€ĞµÑ‚ÑŒ Ñ„Ğ¸Ğ»ÑŒĞ¼Ñ‹ / ÑĞºĞ°Ñ‡Ğ°Ñ‚ÑŒ,https://uk.tgstat.com/channel/@filmy_luchshiye,https://t.me/filmy_luchshiye
Ğ¡Ğ¾Ğ²Ğ°,https://uk.tgstat.com/channel/@sova275,https://t.me/sova275
Kiinoman.ua ğŸ¿,https://uk.tgstat.com/channel/@kiinoman_ua,https://t.me/kiinoman_ua
Ğ²Ğ°Ğ¼Ğ¿Ñ–Ñ€ĞºĞ¸ Ğ½Ğµ Ğ³Ğ¾Ğ»ÑÑ‚ÑŒ Ğ²ÑƒĞ»ÑŒĞ²Ğ¸,https://uk.tgstat.com/channel/@dracula_sucks,https://t.me/dracula_sucks
Silencio,https://uk.tgstat.com/channel/@evropacinema,https://t.me/evropacinema
Ğ“Ñ€Ğ°Ğ½Ğ´ĞšÑ–Ğ½Ğ¾,https://uk.tgstat.com/channel/@grandkino2021,https://t.me/grandkino2021
Dzuski2,https://uk.tgstat.com/channel/@Dzuski_com,https://t.me/Dzuski_com
Cinematography,https://uk.tgstat.com/channel/@ChannelCinematography,https://t.me/ChannelCinematography
Onination Squad,https://uk.tgstat.com/channel/@onination_squad,https://t.me/onination_squad
ğŸ¬ Ğ©Ğ¾ Ğ¿Ğ¾Ğ´Ğ¸Ğ²Ğ¸Ñ‚Ğ¸ÑÑ | SWEET.TV,https://uk.tgstat.com/channel/@wtwsweet_tv,https://t.me/wtwsweet_tv
Ğ¡ÑŠĞµĞ¼ĞºĞ¸ ĞšĞ¸ĞµĞ².ua,https://uk.tgstat.com/channel/@masovkakiev,https://t.me/masovkakiev
ğŸ‡ºğŸ‡¦ ğœğ¡ğšğ¬.ğ®ğš Ğ¿Ñ€Ğ¾Ñ”ĞºÑ‚Ğ¸,https://uk.tgstat.com/channel/@projectschasua,https://t.me/projectschasua
ĞœÑƒĞ»ÑŒÑ‚Ñ„Ñ–Ğ»ÑŒĞ¼Ğ¸ ğŸ‡ºğŸ‡¦ğŸ¿ğŸ¥,https://uk.tgstat.com/channel/@multUaa,https://t.me/multUaa
ğŸ‡ºğŸ‡¦ĞšĞ†ĞĞĞœĞĞĞ†Ğ¯ | Ğ¤Ñ–Ğ»ÑŒĞ¼Ğ¸ğŸ‡ºğŸ‡¦,https://uk.tgstat.com/channel/IAqPAGSSeGk3MGRi,https://t.me/joinchat/IAqPAGSSeGk3MGRi
Ğ¡Ğ°ÑˆĞºĞ¾Ğ²Ñ– Ğ¾Ğ·Ğ²ÑƒÑ‡ĞµĞ½Ğ½Ñ Ğ· Ğ»ÑĞ±Ğ¾Ğ²'Ñâ¤ï¸,https://uk.tgstat.com/channel/@sashk0dub,https://t.me/sashk0dub
Ğ”Ğ¯Ğ”Ğ•Ğ§ĞšĞ Ğ›Ğ•ĞĞ”-Ğ›Ğ†Ğ—,https://uk.tgstat.com/channel/@uncle_lend_lease,https://t.me/uncle_lend_lease
Ğ¤Ğ¸Ğ»ÑŒĞ¼Ñ‹ Ğ½Ğ° Ğ’ĞµÑ‡ĞµÑ€ ğŸ¿,https://uk.tgstat.com/channel/@top_filmmm,https://t.me/top_filmmm
Ğ¨Ğ¢Ğ£ĞšĞ,https://uk.tgstat.com/channel/@theshtuka,https://t.me/theshtuka
Â® Melvoice ğŸ‡ºğŸ‡¦ - Ğ°Ğ½Ñ–Ğ¼Ğµ ÑƒĞºÑ€Ğ°Ñ—Ğ½ÑÑŒĞºĞ¾Ñ,https://uk.tgstat.com/channel/@melvoice,https://t.me/melvoice
ğŸ–¤ Ğ”Ğ¾Ñ€Ğ°Ğ¼Ğ¸ ÑƒĞºÑ€Ğ°Ñ—Ğ½ÑÑŒĞºĞ¾Ñ ğŸ–¤ ÑĞ¾Ğ¹ ğŸ–¤Ğ»Ğ°ĞºĞ¾Ñ€Ğ½Ğ¸ ğŸ–¤ bl ğŸ–¤,https://uk.tgstat.com/channel/@dorama_u_a,https://t.me/dorama_u_a
ĞšÑ–Ğ½Ğ¾Ğ–ÑƒÑ€Ğ½Ğ°Ğ»,https://uk.tgstat.com/channel/@moviesjournal,https://t.me/moviesjournal
ĞšÑ–Ğ½Ğ¾Ğ‘Ğ°Ğ·Ğ°ğŸ¬,https://uk.tgstat.com/channel/@kinobazaaua,https://t.me/kinobazaaua
KinoCake,https://uk.tgstat.com/channel/@kinoino,https://t.me/kinoino
Geek.Informator,https://uk.tgstat.com/channel/@geekinformator,https://t.me/geekinformator
Moviegram,https://uk.tgstat.com/channel/@M_for_Moviegram,https://t.me/M_for_Moviegram
ĞºÑ–Ğ½Ğ¾ Ñ‚Ğ¾Ğ³Ğ¾ Ğ²Ğ°Ñ€Ñ‚Ğµ,https://uk.tgstat.com/channel/@kinovarte,https://t.me/kinovarte
ĞœĞ¸Ñ€ Ğ”Ğ¾Ñ€Ğ°Ğ¼Ñ‰Ğ¸ĞºĞ¾Ğ²,https://uk.tgstat.com/channel/@VDorame_Live,https://t.me/VDorame_Live
ĞĞ½Ğ¸Ğ¼Ğµ Ğ›ÑĞ±Ğ¸Ğ¼Ñ‹Ğ¹ Ğ²Ğ¾ Ğ¤Ñ€Ğ°Ğ½ĞºÑĞµ Â«ĞœĞ¸Ğ»Ñ‹Ğ¹ Ğ²Ğ¾ Ğ¤Ñ€Ğ°Ğ½ĞºÑĞµÂ»,https://uk.tgstat.com/channel/@FranksLove,https://t.me/FranksLove
MangArea,https://uk.tgstat.com/channel/@MangAreaUA,https://t.me/MangAreaUA
ĞŸÑƒÑÑ‚Ğ¾,https://uk.tgstat.com/channel/@pustoproject,https://t.me/pustoproject
ĞœÑƒĞ»ÑŒÑ‚Ñ„Ñ–Ğ»ÑŒĞ¼Ğ¸ğŸ¥,https://uk.tgstat.com/channel/@CartoonsUA,https://t.me/CartoonsUA
FILM.UA Group,https://uk.tgstat.com/channel/@filmuagroup,https://t.me/filmuagroup
Ğ§Ğ¾Ñ€Ğ½Ğ¸Ğ¹ Ğ²ĞµÑ€ĞµÑ,https://uk.tgstat.com/channel/@chornyyveres,https://t.me/chornyyveres
kinopodgon,https://uk.tgstat.com/channel/@kinopodgon1,https://t.me/kinopodgon1
UA ĞœÑƒĞ»ÑŒÑ‚Ğ¸ĞºĞ¸ğŸ¿,https://uk.tgstat.com/channel/@kinostrichkaa,https://t.me/kinostrichkaa
Ğ ÑƒĞ±Ñ€Ğ¸ĞºĞ° ĞšÑƒĞ±Ñ€Ğ¸ĞºĞ°,https://uk.tgstat.com/channel/@ZTMchik,https://t.me/ZTMchik
ğŸ™ˆ ĞšĞ†ĞĞĞ¨ĞšĞ - Ğ¤Ñ–Ğ»ÑŒĞ¼Ğ¸ | Ğ¡ĞµÑ€Ñ–Ğ°Ğ»Ğ¸ Ğ£ĞºÑ€Ğ°Ñ—Ğ½ÑÑŒĞºĞ¾Ñ ğŸ™‰,https://uk.tgstat.com/channel/@foreveryonetowatch,https://t.me/foreveryonetowatch
ĞĞºĞ°Ğ´ĞµĞ¼Ñ–Ñ Ğ¥Ñ–Ñ‡ĞºĞ¾ĞºĞ° ğŸ“½ï¸ ĞĞĞ’Ğ˜ĞĞšĞ˜ Ğ¢Ğ ĞĞĞ’Ğ˜ĞĞ˜ ĞšĞ†ĞĞ 2023 ğŸ”¥ğŸ”¥ğŸ”¥,https://uk.tgstat.com/channel/@hitchcock_academy,https://t.me/hitchcock_academy
Didko Studio,https://uk.tgstat.com/channel/@didko_studio,https://t.me/didko_studio
"Ğ’ÑĞµÑƒĞºÑ€Ğ°Ñ—Ğ½ÑÑŒĞºĞ¸Ğ¹ Ğ°Ğ½Ñ–Ğ¼Ğµ-ĞºĞ»ÑƒĞ± ""ĞœÑ–Ñ†ÑƒÑ€ÑƒĞºÑ–""",https://uk.tgstat.com/channel/@kyiv_anime,https://t.me/kyiv_anime
Vertigo,https://uk.tgstat.com/channel/@vertigoUA,https://t.me/vertigoUA
Cinema DK,https://uk.tgstat.com/channel/@cinemadksvk,https://t.me/cinemadksvk
ĞšÑ–Ğ½Ğ¾Ğ¼Ğ°Ğ½ğŸ¿,https://uk.tgstat.com/channel/_sdvZgZB8j4xYTUy,https://t.me/joinchat/_sdvZgZB8j4xYTUy
ĞšÑ–Ğ½Ğ¾ĞºÑ–Ñ‚Ğ¸Ğº ğŸ‡ºğŸ‡¦,https://uk.tgstat.com/channel/@kinokityk,https://t.me/kinokityk
Films&Books,https://uk.tgstat.com/channel/@filmsbooksrabbits,https://t.me/filmsbooksrabbits
One Piece (Jakob&akainu19),https://uk.tgstat.com/channel/@onepiecejakobakainu,https://t.me/onepiecejakobakainu
"Ğ¤Ğ¾Ñ‚Ğ¾, ĞºÑ–Ğ½Ğ¾ Ñ‚Ğ° Ğ¼Ğ¾Ğ´Ğ°",https://uk.tgstat.com/channel/@photoCinemaUA,https://t.me/photoCinemaUA
ĞšiĞ½Ğ¾Ñ€iÑƒĞ¼,https://uk.tgstat.com/channel/@kinoriumUA,https://t.me/kinoriumUA
Ğ”ÑƒĞ±Ğ»ĞµÑ€ Ñ€ĞµĞ¶Ğ¸ÑĞµÑ€Ğ°,https://uk.tgstat.com/channel/@dublerofdirector,https://t.me/dublerofdirector
AniUnion,https://uk.tgstat.com/channel/@AniUnion,https://t.me/AniUnion
ĞĞ¾Ğ²Ğ¸Ğ½Ğ¸ ÑƒĞºÑ€Ğ°Ñ—Ğ½ÑÑŒĞºĞ¾Ğ³Ğ¾ ĞºÑ–Ğ½Ğ¾ | Ğ£ĞºÑ€Ğ°Ñ—Ğ½ÑÑŒĞºĞ° ĞºÑ–Ğ½Ğ¾Ğ°ĞºĞ°Ğ´ĞµĞ¼Ñ–Ñ.,https://uk.tgstat.com/channel/@UAfilmacademydigest,https://t.me/UAfilmacademydigest
ĞšÑ–Ğ½Ğ¾Ğ¿Ğ¾Ñ€Ğ°Ğ´Ğ½Ğ¸Ğº,https://uk.tgstat.com/channel/@kinoporadnyk,https://t.me/kinoporadnyk
IPTV Ğ¢ĞµĞ»ĞµĞ²Ğ¸Ğ´ĞµĞ½Ğ¸Ğµ,https://uk.tgstat.com/channel/@iptvishka,https://t.me/iptvishka
"Ğ§Ğ°Ğ¹, Ğ¿ĞµÑ‡ĞµĞ²ĞºĞ¾ Ñ– Ğ¾Ğ·Ğ²ÑƒÑ‡ĞºĞ° Ğ°Ğ½Ñ–Ğ¼Ğµ (VRdub)",https://uk.tgstat.com/channel/@vrdub,https://t.me/vrdub
ğ‡ğ®ğ¤ğ¦ğğ¨ğ« ğ”ğ¬ğ¦ğ¨ğ§ /ğŒğğ§ğğ®ğ«ğ¦ğšğ§ ğ‰ğšğ¥ğ¨ğ¥ğ¢ğğğ¢ğ§ 2-ğŸğšğ¬ğ¥,https://uk.tgstat.com/channel/@Hukmdor_Usmon_Jaloliddin_serial,https://t.me/Hukmdor_Usmon_Jaloliddin_serial
UAverse | ĞĞ·Ğ²ÑƒÑ‡ĞºĞ°,https://uk.tgstat.com/channel/@uaverseozvuchka,https://t.me/uaverseozvuchka
OKKO Inform,https://uk.tgstat.com/channel/AAAAAFeeVXXmjaHOtKESxQ,https://t.me/joinchat/AAAAAFeeVXXmjaHOtKESxQ
Le ĞœĞ°Ñ€ÑˆÑ€ÑƒÑ‚ĞºĞ° | Ğ›Ñ Ğ¼Ğ°Ñ€ÑˆÑ€ÑƒÑ‚ĞºĞ° | 2022,https://uk.tgstat.com/channel/@le_marshrutka,https://t.me/le_marshrutka
ĞĞ½Ñ–Ğ¼Ğµ Ğ½Ğ¾Ğ²Ğ¸Ğ½Ğ¸ ÑƒĞºÑ€Ğ°Ñ—Ğ½ÑÑŒĞºĞ¾Ñ,https://uk.tgstat.com/channel/@anime_news_ukr,https://t.me/anime_news_ukr
Kanal Pro Kino,https://uk.tgstat.com/channel/@kanal_pro_kino,https://t.me/kanal_pro_kino
kinotron,https://uk.tgstat.com/channel/@kinotron_group,https://t.me/kinotron_group
ĞšÑ–Ğ½Ğ¾ Ğ¾Ğ½Ğ»Ğ°Ğ¹Ğ½ ğŸ‡ºğŸ‡¦,https://uk.tgstat.com/channel/@kinoukrain,https://t.me/kinoukrain
Xenia and Her Series,https://uk.tgstat.com/channel/@ksuserial,https://t.me/ksuserial
ĞĞ·Ğ²ÑƒÑ‡ĞºĞ° Bodya500icq,https://uk.tgstat.com/channel/@ozvu4kabodya500icq,https://t.me/ozvu4kabodya500icq
CineScope_UA Ğ¡ÑƒÑ‡Ğ°ÑĞ½Ñ– Ñ„Ñ–Ğ»ÑŒĞ¼Ğ¸ Ğ´Ğ»Ñ ÑĞ¿Ñ€Ğ°Ğ²Ğ¶Ğ½Ñ–Ñ… ĞºÑ–Ğ½Ğ¾Ğ¼Ğ°Ğ½Ñ–Ğ²,https://uk.tgstat.com/channel/gmhSYF2yPjI5ZjIy,https://t.me/joinchat/gmhSYF2yPjI5ZjIy
ĞĞ¾Ğ²Ğ¸Ğ½Ğ¸ ÑĞ²Ñ–Ñ‚Ñƒ Ğ‘Ğ› | UA BL | Ğ Ğ¾Ğ·Ğ¿Ğ¾Ğ´Ñ–Ğ»/Ğ¢Ñ€Ñ–Ğ°Ğ¶/Triage,https://uk.tgstat.com/channel/@ua_bl,https://t.me/ua_bl
Star Wars|Ğ—Ğ¾Ñ€ÑĞ½Ñ– Ğ²Ñ–Ğ¹Ğ½Ğ¸,https://uk.tgstat.com/channel/AAAAAE19WJ27O_D11KRmFg,https://t.me/joinchat/AAAAAE19WJ27O_D11KRmFg
Ğ¡ĞµÑ€Ğ¸Ğ°Ğ»Ñ‹ Ğ¸ Ğ½Ğµ Ñ‚Ğ¾Ğ»ÑŒĞºĞ¾,https://uk.tgstat.com/channel/@k_serial,https://t.me/k_serial
The VOP,https://uk.tgstat.com/channel/@prorokvoice,https://t.me/prorokvoice
ĞŸÑ€Ğ¾Ğ¨Ğ¾ĞšÑ–Ğ½Ğ¾,https://uk.tgstat.com/channel/@proshokino,https://t.me/proshokino
DanaOhana,https://uk.tgstat.com/channel/@Dana_Ohana,https://t.me/Dana_Ohana
Cartoons Times,https://uk.tgstat.com/channel/@cartoonstimes,https://t.me/cartoonstimes
Ğ©Ğ¾ Ğ¿Ğ¾Ğ´Ğ¸Ğ²Ğ¸Ñ‚Ğ¸ÑÑŒ? ĞšÑ–Ğ½Ğ¾ ÑƒĞºÑ€Ğ°Ñ—Ğ½ÑÑŒĞºĞ¾Ñ,https://uk.tgstat.com/channel/@chtobiposmotretkino,https://t.me/chtobiposmotretkino
ĞºĞ°Ñ„Ğµ deep throat Ğ½Ğ° 42Ñ–Ğ¹ Ğ²ÑƒĞ»Ğ¸Ñ†Ñ–,https://uk.tgstat.com/channel/@doomsday_pussy,https://t.me/doomsday_pussy
QTV ONLINE,https://uk.tgstat.com/channel/@qtvonline,https://t.me/qtvonline
ĞšÑ–Ğ½Ğ¾ | Ğ¤Ñ–Ğ»ÑŒĞ¼Ğ¸ | Ğ¡ĞµÑ€Ñ–Ğ°Ğ»Ğ¸,https://uk.tgstat.com/channel/@kinosvitu,https://t.me/kinosvitu
FreePlaylist,https://uk.tgstat.com/channel/@playlist_free,https://t.me/playlist_free
ĞĞ¾Ğ²Ğµ ÑƒĞºÑ€Ğ°Ñ—Ğ½ÑÑŒĞºĞµ ĞºÑ–Ğ½Ğ¾ ğŸ¬,https://uk.tgstat.com/channel/@cinemainua,https://t.me/cinemainua
ĞšÑ–Ğ½Ğ¾ ĞĞ°Ğ±Ğ»Ğ¸Ğ¶Ğ°Ñ”Ñ‚ÑŒÑÑ!,https://uk.tgstat.com/channel/@kinonablyzhaetsya,https://t.me/kinonablyzhaetsya
"Ğ¢Ğ¸Ğ¿Ğ¾Ğ²Ğ¸Ğ¹ Ğ¿ĞµÑ€ĞµĞºĞ»Ğ°Ğ´Ğ°Ñ‡ Ğ°Ğ½Ñ–Ğ¼Ğµ, Ğ¼Ğ°Ğ½Ò‘Ğ¸, Ğ´Ğ¾Ñ€Ğ°Ğ¼",https://uk.tgstat.com/channel/@amd_translator,https://t.me/amd_translator
Ğ”Ğ¼Ğ¸Ñ‚Ñ€Ğ¸Ğ¹ ĞšĞ¾Ğ¼Ğ°Ñ€Ğ¾Ğ². ĞœĞ¸Ñ€ Ğ½Ğ° Ğ¸Ğ·Ğ½Ğ°Ğ½ĞºÑƒ / Ğ”Ğ¼Ğ¸Ñ‚Ñ€Ğ¾ ĞšĞ¾Ğ¼Ğ°Ñ€Ğ¾Ğ² / Ğ¡Ğ²Ñ–Ñ‚ Ğ½Ğ°Ğ²Ğ¸Ğ²Ğ¾Ñ€Ñ–Ñ‚ / Ğ‘ÑƒÑ‡Ğ° Ğ˜Ñ€Ğ¿ĞµĞ½ÑŒ,https://uk.tgstat.com/channel/@dmkomarov1,https://t.me/dmkomarov1
Ä°ÅŸil production ğŸ‡¹ğŸ‡·ğŸ‡ºğŸ‡¦ğŸ™ï¸| Ğ¢ÑƒÑ€ĞµÑ†ÑŒĞºÑ– ÑĞµÑ€Ñ–Ğ°Ğ»Ğ¸,https://uk.tgstat.com/channel/@Ukrainiansoundsbetter,https://t.me/Ukrainiansoundsbetter
BLACKOUT TIME | The Last of Us | ĞÑÑ‚Ğ°Ğ½Ğ½Ñ– Ğ· ĞĞ°Ñ | Ğ¡ĞµÑ€Ñ–Ğ°Ğ»Ğ¸ Netflix| Ğ”Ğ¸Ğ²Ğ¸Ñ‚Ğ¸ÑÑŒ ĞĞµÑ‚Ñ„Ğ»Ñ–ĞºÑ ÑƒĞºÑ€Ğ°Ñ—Ğ½ÑÑŒĞºĞ¾Ñ,https://uk.tgstat.com/channel/@geekserialsua,https://t.me/geekserialsua
Ğ¤Ñ–Ğ»ÑŒĞ¼Ğ¸ Ğ´Ğ»Ñ Ğ²ÑÑ–Ñ…ğŸ’™ğŸ’›,https://uk.tgstat.com/channel/@myfilms00,https://t.me/myfilms00
ğ™ğ™ˆğ™„ğ™‡ğ™€.ğ™€ğ˜¿ğ™„ğ™,https://uk.tgstat.com/channel/@sm1leedit,https://t.me/sm1leedit
ĞšÑ–Ğ½Ğ¾ Ğ£ĞºÑ€Ğ°Ñ—Ğ½Ğ° ğŸ‡ºğŸ‡¦ Ğ¤Ñ–Ğ»ÑŒĞ¼Ğ¸ â€¢ Ğ¡ĞµÑ€Ñ–Ğ°Ğ»Ğ¸â€¢ ĞĞ²Ğ°Ñ‚Ğ°Ñ€ 2,https://uk.tgstat.com/channel/@Kino_Ukraina,https://t.me/Kino_Ukraina
Ğ”Ğ¾Ñ€Ğ°Ğ¼Ğ½Ğ° Ñ…Ğ¸Ğ¶ĞºĞ°,https://uk.tgstat.com/channel/@hyzhkadoramua,https://t.me/hyzhkadoramua
UkrGC | ĞĞ½Ñ–Ğ¼Ğµ,https://uk.tgstat.com/channel/@ukrgc_anime,https://t.me/ukrgc_anime
ğŸ¿Kino FullğŸ¬,https://uk.tgstat.com/channel/@Kino_FulI,https://t.me/Kino_FulI
Kinorupor,https://uk.tgstat.com/channel/@k1norupor,https://t.me/k1norupor
Ğ”Ñ€Ñ–Ğ¹ĞºĞ¾Ğ²Ñ– Ğ¿ĞµÑ€ĞµĞºĞ»Ğ°Ğ´Ğ¸,https://uk.tgstat.com/channel/@anisky_ua,https://t.me/anisky_ua
Eneyida.tv,https://uk.tgstat.com/channel/@tveneyidatv,https://t.me/tveneyidatv
Ğ˜Ñ€Ñ‹ÑÑ‚Ğ¾Ğ½Ñ‹ Ğ½Ñ‹Ğ² ğŸ¬ ĞÑĞµÑ‚Ğ¸Ğ½ÑĞºĞ¸Ğµ Ñ„Ğ¸Ğ»ÑŒĞ¼Ñ‹ ğŸ“º,https://uk.tgstat.com/channel/@osetiacinema,https://t.me/osetiacinema
SaloVpalo | Ğ¡Ğ°Ğ»Ğ¾Ğ’Ğ¿Ğ°Ğ»Ğ¾,https://uk.tgstat.com/channel/@salo_vpalo_dub,https://t.me/salo_vpalo_dub
á´á´Ê€Ò“Éª.á´Ò“Ò“Éªá´„Éªá´€ÊŸ,https://uk.tgstat.com/channel/@morfiofficiall,https://t.me/morfiofficiall
Flashforward Magazine,https://uk.tgstat.com/channel/@fforward_magazine,https://t.me/fforward_magazine
ĞšÑ–Ğ½Ğ¾ĞœĞ°Ğ½ğŸ“½ï¸ ĞĞ½Ğ»Ğ°Ğ¹Ğ½ ğŸ”´,https://uk.tgstat.com/channel/@kino_man_ua,https://t.me/kino_man_ua
Ğ¦Ğ¸Ñ„Ñ€Ğ¾Ğ²Ğµ Ñ‚ĞµĞ»ĞµĞ±Ğ°Ñ‡ĞµĞ½Ğ½Ñ Prosto.tv,https://uk.tgstat.com/channel/@prosto_tv_channel,https://t.me/prosto_tv_channel
Ğ¢Ñ€ĞµĞ¹Ğ»ĞµÑ€Ğ¸ ÑƒĞºÑ€Ğ°Ñ—Ğ½ÑÑŒĞºĞ¾ÑğŸ‡ºğŸ‡¦,https://uk.tgstat.com/channel/AAAAAFBOAz6Egk6AQWyaMA,https://t.me/joinchat/AAAAAFBOAz6Egk6AQWyaMA
ĞŸĞ°Ñ€Ğ° ĞºĞ°Ğ´Ñ€Ñ–Ğ²,https://uk.tgstat.com/channel/@paracadrov,https://t.me/paracadrov
KinoDragon | ĞĞ¾Ğ²Ğ¸Ğ½Ğ¸ Ñ„Ñ–Ğ»ÑŒĞ¼Ñ–Ğ² Ñ‚Ğ° ÑĞµÑ€Ñ–Ğ°Ğ»Ñ–Ğ²,https://uk.tgstat.com/channel/@geeknovyny,https://t.me/geeknovyny
Ğ¡Ğ°Ğ³Ğ° Ğ¿Ñ€Ğ¾ Ğ’Ñ–Ğ½Ğ»Ğ°Ğ½Ğ´ | Anime4UA,https://uk.tgstat.com/channel/@vinland_saga_ua,https://t.me/vinland_saga_ua
Anime.Sempai,https://uk.tgstat.com/channel/@ASempai,https://t.me/ASempai
Ğ¥Ğ¾Ñ‚ ĞŸĞµÑ€ĞµĞ²Ğ¾Ğ´,https://uk.tgstat.com/channel/AAAAAFItKwwhiBdD9mdBiQ,https://t.me/joinchat/AAAAAFItKwwhiBdD9mdBiQ
Ğ£ĞºÑ€Ğ°Ñ—Ğ½Ğ¾Ğ¼Ğ¾Ğ²Ğ½Ğ¸Ğ¹ Ğ¡ĞµĞ³Ğ¼ĞµĞ½Ñ‚,https://uk.tgstat.com/channel/@ukrsetub,https://t.me/ukrsetub
"ÑĞĞ²Ñ‚Ğ¾Ñ€ | author.org.ua - ĞºĞ¾Ğ¼Ğ°Ğ½Ğ´Ğ¸ Ğ¿ĞµÑ€ĞµĞºĞ»Ğ°Ğ´Ğ°Ñ‡Ñ–Ğ² ÑƒĞºÑ€Ğ°Ñ—Ğ½ÑÑŒĞºĞ¾Ñ, Ğ¿ĞµÑ€ĞµĞºĞ»Ğ°Ğ´ (Ğ°Ğ½Ñ–Ğ¼Ğµ, Ğ´Ğ¾Ñ€Ğ°Ğ¼Ğ¸, Ñ„Ğ°Ğ½Ñ„Ñ–ĞºĞ¸) Ğ²Ñ–Ğ´ ÑĞĞ²Ñ‚Ğ¾Ñ€",https://uk.tgstat.com/channel/@uaauthor,https://t.me/uaauthor
Netflix Ğ£ĞºÑ€Ğ°Ñ—Ğ½Ğ° ğŸ‡ºğŸ‡¦ | Ğ¦Ñ–ĞºĞ°Ğ²Ğµ Ğ¿Ñ€Ğ¾ ÑĞµÑ€Ñ–Ğ°Ğ»Ğ¸ Ñ‚Ğ° Ñ„Ñ–Ğ»ÑŒĞ¼Ğ¸,https://uk.tgstat.com/channel/@UkrNetflix,https://t.me/UkrNetflix
Ğ¤Ğ¸Ğ»ÑŒĞ¼ Ğ½Ğ° Ğ²ĞµÑ‡ĞµÑ€!,https://uk.tgstat.com/channel/@film_film_film11,https://t.me/film_film_film11
ĞĞ½Ñ–Ğ¼Ğµ Ğ°Ğ½Ğ¾Ğ½ÑĞ¸ Ğ²Ñ–Ğ´ Anime4UA,https://uk.tgstat.com/channel/@Anime_announcements_Anime4UA,https://t.me/Anime_announcements_Anime4UA
BULBUL MEDIA,https://uk.tgstat.com/channel/@bulbulozvuchka,https://t.me/bulbulozvuchka
Mexanik385 - ĞŸÑ€Ğ¾ Ğ†Ğ³Ñ€Ğ¸ Ñ‚Ğ° ĞšÑ–Ğ½Ğ¾,https://uk.tgstat.com/channel/@Mexanik385,https://t.me/Mexanik385
ĞœĞ°Ğ½Ñ–Ñ„ĞµÑÑ‚.Ğ’Ñ–Ğ´ĞµĞ¾,https://uk.tgstat.com/channel/@manitube,https://t.me/manitube
Pro Anime ğŸ‡ºğŸ‡¦ - Ğ°Ğ½Ñ–Ğ¼Ğµ Ğ¼ĞµĞ¼Ğ¸ Ğ°Ñ€Ñ‚Ğ¸ Ğ½Ğ¾Ğ²Ğ¸Ğ½Ğ¸,https://uk.tgstat.com/channel/@anime_pro,https://t.me/anime_pro
Ğ¤Ñ–Ğ»ÑŒĞ¼Ğ¸ Ğ½Ğ° Ğ²ĞµÑ‡Ñ–Ñ€ | ĞĞ¾Ğ²Ğ¾Ñ€Ñ–Ñ‡Ğ½Ñ– Ñ„Ñ–Ğ»ÑŒĞ¼Ğ¸| ĞšÑ–Ğ½Ğ¾ Recklessâ€™ films,https://uk.tgstat.com/channel/@fabulousgirlshub,https://t.me/fabulousgirlshub
Kinomania Film Distribution,https://uk.tgstat.com/channel/@kinomania_FD,https://t.me/kinomania_FD
ĞŸÑ€Ğ¾Ğ·Ğ° Ğ²Ğ°Ğ½Ğ´Ñ€Ğ¾ÑĞ½Ñ‹Ñ… ÑĞ°Ğ±Ğ°Ğº: Ğ¿ĞµÑ€Ğ°ĞºĞ»Ğ°Ğ´,https://uk.tgstat.com/channel/@bsdperaklad,https://t.me/bsdperaklad
ĞĞºĞ°Ğ´ĞµĞ¼Ñ–Ñ Ğ·Ğ´Ğ¾Ñ€Ğ¾Ğ²'Ñ,https://uk.tgstat.com/channel/ZiDeGlGmPgMwMTNi,https://t.me/joinchat/ZiDeGlGmPgMwMTNi
MonoNews | ĞĞĞ’ĞĞ¡Ğ¢Ğ˜ K-POP Ğ˜ Ğ”ĞĞ ĞĞœ,https://uk.tgstat.com/channel/@newskpopdoram,https://t.me/newskpopdoram
ĞšĞ¸Ğ½Ğ¾ Ğ ĞµĞº/Ğ¢Ğ¾Ğ¿ Ñ„Ğ¸Ğ»ÑŒĞ¼Ñ‹,https://uk.tgstat.com/channel/@kinorek_topfilm,https://t.me/kinorek_topfilm
Molodist KIFF,https://uk.tgstat.com/channel/@MolodistChannel,https://t.me/MolodistChannel
Blockster TV,https://uk.tgstat.com/channel/@Blockster_TV,https://t.me/Blockster_TV
BEST FILMS | Ğ›Ğ£Ğ§Ğ¨Ğ˜Ğ• Ğ¤Ğ˜Ğ›Ğ¬ĞœĞ«,https://uk.tgstat.com/channel/@bestfilms_white,https://t.me/bestfilms_white
spoiler runner,https://uk.tgstat.com/channel/@spoilerrunner,https://t.me/spoilerrunner
GOSSIPING,https://uk.tgstat.com/channel/@ggossiping,https://t.me/ggossiping
ğŸ¥ONLINE---CINEMA ğŸ¥,https://uk.tgstat.com/channel/@Online_Cinema_FHD,https://t.me/Online_Cinema_FHD
ĞšÑ–Ğ½Ğ¾ Ğ‘Ğ°Ñ…Ğ¼Ğ°Ñ‡,https://uk.tgstat.com/channel/@kino_bakhmach,https://t.me/kino_bakhmach
ĞšÑ–Ğ½Ğ¾ Ğ½Ğ¾Ğ²Ğ¸Ğ½ĞºĞ¸,https://uk.tgstat.com/channel/@KinoNovinkiUA,https://t.me/KinoNovinkiUA
Ğ—Ğ°Ñ”Ğ±Ñ–Ñ‰Ñ”,https://uk.tgstat.com/channel/@abominable_coziness,https://t.me/abominable_coziness
Ğ©Ğ¾ Ğ¿Ğ¾Ğ´Ğ¸Ğ²Ğ¸Ñ‚Ğ¸ÑÑŒ?,https://uk.tgstat.com/channel/@cinemaholic_ua,https://t.me/cinemaholic_ua
ĞšĞ†ĞĞĞ¡Ğ¤Ğ•Ğ Ğ | Ğ¤Ñ–Ğ»ÑŒĞ¼Ğ¸ Ğ½Ğ° Ğ²ĞµÑ‡Ñ–Ñ€ ğŸï¸ğŸ¿,https://uk.tgstat.com/channel/_mXNc5mCDGwxNGRi,https://t.me/joinchat/_mXNc5mCDGwxNGRi
KÑ–noĞ¤Ğ°Ğ¹Ğ»Ğ¸,https://uk.tgstat.com/channel/@kinofilestelegram,https://t.me/kinofilestelegram
Ğ¤Ñ–Ğ»ÑŒĞ¼Ğ¸/ÑĞµÑ€Ñ–Ğ°Ğ»Ğ¸ ğŸ‡ºğŸ‡¦,https://uk.tgstat.com/channel/@FilmSerialUA,https://t.me/FilmSerialUA
Ğ”Ğ¸Ğ²Ğ¾Ğ³Ğ»ÑĞ´,https://uk.tgstat.com/channel/@Dyvohliad,https://t.me/Dyvohliad
ĞšĞ°ÑÑ‚Ğ¸Ğ½Ğ³Ğ¸ Ğ½Ğ° Ñ€Ğ¾Ğ»Ñ– (Ğ´Ğ»Ñ Ğ¿Ñ€Ğ¾Ñ„Ğ°ĞºÑ‚Ğ¾Ñ€Ñ–Ğ² Ğ£ĞºÑ€Ğ°Ñ—Ğ½Ğ¸),https://uk.tgstat.com/channel/@ProfactorsUa,https://t.me/ProfactorsUa
CINEMA - Ñ„Ñ–Ğ»ÑŒĞ¼Ğ¸ Ñ‚Ğ° ÑĞµÑ€Ñ–Ğ°Ğ»Ğ¸,https://uk.tgstat.com/channel/@cinema_room_ua,https://t.me/cinema_room_ua
GeekDi,https://uk.tgstat.com/channel/@geekdi,https://t.me/geekdi
Ğ£ĞºÑ€Ğ°Ñ—Ğ½ÑÑŒĞºÑ– ÑĞµÑ€Ñ–Ğ°Ğ»Ğ¸ ğŸ«¶ğŸ»,https://uk.tgstat.com/channel/@ukraineserials,https://t.me/ukraineserials
UASpeedFilmsâœ™,https://uk.tgstat.com/channel/@uaspeedfilms,https://t.me/uaspeedfilms
ĞšÑ–Ğ½Ğ¾Ğ·Ğ°Ğ»ĞµĞ¶Ğ½Ğ° ğŸ¬,https://uk.tgstat.com/channel/@womanwatching,https://t.me/womanwatching
_ğ ğšğ«ğ²ğ®ğ¬ğ¡ğ¤ğ¢ğ§ğš_ : : ğŸª·,https://uk.tgstat.com/channel/@garyushkina,https://t.me/garyushkina
ĞœĞ¾Ğ¶Ñƒ Ğ² ĞºÑ€Ğ¸Ñ‚Ğ¸ĞºÑƒ ğŸ¬,https://uk.tgstat.com/channel/@m0vie_review,https://t.me/m0vie_review
ĞĞ»ĞµĞ³ ĞÑÑƒÑ…Ğ¾Ğ²ÑÑŒĞºĞ¸Ğ¹ ğŸ‡ºğŸ‡¦,https://uk.tgstat.com/channel/@osukhovskyyoleg,https://t.me/osukhovskyyoleg
ĞšÑ–Ğ½Ğ¾Ñ‚ĞµĞ°Ñ‚Ñ€ Â«Ğ’Ğ¾Ğ³Ğ½Ñ– Ğ¡Ğ²ÑÑ‚Ğ¾Ğ³Ğ¾ Ğ“â€™ÑĞ·Ğ°Â»,https://uk.tgstat.com/channel/@StHughesFire,https://t.me/StHughesFire
KinoĞ¼Ğ°Ğ½ÑŒÑĞº,https://uk.tgstat.com/channel/@KinoFilmVereskV,https://t.me/KinoFilmVereskV
Filmix ğŸï¸ğŸ¥,https://uk.tgstat.com/channel/@dreamfilmua,https://t.me/dreamfilmua
Ğ¡ĞµÑ€Ñ–Ğ°Ğ»ÑŒĞ½Ğ¸Ğ¹ ĞºĞ¾Ğ²ĞµĞ½,https://uk.tgstat.com/channel/@serialcoven,https://t.me/serialcoven
ĞšĞŸĞ†Ğ°Ğ½Ñ–Ğ¼Ğµ Ñ–Ğ¼ĞµĞ½Ñ– Ğ¡Ñ–ĞºĞ¾Ñ€ÑÑŒĞºĞ¾Ğ³Ğ¾,https://uk.tgstat.com/channel/@kpi_anime_chan,https://t.me/kpi_anime_chan
âš¡ï¸ğ„ğƒğ„ğ˜ğ™|ğğ„ğ–ğ’ğŸŒ²,https://uk.tgstat.com/channel/@edeyz_news,https://t.me/edeyz_news
ĞšÑ–Ğ½Ğ¾ Ğ¿Ğ¾-ÑƒĞºÑ€Ğ°Ñ—Ğ½ÑÑŒĞºĞ¸,https://uk.tgstat.com/channel/58iVZeM_cWk0ZGUy,https://t.me/joinchat/58iVZeM_cWk0ZGUy
ğ—¦ğ—¸ğ˜†ğ—»ğ—¹ğ—²ğ˜†|ğŸ‘¾,https://uk.tgstat.com/channel/@skynley,https://t.me/skynley
Ğ£ĞºÑ€Ğ°Ñ—Ğ½ÑÑŒĞºĞ¸Ğ¹ ĞºÑ–Ğ½Ğ¾Ñ–Ğ½ÑÑ‚Ğ¸Ñ‚ÑƒÑ‚ğŸ‡ºğŸ‡¦,https://uk.tgstat.com/channel/@kinoinstytut,https://t.me/kinoinstytut
Tarantinohead,https://uk.tgstat.com/channel/@tarantinohead,https://t.me/tarantinohead
Ğ¡ĞµÑ€Ğ¸Ğ°Ğ»Ñ‹ Ğ“Ğ°Ğ²Ğ½Ğ¾,https://uk.tgstat.com/channel/@serialGovno,https://t.me/serialGovno
ĞšĞ¸Ğ½Ğ¾Ğ‘Ñ€Ğ°Ñ‚ÑÑ‚Ğ²Ğ¾,https://uk.tgstat.com/channel/@Film_fraternity,https://t.me/Film_fraternity
FILM POUR ADULTES,https://uk.tgstat.com/channel/@filmpouradultes,https://t.me/filmpouradultes
Crypto Garden,https://uk.tgstat.com/channel/@kinogarden,https://t.me/kinogarden
ğŸ¬Ğ¤Ñ–Ğ»ÑŒĞ¼Ğ¸|Ğ¡ĞµÑ€Ñ–Ğ°Ğ»Ğ¸|FLIXV,https://uk.tgstat.com/channel/@flixv_cc,https://t.me/flixv_cc
Ğ¥Ğ¾Ñ‡Ñƒ Ğ±ÑƒÑ‚Ğ¸ ÑÑ†ĞµĞ½Ğ°Ñ€Ğ¸ÑÑ‚ĞºĞ¾Ñ,https://uk.tgstat.com/channel/@future_screenwriter,https://t.me/future_screenwriter
ğ‘·ğ’ğ’‚ğ’ğ’†ğ’•ğ’‚ ğ’‡ğ’‚ğ’ğ’…ğ’ğ’ğ’ğ’— ğŸŒ—,https://uk.tgstat.com/channel/@fivv_e,https://t.me/fivv_e
"Ğ, ĞšÑ–Ğ½Ğ¾ğŸ‡ºğŸ‡¦",https://uk.tgstat.com/channel/@okin0,https://t.me/okin0
ĞšÑ–Ğ½Ğ¾Ğ¿Ñ€ĞµĞ¼'Ñ”Ñ€Ğ° ğŸ¬ ğŸ¥,https://uk.tgstat.com/channel/@KinopremieraUA,https://t.me/KinopremieraUA
espreso.tv,https://uk.tgstat.com/channel/@espresotv,https://t.me/espresotv
ğ¬ğ©ğ¨ğ²ğ¥ğğ«.ğ­ğ®ğ«ğ¤ ğŸ¦»ğŸ¼ğŸ¤,https://uk.tgstat.com/channel/@spoylerturk,https://t.me/spoylerturk
ĞšĞ¾Ñ€ĞœĞµÑ‚,https://uk.tgstat.com/channel/@shortfilmsukr,https://t.me/shortfilmsukr
Ğ‘Ğ»Ğ¾Ğ³ĞµÑ€ Ğ¸Ğ· ĞœĞµĞ»Ğ¸Ñ‚Ğ¾Ğ¿Ğ¾Ğ»Ñ,https://uk.tgstat.com/channel/@pobedam,https://t.me/pobedam
ĞšĞ¸Ğ½Ğ¾ÑˆĞ½Ğ°Ñ ğŸ¬,https://uk.tgstat.com/channel/@KinoshnayaTg,https://t.me/KinoshnayaTg
Bindi.online - Ğ‘ĞµĞ·ĞºĞ¾ÑˆÑ‚Ğ¾Ğ²Ğ½Ñ– Ğ·Ğ½Ğ°Ğ¹Ğ¾Ğ¼ÑÑ‚Ğ²Ğ° Ğ² Ğ£ĞºÑ€Ğ°Ñ—Ğ½Ñ–,https://uk.tgstat.com/channel/@filmix_pp_ua,https://t.me/filmix_pp_ua
"Ğ¤Ğ¸Ğ»ÑŒĞ¼Ñ‹, ÑĞµÑ€Ğ¸Ğ°Ğ»Ñ‹, Ğ¼ÑƒĞ»ÑŒÑ‚Ğ¸ĞºĞ¸, Ğ¼ÑƒĞ»ÑŒÑ‚Ñ„Ğ¸Ğ»ÑŒĞ¼Ñ‹, ĞºÑƒÑ€ÑÑ‹, Ñ‚ĞµĞ»ĞµĞ¿ĞµÑ€ĞµĞ´Ğ°Ñ‡Ğ¸ Ğ¸ Ğ²Ğ¸Ğ´ĞµĞ¾ Ğ¾Ğ½Ğ»Ğ°Ğ¹Ğ½",https://uk.tgstat.com/channel/@Ser_Films,https://t.me/Ser_Films
Ukrainian Kids Film School,https://uk.tgstat.com/channel/@triumphfilmschool,https://t.me/triumphfilmschool
Ğ©Ğ¾Ğ´ĞµĞ½Ğ½Ğ¸Ğº,https://uk.tgstat.com/channel/@diaryvlog,https://t.me/diaryvlog
ĞšĞ†ĞĞ | UA,https://uk.tgstat.com/channel/@kin0_ua,https://t.me/kin0_ua
Ğ“Ñ–Ñ‡ĞºĞ¾Ğº Ğ±Ğ¸ Ğ¿Ğ¾ÑĞ¼Ñ–ÑĞ²ÑÑ,https://uk.tgstat.com/channel/@hitchcock_would_laugh,https://t.me/hitchcock_would_laugh
Decepticon_UA ğŸ‡ºğŸ‡¦,https://uk.tgstat.com/channel/@deceptukonua,https://t.me/deceptukonua
Ğ¢Ñ–Ñ‚ĞºĞ° ĞšĞµĞ¹Ñ‚,https://uk.tgstat.com/channel/@auntkate,https://t.me/auntkate
ğŸ’ĞĞ´ĞµĞ¶Ğ´Ğ° Ğ£ĞºÑ€Ğ°Ğ¸Ğ½Ğ°â‡ï¸ğŸ’šMixmiâœ¨,https://uk.tgstat.com/channel/@narutoandsasce_ua,https://t.me/narutoandsasce_ua
SAMP Ğ›ÑƒÑ‡ÑˆĞµĞµğŸ”¥,https://uk.tgstat.com/channel/@VSEuZNAI,https://t.me/VSEuZNAI
"Ğ¡Ñ‚ÑƒĞ´Ñ–Ñ Ğ°ĞºÑ‚Ğ¾Ñ€ÑÑŒĞºĞ¾Ñ— Ğ¼Ğ°Ğ¹ÑÑ‚ĞµÑ€Ğ½Ğ¾ÑÑ‚Ñ– ""ĞĞµÑ‚ĞµĞ°Ñ‚Ñ€ Ğ”Ğ²ĞµÑ€Ñ–"" (ĞšĞ¸Ñ—Ğ²)",https://uk.tgstat.com/channel/@neteatrdveri,https://t.me/neteatrdveri
Geek Party,https://uk.tgstat.com/channel/@geekpartylab,https://t.me/geekpartylab
JTA Media | Ğ’Ğ¸Ğ´ĞµĞ½Ğ¸Ñ â€¢ ĞŸÑ€Ğ¸ĞºĞ»ÑÑ‡ĞµĞ½Ğ¸Ñ ÑĞ½Ñ‹Ñ… Ğ´Ğ¶ĞµĞ´Ğ°ĞµĞ°Ğ²,https://uk.tgstat.com/channel/@jtamedia,https://t.me/jtamedia
Dellsy Films | Ğ¤Ğ˜Ğ›Ğ¬ĞœĞ« | ĞšĞ˜ĞĞ | ĞĞĞ’Ğ˜ĞĞšĞ˜ 2023,https://uk.tgstat.com/channel/@dellsylife,https://t.me/dellsylife
Ğ¢Ğ¾Ñ€Ñ„,https://uk.tgstat.com/channel/@torf_tv,https://t.me/torf_tv
#Ğ‘ÑƒÑ€ĞšÑ–Ğ½Ğ,https://uk.tgstat.com/channel/@bur_kin_o,https://t.me/bur_kin_o
ĞĞ½Ğ¸Ğ¼Ğµ Ñ ÑÑƒĞ±Ñ‚Ğ¸Ñ‚Ñ€Ğ°Ğ¼Ğ¸,https://uk.tgstat.com/channel/@animesubs,https://t.me/animesubs
â¤ï¸ğ“•ğ“²ğ“µğ“¶ğ“¼ ğ“£ğ“±ğ“® ğ“‘ğ“®ğ“¼ğ“½â¤ï¸| Ğ¤Ğ¸Ğ»ÑŒĞ¼Ñ‹ | Ğ£ÑĞ½ÑĞ´ÑĞ¹,https://uk.tgstat.com/channel/@IlovFilms,https://t.me/IlovFilms
One Piece Ğ²ÑĞµ ÑĞµÑ€Ğ¸Ğ¸,https://uk.tgstat.com/channel/@one_piece_allseries,https://t.me/one_piece_allseries
ĞšĞ»ÑƒĞ± ĞºÑ–Ğ½Ğ¾Ğ¼Ğ°Ğ½Ñ–Ğ²,https://uk.tgstat.com/channel/@club_kinomaniv,https://t.me/club_kinomaniv
ĞšiĞ½Ğ¾ IrKino,https://uk.tgstat.com/channel/@KinoIrKino,https://t.me/KinoIrKino
Ğ¢Ñ€ĞµĞ¹Ğ»ĞµÑ€Ğ¸ | Ğ©Ğ¾ Ğ¿Ğ¾Ğ´Ğ¸Ğ²Ğ¸Ñ‚Ğ¸ÑÑŒ?,https://uk.tgstat.com/channel/@kinofilmyua,https://t.me/kinofilmyua
Ğ¤Ñ–Ğ»ÑŒĞ¼Ğ¾Ğ¼Ğ°Ğ½Ñ–Ñ | Ğ¤Ñ–Ğ»ÑŒĞ¼Ğ¸| Ğ¡ĞµÑ€Ñ–Ğ°Ğ»Ğ¸ ÑƒĞºÑ€Ğ°Ñ—Ğ½ÑÑŒĞºĞ¾Ñ ğŸ‡ºğŸ‡¦,https://uk.tgstat.com/channel/@FilmoManiya_Ukraine,https://t.me/FilmoManiya_Ukraine
MĞ°ĞºÑ Ğ”ĞµĞ²Ñ–Ğ·Ğ¾Ñ€Ğ¾Ğ²,https://uk.tgstat.com/channel/@Maksim_Devizorov,https://t.me/Maksim_Devizorov
ğŸ“º Vidik Films ğŸ“º,https://uk.tgstat.com/channel/@vidikfilms,https://t.me/vidikfilms
ĞšĞ ĞĞ¤Ğ¢ĞĞ’Ğ ĞšĞ†ĞĞĞ¤Ğ†Ğ›Ğ¬ĞĞ¯ | Ğ¤Ñ–Ğ»ÑŒĞ¼ Ğ–Ğ°Ñ…Ñ–Ğ² | Ğ¢Ñ€Ğ¸Ğ»ĞµÑ€,https://uk.tgstat.com/channel/@kinofilnya,https://t.me/kinofilnya
Pro Ğ¿Ñ€Ğ°Ğ²Ğ¾ğŸ‡ºğŸ‡¦,https://uk.tgstat.com/channel/@propravoukr,https://t.me/propravoukr
Kina4ch,https://uk.tgstat.com/channel/@kina4ch,https://t.me/kina4ch
Ğ¤ĞĞĞ˜ Ğ”Ğ›Ğ¯ Ğ’Ğ†Ğ”Ğ•Ğ,https://uk.tgstat.com/channel/@videofonua,https://t.me/videofonua
ĞºÑ–Ğ½Ğ¾Ğ¼Ğ¾Ğ²Ğ°,https://uk.tgstat.com/channel/@kinomova,https://t.me/kinomova
AniReviews,https://uk.tgstat.com/channel/@anireviews,https://t.me/anireviews
ÑĞ°Ğ¼Ğ¾ÑĞ¿Ğ°ÑĞ°Ñ‚ĞµĞ»ÑŒ ğŸ‡ºğŸ‡¦,https://uk.tgstat.com/channel/@botchjob,https://t.me/botchjob
ĞšÑ–Ğ½Ğ¾Ğ¢Ñ€ĞµĞ¹Ğ»ĞµÑ€ ğŸ¬,https://uk.tgstat.com/channel/@kinotrailer_ua,https://t.me/kinotrailer_ua
Ğ¡Ñ”Ğ½Ñ & Ğ¡Ñ‚ĞµĞ½Ğ»Ñ– Ğ´Ğ¸Ğ²Ğ»ÑÑ‚ÑŒÑÑ ĞºÑ–Ğ½Ğ¾,https://uk.tgstat.com/channel/@arseniyandstenly,https://t.me/arseniyandstenly
ğŸ”¥Ğ¢Ğ¾Ğ¿ Ñ„Ñ–Ğ»ÑŒĞ¼Ğ¸â¤ ProazionğŸ”¥â¤t.me/proazionâ¤ ğŸ”¥,https://uk.tgstat.com/channel/@proazion,https://t.me/proazion
Ğ¥Ğ¾Ğ±Ğ±Ğ¸ IPTV,https://uk.tgstat.com/channel/@HobbyIPTV,https://t.me/HobbyIPTV
time2movie,https://uk.tgstat.com/channel/@movie2time,https://t.me/movie2time
Anime Edit,https://uk.tgstat.com/channel/@An1meEd1tz,https://t.me/An1meEd1tz
Ğ¡Ñ–Ğ½ĞµĞ¼Ğ°Ñ‚Ğ¸ĞºĞ°,https://uk.tgstat.com/channel/@seenematica,https://t.me/seenematica
Ğ©Ğ¾ Ğ¿Ğ¾Ğ´Ğ¸Ğ²Ğ¸Ñ‚Ğ¸ÑÑ???,https://uk.tgstat.com/channel/@what_movie_to_watch,https://t.me/what_movie_to_watch
Ğ¤Ñ–Ğ»ÑŒĞ¼Ğ¸ UAğŸ”¹ï¸Ñ€ĞµĞ·ĞµÑ€Ğ²ğŸ”¹ï¸,https://uk.tgstat.com/channel/@filmikua,https://t.me/filmikua
Ğ‘ĞµĞ·ÑĞ»Ğ°Ğ²Ğ½Ñ– Ğ¤Ñ–Ğ»Ğ¾Ğ»Ğ¾Ğ³Ğ¸,https://uk.tgstat.com/channel/@bezslavnifilolohy,https://t.me/bezslavnifilolohy
Ğ›ÑĞ´Ğ¸Ğ½Ğ°-Ğ±ĞµĞ½Ğ·Ğ¾Ğ¿Ğ¸Ğ»Ğ° | Chainsaw Man,https://uk.tgstat.com/channel/@Chainsaw_ManCM,https://t.me/Chainsaw_ManCM
ĞšĞ»ÑƒĞ± ĞœĞµÑ‚Ğ¸ĞºÑƒÑÑ‡Ğ¸Ñ… Ğ†Ğ²Ğ°Ğ½Ğ¾-Ğ¤Ñ€Ğ°Ğ½ĞºÑ–Ğ²ÑÑŒĞºĞ°,https://uk.tgstat.com/channel/@NinthWaveQuiz,https://t.me/NinthWaveQuiz
LUX UKRAINE,https://uk.tgstat.com/channel/@luxe_ukraine,https://t.me/luxe_ukraine
ĞŸÑ–Ğ²Ğ´ĞµĞ½Ğ½Ğ¸Ğ¹ Ğ¿Ğ°Ñ€Ğº UA (ĞĞ›Ğ TV),https://uk.tgstat.com/channel/2Bq_h5Db28RiMjQ0,https://t.me/joinchat/2Bq_h5Db28RiMjQ0
ĞŸĞ¾Ğ¶Ğ¸Ñ€Ğ°Ñ‡Ñ– ĞšĞ¾Ğ½Ñ‚ĞµĞ½Ñ‚Ñƒ,https://uk.tgstat.com/channel/@contenteaters_ukr,https://t.me/contenteaters_ukr
ĞºĞ¾Ñ€Ğ¾Ñ‚ĞºĞ¾ Ğ¾ ĞºĞ¸Ğ½Ğ¾,https://uk.tgstat.com/channel/@shortcinemastories,https://t.me/shortcinemastories
ĞšÑ€Ğ¸ÑÑ‚Ğ°Ğ» | Ğ¢ĞµĞ»ĞµĞºĞ°Ğ½Ğ°Ğ»,https://uk.tgstat.com/channel/@kristalua,https://t.me/kristalua
ĞœĞ°Ğ¹ÑÑ‚ĞµÑ€ Ğ¿ĞµÑ€Ğ°,https://uk.tgstat.com/channel/@penmaster,https://t.me/penmaster
Ğ¿Ğ¾Ğ±Ğ°Ğ·Ğ°Ñ€Ğ¸Ğ¼ Ğ·Ğ° kino,https://uk.tgstat.com/channel/@ortyom_bazarit,https://t.me/ortyom_bazarit
ĞšÑ€Ğ¸Ğ¼Ğ¸Ğ½Ğ°Ğ»ÑŒĞ½Ğ°Ñ ĞÑĞµÑ‚Ğ¸Ñ,https://uk.tgstat.com/channel/@krimOs15,https://t.me/krimOs15
BROSLENS,https://uk.tgstat.com/channel/@broslens,https://t.me/broslens
Movie under the skin | ĞŸĞ Ğ ĞšĞ†ĞĞ,https://uk.tgstat.com/channel/@movieundertheskin,https://t.me/movieundertheskin
ĞšÑ–Ğ½Ğ¾Ğ±Ğ»Ğ¾ĞºĞ½Ğ¾Ñ‚,https://uk.tgstat.com/channel/@kinonotebook,https://t.me/kinonotebook
anime aesthetics.....,https://uk.tgstat.com/channel/@Animefootoo,https://t.me/Animefootoo
LIUBARETS,https://uk.tgstat.com/channel/@LiubaretsProd,https://t.me/LiubaretsProd
Ñ‚ÑƒĞ°Ğ»ĞµÑ‚Ğ½Ñ‹Ğ¹ Ñ…Ñ€Ğ°Ğ¼ Ğ±Ğ¾Ğ±Ğ°,https://uk.tgstat.com/channel/@sainttrashcan,https://t.me/sainttrashcan
Ğ¡Ñ–Ğ½ĞµĞ¼Ğ°Ñ‚Ğ¾Ğ³Ñ€Ğ°Ñ„ğŸ¬,https://uk.tgstat.com/channel/@around_movie,https://t.me/around_movie
Ğ†Ğ³Ñ€Ğ¾Ğ²Ğµ ÑÑ€Ğ°Ğ»ÑŒĞ½Ğµ Ğ²Ñ–Ğ´Ñ€Ğ¾ğŸ‡ºğŸ‡¦,https://uk.tgstat.com/channel/@razernagashitbucketkrakenpro,https://t.me/razernagashitbucketkrakenpro
Ğ¡Ğ¼Ğ°Ñ€Ğ°Ğ³Ğ´Ğ¾Ğ²Ğµ Ğ¼Ñ–ÑÑ‚Ğ¾ğŸª´ | Ğ¤Ñ–Ğ»ÑŒĞ¼Ğ¸,https://uk.tgstat.com/channel/@emerald_cityTV,https://t.me/emerald_cityTV
Ğ³Ğ°Ñ€Ğ±ÑƒĞ·Ğ¾Ğ²Ñ– Ğ¿Ğ¸Ñ€Ñ–Ğ¶ĞºĞ¸ ğŸ–ï¸ğŸ¥®ğŸ§,https://uk.tgstat.com/channel/@lovepumpkincakesrev,https://t.me/lovepumpkincakesrev
ĞĞ°Ğ¹ĞºÑ€Ğ°Ñ‰Ğ¸Ğ¹ Ğ¼Ğ¾Ğ¼ĞµĞ½Ñ‚,https://uk.tgstat.com/channel/@bestmomen_t,https://t.me/bestmomen_t
Ğ¤Ñ–Ğ»ÑŒĞ¼Ğ¸ ÑƒĞºÑ€Ğ°Ñ—Ğ½ÑÑŒĞºĞ¾Ñ,https://uk.tgstat.com/channel/@filmy_ukrainskou,https://t.me/filmy_ukrainskou
Ê™ÊŸá´€á´„á´‹ sá´›á´Ê€Éªá´‡sğŸ–¤,https://uk.tgstat.com/channel/@Black_storie,https://t.me/Black_storie
ĞĞĞ¨Ğ† Ğ’ YOUTUBE Ğ‘Ğ•Ğ— Ğ ĞĞ¨Ğ†,https://uk.tgstat.com/channel/@nashibezrashi_ua,https://t.me/nashibezrashi_ua
More Movies HD,https://uk.tgstat.com/channel/@kinoman24,https://t.me/kinoman24
á… Ğ´Ğ¾Ñ‚Ğ¸ĞºĞ¸,https://uk.tgstat.com/channel/@S02NI,https://t.me/S02NI
ĞŸÑ€Ğ¸Ğ¹Ğ´Ğµ ÑÑ–Ñ€ĞµĞ½ÑŒĞºĞ¸Ğ¹ Ğ²Ğ¾Ğ²Ñ‡Ğ¾Ğº,https://uk.tgstat.com/channel/@doesntbite,https://t.me/doesntbite
AniNya.TV,https://uk.tgstat.com/channel/@aninya_tv,https://t.me/aninya_tv
MOVIES FOR THE EVENING,https://uk.tgstat.com/channel/@filmsforeveningh,https://t.me/filmsforeveningh
Film Night,https://uk.tgstat.com/channel/5bvncG7WGERmMmYy,https://t.me/joinchat/5bvncG7WGERmMmYy
Ğ”Ğ¾Ğ³Ğ¼Ğ° 23,https://uk.tgstat.com/channel/@dogme23,https://t.me/dogme23
ğŸ‡ºğŸ‡¦Oglyad UAğŸ‡ºğŸ‡¦,https://uk.tgstat.com/channel/@oglyadua,https://t.me/oglyadua
Ğ´ĞµÑÑÑ‚Ğ° Ğ¼ÑƒĞ·Ğ°,https://uk.tgstat.com/channel/@cinefilique,https://t.me/cinefilique
Ğ—Ğ° ĞšĞ°Ğ´Ñ€Ğ¾Ğ¼,https://uk.tgstat.com/channel/@B_2TIFeMtjM4ZmIy,https://t.me/B_2TIFeMtjM4ZmIy
Ğ”Ğ¾Ğ³Ğ¼Ğ°,https://uk.tgstat.com/channel/@dogma1990,https://t.me/dogma1990
â™¥ï¸ One Piece â™¥ï¸,https://uk.tgstat.com/channel/@OnePiece695,https://t.me/OnePiece695
Ğ‘Ğ«Ğ”Ğ›ĞĞšĞ Ğ˜Ğ¢Ğ˜Ğš,https://uk.tgstat.com/channel/@bydlocritic,https://t.me/bydlocritic
25 ĞºĞ°Ğ´Ñ€,https://uk.tgstat.com/channel/@fps_25,https://t.me/fps_25
"Ğ¤Ğ¸Ğ»ÑŒĞ¼Ñ‹, ÑĞµÑ€Ğ¸Ğ°Ğ»Ñ‹ Ğ¾Ğ½Ğ»Ğ°Ğ¹Ğ½",https://uk.tgstat.com/channel/@kino_nikole,https://t.me/kino_nikole
"Love, Death & Robots - Season 2",https://uk.tgstat.com/channel/@LOVEDEATHROBOTSVOLUME2,https://t.me/LOVEDEATHROBOTSVOLUME2
Ğ£Ğ¶Ğ°ÑÑ‹ ğŸ’€ Heart attack,https://uk.tgstat.com/channel/@heartattack_movie,https://t.me/heartattack_movie
ĞŸÑ€Ğ¸Ñ‚ÑƒĞ»Ğ¾Ğº Ò‘Ñ–ĞºĞ°,https://uk.tgstat.com/channel/@geeks_vault,https://t.me/geeks_vault
"Kinoway | 4K ÑĞµÑ€Ğ¸Ğ°Ğ»Ñ‹, Ñ„Ğ¸Ğ»ÑŒĞ¼Ñ‹ Ğ¸ Ğ¼ÑƒĞ»ÑŒÑ‚Ñ„Ğ¸Ğ»ÑŒĞ¼Ñ‹, Ğ²ÑÑ‘ Ğ½Ğ° ĞºĞ¸Ğ½Ğ¾ÑƒÑĞ¹!",https://uk.tgstat.com/channel/@movies_4kHD,https://t.me/movies_4kHD
Ğ¾Ğ´Ğ½Ğ° Ğ²Ğ´Ğ¾Ğ¼Ğ°,https://uk.tgstat.com/channel/@watching_alone,https://t.me/watching_alone
ğŸ¬ ĞšÑ–Ğ½Ğ¾ĞÑ€Ñ‚ | ğŸ‡ºğŸ‡¦ ĞŸÑ€Ğ¾ ĞºÑ–Ğ½Ğ¾ ÑƒĞºÑ€Ğ°Ñ—Ğ½ÑÑŒĞºĞ¾Ñ,https://uk.tgstat.com/channel/@kinoIart,https://t.me/kinoIart
Ğ²Ñ–Ğ½Ğ½Ğ¸Ñ†ÑŒĞºĞ¸Ğ¹ ĞºÑ–Ğ½Ğ¾ĞºÑ€Ğ¸Ñ‚Ğ¸Ğº,https://uk.tgstat.com/channel/@vinnytsiacinemacritic,https://t.me/vinnytsiacinemacritic
Ğ’Ğ¾ĞºÑ€ÑƒĞ³ ĞšĞ¸Ğ½Ğ¾,https://uk.tgstat.com/channel/@artcinemaworld,https://t.me/artcinemaworld
MOVIE MANIA | Ğ¤Ğ˜Ğ›Ğ¬ĞœĞ« Ğ˜ Ğ¡Ğ•Ğ Ğ˜ĞĞ›Ğ«,https://uk.tgstat.com/channel/@movie_mania707,https://t.me/movie_mania707
Ğ›Ğ°ĞºĞ¾Ñ€Ğ½Ğ¸ Ñ– Ğ”Ğ¾Ñ€Ğ°Ğ¼Ğ¸_Bl,https://uk.tgstat.com/channel/@bl_dorama_lakorn,https://t.me/bl_dorama_lakorn
Ğ¤Ğ¸Ğ»ÑŒĞ¼Ñ‹ | Ğ¡ĞµÑ€Ğ¸Ğ°Ğ»Ñ‹ | ĞœÑƒĞ»ÑŒÑ‚Ñ„Ğ¸Ğ»ÑŒĞ¼Ñ‹ ğŸ¬ğŸ¥,https://uk.tgstat.com/channel/@kinofilm_com_ua,https://t.me/kinofilm_com_ua
Lanaâ™¡,https://uk.tgstat.com/channel/@lanawca,https://t.me/lanawca
ĞœÑƒĞ»ÑŒÑ‚Ğ¸ĞºĞ¸ Ğ¤Ğ¸Ğ»ÑŒĞ¼Ñ‹ Ğ¡ĞµÑ€Ğ¸Ğ°Ğ»Ñ‹.,https://uk.tgstat.com/channel/@multiki_filmi_1,https://t.me/multiki_filmi_1
Ğ”Ğ°Ğ¹ Ñ„Ñ–Ğ»ÑŒĞ¼Ñƒ ÑˆĞ°Ğ½Ñ,https://uk.tgstat.com/channel/@kinochances,https://t.me/kinochances
Ğ¤Ñ–Ğ»ÑŒĞ¼Ğ¸ | ÑĞµÑ€Ñ–Ğ°Ğ»Ğ¸ | filmik.uağŸ¿,https://uk.tgstat.com/channel/@filmikuaa,https://t.me/filmikuaa
erom_ĞšĞ˜ĞĞ,https://uk.tgstat.com/channel/@erom_film,https://t.me/erom_film
Ğ”Ğ¶Ğ°Ñ€ĞµĞ´Ğ¤Ñ–Ğ´,https://uk.tgstat.com/channel/@JaredFeedUa,https://t.me/JaredFeedUa
3,https://uk.tgstat.com/channel/@friendsua,https://t.me/friendsua
Ğ£ĞºÑ€Ğ°Ñ—Ğ½ÑŒÑĞºĞµ Ğ°Ğ½Ğ¸Ğ¼Ğµ,https://uk.tgstat.com/channel/@httpsKtUzTdUfj4RkYmEy,https://t.me/httpsKtUzTdUfj4RkYmEy
Ğ¤Ñ–Ğ»ÑŒĞ¼Ğ¸ ÑƒĞºÑ€Ğ°Ñ—Ğ½ÑÑŒĞºĞ¾Ñ Ğ¾Ğ½Ğ»Ğ°Ğ¹Ğ½ ğŸ‡ºğŸ‡¦,https://uk.tgstat.com/channel/@kinobazaukr,https://t.me/kinobazaukr
"Ğ”Ğ¸Ğ²Ğ¸ÑÑŒ Ğ£ĞºÑ€Ğ°Ñ—Ğ½ÑÑŒĞºĞ¾Ñ - Ğ¤Ñ–Ğ»ÑŒĞ¼Ğ¸, Ğ¡ĞµÑ€Ñ–Ğ°Ğ»Ğ¸",https://uk.tgstat.com/channel/@uakino1,https://t.me/uakino1
Joker_films,https://uk.tgstat.com/channel/@jok_films,https://t.me/jok_films
POSTER FILM'S ğŸ¿,https://uk.tgstat.com/channel/MP-ocBo94WY1NmU6,https://t.me/joinchat/MP-ocBo94WY1NmU6
zetabet1,https://uk.tgstat.com/channel/@zetabet1,https://t.me/zetabet1
ĞÑ„Ñ–ÑˆĞ° | Ğ¤Ñ–Ğ»ÑŒĞ¼Ğ¸ Ğ£ĞºÑ€Ğ°Ñ—Ğ½ÑÑŒĞºĞ¾Ñ ğŸ‡ºğŸ‡¦,https://uk.tgstat.com/channel/@kino_telg,https://t.me/kino_telg
ĞĞ½Ğ¸Ğ¼Ğµ Ğ¡Ğ¼Ğ¾Ñ‚Ñ€ĞµÑ‚ÑŒ ĞĞ½Ğ»Ğ°Ğ¹Ğ½ ĞĞ°Ğ²Ğ¸Ğ³Ğ°Ñ†Ğ¸Ñ Neko Darwin`s,https://uk.tgstat.com/channel/@AnimeOnlineSmotret,https://t.me/AnimeOnlineSmotret
Ğ›ĞµĞ½Ğ¸Ğ²Ñ‹Ğµ Ğ¸ ğŸ˜„,https://uk.tgstat.com/channel/@valley55,https://t.me/valley55
